{
  "0": {
    "downFilters": [
      2,
      4,
      8,
      16,
      32,
      64,
      128
    ],
    "downActivation": [
      "relu",
      "relu",
      "relu",
      "relu",
      "relu",
      "relu",
      "relu"
    ],
    "downDropout": [
      0,
      0,
      0,
      0,
      0,
      0,
      0
    ],
    "downMaxPool": [
      true,
      true,
      true,
      true,
      true,
      true,
      true
    ],
    "upFilters": [
      256,
      128,
      64,
      32,
      16,
      8,
      4
    ],
    "upActivation": [
      "relu",
      "relu",
      "relu",
      "relu",
      "relu",
      "relu",
      "relu"
    ],
    "upDropout": [
      0,
      0,
      0,
      0,
      0,
      0,
      0
    ]
  },
  "1": {
    "downFilters": [
      32,
      64,
      128,
      256,
      512,
      1024,
      2048
    ],
    "downActivation": [
      "relu",
      "relu",
      "relu",
      "relu",
      "relu",
      "relu",
      "relu"
    ],
    "downDropout": [
      0,
      0,
      0,
      0,
      0,
      0,
      0
    ],
    "downMaxPool": [
      true,
      true,
      true,
      true,
      true,
      true,
      true
    ],
    "upFilters": [
      2048,
      1024,
      1024,
      512,
      256,
      128,
      64
    ],
    "upActivation": [
      "relu",
      "relu",
      "relu",
      "relu",
      "relu",
      "relu",
      "relu"
    ],
    "upDropout": [
      0,
      0,
      0,
      0,
      0,
      0,
      0
    ]
  },
  "2": {
    "downFilters": [
      25,
      55,
      32,
      60,
      23
    ],
    "downActivation": [
      "gelu",
      "hard_sigmoid",
      "gelu",
      "elu",
      "linear"
    ],
    "downDropout": [
      0.135532931972577,
      0.008583419260974556,
      0.2752122279243947,
      0.3460791749821722,
      0.09714831628604481
    ],
    "downMaxPool": [
      true,
      true,
      true,
      true,
      true
    ],
    "upFilters": [
      14,
      62,
      32,
      52,
      37
    ],
    "upActivation": [
      "gelu",
      "relu",
      "softmax",
      "silu",
      "sigmoid"
    ],
    "upDropout": [
      0.2658110346641487,
      0.05102447099904828,
      0.21132474421673886,
      0.4325783405963022,
      0.023229523281939002
    ]
  }
}