#ptct,MJD,RA,Dec,idstring,mag,band,obscode,index1,index2,clusternum
0000,60872.002895,221.641820,-39.310536,K22P20K,22.552,r,I11,323,428,1
0001,60872.010168,221.651490,-39.310327,K22P20K,20.281,r,I11,324,429,1
0002,60872.975397,223.046265,-39.277807,K22P20K,19.070,r,I11,325,430,1
0003,60872.976320,223.047535,-39.277774,K22P20K,19.031,r,I11,326,431,1
0004,60872.976781,223.048168,-39.277758,K22P20K,19.026,r,I11,327,432,1
0005,60872.977741,223.049490,-39.277723,K22P20K,19.081,r,I11,328,433,1
0006,60872.978201,223.050121,-39.277709,K22P20K,19.147,r,I11,329,434,1
0007,60872.978657,223.050748,-39.277690,K22P20K,19.106,r,I11,330,435,1
0008,60872.979112,223.051374,-39.277673,K22P20K,19.096,r,I11,331,436,1
0009,60872.981927,223.055248,-39.277569,K22P20K,19.061,r,I11,332,437,1
0010,60872.982380,223.055869,-39.277552,K22P20K,19.142,r,I11,333,438,1
0011,60872.986264,223.061212,-39.277404,K22P20K,19.143,r,I11,334,439,1
0012,60872.990071,223.066448,-39.277254,K22P20K,19.751,g,I11,335,440,1
0013,60872.991563,223.068502,-39.277195,K22P20K,19.657,g,I11,336,441,1
0014,60872.994002,223.071856,-39.277096,K22P20K,19.731,g,I11,337,442,1
0015,60872.995414,223.073800,-39.277030,K22P20K,19.806,g,I11,338,443,1
0016,60872.995892,223.074456,-39.277018,K22P20K,19.742,g,I11,339,444,1
0017,60873.001806,223.082593,-39.276767,K22P20K,19.823,g,I11,340,445,1
0018,60873.002825,223.083995,-39.276723,K22P20K,19.822,g,I11,341,446,1
0019,60873.003294,223.084640,-39.276702,K22P20K,19.794,g,I11,342,447,1
0020,60873.141665,223.277172,-39.268023,K22P20K,19.107,i,I11,343,448,1
0021,60873.143956,223.280419,-39.267841,K22P20K,19.063,i,I11,344,449,1
0022,60873.144413,223.281067,-39.267804,K22P20K,19.122,i,I11,345,450,1
0023,60873.144870,223.281715,-39.267768,K22P20K,19.071,i,I11,346,451,1
0024,60873.145329,223.282366,-39.267731,K22P20K,19.070,i,I11,347,452,1
0025,60873.147620,223.285617,-39.267547,K22P20K,19.118,i,I11,348,453,1
0026,60873.148076,223.286266,-39.267511,K22P20K,19.174,i,I11,349,454,1
0027,60873.148533,223.286913,-39.267474,K22P20K,19.111,i,I11,350,455,1
0028,60873.152184,223.292102,-39.267178,K22P20K,19.144,i,I11,351,456,1
0029,60873.155147,223.296317,-39.266937,K22P20K,19.623,g,I11,352,457,1
0030,60873.155606,223.296970,-39.266900,K22P20K,19.629,g,I11,353,458,1
0031,60873.156066,223.297626,-39.266862,K22P20K,19.639,g,I11,354,459,1
0032,60873.157441,223.299584,-39.266749,K22P20K,19.646,g,I11,355,460,1
0033,60873.159725,223.302839,-39.266561,K22P20K,19.646,g,I11,356,461,1
0034,60873.161096,223.304795,-39.266448,K22P20K,19.667,g,I11,357,462,1
0035,60873.161554,223.305448,-39.266410,K22P20K,19.669,g,I11,358,463,1
0036,60873.162013,223.306140,-39.266361,K22P20K,19.695,g,I11,359,464,1
0037,60873.162466,223.306749,-39.266335,K22P20K,19.659,g,I11,360,465,1
0038,60873.164296,223.309362,-39.266182,K22P20K,19.641,g,I11,361,466,1
0039,60873.166581,223.312627,-39.265992,K22P20K,19.692,g,I11,362,467,1
0040,60873.167036,223.313278,-39.265954,K22P20K,19.696,g,I11,363,468,1
0041,60873.167951,223.314586,-39.265877,K22P20K,19.661,g,I11,364,469,1
0042,60873.168410,223.315243,-39.265839,K22P20K,19.650,g,I11,365,470,1
0043,60873.170583,223.318353,-39.265656,K22P20K,19.066,r,I11,366,471,1
0044,60873.171040,223.319008,-39.265618,K22P20K,19.066,r,I11,367,472,1
0045,60873.171498,223.319663,-39.265579,K22P20K,19.051,r,I11,368,473,1
0046,60873.171958,223.320322,-39.265540,K22P20K,19.085,r,I11,369,474,1
0047,60873.172414,223.320975,-39.265502,K22P20K,19.049,r,I11,370,475,1
0048,60873.172875,223.321636,-39.265463,K22P20K,19.091,r,I11,371,476,1
0049,60873.173335,223.322295,-39.265424,K22P20K,19.096,r,I11,372,477,1
0050,60873.173792,223.322950,-39.265386,K22P20K,19.108,r,I11,373,478,1
0051,60873.174715,223.324273,-39.265307,K22P20K,19.084,r,I11,374,479,1
0052,60873.175171,223.324928,-39.265268,K22P20K,19.071,r,I11,375,480,1
0053,60873.176544,223.326897,-39.265152,K22P20K,19.078,r,I11,376,481,1
0054,60873.177921,223.328873,-39.265035,K22P20K,19.052,r,I11,377,482,1
0055,60873.178383,223.329537,-39.264995,K22P20K,19.133,r,I11,378,483,1
0056,60873.180673,223.332827,-39.264800,K22P20K,19.101,r,I11,379,484,1
0057,60873.181129,223.333482,-39.264761,K22P20K,19.079,r,I11,380,485,1
0058,60873.182503,223.335458,-39.264643,K22P20K,19.100,r,I11,381,486,1
0059,60873.183868,223.337423,-39.264526,K22P20K,19.082,r,I11,382,487,1
0060,60873.187043,223.341994,-39.264252,K22P20K,23.917,u,I11,383,488,1
0061,60873.187596,223.342790,-39.264204,K22P20K,23.512,u,I11,384,489,1
0062,60873.189253,223.345179,-39.264061,K22P20K,23.850,u,I11,385,490,1
0063,60873.190909,223.347568,-39.263917,K22P20K,23.385,u,I11,386,491,1
0064,60873.192556,223.349946,-39.263774,K22P20K,23.179,u,I11,387,492,1
0065,60873.194753,223.353120,-39.263582,K22P20K,23.811,u,I11,388,493,1
0066,60873.195299,223.353909,-39.263535,K22P20K,23.131,u,I11,389,494,1
0067,60873.195846,223.354700,-39.263487,K22P20K,23.210,u,I11,390,495,1
0068,60873.196945,223.356290,-39.263391,K22P20K,23.497,u,I11,391,496,1
0069,60873.198043,223.357878,-39.263295,K22P20K,24.089,u,I11,392,497,1
0070,60873.198600,223.358685,-39.263246,K22P20K,23.473,u,I11,393,498,1
0071,60873.199146,223.359517,-39.263193,K22P20K,23.533,u,I11,394,499,1
0072,60873.200804,223.361876,-39.263053,K22P20K,23.888,u,I11,395,500,1
0073,60873.204416,223.367113,-39.262734,K22P20K,19.952,z,I11,396,501,1
0074,60873.204866,223.367768,-39.262695,K22P20K,19.943,z,I11,397,502,1
0075,60873.206245,223.369768,-39.262573,K22P20K,20.096,z,I11,398,503,1
0076,60873.206700,223.370429,-39.262533,K22P20K,20.056,z,I11,399,504,1
0077,60873.207153,223.371087,-39.262493,K22P20K,19.999,z,I11,400,505,1
0078,60873.207611,223.371753,-39.262452,K22P20K,19.976,z,I11,401,506,1
0079,60873.210369,223.375762,-39.262208,K22P20K,20.043,z,I11,402,507,1
0080,60873.211744,223.377762,-39.262085,K22P20K,19.986,z,I11,403,508,1
0081,60873.212204,223.378433,-39.262044,K22P20K,20.010,z,I11,404,509,1
0082,60873.213117,223.379761,-39.261963,K22P20K,19.863,z,I11,405,510,1
0083,60873.213578,223.380433,-39.261922,K22P20K,20.088,z,I11,406,511,1
0084,60873.214041,223.381107,-39.261881,K22P20K,20.024,z,I11,407,512,1
0085,60873.214960,223.382446,-39.261799,K22P20K,19.995,z,I11,408,513,1
0086,60873.215875,223.383780,-39.261718,K22P20K,20.068,z,I11,409,514,1
0087,60873.216786,223.385108,-39.261636,K22P20K,19.986,z,I11,410,515,1
0000,60872.002895,221.641820,-39.310536,K22P20K,22.552,r,I11,323,428,2
0001,60872.010168,221.651490,-39.310327,K22P20K,20.281,r,I11,324,429,2
0002,60872.975397,223.046265,-39.277807,K22P20K,19.070,r,I11,325,430,2
0003,60872.976320,223.047535,-39.277774,K22P20K,19.031,r,I11,326,431,2
0004,60872.976781,223.048168,-39.277758,K22P20K,19.026,r,I11,327,432,2
0005,60872.977741,223.049490,-39.277723,K22P20K,19.081,r,I11,328,433,2
0006,60872.978201,223.050121,-39.277709,K22P20K,19.147,r,I11,329,434,2
0007,60872.978657,223.050748,-39.277690,K22P20K,19.106,r,I11,330,435,2
0008,60872.979112,223.051374,-39.277673,K22P20K,19.096,r,I11,331,436,2
0009,60872.981927,223.055248,-39.277569,K22P20K,19.061,r,I11,332,437,2
0010,60872.982380,223.055869,-39.277552,K22P20K,19.142,r,I11,333,438,2
0011,60872.986264,223.061212,-39.277404,K22P20K,19.143,r,I11,334,439,2
0012,60872.990071,223.066448,-39.277254,K22P20K,19.751,g,I11,335,440,2
0013,60872.991563,223.068502,-39.277195,K22P20K,19.657,g,I11,336,441,2
0014,60872.994002,223.071856,-39.277096,K22P20K,19.731,g,I11,337,442,2
0015,60872.995414,223.073800,-39.277030,K22P20K,19.806,g,I11,338,443,2
0016,60872.995892,223.074456,-39.277018,K22P20K,19.742,g,I11,339,444,2
0017,60873.001806,223.082593,-39.276767,K22P20K,19.823,g,I11,340,445,2
0018,60873.002825,223.083995,-39.276723,K22P20K,19.822,g,I11,341,446,2
0019,60873.003294,223.084640,-39.276702,K22P20K,19.794,g,I11,342,447,2
0020,60873.141665,223.277172,-39.268023,K22P20K,19.107,i,I11,343,448,2
0021,60873.143956,223.280419,-39.267841,K22P20K,19.063,i,I11,344,449,2
0022,60873.144413,223.281067,-39.267804,K22P20K,19.122,i,I11,345,450,2
0023,60873.144870,223.281715,-39.267768,K22P20K,19.071,i,I11,346,451,2
0024,60873.145329,223.282366,-39.267731,K22P20K,19.070,i,I11,347,452,2
0025,60873.147620,223.285617,-39.267547,K22P20K,19.118,i,I11,348,453,2
0026,60873.148076,223.286266,-39.267511,K22P20K,19.174,i,I11,349,454,2
0027,60873.148533,223.286913,-39.267474,K22P20K,19.111,i,I11,350,455,2
0028,60873.152184,223.292102,-39.267178,K22P20K,19.144,i,I11,351,456,2
0029,60873.155147,223.296317,-39.266937,K22P20K,19.623,g,I11,352,457,2
0030,60873.155606,223.296970,-39.266900,K22P20K,19.629,g,I11,353,458,2
0031,60873.156066,223.297626,-39.266862,K22P20K,19.639,g,I11,354,459,2
0032,60873.157441,223.299584,-39.266749,K22P20K,19.646,g,I11,355,460,2
0033,60873.159725,223.302839,-39.266561,K22P20K,19.646,g,I11,356,461,2
0034,60873.161096,223.304795,-39.266448,K22P20K,19.667,g,I11,357,462,2
0035,60873.161554,223.305448,-39.266410,K22P20K,19.669,g,I11,358,463,2
0036,60873.162013,223.306140,-39.266361,K22P20K,19.695,g,I11,359,464,2
0037,60873.162466,223.306749,-39.266335,K22P20K,19.659,g,I11,360,465,2
0038,60873.164296,223.309362,-39.266182,K22P20K,19.641,g,I11,361,466,2
0039,60873.166581,223.312627,-39.265992,K22P20K,19.692,g,I11,362,467,2
0040,60873.167036,223.313278,-39.265954,K22P20K,19.696,g,I11,363,468,2
0041,60873.167951,223.314586,-39.265877,K22P20K,19.661,g,I11,364,469,2
0042,60873.168410,223.315243,-39.265839,K22P20K,19.650,g,I11,365,470,2
0043,60873.170583,223.318353,-39.265656,K22P20K,19.066,r,I11,366,471,2
0044,60873.171040,223.319008,-39.265618,K22P20K,19.066,r,I11,367,472,2
0045,60873.171498,223.319663,-39.265579,K22P20K,19.051,r,I11,368,473,2
0046,60873.171958,223.320322,-39.265540,K22P20K,19.085,r,I11,369,474,2
0047,60873.172414,223.320975,-39.265502,K22P20K,19.049,r,I11,370,475,2
0048,60873.172875,223.321636,-39.265463,K22P20K,19.091,r,I11,371,476,2
0049,60873.173335,223.322295,-39.265424,K22P20K,19.096,r,I11,372,477,2
0050,60873.173792,223.322950,-39.265386,K22P20K,19.108,r,I11,373,478,2
0051,60873.174715,223.324273,-39.265307,K22P20K,19.084,r,I11,374,479,2
0052,60873.175171,223.324928,-39.265268,K22P20K,19.071,r,I11,375,480,2
0053,60873.176544,223.326897,-39.265152,K22P20K,19.078,r,I11,376,481,2
0054,60873.177921,223.328873,-39.265035,K22P20K,19.052,r,I11,377,482,2
0055,60873.178383,223.329537,-39.264995,K22P20K,19.133,r,I11,378,483,2
0056,60873.180673,223.332827,-39.264800,K22P20K,19.101,r,I11,379,484,2
0057,60873.181129,223.333482,-39.264761,K22P20K,19.079,r,I11,380,485,2
0058,60873.182503,223.335458,-39.264643,K22P20K,19.100,r,I11,381,486,2
0059,60873.183868,223.337423,-39.264526,K22P20K,19.082,r,I11,382,487,2
0060,60873.187043,223.341994,-39.264252,K22P20K,23.917,u,I11,383,488,2
0061,60873.187596,223.342790,-39.264204,K22P20K,23.512,u,I11,384,489,2
0062,60873.189253,223.345179,-39.264061,K22P20K,23.850,u,I11,385,490,2
0063,60873.190909,223.347568,-39.263917,K22P20K,23.385,u,I11,386,491,2
0064,60873.192556,223.349946,-39.263774,K22P20K,23.179,u,I11,387,492,2
0065,60873.194753,223.353120,-39.263582,K22P20K,23.811,u,I11,388,493,2
0066,60873.195299,223.353909,-39.263535,K22P20K,23.131,u,I11,389,494,2
0067,60873.195846,223.354700,-39.263487,K22P20K,23.210,u,I11,390,495,2
0068,60873.196945,223.356290,-39.263391,K22P20K,23.497,u,I11,391,496,2
0069,60873.198043,223.357878,-39.263295,K22P20K,24.089,u,I11,392,497,2
0070,60873.198600,223.358685,-39.263246,K22P20K,23.473,u,I11,393,498,2
0071,60873.199146,223.359517,-39.263193,K22P20K,23.533,u,I11,394,499,2
0072,60873.200804,223.361876,-39.263053,K22P20K,23.888,u,I11,395,500,2
0073,60873.204416,223.367113,-39.262734,K22P20K,19.952,z,I11,396,501,2
0074,60873.204866,223.367768,-39.262695,K22P20K,19.943,z,I11,397,502,2
0075,60873.206245,223.369768,-39.262573,K22P20K,20.096,z,I11,398,503,2
0076,60873.206700,223.370429,-39.262533,K22P20K,20.056,z,I11,399,504,2
0077,60873.207153,223.371087,-39.262493,K22P20K,19.999,z,I11,400,505,2
0078,60873.207611,223.371753,-39.262452,K22P20K,19.976,z,I11,401,506,2
0079,60873.210369,223.375762,-39.262208,K22P20K,20.043,z,I11,402,507,2
0080,60873.211744,223.377762,-39.262085,K22P20K,19.986,z,I11,403,508,2
0081,60873.212204,223.378433,-39.262044,K22P20K,20.010,z,I11,404,509,2
0082,60873.213117,223.379761,-39.261963,K22P20K,19.863,z,I11,405,510,2
0083,60873.213578,223.380433,-39.261922,K22P20K,20.088,z,I11,406,511,2
0084,60873.214041,223.381107,-39.261881,K22P20K,20.024,z,I11,407,512,2
0085,60873.214960,223.382446,-39.261799,K22P20K,19.995,z,I11,408,513,2
0086,60873.215875,223.383780,-39.261718,K22P20K,20.068,z,I11,409,514,2
0087,60873.216786,223.385108,-39.261636,K22P20K,19.986,z,I11,410,515,2
0000,60872.002895,221.641820,-39.310536,K22P20K,22.552,r,I11,323,428,3
0001,60872.010168,221.651490,-39.310327,K22P20K,20.281,r,I11,324,429,3
0002,60872.975397,223.046265,-39.277807,K22P20K,19.070,r,I11,325,430,3
0003,60872.976320,223.047535,-39.277774,K22P20K,19.031,r,I11,326,431,3
0004,60872.976781,223.048168,-39.277758,K22P20K,19.026,r,I11,327,432,3
0005,60872.977741,223.049490,-39.277723,K22P20K,19.081,r,I11,328,433,3
0006,60872.978201,223.050121,-39.277709,K22P20K,19.147,r,I11,329,434,3
0007,60872.978657,223.050748,-39.277690,K22P20K,19.106,r,I11,330,435,3
0008,60872.979112,223.051374,-39.277673,K22P20K,19.096,r,I11,331,436,3
0009,60872.981927,223.055248,-39.277569,K22P20K,19.061,r,I11,332,437,3
0010,60872.982380,223.055869,-39.277552,K22P20K,19.142,r,I11,333,438,3
0011,60872.986264,223.061212,-39.277404,K22P20K,19.143,r,I11,334,439,3
0012,60872.990071,223.066448,-39.277254,K22P20K,19.751,g,I11,335,440,3
0013,60872.991563,223.068502,-39.277195,K22P20K,19.657,g,I11,336,441,3
0014,60872.994002,223.071856,-39.277096,K22P20K,19.731,g,I11,337,442,3
0015,60872.995414,223.073800,-39.277030,K22P20K,19.806,g,I11,338,443,3
0016,60872.995892,223.074456,-39.277018,K22P20K,19.742,g,I11,339,444,3
0017,60873.001806,223.082593,-39.276767,K22P20K,19.823,g,I11,340,445,3
0018,60873.002825,223.083995,-39.276723,K22P20K,19.822,g,I11,341,446,3
0019,60873.003294,223.084640,-39.276702,K22P20K,19.794,g,I11,342,447,3
0020,60873.141665,223.277172,-39.268023,K22P20K,19.107,i,I11,343,448,3
0021,60873.143956,223.280419,-39.267841,K22P20K,19.063,i,I11,344,449,3
0022,60873.144413,223.281067,-39.267804,K22P20K,19.122,i,I11,345,450,3
0023,60873.144870,223.281715,-39.267768,K22P20K,19.071,i,I11,346,451,3
0024,60873.145329,223.282366,-39.267731,K22P20K,19.070,i,I11,347,452,3
0025,60873.147620,223.285617,-39.267547,K22P20K,19.118,i,I11,348,453,3
0026,60873.148076,223.286266,-39.267511,K22P20K,19.174,i,I11,349,454,3
0027,60873.148533,223.286913,-39.267474,K22P20K,19.111,i,I11,350,455,3
0028,60873.152184,223.292102,-39.267178,K22P20K,19.144,i,I11,351,456,3
0029,60873.155147,223.296317,-39.266937,K22P20K,19.623,g,I11,352,457,3
0030,60873.155606,223.296970,-39.266900,K22P20K,19.629,g,I11,353,458,3
0031,60873.156066,223.297626,-39.266862,K22P20K,19.639,g,I11,354,459,3
0032,60873.157441,223.299584,-39.266749,K22P20K,19.646,g,I11,355,460,3
0033,60873.159725,223.302839,-39.266561,K22P20K,19.646,g,I11,356,461,3
0034,60873.161096,223.304795,-39.266448,K22P20K,19.667,g,I11,357,462,3
0035,60873.161554,223.305448,-39.266410,K22P20K,19.669,g,I11,358,463,3
0036,60873.162013,223.306140,-39.266361,K22P20K,19.695,g,I11,359,464,3
0037,60873.162466,223.306749,-39.266335,K22P20K,19.659,g,I11,360,465,3
0038,60873.164296,223.309362,-39.266182,K22P20K,19.641,g,I11,361,466,3
0039,60873.166581,223.312627,-39.265992,K22P20K,19.692,g,I11,362,467,3
0040,60873.167036,223.313278,-39.265954,K22P20K,19.696,g,I11,363,468,3
0041,60873.167951,223.314586,-39.265877,K22P20K,19.661,g,I11,364,469,3
0042,60873.168410,223.315243,-39.265839,K22P20K,19.650,g,I11,365,470,3
0043,60873.170583,223.318353,-39.265656,K22P20K,19.066,r,I11,366,471,3
0044,60873.171040,223.319008,-39.265618,K22P20K,19.066,r,I11,367,472,3
0045,60873.171498,223.319663,-39.265579,K22P20K,19.051,r,I11,368,473,3
0046,60873.171958,223.320322,-39.265540,K22P20K,19.085,r,I11,369,474,3
0047,60873.172414,223.320975,-39.265502,K22P20K,19.049,r,I11,370,475,3
0048,60873.172875,223.321636,-39.265463,K22P20K,19.091,r,I11,371,476,3
0049,60873.173335,223.322295,-39.265424,K22P20K,19.096,r,I11,372,477,3
0050,60873.173792,223.322950,-39.265386,K22P20K,19.108,r,I11,373,478,3
0051,60873.174715,223.324273,-39.265307,K22P20K,19.084,r,I11,374,479,3
0052,60873.175171,223.324928,-39.265268,K22P20K,19.071,r,I11,375,480,3
0053,60873.176544,223.326897,-39.265152,K22P20K,19.078,r,I11,376,481,3
0054,60873.177921,223.328873,-39.265035,K22P20K,19.052,r,I11,377,482,3
0055,60873.178383,223.329537,-39.264995,K22P20K,19.133,r,I11,378,483,3
0056,60873.180673,223.332827,-39.264800,K22P20K,19.101,r,I11,379,484,3
0057,60873.181129,223.333482,-39.264761,K22P20K,19.079,r,I11,380,485,3
0058,60873.182503,223.335458,-39.264643,K22P20K,19.100,r,I11,381,486,3
0059,60873.183868,223.337423,-39.264526,K22P20K,19.082,r,I11,382,487,3
0060,60873.187043,223.341994,-39.264252,K22P20K,23.917,u,I11,383,488,3
0061,60873.187596,223.342790,-39.264204,K22P20K,23.512,u,I11,384,489,3
0062,60873.189253,223.345179,-39.264061,K22P20K,23.850,u,I11,385,490,3
0063,60873.190909,223.347568,-39.263917,K22P20K,23.385,u,I11,386,491,3
0064,60873.192556,223.349946,-39.263774,K22P20K,23.179,u,I11,387,492,3
0065,60873.194753,223.353120,-39.263582,K22P20K,23.811,u,I11,388,493,3
0066,60873.195299,223.353909,-39.263535,K22P20K,23.131,u,I11,389,494,3
0067,60873.195846,223.354700,-39.263487,K22P20K,23.210,u,I11,390,495,3
0068,60873.196945,223.356290,-39.263391,K22P20K,23.497,u,I11,391,496,3
0069,60873.198043,223.357878,-39.263295,K22P20K,24.089,u,I11,392,497,3
0070,60873.198600,223.358685,-39.263246,K22P20K,23.473,u,I11,393,498,3
0071,60873.199146,223.359517,-39.263193,K22P20K,23.533,u,I11,394,499,3
0072,60873.200804,223.361876,-39.263053,K22P20K,23.888,u,I11,395,500,3
0073,60873.204416,223.367113,-39.262734,K22P20K,19.952,z,I11,396,501,3
0074,60873.204866,223.367768,-39.262695,K22P20K,19.943,z,I11,397,502,3
0075,60873.206245,223.369768,-39.262573,K22P20K,20.096,z,I11,398,503,3
0076,60873.206700,223.370429,-39.262533,K22P20K,20.056,z,I11,399,504,3
0077,60873.207153,223.371087,-39.262493,K22P20K,19.999,z,I11,400,505,3
0078,60873.207611,223.371753,-39.262452,K22P20K,19.976,z,I11,401,506,3
0079,60873.210369,223.375762,-39.262208,K22P20K,20.043,z,I11,402,507,3
0080,60873.211744,223.377762,-39.262085,K22P20K,19.986,z,I11,403,508,3
0081,60873.212204,223.378433,-39.262044,K22P20K,20.010,z,I11,404,509,3
0082,60873.213117,223.379761,-39.261963,K22P20K,19.863,z,I11,405,510,3
0083,60873.213578,223.380433,-39.261922,K22P20K,20.088,z,I11,406,511,3
0084,60873.214041,223.381107,-39.261881,K22P20K,20.024,z,I11,407,512,3
0085,60873.214960,223.382446,-39.261799,K22P20K,19.995,z,I11,408,513,3
0086,60873.215875,223.383780,-39.261718,K22P20K,20.068,z,I11,409,514,3
0087,60873.216786,223.385108,-39.261636,K22P20K,19.986,z,I11,410,515,3
0000,60867.978829,253.641247,-26.811387,K25F23V,18.925,i,I11,94,144,4
0001,60868.007361,253.698625,-26.791168,K25F23V,18.853,r,I11,95,146,4
0002,60868.987828,255.697351,-26.075004,K25F23V,22.661,g,I11,176,249,4
0003,60869.011240,255.742112,-26.058481,K25F23V,18.873,r,I11,177,256,4
0004,60869.977534,257.618412,-25.358924,K25F23V,18.321,r,I11,244,326,4
0005,60869.988981,257.639312,-25.350970,K25F23V,18.473,i,I11,245,329,4
0006,60870.981795,259.471616,-24.643418,K25F23V,21.204,r,I11,314,410,4
0007,60870.992987,259.491012,-24.635765,K25F23V,23.009,i,I11,315,413,4
0008,60871.000069,259.503267,-24.630915,K25F23V,22.409,g,I11,316,415,4
0000,60868.161009,244.068044,-25.507629,K25J01G,19.963,z,I11,138,189,5
0001,60868.181162,244.088130,-25.532678,K25J01G,21.314,y,I11,139,196,5
0002,60869.125489,245.108201,-26.713342,K25J01G,19.381,i,I11,204,283,5
0003,60869.126603,245.109327,-26.714706,K25J01G,19.376,i,I11,205,284,5
0004,60870.171247,246.257125,-27.989069,K25J01G,19.331,i,I11,273,361,5
0005,60870.195439,246.282585,-28.017652,K25J01G,20.119,z,I11,274,367,5
0006,60870.977188,247.179101,-28.949616,K25J01G,21.218,r,I11,310,408,5
0007,60870.986558,247.189067,-28.960823,K25J01G,21.572,r,I11,311,411,5
0008,60870.988373,247.190997,-28.962994,K25J01G,21.588,i,I11,312,412,5
0009,60870.997771,247.200981,-28.974222,K25J01G,22.846,i,I11,313,414,5
0000,60867.978829,253.641247,-26.811387,K25F23V,18.925,i,I11,94,144,6
0001,60868.007361,253.698625,-26.791168,K25F23V,18.853,r,I11,95,146,6
0002,60868.186524,254.054484,-26.660074,K25F23V,18.518,i,I11,140,197,6
0003,60868.204419,254.090125,-26.646572,K25F23V,18.744,i,I11,141,201,6
0004,60868.210918,254.103076,-26.641660,K25F23V,19.039,z,I11,142,203,6
0005,60868.228496,254.138140,-26.628354,K25F23V,19.083,z,I11,143,206,6
0006,60868.987828,255.697351,-26.075004,K25F23V,22.661,g,I11,176,249,6
0007,60869.011240,255.742112,-26.058481,K25F23V,18.873,r,I11,177,256,6
0008,60869.977534,257.618412,-25.358924,K25F23V,18.321,r,I11,244,326,6
0009,60869.988981,257.639312,-25.350970,K25F23V,18.473,i,I11,245,329,6
0010,60870.981795,259.471616,-24.643418,K25F23V,21.204,r,I11,314,410,6
0011,60870.992987,259.491012,-24.635765,K25F23V,23.009,i,I11,315,413,6
0012,60871.000069,259.503267,-24.630915,K25F23V,22.409,g,I11,316,415,6
0000,60867.142822,251.844581,-27.424834,K25F23V,19.228,z,I11,6,20,7
0001,60867.143281,251.845536,-27.424492,K25F23V,19.075,z,I11,7,21,7
0002,60867.978829,253.641247,-26.811387,K25F23V,18.925,i,I11,94,144,7
0003,60868.007361,253.698625,-26.791168,K25F23V,18.853,r,I11,95,146,7
0004,60868.186524,254.054484,-26.660074,K25F23V,18.518,i,I11,140,197,7
0005,60868.204419,254.090125,-26.646572,K25F23V,18.744,i,I11,141,201,7
0006,60868.210918,254.103076,-26.641660,K25F23V,19.039,z,I11,142,203,7
0007,60868.228496,254.138140,-26.628354,K25F23V,19.083,z,I11,143,206,7
0008,60868.987828,255.697351,-26.075004,K25F23V,22.661,g,I11,176,249,7
0009,60869.011240,255.742112,-26.058481,K25F23V,18.873,r,I11,177,256,7
0000,60877.106809,322.384643,-17.055542,K25N01J,21.888,r,I11,620,839,8
0001,60877.140347,322.417275,-17.075740,K25N01J,21.179,i,I11,621,847,8
0002,60878.116315,323.420575,-17.651130,K25N01J,21.993,z,I11,669,906,8
0003,60878.117234,323.421480,-17.651691,K25N01J,21.947,z,I11,670,907,8
0004,60878.348551,323.644544,-17.789946,K25N01J,20.147,r,I11,726,999,8
0005,60878.379749,323.674894,-17.808092,K25N01J,21.473,g,I11,727,1008,8
0000,60868.161009,244.068044,-25.507629,K25J01G,19.963,z,I11,138,189,9
0001,60868.181162,244.088130,-25.532678,K25J01G,21.314,y,I11,139,196,9
0002,60869.125489,245.108201,-26.713342,K25J01G,19.381,i,I11,204,283,9
0003,60869.126603,245.109327,-26.714706,K25J01G,19.376,i,I11,205,284,9
0004,60870.171247,246.257125,-27.989069,K25J01G,19.331,i,I11,273,361,9
0005,60870.195439,246.282585,-28.017652,K25J01G,20.119,z,I11,274,367,9
0006,60870.977188,247.179101,-28.949616,K25J01G,21.218,r,I11,310,408,9
0007,60870.986558,247.189067,-28.960823,K25J01G,21.572,r,I11,311,411,9
0008,60870.988373,247.190997,-28.962994,K25J01G,21.588,i,I11,312,412,9
0009,60870.997771,247.200981,-28.974222,K25J01G,22.846,i,I11,313,414,9
0000,60867.978829,253.641247,-26.811387,K25F23V,18.925,i,I11,94,144,10
0001,60868.007361,253.698625,-26.791168,K25F23V,18.853,r,I11,95,146,10
0002,60868.186524,254.054484,-26.660074,K25F23V,18.518,i,I11,140,197,10
0003,60868.204419,254.090125,-26.646572,K25F23V,18.744,i,I11,141,201,10
0004,60868.210918,254.103076,-26.641660,K25F23V,19.039,z,I11,142,203,10
0005,60868.228496,254.138140,-26.628354,K25F23V,19.083,z,I11,143,206,10
0006,60868.987828,255.697351,-26.075004,K25F23V,22.661,g,I11,176,249,10
0007,60869.011240,255.742112,-26.058481,K25F23V,18.873,r,I11,177,256,10
0000,60875.287261,358.909365,2.047831,K16P08B,29.291,r,I11,510,667,11
0001,60875.313265,358.934865,2.053336,K16P08B,25.447,i,I11,511,674,11
0002,60876.275082,359.909898,2.256384,K16P08B,28.436,u,I11,576,772,11
0003,60876.275617,359.910435,2.256497,K16P08B,25.887,u,I11,577,773,11
0004,60877.282009,0.948678,2.468552,K16P08B,25.812,r,I11,657,883,11
0005,60877.306191,0.973312,2.473654,K16P08B,25.862,i,I11,658,893,11
0000,60877.106809,322.384643,-17.055542,K25N01J,21.888,r,I11,620,839,12
0001,60877.140347,322.417275,-17.075740,K25N01J,21.179,i,I11,621,847,12
0002,60878.116315,323.420575,-17.651130,K25N01J,21.993,z,I11,669,906,12
0003,60878.117234,323.421480,-17.651691,K25N01J,21.947,z,I11,670,907,12
0004,60878.348551,323.644544,-17.789946,K25N01J,20.147,r,I11,726,999,12
0005,60878.379749,323.674894,-17.808092,K25N01J,21.473,g,I11,727,1008,12
0000,60877.106809,322.384643,-17.055542,K25N01J,21.888,r,I11,620,839,13
0001,60877.140347,322.417275,-17.075740,K25N01J,21.179,i,I11,621,847,13
0002,60878.116315,323.420575,-17.651130,K25N01J,21.993,z,I11,669,906,13
0003,60878.117234,323.421480,-17.651691,K25N01J,21.947,z,I11,670,907,13
0004,60878.348551,323.644544,-17.789946,K25N01J,20.147,r,I11,726,999,13
0005,60878.379749,323.674894,-17.808092,K25N01J,21.473,g,I11,727,1008,13
0000,60875.287261,358.909365,2.047831,K16P08B,29.291,r,I11,510,667,14
0001,60875.313265,358.934865,2.053336,K16P08B,25.447,i,I11,511,674,14
0002,60876.275082,359.909898,2.256384,K16P08B,28.436,u,I11,576,772,14
0003,60876.275617,359.910435,2.256497,K16P08B,25.887,u,I11,577,773,14
0004,60877.282009,0.948678,2.468552,K16P08B,25.812,r,I11,657,883,14
0005,60877.306191,0.973312,2.473654,K16P08B,25.862,i,I11,658,893,14
0000,60875.287261,358.909365,2.047831,K16P08B,29.291,r,I11,510,667,15
0001,60875.313265,358.934865,2.053336,K16P08B,25.447,i,I11,511,674,15
0002,60876.275082,359.909898,2.256384,K16P08B,28.436,u,I11,576,772,15
0003,60876.275617,359.910435,2.256497,K16P08B,25.887,u,I11,577,773,15
0004,60877.282009,0.948678,2.468552,K16P08B,25.812,r,I11,657,883,15
0005,60877.306191,0.973312,2.473654,K16P08B,25.862,i,I11,658,893,15
0000,60877.106809,322.384643,-17.055542,K25N01J,21.888,r,I11,620,839,16
0001,60877.140347,322.417275,-17.075740,K25N01J,21.179,i,I11,621,847,16
0002,60878.116315,323.420575,-17.651130,K25N01J,21.993,z,I11,669,906,16
0003,60878.117234,323.421480,-17.651691,K25N01J,21.947,z,I11,670,907,16
0004,60878.348551,323.644544,-17.789946,K25N01J,20.147,r,I11,726,999,16
0005,60878.379749,323.674894,-17.808092,K25N01J,21.473,g,I11,727,1008,16
0000,60875.287261,358.909365,2.047831,K16P08B,29.291,r,I11,510,667,17
0001,60875.313265,358.934865,2.053336,K16P08B,25.447,i,I11,511,674,17
0002,60876.275082,359.909898,2.256384,K16P08B,28.436,u,I11,576,772,17
0003,60876.275617,359.910435,2.256497,K16P08B,25.887,u,I11,577,773,17
0004,60877.282009,0.948678,2.468552,K16P08B,25.812,r,I11,657,883,17
0005,60877.306191,0.973312,2.473654,K16P08B,25.862,i,I11,658,893,17
0000,60875.287261,358.909365,2.047831,K16P08B,29.291,r,I11,510,667,18
0001,60875.313265,358.934865,2.053336,K16P08B,25.447,i,I11,511,674,18
0002,60876.275082,359.909898,2.256384,K16P08B,28.436,u,I11,576,772,18
0003,60876.275617,359.910435,2.256497,K16P08B,25.887,u,I11,577,773,18
0004,60877.282009,0.948678,2.468552,K16P08B,25.812,r,I11,657,883,18
0005,60877.306191,0.973312,2.473654,K16P08B,25.862,i,I11,658,893,18
0000,60877.106809,322.384643,-17.055542,K25N01J,21.888,r,I11,620,839,19
0001,60877.140347,322.417275,-17.075740,K25N01J,21.179,i,I11,621,847,19
0002,60878.116315,323.420575,-17.651130,K25N01J,21.993,z,I11,669,906,19
0003,60878.117234,323.421480,-17.651691,K25N01J,21.947,z,I11,670,907,19
0004,60878.348551,323.644544,-17.789946,K25N01J,20.147,r,I11,726,999,19
0005,60878.379749,323.674894,-17.808092,K25N01J,21.473,g,I11,727,1008,19
0000,60875.287261,358.909365,2.047831,K16P08B,29.291,r,I11,510,667,20
0001,60875.313265,358.934865,2.053336,K16P08B,25.447,i,I11,511,674,20
0002,60876.275082,359.909898,2.256384,K16P08B,28.436,u,I11,576,772,20
0003,60876.275617,359.910435,2.256497,K16P08B,25.887,u,I11,577,773,20
0004,60877.282009,0.948678,2.468552,K16P08B,25.812,r,I11,657,883,20
0005,60877.306191,0.973312,2.473654,K16P08B,25.862,i,I11,658,893,20
0000,60875.287261,358.909365,2.047831,K16P08B,29.291,r,I11,510,667,21
0001,60875.313265,358.934865,2.053336,K16P08B,25.447,i,I11,511,674,21
0002,60876.275082,359.909898,2.256384,K16P08B,28.436,u,I11,576,772,21
0003,60876.275617,359.910435,2.256497,K16P08B,25.887,u,I11,577,773,21
0004,60877.282009,0.948678,2.468552,K16P08B,25.812,r,I11,657,883,21
0005,60877.306191,0.973312,2.473654,K16P08B,25.862,i,I11,658,893,21
0000,60877.106809,322.384643,-17.055542,K25N01J,21.888,r,I11,620,839,22
0001,60877.140347,322.417275,-17.075740,K25N01J,21.179,i,I11,621,847,22
0002,60878.116315,323.420575,-17.651130,K25N01J,21.993,z,I11,669,906,22
0003,60878.117234,323.421480,-17.651691,K25N01J,21.947,z,I11,670,907,22
0004,60878.348551,323.644544,-17.789946,K25N01J,20.147,r,I11,726,999,22
0005,60878.379749,323.674894,-17.808092,K25N01J,21.473,g,I11,727,1008,22
0000,60877.106809,322.384643,-17.055542,K25N01J,21.888,r,I11,620,839,23
0001,60877.140347,322.417275,-17.075740,K25N01J,21.179,i,I11,621,847,23
0002,60878.116315,323.420575,-17.651130,K25N01J,21.993,z,I11,669,906,23
0003,60878.117234,323.421480,-17.651691,K25N01J,21.947,z,I11,670,907,23
0004,60878.348551,323.644544,-17.789946,K25N01J,20.147,r,I11,726,999,23
0005,60878.379749,323.674894,-17.808092,K25N01J,21.473,g,I11,727,1008,23
0000,60876.246387,332.137013,-5.378209,K25O17H,26.050,u,I11,574,765,24
0001,60876.248054,332.138880,-5.378815,K25O17H,26.214,u,I11,575,767,24
0002,60877.209268,333.285652,-5.735110,K25O17H,22.033,r,I11,644,867,24
0003,60877.234652,333.314850,-5.744822,K25O17H,22.866,i,I11,645,875,24
0004,60878.197604,334.490440,-6.119777,K25O17H,25.344,u,I11,680,930,24
0005,60878.235390,334.534958,-6.134959,K25O17H,21.915,r,I11,681,950,24
0006,60878.256701,334.560016,-6.143513,K25O17H,21.959,i,I11,682,962,24
0000,60874.209914,329.799910,-4.681296,K25O17H,21.974,r,I11,453,560,25
0001,60874.232741,329.824298,-4.688712,K25O17H,22.108,r,I11,454,563,25
0002,60874.253345,329.846280,-4.695404,K25O17H,21.890,i,I11,455,570,25
0003,60876.246387,332.137013,-5.378209,K25O17H,26.050,u,I11,574,765,25
0004,60876.248054,332.138880,-5.378815,K25O17H,26.214,u,I11,575,767,25
0005,60877.209268,333.285652,-5.735110,K25O17H,22.033,r,I11,644,867,25
0006,60877.234652,333.314850,-5.744822,K25O17H,22.866,i,I11,645,875,25
0007,60878.197604,334.490440,-6.119777,K25O17H,25.344,u,I11,680,930,25
0008,60878.235390,334.534958,-6.134959,K25O17H,21.915,r,I11,681,950,25
0009,60878.256701,334.560016,-6.143513,K25O17H,21.959,i,I11,682,962,25
0000,60875.287261,358.909365,2.047831,K16P08B,29.291,r,I11,510,667,26
0001,60875.313265,358.934865,2.053336,K16P08B,25.447,i,I11,511,674,26
0002,60876.275082,359.909898,2.256384,K16P08B,28.436,u,I11,576,772,26
0003,60876.275617,359.910435,2.256497,K16P08B,25.887,u,I11,577,773,26
0004,60877.282009,0.948678,2.468552,K16P08B,25.812,r,I11,657,883,26
0005,60877.306191,0.973312,2.473654,K16P08B,25.862,i,I11,658,893,26
0000,60875.287261,358.909365,2.047831,K16P08B,29.291,r,I11,510,667,27
0001,60875.313265,358.934865,2.053336,K16P08B,25.447,i,I11,511,674,27
0002,60876.275082,359.909898,2.256384,K16P08B,28.436,u,I11,576,772,27
0003,60876.275617,359.910435,2.256497,K16P08B,25.887,u,I11,577,773,27
0004,60877.282009,0.948678,2.468552,K16P08B,25.812,r,I11,657,883,27
0005,60877.306191,0.973312,2.473654,K16P08B,25.862,i,I11,658,893,27
0000,60877.106809,322.384643,-17.055542,K25N01J,21.888,r,I11,620,839,28
0001,60877.140347,322.417275,-17.075740,K25N01J,21.179,i,I11,621,847,28
0002,60878.116315,323.420575,-17.651130,K25N01J,21.993,z,I11,669,906,28
0003,60878.117234,323.421480,-17.651691,K25N01J,21.947,z,I11,670,907,28
0004,60878.348551,323.644544,-17.789946,K25N01J,20.147,r,I11,726,999,28
0005,60878.379749,323.674894,-17.808092,K25N01J,21.473,g,I11,727,1008,28
0000,60877.106809,322.384643,-17.055542,K25N01J,21.888,r,I11,620,839,29
0001,60877.140347,322.417275,-17.075740,K25N01J,21.179,i,I11,621,847,29
0002,60878.116315,323.420575,-17.651130,K25N01J,21.993,z,I11,669,906,29
0003,60878.117234,323.421480,-17.651691,K25N01J,21.947,z,I11,670,907,29
0004,60878.348551,323.644544,-17.789946,K25N01J,20.147,r,I11,726,999,29
0005,60878.379749,323.674894,-17.808092,K25N01J,21.473,g,I11,727,1008,29
0000,60874.209914,329.799910,-4.681296,K25O17H,21.974,r,I11,453,560,30
0001,60874.232741,329.824298,-4.688712,K25O17H,22.108,r,I11,454,563,30
0002,60874.253345,329.846280,-4.695404,K25O17H,21.890,i,I11,455,570,30
0003,60876.246387,332.137013,-5.378209,K25O17H,26.050,u,I11,574,765,30
0004,60876.248054,332.138880,-5.378815,K25O17H,26.214,u,I11,575,767,30
0005,60877.209268,333.285652,-5.735110,K25O17H,22.033,r,I11,644,867,30
0006,60877.234652,333.314850,-5.744822,K25O17H,22.866,i,I11,645,875,30
0007,60878.197604,334.490440,-6.119777,K25O17H,25.344,u,I11,680,930,30
0008,60878.235390,334.534958,-6.134959,K25O17H,21.915,r,I11,681,950,30
0009,60878.256701,334.560016,-6.143513,K25O17H,21.959,i,I11,682,962,30
0000,60874.209914,329.799910,-4.681296,K25O17H,21.974,r,I11,453,560,31
0001,60874.232741,329.824298,-4.688712,K25O17H,22.108,r,I11,454,563,31
0002,60874.253345,329.846280,-4.695404,K25O17H,21.890,i,I11,455,570,31
0003,60876.246387,332.137013,-5.378209,K25O17H,26.050,u,I11,574,765,31
0004,60876.248054,332.138880,-5.378815,K25O17H,26.214,u,I11,575,767,31
0005,60877.209268,333.285652,-5.735110,K25O17H,22.033,r,I11,644,867,31
0006,60877.234652,333.314850,-5.744822,K25O17H,22.866,i,I11,645,875,31
0007,60878.197604,334.490440,-6.119777,K25O17H,25.344,u,I11,680,930,31
0008,60878.235390,334.534958,-6.134959,K25O17H,21.915,r,I11,681,950,31
0009,60878.256701,334.560016,-6.143513,K25O17H,21.959,i,I11,682,962,31
0000,60875.287261,358.909365,2.047831,K16P08B,29.291,r,I11,510,667,32
0001,60875.313265,358.934865,2.053336,K16P08B,25.447,i,I11,511,674,32
0002,60876.275082,359.909898,2.256384,K16P08B,28.436,u,I11,576,772,32
0003,60876.275617,359.910435,2.256497,K16P08B,25.887,u,I11,577,773,32
0004,60877.282009,0.948678,2.468552,K16P08B,25.812,r,I11,657,883,32
0005,60877.306191,0.973312,2.473654,K16P08B,25.862,i,I11,658,893,32
0000,60875.287261,358.909365,2.047831,K16P08B,29.291,r,I11,510,667,33
0001,60875.313265,358.934865,2.053336,K16P08B,25.447,i,I11,511,674,33
0002,60876.275082,359.909898,2.256384,K16P08B,28.436,u,I11,576,772,33
0003,60876.275617,359.910435,2.256497,K16P08B,25.887,u,I11,577,773,33
0004,60877.282009,0.948678,2.468552,K16P08B,25.812,r,I11,657,883,33
0005,60877.306191,0.973312,2.473654,K16P08B,25.862,i,I11,658,893,33
0000,60877.106809,322.384643,-17.055542,K25N01J,21.888,r,I11,620,839,34
0001,60877.140347,322.417275,-17.075740,K25N01J,21.179,i,I11,621,847,34
0002,60878.116315,323.420575,-17.651130,K25N01J,21.993,z,I11,669,906,34
0003,60878.117234,323.421480,-17.651691,K25N01J,21.947,z,I11,670,907,34
0004,60878.348551,323.644544,-17.789946,K25N01J,20.147,r,I11,726,999,34
0005,60878.379749,323.674894,-17.808092,K25N01J,21.473,g,I11,727,1008,34
0000,60868.016778,245.027246,-9.511187,K20O03O,21.500,r,I11,107,151,35
0001,60868.058228,245.041935,-9.560922,K20O03O,21.500,z,I11,108,167,35
0002,60868.080097,245.049682,-9.587167,K20O03O,26.887,y,I11,109,169,35
0003,60868.089286,245.052939,-9.598167,K20O03O,21.500,y,I11,110,171,35
0004,60868.100073,245.056757,-9.611068,K20O03O,26.617,r,I11,111,176,35
0005,60869.095775,245.480635,-10.794792,K20O03O,21.500,r,I11,201,271,35
0006,60869.108015,245.485143,-10.809201,K20O03O,25.684,i,I11,202,278,35
0007,60870.069198,245.908643,-11.934284,K20O03O,21.500,g,I11,262,343,35
0008,60870.093191,245.917788,-11.962079,K20O03O,21.500,r,I11,263,348,35
0009,60870.125622,245.930165,-11.999629,K20O03O,24.755,r,I11,264,352,35
0010,60870.127571,245.930914,-12.001881,K20O03O,21.500,r,I11,267,354,35
0011,60870.150365,245.939699,-12.028212,K20O03O,21.500,i,I11,268,357,35
0012,60870.152293,245.940482,-12.030408,K20O03O,21.500,i,I11,270,358,35
0000,60868.013053,260.461813,-14.448058,K25H06V,20.586,r,I11,97,149,36
0001,60868.031406,260.476473,-14.461931,K25H06V,20.761,i,I11,98,161,36
0002,60868.054401,260.494834,-14.479310,K25H06V,21.226,z,I11,99,165,36
0003,60868.096232,260.528029,-14.510764,K25H06V,20.630,r,I11,100,174,36
0004,60868.107315,260.536805,-14.519078,K25H06V,20.663,i,I11,121,178,36
0005,60869.045729,261.329996,-15.213350,K25H06V,20.654,i,I11,188,263,36
0006,60869.101528,261.374167,-15.254312,K25H06V,20.496,r,I11,189,274,36
0007,60870.183124,262.277493,-16.033103,K25H06V,21.208,i,I11,275,362,36
0008,60870.207136,262.296537,-16.049986,K25H06V,20.704,z,I11,276,369,36
0000,60874.209914,329.799910,-4.681296,K25O17H,21.974,r,I11,453,560,37
0001,60874.232741,329.824298,-4.688712,K25O17H,22.108,r,I11,454,563,37
0002,60874.253345,329.846280,-4.695404,K25O17H,21.890,i,I11,455,570,37
0003,60876.246387,332.137013,-5.378209,K25O17H,26.050,u,I11,574,765,37
0004,60876.248054,332.138880,-5.378815,K25O17H,26.214,u,I11,575,767,37
0005,60877.209268,333.285652,-5.735110,K25O17H,22.033,r,I11,644,867,37
0006,60877.234652,333.314850,-5.744822,K25O17H,22.866,i,I11,645,875,37
0007,60878.197604,334.490440,-6.119777,K25O17H,25.344,u,I11,680,930,37
0008,60878.235390,334.534958,-6.134959,K25O17H,21.915,r,I11,681,950,37
0009,60878.256701,334.560016,-6.143513,K25O17H,21.959,i,I11,682,962,37
0000,60874.209914,329.799910,-4.681296,K25O17H,21.974,r,I11,453,560,38
0001,60874.232741,329.824298,-4.688712,K25O17H,22.108,r,I11,454,563,38
0002,60874.253345,329.846280,-4.695404,K25O17H,21.890,i,I11,455,570,38
0003,60876.246387,332.137013,-5.378209,K25O17H,26.050,u,I11,574,765,38
0004,60876.248054,332.138880,-5.378815,K25O17H,26.214,u,I11,575,767,38
0005,60877.209268,333.285652,-5.735110,K25O17H,22.033,r,I11,644,867,38
0006,60877.234652,333.314850,-5.744822,K25O17H,22.866,i,I11,645,875,38
0007,60878.197604,334.490440,-6.119777,K25O17H,25.344,u,I11,680,930,38
0008,60878.235390,334.534958,-6.134959,K25O17H,21.915,r,I11,681,950,38
0009,60878.256701,334.560016,-6.143513,K25O17H,21.959,i,I11,682,962,38
0000,60875.287261,358.909365,2.047831,K16P08B,29.291,r,I11,510,667,39
0001,60875.313265,358.934865,2.053336,K16P08B,25.447,i,I11,511,674,39
0002,60876.275082,359.909898,2.256384,K16P08B,28.436,u,I11,576,772,39
0003,60876.275617,359.910435,2.256497,K16P08B,25.887,u,I11,577,773,39
0004,60877.282009,0.948678,2.468552,K16P08B,25.812,r,I11,657,883,39
0005,60877.306191,0.973312,2.473654,K16P08B,25.862,i,I11,658,893,39
0000,60875.287261,358.909365,2.047831,K16P08B,29.291,r,I11,510,667,40
0001,60875.313265,358.934865,2.053336,K16P08B,25.447,i,I11,511,674,40
0002,60876.275082,359.909898,2.256384,K16P08B,28.436,u,I11,576,772,40
0003,60876.275617,359.910435,2.256497,K16P08B,25.887,u,I11,577,773,40
0004,60877.282009,0.948678,2.468552,K16P08B,25.812,r,I11,657,883,40
0005,60877.306191,0.973312,2.473654,K16P08B,25.862,i,I11,658,893,40
0000,60877.106809,322.384643,-17.055542,K25N01J,21.888,r,I11,620,839,41
0001,60877.140347,322.417275,-17.075740,K25N01J,21.179,i,I11,621,847,41
0002,60878.116315,323.420575,-17.651130,K25N01J,21.993,z,I11,669,906,41
0003,60878.117234,323.421480,-17.651691,K25N01J,21.947,z,I11,670,907,41
0004,60878.348551,323.644544,-17.789946,K25N01J,20.147,r,I11,726,999,41
0005,60878.379749,323.674894,-17.808092,K25N01J,21.473,g,I11,727,1008,41
0000,60868.016778,245.027246,-9.511187,K20O03O,21.500,r,I11,107,151,42
0001,60868.058228,245.041935,-9.560922,K20O03O,21.500,z,I11,108,167,42
0002,60868.080097,245.049682,-9.587167,K20O03O,26.887,y,I11,109,169,42
0003,60868.089286,245.052939,-9.598167,K20O03O,21.500,y,I11,110,171,42
0004,60868.100073,245.056757,-9.611068,K20O03O,26.617,r,I11,111,176,42
0005,60869.095775,245.480635,-10.794792,K20O03O,21.500,r,I11,201,271,42
0006,60869.108015,245.485143,-10.809201,K20O03O,25.684,i,I11,202,278,42
0007,60870.069198,245.908643,-11.934284,K20O03O,21.500,g,I11,262,343,42
0008,60870.093191,245.917788,-11.962079,K20O03O,21.500,r,I11,263,348,42
0009,60870.125622,245.930165,-11.999629,K20O03O,24.755,r,I11,264,352,42
0010,60870.127571,245.930914,-12.001881,K20O03O,21.500,r,I11,267,354,42
0011,60870.150365,245.939699,-12.028212,K20O03O,21.500,i,I11,268,357,42
0012,60870.152293,245.940482,-12.030408,K20O03O,21.500,i,I11,270,358,42
0000,60868.013053,260.461813,-14.448058,K25H06V,20.586,r,I11,97,149,43
0001,60868.031406,260.476473,-14.461931,K25H06V,20.761,i,I11,98,161,43
0002,60868.054401,260.494834,-14.479310,K25H06V,21.226,z,I11,99,165,43
0003,60868.096232,260.528029,-14.510764,K25H06V,20.630,r,I11,100,174,43
0004,60868.107315,260.536805,-14.519078,K25H06V,20.663,i,I11,121,178,43
0005,60869.045729,261.329996,-15.213350,K25H06V,20.654,i,I11,188,263,43
0006,60869.101528,261.374167,-15.254312,K25H06V,20.496,r,I11,189,274,43
0007,60870.183124,262.277493,-16.033103,K25H06V,21.208,i,I11,275,362,43
0008,60870.207136,262.296537,-16.049986,K25H06V,20.704,z,I11,276,369,43
0000,60874.209914,329.799910,-4.681296,K25O17H,21.974,r,I11,453,560,44
0001,60874.232741,329.824298,-4.688712,K25O17H,22.108,r,I11,454,563,44
0002,60874.253345,329.846280,-4.695404,K25O17H,21.890,i,I11,455,570,44
0003,60876.246387,332.137013,-5.378209,K25O17H,26.050,u,I11,574,765,44
0004,60876.248054,332.138880,-5.378815,K25O17H,26.214,u,I11,575,767,44
0005,60877.209268,333.285652,-5.735110,K25O17H,22.033,r,I11,644,867,44
0006,60877.234652,333.314850,-5.744822,K25O17H,22.866,i,I11,645,875,44
0007,60878.197604,334.490440,-6.119777,K25O17H,25.344,u,I11,680,930,44
0008,60878.235390,334.534958,-6.134959,K25O17H,21.915,r,I11,681,950,44
0009,60878.256701,334.560016,-6.143513,K25O17H,21.959,i,I11,682,962,44
0000,60867.043453,260.154429,-19.316348,K25O04L,21.500,z,I11,0,7,45
0001,60867.043910,260.154081,-19.315629,K25O04L,21.500,z,I11,1,8,45
0002,60867.044384,260.153723,-19.314886,K25O04L,27.638,z,I11,2,9,45
0003,60867.044841,260.153376,-19.314167,K25O04L,21.512,z,I11,3,10,45
0004,60868.023077,259.455820,-17.772853,K25O04L,24.342,y,I11,114,154,45
0005,60868.030507,259.450387,-17.761196,K25O04L,21.500,i,I11,115,159,45
0006,60868.053463,259.433589,-17.725174,K25O04L,21.500,z,I11,116,163,45
0007,60869.005303,258.781215,-16.230333,K25O04L,21.500,g,I11,186,254,45
0008,60869.029059,258.764516,-16.193245,K25O04L,21.500,r,I11,187,261,45
0000,60875.287261,358.909365,2.047831,K16P08B,29.291,r,I11,510,667,46
0001,60875.313265,358.934865,2.053336,K16P08B,25.447,i,I11,511,674,46
0002,60876.275082,359.909898,2.256384,K16P08B,28.436,u,I11,576,772,46
0003,60876.275617,359.910435,2.256497,K16P08B,25.887,u,I11,577,773,46
0004,60877.282009,0.948678,2.468552,K16P08B,25.812,r,I11,657,883,46
0005,60877.306191,0.973312,2.473654,K16P08B,25.862,i,I11,658,893,46
0000,60875.287261,358.909365,2.047831,K16P08B,29.291,r,I11,510,667,47
0001,60875.313265,358.934865,2.053336,K16P08B,25.447,i,I11,511,674,47
0002,60876.275082,359.909898,2.256384,K16P08B,28.436,u,I11,576,772,47
0003,60876.275617,359.910435,2.256497,K16P08B,25.887,u,I11,577,773,47
0004,60877.282009,0.948678,2.468552,K16P08B,25.812,r,I11,657,883,47
0005,60877.306191,0.973312,2.473654,K16P08B,25.862,i,I11,658,893,47
0000,60877.106809,322.384643,-17.055542,K25N01J,21.888,r,I11,620,839,48
0001,60877.140347,322.417275,-17.075740,K25N01J,21.179,i,I11,621,847,48
0002,60878.116315,323.420575,-17.651130,K25N01J,21.993,z,I11,669,906,48
0003,60878.117234,323.421480,-17.651691,K25N01J,21.947,z,I11,670,907,48
0004,60878.348551,323.644544,-17.789946,K25N01J,20.147,r,I11,726,999,48
0005,60878.379749,323.674894,-17.808092,K25N01J,21.473,g,I11,727,1008,48
0000,60867.199790,346.743128,1.138324,K25N01V,20.814,z,I11,16,28,49
0001,60867.211910,346.738474,1.155210,K25N01V,20.770,z,I11,17,38,49
0002,60867.212367,346.738351,1.155840,K25N01V,20.821,z,I11,18,39,49
0003,60867.281602,346.711192,1.252378,K25N01V,20.292,z,I11,19,83,49
0004,60867.282058,346.711003,1.253015,K25N01V,20.342,z,I11,20,84,49
0005,60868.290525,346.345344,2.683110,K25N01V,21.134,y,I11,165,221,49
0006,60868.324265,346.330533,2.731793,K25N01V,20.461,i,I11,166,236,49
0007,60869.301293,345.945779,4.163393,K25N01V,20.290,i,I11,231,298,49
0008,60869.324836,345.934607,4.198460,K25N01V,20.181,z,I11,232,315,49
0000,60868.016778,245.027246,-9.511187,K20O03O,21.500,r,I11,107,151,50
0001,60868.058228,245.041935,-9.560922,K20O03O,21.500,z,I11,108,167,50
0002,60868.080097,245.049682,-9.587167,K20O03O,26.887,y,I11,109,169,50
0003,60868.089286,245.052939,-9.598167,K20O03O,21.500,y,I11,110,171,50
0004,60868.100073,245.056757,-9.611068,K20O03O,26.617,r,I11,111,176,50
0005,60869.095775,245.480635,-10.794792,K20O03O,21.500,r,I11,201,271,50
0006,60869.108015,245.485143,-10.809201,K20O03O,25.684,i,I11,202,278,50
0007,60870.069198,245.908643,-11.934284,K20O03O,21.500,g,I11,262,343,50
0008,60870.093191,245.917788,-11.962079,K20O03O,21.500,r,I11,263,348,50
0009,60870.125622,245.930165,-11.999629,K20O03O,24.755,r,I11,264,352,50
0010,60870.127571,245.930914,-12.001881,K20O03O,21.500,r,I11,267,354,50
0011,60870.150365,245.939699,-12.028212,K20O03O,21.500,i,I11,268,357,50
0012,60870.152293,245.940482,-12.030408,K20O03O,21.500,i,I11,270,358,50
0000,60876.246387,332.137013,-5.378209,K25O17H,26.050,u,I11,574,765,51
0001,60876.248054,332.138880,-5.378815,K25O17H,26.214,u,I11,575,767,51
0002,60877.209268,333.285652,-5.735110,K25O17H,22.033,r,I11,644,867,51
0003,60877.234652,333.314850,-5.744822,K25O17H,22.866,i,I11,645,875,51
0004,60878.197604,334.490440,-6.119777,K25O17H,25.344,u,I11,680,930,51
0005,60878.235390,334.534958,-6.134959,K25O17H,21.915,r,I11,681,950,51
0006,60878.256701,334.560016,-6.143513,K25O17H,21.959,i,I11,682,962,51
0000,60867.043453,260.154429,-19.316348,K25O04L,21.500,z,I11,0,7,52
0001,60867.043910,260.154081,-19.315629,K25O04L,21.500,z,I11,1,8,52
0002,60867.044384,260.153723,-19.314886,K25O04L,27.638,z,I11,2,9,52
0003,60867.044841,260.153376,-19.314167,K25O04L,21.512,z,I11,3,10,52
0004,60868.023077,259.455820,-17.772853,K25O04L,24.342,y,I11,114,154,52
0005,60868.030507,259.450387,-17.761196,K25O04L,21.500,i,I11,115,159,52
0006,60868.053463,259.433589,-17.725174,K25O04L,21.500,z,I11,116,163,52
0007,60869.005303,258.781215,-16.230333,K25O04L,21.500,g,I11,186,254,52
0008,60869.029059,258.764516,-16.193245,K25O04L,21.500,r,I11,187,261,52
0009,60870.043914,258.094634,-14.609723,K25O04L,21.500,y,I11,251,336,52
0010,60870.122215,258.041504,-14.488162,K25O04L,21.740,r,I11,252,351,52
0000,60875.287261,358.909365,2.047831,K16P08B,29.291,r,I11,510,667,53
0001,60875.313265,358.934865,2.053336,K16P08B,25.447,i,I11,511,674,53
0002,60876.275082,359.909898,2.256384,K16P08B,28.436,u,I11,576,772,53
0003,60876.275617,359.910435,2.256497,K16P08B,25.887,u,I11,577,773,53
0004,60877.282009,0.948678,2.468552,K16P08B,25.812,r,I11,657,883,53
0005,60877.306191,0.973312,2.473654,K16P08B,25.862,i,I11,658,893,53
0000,60867.199790,346.743128,1.138324,K25N01V,20.814,z,I11,16,28,54
0001,60867.211910,346.738474,1.155210,K25N01V,20.770,z,I11,17,38,54
0002,60867.212367,346.738351,1.155840,K25N01V,20.821,z,I11,18,39,54
0003,60867.281602,346.711192,1.252378,K25N01V,20.292,z,I11,19,83,54
0004,60867.282058,346.711003,1.253015,K25N01V,20.342,z,I11,20,84,54
0005,60868.290525,346.345344,2.683110,K25N01V,21.134,y,I11,165,221,54
0006,60868.324265,346.330533,2.731793,K25N01V,20.461,i,I11,166,236,54
0007,60869.301293,345.945779,4.163393,K25N01V,20.290,i,I11,231,298,54
0008,60869.324836,345.934607,4.198460,K25N01V,20.181,z,I11,232,315,54
0000,60868.016778,245.027246,-9.511187,K20O03O,21.500,r,I11,107,151,55
0001,60868.058228,245.041935,-9.560922,K20O03O,21.500,z,I11,108,167,55
0002,60868.080097,245.049682,-9.587167,K20O03O,26.887,y,I11,109,169,55
0003,60868.089286,245.052939,-9.598167,K20O03O,21.500,y,I11,110,171,55
0004,60868.100073,245.056757,-9.611068,K20O03O,26.617,r,I11,111,176,55
0005,60869.095775,245.480635,-10.794792,K20O03O,21.500,r,I11,201,271,55
0006,60869.108015,245.485143,-10.809201,K20O03O,25.684,i,I11,202,278,55
0007,60870.069198,245.908643,-11.934284,K20O03O,21.500,g,I11,262,343,55
0008,60870.093191,245.917788,-11.962079,K20O03O,21.500,r,I11,263,348,55
0009,60870.125622,245.930165,-11.999629,K20O03O,24.755,r,I11,264,352,55
0010,60870.127571,245.930914,-12.001881,K20O03O,21.500,r,I11,267,354,55
0011,60870.150365,245.939699,-12.028212,K20O03O,21.500,i,I11,268,357,55
0012,60870.152293,245.940482,-12.030408,K20O03O,21.500,i,I11,270,358,55
0000,60869.054115,281.959217,-26.547582,K00S01E,23.070,i,I11,190,264,56
0001,60869.077741,281.946905,-26.523749,K00S01E,15.832,z,I11,191,267,56
0002,60870.030180,281.487992,-25.560275,K00S01E,15.195,r,I11,248,332,56
0003,60870.052850,281.476708,-25.537716,K00S01E,15.476,g,I11,249,337,56
0004,60870.076294,281.464995,-25.514367,K00S01E,14.884,r,I11,250,344,56
0005,60870.223596,281.390755,-25.366812,K00S01E,15.560,i,I11,285,374,56
0006,60870.224998,281.390053,-25.365400,K00S01E,14.632,i,I11,286,375,56
0007,60870.244723,281.380182,-25.345528,K00S01E,15.976,z,I11,287,378,56
0008,60870.246114,281.379488,-25.344126,K00S01E,15.338,z,I11,288,379,56
0000,60868.013053,260.461813,-14.448058,K25H06V,20.586,r,I11,97,149,57
0001,60868.031406,260.476473,-14.461931,K25H06V,20.761,i,I11,98,161,57
0002,60868.054401,260.494834,-14.479310,K25H06V,21.226,z,I11,99,165,57
0003,60868.096232,260.528029,-14.510764,K25H06V,20.630,r,I11,100,174,57
0004,60868.107315,260.536805,-14.519078,K25H06V,20.663,i,I11,121,178,57
0005,60869.045729,261.329996,-15.213350,K25H06V,20.654,i,I11,188,263,57
0006,60869.101528,261.374167,-15.254312,K25H06V,20.496,r,I11,189,274,57
0007,60870.183124,262.277493,-16.033103,K25H06V,21.208,i,I11,275,362,57
0008,60870.207136,262.296537,-16.049986,K25H06V,20.704,z,I11,276,369,57
0000,60878.182133,9.268478,-42.494346,K05M13M,19.004,g,I11,671,920,58
0001,60878.184128,9.271542,-42.495799,K05M13M,18.430,i,I11,672,921,58
0002,60878.184564,9.272212,-42.496117,K05M13M,18.323,i,I11,673,922,58
0003,60878.185000,9.272882,-42.496434,K05M13M,18.338,i,I11,674,923,58
0004,60878.185437,9.273553,-42.496753,K05M13M,18.389,i,I11,675,924,58
0005,60878.187357,9.276502,-42.498151,K05M13M,22.541,u,I11,676,925,58
0006,60878.187886,9.277315,-42.498537,K05M13M,22.443,u,I11,677,926,58
0007,60878.188416,9.278128,-42.498922,K05M13M,22.522,u,I11,678,927,58
0008,60878.188945,9.278940,-42.499308,K05M13M,22.361,u,I11,679,928,58
0009,60879.171189,10.810282,-43.183113,K05M13M,22.653,u,I11,748,1035,58
0010,60879.171718,10.811106,-43.183490,K05M13M,22.620,u,I11,749,1037,58
0011,60879.172246,10.811929,-43.183866,K05M13M,22.580,u,I11,751,1039,58
0012,60879.172775,10.812754,-43.184243,K05M13M,22.695,u,I11,753,1041,58
0013,60879.174963,10.816161,-43.185800,K05M13M,18.319,r,I11,755,1042,58
0014,60879.175399,10.816840,-43.186110,K05M13M,18.280,r,I11,757,1045,58
0015,60879.175836,10.817520,-43.186421,K05M13M,18.438,r,I11,759,1047,58
0016,60879.176271,10.818199,-43.186732,K05M13M,18.509,r,I11,761,1049,58
0017,60879.176708,10.818878,-43.187042,K05M13M,18.378,r,I11,763,1050,58
0018,60879.179064,10.822545,-43.188719,K05M13M,22.604,u,I11,764,1052,58
0019,60879.181211,10.825885,-43.190247,K05M13M,18.966,z,I11,765,1053,58
0020,60879.181646,10.826563,-43.190556,K05M13M,18.855,z,I11,766,1054,58
0021,60879.182082,10.827240,-43.190866,K05M13M,18.759,z,I11,767,1055,58
0022,60879.182519,10.827919,-43.191177,K05M13M,18.879,z,I11,769,1057,58
0023,60879.182956,10.828599,-43.191488,K05M13M,19.875,z,I11,771,1058,58
0024,60879.382170,11.134098,-43.331023,K05M13M,18.834,g,I11,782,1098,58
0025,60879.382606,11.134760,-43.331321,K05M13M,18.798,g,I11,783,1099,58
0026,60879.383044,11.135426,-43.331622,K05M13M,18.809,g,I11,785,1102,58
0027,60879.383480,11.136091,-43.331921,K05M13M,18.877,g,I11,787,1103,58
0028,60879.385656,11.139401,-43.333411,K05M13M,22.272,u,I11,789,1106,58
0029,60879.386185,11.140205,-43.333773,K05M13M,22.329,u,I11,791,1107,58
0030,60879.388345,11.143494,-43.335252,K05M13M,18.335,i,I11,792,1109,58
0031,60879.388782,11.144157,-43.335551,K05M13M,18.299,i,I11,794,1110,58
0032,60879.389655,11.145485,-43.336148,K05M13M,18.454,i,I11,797,1113,58
0033,60879.392363,11.149606,-43.338001,K05M13M,22.429,u,I11,799,1116,58
0034,60879.392892,11.150411,-43.338362,K05M13M,22.451,u,I11,801,1117,58
0035,60879.393422,11.151217,-43.338724,K05M13M,22.341,u,I11,803,1119,58
0000,60867.043453,260.154429,-19.316348,K25O04L,21.500,z,I11,0,7,59
0001,60867.043910,260.154081,-19.315629,K25O04L,21.500,z,I11,1,8,59
0002,60867.044384,260.153723,-19.314886,K25O04L,27.638,z,I11,2,9,59
0003,60867.044841,260.153376,-19.314167,K25O04L,21.512,z,I11,3,10,59
0004,60868.023077,259.455820,-17.772853,K25O04L,24.342,y,I11,114,154,59
0005,60868.030507,259.450387,-17.761196,K25O04L,21.500,i,I11,115,159,59
0006,60868.053463,259.433589,-17.725174,K25O04L,21.500,z,I11,116,163,59
0007,60869.005303,258.781215,-16.230333,K25O04L,21.500,g,I11,186,254,59
0008,60869.029059,258.764516,-16.193245,K25O04L,21.500,r,I11,187,261,59
0000,60867.043453,260.154429,-19.316348,K25O04L,21.500,z,I11,0,7,60
0001,60867.043910,260.154081,-19.315629,K25O04L,21.500,z,I11,1,8,60
0002,60867.044384,260.153723,-19.314886,K25O04L,27.638,z,I11,2,9,60
0003,60867.044841,260.153376,-19.314167,K25O04L,21.512,z,I11,3,10,60
0004,60868.023077,259.455820,-17.772853,K25O04L,24.342,y,I11,114,154,60
0005,60868.030507,259.450387,-17.761196,K25O04L,21.500,i,I11,115,159,60
0006,60868.053463,259.433589,-17.725174,K25O04L,21.500,z,I11,116,163,60
0007,60869.005303,258.781215,-16.230333,K25O04L,21.500,g,I11,186,254,60
0008,60869.029059,258.764516,-16.193245,K25O04L,21.500,r,I11,187,261,60
0009,60870.043914,258.094634,-14.609723,K25O04L,21.500,y,I11,251,336,60
0010,60870.122215,258.041504,-14.488162,K25O04L,21.740,r,I11,252,351,60
0000,60875.287261,358.909365,2.047831,K16P08B,29.291,r,I11,510,667,61
0001,60875.313265,358.934865,2.053336,K16P08B,25.447,i,I11,511,674,61
0002,60876.275082,359.909898,2.256384,K16P08B,28.436,u,I11,576,772,61
0003,60876.275617,359.910435,2.256497,K16P08B,25.887,u,I11,577,773,61
0004,60877.282009,0.948678,2.468552,K16P08B,25.812,r,I11,657,883,61
0005,60877.306191,0.973312,2.473654,K16P08B,25.862,i,I11,658,893,61
0000,60868.016778,245.027246,-9.511187,K20O03O,21.500,r,I11,107,151,62
0001,60868.058228,245.041935,-9.560922,K20O03O,21.500,z,I11,108,167,62
0002,60868.080097,245.049682,-9.587167,K20O03O,26.887,y,I11,109,169,62
0003,60868.089286,245.052939,-9.598167,K20O03O,21.500,y,I11,110,171,62
0004,60868.100073,245.056757,-9.611068,K20O03O,26.617,r,I11,111,176,62
0005,60869.095775,245.480635,-10.794792,K20O03O,21.500,r,I11,201,271,62
0006,60869.108015,245.485143,-10.809201,K20O03O,25.684,i,I11,202,278,62
0007,60870.069198,245.908643,-11.934284,K20O03O,21.500,g,I11,262,343,62
0008,60870.093191,245.917788,-11.962079,K20O03O,21.500,r,I11,263,348,62
0009,60870.125622,245.930165,-11.999629,K20O03O,24.755,r,I11,264,352,62
0010,60870.127571,245.930914,-12.001881,K20O03O,21.500,r,I11,267,354,62
0011,60870.150365,245.939699,-12.028212,K20O03O,21.500,i,I11,268,357,62
0012,60870.152293,245.940482,-12.030408,K20O03O,21.500,i,I11,270,358,62
0000,60869.054115,281.959217,-26.547582,K00S01E,23.070,i,I11,190,264,63
0001,60869.077741,281.946905,-26.523749,K00S01E,15.832,z,I11,191,267,63
0002,60870.030180,281.487992,-25.560275,K00S01E,15.195,r,I11,248,332,63
0003,60870.052850,281.476708,-25.537716,K00S01E,15.476,g,I11,249,337,63
0004,60870.076294,281.464995,-25.514367,K00S01E,14.884,r,I11,250,344,63
0005,60870.223596,281.390755,-25.366812,K00S01E,15.560,i,I11,285,374,63
0006,60870.224998,281.390053,-25.365400,K00S01E,14.632,i,I11,286,375,63
0007,60870.244723,281.380182,-25.345528,K00S01E,15.976,z,I11,287,378,63
0008,60870.246114,281.379488,-25.344126,K00S01E,15.338,z,I11,288,379,63
0000,60868.013053,260.461813,-14.448058,K25H06V,20.586,r,I11,97,149,64
0001,60868.031406,260.476473,-14.461931,K25H06V,20.761,i,I11,98,161,64
0002,60868.054401,260.494834,-14.479310,K25H06V,21.226,z,I11,99,165,64
0003,60868.096232,260.528029,-14.510764,K25H06V,20.630,r,I11,100,174,64
0004,60868.107315,260.536805,-14.519078,K25H06V,20.663,i,I11,121,178,64
0005,60869.045729,261.329996,-15.213350,K25H06V,20.654,i,I11,188,263,64
0006,60869.101528,261.374167,-15.254312,K25H06V,20.496,r,I11,189,274,64
0007,60870.183124,262.277493,-16.033103,K25H06V,21.208,i,I11,275,362,64
0008,60870.207136,262.296537,-16.049986,K25H06V,20.704,z,I11,276,369,64
0000,60875.287261,358.909365,2.047831,K16P08B,29.291,r,I11,510,667,65
0001,60875.313265,358.934865,2.053336,K16P08B,25.447,i,I11,511,674,65
0002,60876.275082,359.909898,2.256384,K16P08B,28.436,u,I11,576,772,65
0003,60876.275617,359.910435,2.256497,K16P08B,25.887,u,I11,577,773,65
0004,60877.282009,0.948678,2.468552,K16P08B,25.812,r,I11,657,883,65
0005,60877.306191,0.973312,2.473654,K16P08B,25.862,i,I11,658,893,65
0000,60878.182133,9.268478,-42.494346,K05M13M,19.004,g,I11,671,920,66
0001,60878.184128,9.271542,-42.495799,K05M13M,18.430,i,I11,672,921,66
0002,60878.184564,9.272212,-42.496117,K05M13M,18.323,i,I11,673,922,66
0003,60878.185000,9.272882,-42.496434,K05M13M,18.338,i,I11,674,923,66
0004,60878.185437,9.273553,-42.496753,K05M13M,18.389,i,I11,675,924,66
0005,60878.187357,9.276502,-42.498151,K05M13M,22.541,u,I11,676,925,66
0006,60878.187886,9.277315,-42.498537,K05M13M,22.443,u,I11,677,926,66
0007,60878.188416,9.278128,-42.498922,K05M13M,22.522,u,I11,678,927,66
0008,60878.188945,9.278940,-42.499308,K05M13M,22.361,u,I11,679,928,66
0009,60879.171189,10.810282,-43.183113,K05M13M,22.653,u,I11,748,1035,66
0010,60879.171718,10.811106,-43.183490,K05M13M,22.620,u,I11,749,1037,66
0011,60879.172246,10.811929,-43.183866,K05M13M,22.580,u,I11,751,1039,66
0012,60879.172775,10.812754,-43.184243,K05M13M,22.695,u,I11,753,1041,66
0013,60879.174963,10.816161,-43.185800,K05M13M,18.319,r,I11,755,1042,66
0014,60879.175399,10.816840,-43.186110,K05M13M,18.280,r,I11,757,1045,66
0015,60879.175836,10.817520,-43.186421,K05M13M,18.438,r,I11,759,1047,66
0016,60879.176271,10.818199,-43.186732,K05M13M,18.509,r,I11,761,1049,66
0017,60879.176708,10.818878,-43.187042,K05M13M,18.378,r,I11,763,1050,66
0018,60879.179064,10.822545,-43.188719,K05M13M,22.604,u,I11,764,1052,66
0019,60879.181211,10.825885,-43.190247,K05M13M,18.966,z,I11,765,1053,66
0020,60879.181646,10.826563,-43.190556,K05M13M,18.855,z,I11,766,1054,66
0021,60879.182082,10.827240,-43.190866,K05M13M,18.759,z,I11,767,1055,66
0022,60879.182519,10.827919,-43.191177,K05M13M,18.879,z,I11,769,1057,66
0023,60879.182956,10.828599,-43.191488,K05M13M,19.875,z,I11,771,1058,66
0024,60879.382170,11.134098,-43.331023,K05M13M,18.834,g,I11,782,1098,66
0025,60879.382606,11.134760,-43.331321,K05M13M,18.798,g,I11,783,1099,66
0026,60879.383044,11.135426,-43.331622,K05M13M,18.809,g,I11,785,1102,66
0027,60879.383480,11.136091,-43.331921,K05M13M,18.877,g,I11,787,1103,66
0028,60879.385656,11.139401,-43.333411,K05M13M,22.272,u,I11,789,1106,66
0029,60879.386185,11.140205,-43.333773,K05M13M,22.329,u,I11,791,1107,66
0030,60879.388345,11.143494,-43.335252,K05M13M,18.335,i,I11,792,1109,66
0031,60879.388782,11.144157,-43.335551,K05M13M,18.299,i,I11,794,1110,66
0032,60879.389655,11.145485,-43.336148,K05M13M,18.454,i,I11,797,1113,66
0033,60879.392363,11.149606,-43.338001,K05M13M,22.429,u,I11,799,1116,66
0034,60879.392892,11.150411,-43.338362,K05M13M,22.451,u,I11,801,1117,66
0035,60879.393422,11.151217,-43.338724,K05M13M,22.341,u,I11,803,1119,66
0000,60867.043453,260.154429,-19.316348,K25O04L,21.500,z,I11,0,7,67
0001,60867.043910,260.154081,-19.315629,K25O04L,21.500,z,I11,1,8,67
0002,60867.044384,260.153723,-19.314886,K25O04L,27.638,z,I11,2,9,67
0003,60867.044841,260.153376,-19.314167,K25O04L,21.512,z,I11,3,10,67
0004,60868.023077,259.455820,-17.772853,K25O04L,24.342,y,I11,114,154,67
0005,60868.030507,259.450387,-17.761196,K25O04L,21.500,i,I11,115,159,67
0006,60868.053463,259.433589,-17.725174,K25O04L,21.500,z,I11,116,163,67
0007,60869.005303,258.781215,-16.230333,K25O04L,21.500,g,I11,186,254,67
0008,60869.029059,258.764516,-16.193245,K25O04L,21.500,r,I11,187,261,67
0009,60870.043914,258.094634,-14.609723,K25O04L,21.500,y,I11,251,336,67
0010,60870.122215,258.041504,-14.488162,K25O04L,21.740,r,I11,252,351,67
0000,60867.043453,260.154429,-19.316348,K25O04L,21.500,z,I11,0,7,68
0001,60867.043910,260.154081,-19.315629,K25O04L,21.500,z,I11,1,8,68
0002,60867.044384,260.153723,-19.314886,K25O04L,27.638,z,I11,2,9,68
0003,60867.044841,260.153376,-19.314167,K25O04L,21.512,z,I11,3,10,68
0004,60868.023077,259.455820,-17.772853,K25O04L,24.342,y,I11,114,154,68
0005,60868.030507,259.450387,-17.761196,K25O04L,21.500,i,I11,115,159,68
0006,60868.053463,259.433589,-17.725174,K25O04L,21.500,z,I11,116,163,68
0007,60869.005303,258.781215,-16.230333,K25O04L,21.500,g,I11,186,254,68
0008,60869.029059,258.764516,-16.193245,K25O04L,21.500,r,I11,187,261,68
0009,60870.043914,258.094634,-14.609723,K25O04L,21.500,y,I11,251,336,68
0010,60870.122215,258.041504,-14.488162,K25O04L,21.740,r,I11,252,351,68
0000,60869.054115,281.959217,-26.547582,K00S01E,23.070,i,I11,190,264,69
0001,60869.077741,281.946905,-26.523749,K00S01E,15.832,z,I11,191,267,69
0002,60870.030180,281.487992,-25.560275,K00S01E,15.195,r,I11,248,332,69
0003,60870.052850,281.476708,-25.537716,K00S01E,15.476,g,I11,249,337,69
0004,60870.076294,281.464995,-25.514367,K00S01E,14.884,r,I11,250,344,69
0005,60870.223596,281.390755,-25.366812,K00S01E,15.560,i,I11,285,374,69
0006,60870.224998,281.390053,-25.365400,K00S01E,14.632,i,I11,286,375,69
0007,60870.244723,281.380182,-25.345528,K00S01E,15.976,z,I11,287,378,69
0008,60870.246114,281.379488,-25.344126,K00S01E,15.338,z,I11,288,379,69
0000,60868.013053,260.461813,-14.448058,K25H06V,20.586,r,I11,97,149,70
0001,60868.031406,260.476473,-14.461931,K25H06V,20.761,i,I11,98,161,70
0002,60868.054401,260.494834,-14.479310,K25H06V,21.226,z,I11,99,165,70
0003,60868.096232,260.528029,-14.510764,K25H06V,20.630,r,I11,100,174,70
0004,60868.107315,260.536805,-14.519078,K25H06V,20.663,i,I11,121,178,70
0005,60869.045729,261.329996,-15.213350,K25H06V,20.654,i,I11,188,263,70
0006,60869.101528,261.374167,-15.254312,K25H06V,20.496,r,I11,189,274,70
0007,60870.183124,262.277493,-16.033103,K25H06V,21.208,i,I11,275,362,70
0008,60870.207136,262.296537,-16.049986,K25H06V,20.704,z,I11,276,369,70
0000,60876.238797,346.517851,-8.162618,K17D15S,27.158,u,I11,572,760,71
0001,60876.259325,346.538133,-8.154719,K17D15S,23.941,g,I11,573,768,71
0002,60877.197894,347.534020,-7.777468,K17D15S,21.500,r,I11,637,862,71
0003,60877.221379,347.558899,-7.767792,K17D15S,21.500,i,I11,638,871,71
0004,60878.250151,348.722472,-7.322053,K17D15S,24.758,r,I11,710,955,71
0005,60878.271765,348.746900,-7.312355,K17D15S,21.500,i,I11,711,967,71
0000,60875.287261,358.909365,2.047831,K16P08B,29.291,r,I11,510,667,72
0001,60875.313265,358.934865,2.053336,K16P08B,25.447,i,I11,511,674,72
0002,60876.275082,359.909898,2.256384,K16P08B,28.436,u,I11,576,772,72
0003,60876.275617,359.910435,2.256497,K16P08B,25.887,u,I11,577,773,72
0004,60877.282009,0.948678,2.468552,K16P08B,25.812,r,I11,657,883,72
0005,60877.306191,0.973312,2.473654,K16P08B,25.862,i,I11,658,893,72
0000,60875.287261,358.909365,2.047831,K16P08B,29.291,r,I11,510,667,73
0001,60875.313265,358.934865,2.053336,K16P08B,25.447,i,I11,511,674,73
0002,60876.275082,359.909898,2.256384,K16P08B,28.436,u,I11,576,772,73
0003,60876.275617,359.910435,2.256497,K16P08B,25.887,u,I11,577,773,73
0004,60877.282009,0.948678,2.468552,K16P08B,25.812,r,I11,657,883,73
0005,60877.306191,0.973312,2.473654,K16P08B,25.862,i,I11,658,893,73
0000,60878.182133,9.268478,-42.494346,K05M13M,19.004,g,I11,671,920,74
0001,60878.184128,9.271542,-42.495799,K05M13M,18.430,i,I11,672,921,74
0002,60878.184564,9.272212,-42.496117,K05M13M,18.323,i,I11,673,922,74
0003,60878.185000,9.272882,-42.496434,K05M13M,18.338,i,I11,674,923,74
0004,60878.185437,9.273553,-42.496753,K05M13M,18.389,i,I11,675,924,74
0005,60878.187357,9.276502,-42.498151,K05M13M,22.541,u,I11,676,925,74
0006,60878.187886,9.277315,-42.498537,K05M13M,22.443,u,I11,677,926,74
0007,60878.188416,9.278128,-42.498922,K05M13M,22.522,u,I11,678,927,74
0008,60878.188945,9.278940,-42.499308,K05M13M,22.361,u,I11,679,928,74
0009,60879.171189,10.810282,-43.183113,K05M13M,22.653,u,I11,748,1035,74
0010,60879.171718,10.811106,-43.183490,K05M13M,22.620,u,I11,749,1037,74
0011,60879.172246,10.811929,-43.183866,K05M13M,22.580,u,I11,751,1039,74
0012,60879.172775,10.812754,-43.184243,K05M13M,22.695,u,I11,753,1041,74
0013,60879.174963,10.816161,-43.185800,K05M13M,18.319,r,I11,755,1042,74
0014,60879.175399,10.816840,-43.186110,K05M13M,18.280,r,I11,757,1045,74
0015,60879.175836,10.817520,-43.186421,K05M13M,18.438,r,I11,759,1047,74
0016,60879.176271,10.818199,-43.186732,K05M13M,18.509,r,I11,761,1049,74
0017,60879.176708,10.818878,-43.187042,K05M13M,18.378,r,I11,763,1050,74
0018,60879.179064,10.822545,-43.188719,K05M13M,22.604,u,I11,764,1052,74
0019,60879.181211,10.825885,-43.190247,K05M13M,18.966,z,I11,765,1053,74
0020,60879.181646,10.826563,-43.190556,K05M13M,18.855,z,I11,766,1054,74
0021,60879.182082,10.827240,-43.190866,K05M13M,18.759,z,I11,767,1055,74
0022,60879.182519,10.827919,-43.191177,K05M13M,18.879,z,I11,769,1057,74
0023,60879.182956,10.828599,-43.191488,K05M13M,19.875,z,I11,771,1058,74
0024,60879.382170,11.134098,-43.331023,K05M13M,18.834,g,I11,782,1098,74
0025,60879.382606,11.134760,-43.331321,K05M13M,18.798,g,I11,783,1099,74
0026,60879.383044,11.135426,-43.331622,K05M13M,18.809,g,I11,785,1102,74
0027,60879.383480,11.136091,-43.331921,K05M13M,18.877,g,I11,787,1103,74
0028,60879.385656,11.139401,-43.333411,K05M13M,22.272,u,I11,789,1106,74
0029,60879.386185,11.140205,-43.333773,K05M13M,22.329,u,I11,791,1107,74
0030,60879.388345,11.143494,-43.335252,K05M13M,18.335,i,I11,792,1109,74
0031,60879.388782,11.144157,-43.335551,K05M13M,18.299,i,I11,794,1110,74
0032,60879.389655,11.145485,-43.336148,K05M13M,18.454,i,I11,797,1113,74
0033,60879.392363,11.149606,-43.338001,K05M13M,22.429,u,I11,799,1116,74
0034,60879.392892,11.150411,-43.338362,K05M13M,22.451,u,I11,801,1117,74
0035,60879.393422,11.151217,-43.338724,K05M13M,22.341,u,I11,803,1119,74
0000,60878.182133,9.268478,-42.494346,K05M13M,19.004,g,I11,671,920,75
0001,60878.184128,9.271542,-42.495799,K05M13M,18.430,i,I11,672,921,75
0002,60878.184564,9.272212,-42.496117,K05M13M,18.323,i,I11,673,922,75
0003,60878.185000,9.272882,-42.496434,K05M13M,18.338,i,I11,674,923,75
0004,60878.185437,9.273553,-42.496753,K05M13M,18.389,i,I11,675,924,75
0005,60878.187357,9.276502,-42.498151,K05M13M,22.541,u,I11,676,925,75
0006,60878.187886,9.277315,-42.498537,K05M13M,22.443,u,I11,677,926,75
0007,60878.188416,9.278128,-42.498922,K05M13M,22.522,u,I11,678,927,75
0008,60878.188945,9.278940,-42.499308,K05M13M,22.361,u,I11,679,928,75
0009,60879.171189,10.810282,-43.183113,K05M13M,22.653,u,I11,748,1035,75
0010,60879.171718,10.811106,-43.183490,K05M13M,22.620,u,I11,749,1037,75
0011,60879.172246,10.811929,-43.183866,K05M13M,22.580,u,I11,751,1039,75
0012,60879.172775,10.812754,-43.184243,K05M13M,22.695,u,I11,753,1041,75
0013,60879.174963,10.816161,-43.185800,K05M13M,18.319,r,I11,755,1042,75
0014,60879.175399,10.816840,-43.186110,K05M13M,18.280,r,I11,757,1045,75
0015,60879.175836,10.817520,-43.186421,K05M13M,18.438,r,I11,759,1047,75
0016,60879.176271,10.818199,-43.186732,K05M13M,18.509,r,I11,761,1049,75
0017,60879.176708,10.818878,-43.187042,K05M13M,18.378,r,I11,763,1050,75
0018,60879.179064,10.822545,-43.188719,K05M13M,22.604,u,I11,764,1052,75
0019,60879.181211,10.825885,-43.190247,K05M13M,18.966,z,I11,765,1053,75
0020,60879.181646,10.826563,-43.190556,K05M13M,18.855,z,I11,766,1054,75
0021,60879.182082,10.827240,-43.190866,K05M13M,18.759,z,I11,767,1055,75
0022,60879.182519,10.827919,-43.191177,K05M13M,18.879,z,I11,769,1057,75
0023,60879.182956,10.828599,-43.191488,K05M13M,19.875,z,I11,771,1058,75
0024,60879.382170,11.134098,-43.331023,K05M13M,18.834,g,I11,782,1098,75
0025,60879.382606,11.134760,-43.331321,K05M13M,18.798,g,I11,783,1099,75
0026,60879.383044,11.135426,-43.331622,K05M13M,18.809,g,I11,785,1102,75
0027,60879.383480,11.136091,-43.331921,K05M13M,18.877,g,I11,787,1103,75
0028,60879.385656,11.139401,-43.333411,K05M13M,22.272,u,I11,789,1106,75
0029,60879.386185,11.140205,-43.333773,K05M13M,22.329,u,I11,791,1107,75
0030,60879.388345,11.143494,-43.335252,K05M13M,18.335,i,I11,792,1109,75
0031,60879.388782,11.144157,-43.335551,K05M13M,18.299,i,I11,794,1110,75
0032,60879.389655,11.145485,-43.336148,K05M13M,18.454,i,I11,797,1113,75
0033,60879.392363,11.149606,-43.338001,K05M13M,22.429,u,I11,799,1116,75
0034,60879.392892,11.150411,-43.338362,K05M13M,22.451,u,I11,801,1117,75
0035,60879.393422,11.151217,-43.338724,K05M13M,22.341,u,I11,803,1119,75
0000,60867.043453,260.154429,-19.316348,K25O04L,21.500,z,I11,0,7,76
0001,60867.043910,260.154081,-19.315629,K25O04L,21.500,z,I11,1,8,76
0002,60867.044384,260.153723,-19.314886,K25O04L,27.638,z,I11,2,9,76
0003,60867.044841,260.153376,-19.314167,K25O04L,21.512,z,I11,3,10,76
0004,60868.023077,259.455820,-17.772853,K25O04L,24.342,y,I11,114,154,76
0005,60868.030507,259.450387,-17.761196,K25O04L,21.500,i,I11,115,159,76
0006,60868.053463,259.433589,-17.725174,K25O04L,21.500,z,I11,116,163,76
0007,60869.005303,258.781215,-16.230333,K25O04L,21.500,g,I11,186,254,76
0008,60869.029059,258.764516,-16.193245,K25O04L,21.500,r,I11,187,261,76
0009,60870.043914,258.094634,-14.609723,K25O04L,21.500,y,I11,251,336,76
0010,60870.122215,258.041504,-14.488162,K25O04L,21.740,r,I11,252,351,76
0000,60867.043453,260.154429,-19.316348,K25O04L,21.500,z,I11,0,7,77
0001,60867.043910,260.154081,-19.315629,K25O04L,21.500,z,I11,1,8,77
0002,60867.044384,260.153723,-19.314886,K25O04L,27.638,z,I11,2,9,77
0003,60867.044841,260.153376,-19.314167,K25O04L,21.512,z,I11,3,10,77
0004,60868.023077,259.455820,-17.772853,K25O04L,24.342,y,I11,114,154,77
0005,60868.030507,259.450387,-17.761196,K25O04L,21.500,i,I11,115,159,77
0006,60868.053463,259.433589,-17.725174,K25O04L,21.500,z,I11,116,163,77
0007,60869.005303,258.781215,-16.230333,K25O04L,21.500,g,I11,186,254,77
0008,60869.029059,258.764516,-16.193245,K25O04L,21.500,r,I11,187,261,77
0009,60870.043914,258.094634,-14.609723,K25O04L,21.500,y,I11,251,336,77
0010,60870.122215,258.041504,-14.488162,K25O04L,21.740,r,I11,252,351,77
0000,60868.016778,245.027246,-9.511187,K20O03O,21.500,r,I11,107,151,78
0001,60868.058228,245.041935,-9.560922,K20O03O,21.500,z,I11,108,167,78
0002,60868.080097,245.049682,-9.587167,K20O03O,26.887,y,I11,109,169,78
0003,60868.089286,245.052939,-9.598167,K20O03O,21.500,y,I11,110,171,78
0004,60868.100073,245.056757,-9.611068,K20O03O,26.617,r,I11,111,176,78
0005,60869.095775,245.480635,-10.794792,K20O03O,21.500,r,I11,201,271,78
0006,60869.108015,245.485143,-10.809201,K20O03O,25.684,i,I11,202,278,78
0007,60870.069198,245.908643,-11.934284,K20O03O,21.500,g,I11,262,343,78
0008,60870.093191,245.917788,-11.962079,K20O03O,21.500,r,I11,263,348,78
0009,60870.125622,245.930165,-11.999629,K20O03O,24.755,r,I11,264,352,78
0010,60870.127571,245.930914,-12.001881,K20O03O,21.500,r,I11,267,354,78
0011,60870.150365,245.939699,-12.028212,K20O03O,21.500,i,I11,268,357,78
0012,60870.152293,245.940482,-12.030408,K20O03O,21.500,i,I11,270,358,78
0000,60874.283677,346.711984,-1.597352,K24P03R,19.928,r,I11,465,584,79
0001,60874.297069,346.705020,-1.611041,K24P03R,19.806,r,I11,466,594,79
0002,60874.309578,346.698506,-1.623829,K24P03R,19.731,i,I11,467,595,79
0003,60875.291336,346.213245,-2.636692,K24P03R,19.841,r,I11,512,671,79
0004,60875.317149,346.199212,-2.663574,K24P03R,20.141,i,I11,513,676,79
0005,60878.230249,344.632020,-5.770276,K24P03R,20.989,g,I11,704,945,79
0006,60878.232663,344.630559,-5.772910,K24P03R,19.952,r,I11,705,947,79
0007,60878.253933,344.617667,-5.796126,K24P03R,19.914,i,I11,707,957,79
0000,60876.238797,346.517851,-8.162618,K17D15S,27.158,u,I11,572,760,80
0001,60876.259325,346.538133,-8.154719,K17D15S,23.941,g,I11,573,768,80
0002,60877.197894,347.534020,-7.777468,K17D15S,21.500,r,I11,637,862,80
0003,60877.221379,347.558899,-7.767792,K17D15S,21.500,i,I11,638,871,80
0004,60878.250151,348.722472,-7.322053,K17D15S,24.758,r,I11,710,955,80
0005,60878.271765,348.746900,-7.312355,K17D15S,21.500,i,I11,711,967,80
0000,60875.287261,358.909365,2.047831,K16P08B,29.291,r,I11,510,667,81
0001,60875.313265,358.934865,2.053336,K16P08B,25.447,i,I11,511,674,81
0002,60876.275082,359.909898,2.256384,K16P08B,28.436,u,I11,576,772,81
0003,60876.275617,359.910435,2.256497,K16P08B,25.887,u,I11,577,773,81
0004,60877.282009,0.948678,2.468552,K16P08B,25.812,r,I11,657,883,81
0005,60877.306191,0.973312,2.473654,K16P08B,25.862,i,I11,658,893,81
0000,60875.287261,358.909365,2.047831,K16P08B,29.291,r,I11,510,667,82
0001,60875.313265,358.934865,2.053336,K16P08B,25.447,i,I11,511,674,82
0002,60876.275082,359.909898,2.256384,K16P08B,28.436,u,I11,576,772,82
0003,60876.275617,359.910435,2.256497,K16P08B,25.887,u,I11,577,773,82
0004,60877.282009,0.948678,2.468552,K16P08B,25.812,r,I11,657,883,82
0005,60877.306191,0.973312,2.473654,K16P08B,25.862,i,I11,658,893,82
0000,60878.182133,9.268478,-42.494346,K05M13M,19.004,g,I11,671,920,83
0001,60878.184128,9.271542,-42.495799,K05M13M,18.430,i,I11,672,921,83
0002,60878.184564,9.272212,-42.496117,K05M13M,18.323,i,I11,673,922,83
0003,60878.185000,9.272882,-42.496434,K05M13M,18.338,i,I11,674,923,83
0004,60878.185437,9.273553,-42.496753,K05M13M,18.389,i,I11,675,924,83
0005,60878.187357,9.276502,-42.498151,K05M13M,22.541,u,I11,676,925,83
0006,60878.187886,9.277315,-42.498537,K05M13M,22.443,u,I11,677,926,83
0007,60878.188416,9.278128,-42.498922,K05M13M,22.522,u,I11,678,927,83
0008,60878.188945,9.278940,-42.499308,K05M13M,22.361,u,I11,679,928,83
0009,60879.171189,10.810282,-43.183113,K05M13M,22.653,u,I11,748,1035,83
0010,60879.171718,10.811106,-43.183490,K05M13M,22.620,u,I11,749,1037,83
0011,60879.172246,10.811929,-43.183866,K05M13M,22.580,u,I11,751,1039,83
0012,60879.172775,10.812754,-43.184243,K05M13M,22.695,u,I11,753,1041,83
0013,60879.174963,10.816161,-43.185800,K05M13M,18.319,r,I11,755,1042,83
0014,60879.175399,10.816840,-43.186110,K05M13M,18.280,r,I11,757,1045,83
0015,60879.175836,10.817520,-43.186421,K05M13M,18.438,r,I11,759,1047,83
0016,60879.176271,10.818199,-43.186732,K05M13M,18.509,r,I11,761,1049,83
0017,60879.176708,10.818878,-43.187042,K05M13M,18.378,r,I11,763,1050,83
0018,60879.179064,10.822545,-43.188719,K05M13M,22.604,u,I11,764,1052,83
0019,60879.181211,10.825885,-43.190247,K05M13M,18.966,z,I11,765,1053,83
0020,60879.181646,10.826563,-43.190556,K05M13M,18.855,z,I11,766,1054,83
0021,60879.182082,10.827240,-43.190866,K05M13M,18.759,z,I11,767,1055,83
0022,60879.182519,10.827919,-43.191177,K05M13M,18.879,z,I11,769,1057,83
0023,60879.182956,10.828599,-43.191488,K05M13M,19.875,z,I11,771,1058,83
0024,60879.382170,11.134098,-43.331023,K05M13M,18.834,g,I11,782,1098,83
0025,60879.382606,11.134760,-43.331321,K05M13M,18.798,g,I11,783,1099,83
0026,60879.383044,11.135426,-43.331622,K05M13M,18.809,g,I11,785,1102,83
0027,60879.383480,11.136091,-43.331921,K05M13M,18.877,g,I11,787,1103,83
0028,60879.385656,11.139401,-43.333411,K05M13M,22.272,u,I11,789,1106,83
0029,60879.386185,11.140205,-43.333773,K05M13M,22.329,u,I11,791,1107,83
0030,60879.388345,11.143494,-43.335252,K05M13M,18.335,i,I11,792,1109,83
0031,60879.388782,11.144157,-43.335551,K05M13M,18.299,i,I11,794,1110,83
0032,60879.389655,11.145485,-43.336148,K05M13M,18.454,i,I11,797,1113,83
0033,60879.392363,11.149606,-43.338001,K05M13M,22.429,u,I11,799,1116,83
0034,60879.392892,11.150411,-43.338362,K05M13M,22.451,u,I11,801,1117,83
0035,60879.393422,11.151217,-43.338724,K05M13M,22.341,u,I11,803,1119,83
0000,60867.043453,260.154429,-19.316348,K25O04L,21.500,z,I11,0,7,84
0001,60867.043910,260.154081,-19.315629,K25O04L,21.500,z,I11,1,8,84
0002,60867.044384,260.153723,-19.314886,K25O04L,27.638,z,I11,2,9,84
0003,60867.044841,260.153376,-19.314167,K25O04L,21.512,z,I11,3,10,84
0004,60868.023077,259.455820,-17.772853,K25O04L,24.342,y,I11,114,154,84
0005,60868.030507,259.450387,-17.761196,K25O04L,21.500,i,I11,115,159,84
0006,60868.053463,259.433589,-17.725174,K25O04L,21.500,z,I11,116,163,84
0007,60869.005303,258.781215,-16.230333,K25O04L,21.500,g,I11,186,254,84
0008,60869.029059,258.764516,-16.193245,K25O04L,21.500,r,I11,187,261,84
0009,60870.043914,258.094634,-14.609723,K25O04L,21.500,y,I11,251,336,84
0010,60870.122215,258.041504,-14.488162,K25O04L,21.740,r,I11,252,351,84
0000,60867.043453,260.154429,-19.316348,K25O04L,21.500,z,I11,0,7,85
0001,60867.043910,260.154081,-19.315629,K25O04L,21.500,z,I11,1,8,85
0002,60867.044384,260.153723,-19.314886,K25O04L,27.638,z,I11,2,9,85
0003,60867.044841,260.153376,-19.314167,K25O04L,21.512,z,I11,3,10,85
0004,60868.023077,259.455820,-17.772853,K25O04L,24.342,y,I11,114,154,85
0005,60868.030507,259.450387,-17.761196,K25O04L,21.500,i,I11,115,159,85
0006,60868.053463,259.433589,-17.725174,K25O04L,21.500,z,I11,116,163,85
0007,60869.005303,258.781215,-16.230333,K25O04L,21.500,g,I11,186,254,85
0008,60869.029059,258.764516,-16.193245,K25O04L,21.500,r,I11,187,261,85
0009,60870.043914,258.094634,-14.609723,K25O04L,21.500,y,I11,251,336,85
0010,60870.122215,258.041504,-14.488162,K25O04L,21.740,r,I11,252,351,85
0000,60868.016778,245.027246,-9.511187,K20O03O,21.500,r,I11,107,151,86
0001,60868.058228,245.041935,-9.560922,K20O03O,21.500,z,I11,108,167,86
0002,60868.080097,245.049682,-9.587167,K20O03O,26.887,y,I11,109,169,86
0003,60868.089286,245.052939,-9.598167,K20O03O,21.500,y,I11,110,171,86
0004,60868.100073,245.056757,-9.611068,K20O03O,26.617,r,I11,111,176,86
0005,60869.095775,245.480635,-10.794792,K20O03O,21.500,r,I11,201,271,86
0006,60869.108015,245.485143,-10.809201,K20O03O,25.684,i,I11,202,278,86
0007,60870.069198,245.908643,-11.934284,K20O03O,21.500,g,I11,262,343,86
0008,60870.093191,245.917788,-11.962079,K20O03O,21.500,r,I11,263,348,86
0009,60870.125622,245.930165,-11.999629,K20O03O,24.755,r,I11,264,352,86
0010,60870.127571,245.930914,-12.001881,K20O03O,21.500,r,I11,267,354,86
0011,60870.150365,245.939699,-12.028212,K20O03O,21.500,i,I11,268,357,86
0012,60870.152293,245.940482,-12.030408,K20O03O,21.500,i,I11,270,358,86
0000,60869.054115,281.959217,-26.547582,K00S01E,23.070,i,I11,190,264,87
0001,60869.077741,281.946905,-26.523749,K00S01E,15.832,z,I11,191,267,87
0002,60870.030180,281.487992,-25.560275,K00S01E,15.195,r,I11,248,332,87
0003,60870.052850,281.476708,-25.537716,K00S01E,15.476,g,I11,249,337,87
0004,60870.076294,281.464995,-25.514367,K00S01E,14.884,r,I11,250,344,87
0005,60870.223596,281.390755,-25.366812,K00S01E,15.560,i,I11,285,374,87
0006,60870.224998,281.390053,-25.365400,K00S01E,14.632,i,I11,286,375,87
0007,60870.244723,281.380182,-25.345528,K00S01E,15.976,z,I11,287,378,87
0008,60870.246114,281.379488,-25.344126,K00S01E,15.338,z,I11,288,379,87
0000,60869.054115,281.959217,-26.547582,K00S01E,23.070,i,I11,190,264,88
0001,60869.077741,281.946905,-26.523749,K00S01E,15.832,z,I11,191,267,88
0002,60870.030180,281.487992,-25.560275,K00S01E,15.195,r,I11,248,332,88
0003,60870.052850,281.476708,-25.537716,K00S01E,15.476,g,I11,249,337,88
0004,60870.076294,281.464995,-25.514367,K00S01E,14.884,r,I11,250,344,88
0005,60870.223596,281.390755,-25.366812,K00S01E,15.560,i,I11,285,374,88
0006,60870.224998,281.390053,-25.365400,K00S01E,14.632,i,I11,286,375,88
0007,60870.244723,281.380182,-25.345528,K00S01E,15.976,z,I11,287,378,88
0008,60870.246114,281.379488,-25.344126,K00S01E,15.338,z,I11,288,379,88
0000,60869.300832,348.851168,3.237783,K24P03R,20.142,i,I11,229,297,89
0001,60869.324369,348.841464,3.216209,K24P03R,20.890,z,I11,230,313,89
0002,60874.283677,346.711984,-1.597352,K24P03R,19.928,r,I11,465,584,89
0003,60874.297069,346.705020,-1.611041,K24P03R,19.806,r,I11,466,594,89
0004,60874.309578,346.698506,-1.623829,K24P03R,19.731,i,I11,467,595,89
0005,60875.291336,346.213245,-2.636692,K24P03R,19.841,r,I11,512,671,89
0006,60875.317149,346.199212,-2.663574,K24P03R,20.141,i,I11,513,676,89
0007,60878.230249,344.632020,-5.770276,K24P03R,20.989,g,I11,704,945,89
0008,60878.232663,344.630559,-5.772910,K24P03R,19.952,r,I11,705,947,89
0009,60878.253933,344.617667,-5.796126,K24P03R,19.914,i,I11,707,957,89
0000,60876.238797,346.517851,-8.162618,K17D15S,27.158,u,I11,572,760,90
0001,60876.259325,346.538133,-8.154719,K17D15S,23.941,g,I11,573,768,90
0002,60877.197894,347.534020,-7.777468,K17D15S,21.500,r,I11,637,862,90
0003,60877.221379,347.558899,-7.767792,K17D15S,21.500,i,I11,638,871,90
0004,60878.250151,348.722472,-7.322053,K17D15S,24.758,r,I11,710,955,90
0005,60878.271765,348.746900,-7.312355,K17D15S,21.500,i,I11,711,967,90
0000,60875.287261,358.909365,2.047831,K16P08B,29.291,r,I11,510,667,91
0001,60875.313265,358.934865,2.053336,K16P08B,25.447,i,I11,511,674,91
0002,60876.275082,359.909898,2.256384,K16P08B,28.436,u,I11,576,772,91
0003,60876.275617,359.910435,2.256497,K16P08B,25.887,u,I11,577,773,91
0004,60877.282009,0.948678,2.468552,K16P08B,25.812,r,I11,657,883,91
0005,60877.306191,0.973312,2.473654,K16P08B,25.862,i,I11,658,893,91
0000,60875.287261,358.909365,2.047831,K16P08B,29.291,r,I11,510,667,92
0001,60875.313265,358.934865,2.053336,K16P08B,25.447,i,I11,511,674,92
0002,60876.275082,359.909898,2.256384,K16P08B,28.436,u,I11,576,772,92
0003,60876.275617,359.910435,2.256497,K16P08B,25.887,u,I11,577,773,92
0004,60877.282009,0.948678,2.468552,K16P08B,25.812,r,I11,657,883,92
0005,60877.306191,0.973312,2.473654,K16P08B,25.862,i,I11,658,893,92
0000,60868.023077,259.455820,-17.772853,K25O04L,24.342,y,I11,114,154,93
0001,60868.030507,259.450387,-17.761196,K25O04L,21.500,i,I11,115,159,93
0002,60868.053463,259.433589,-17.725174,K25O04L,21.500,z,I11,116,163,93
0003,60869.005303,258.781215,-16.230333,K25O04L,21.500,g,I11,186,254,93
0004,60869.029059,258.764516,-16.193245,K25O04L,21.500,r,I11,187,261,93
0005,60870.043914,258.094634,-14.609723,K25O04L,21.500,y,I11,251,336,93
0006,60870.122215,258.041504,-14.488162,K25O04L,21.740,r,I11,252,351,93
0000,60878.182133,9.268478,-42.494346,K05M13M,19.004,g,I11,671,920,94
0001,60878.184128,9.271542,-42.495799,K05M13M,18.430,i,I11,672,921,94
0002,60878.184564,9.272212,-42.496117,K05M13M,18.323,i,I11,673,922,94
0003,60878.185000,9.272882,-42.496434,K05M13M,18.338,i,I11,674,923,94
0004,60878.185437,9.273553,-42.496753,K05M13M,18.389,i,I11,675,924,94
0005,60878.187357,9.276502,-42.498151,K05M13M,22.541,u,I11,676,925,94
0006,60878.187886,9.277315,-42.498537,K05M13M,22.443,u,I11,677,926,94
0007,60878.188416,9.278128,-42.498922,K05M13M,22.522,u,I11,678,927,94
0008,60878.188945,9.278940,-42.499308,K05M13M,22.361,u,I11,679,928,94
0009,60879.171189,10.810282,-43.183113,K05M13M,22.653,u,I11,748,1035,94
0010,60879.171718,10.811106,-43.183490,K05M13M,22.620,u,I11,749,1037,94
0011,60879.172246,10.811929,-43.183866,K05M13M,22.580,u,I11,751,1039,94
0012,60879.172775,10.812754,-43.184243,K05M13M,22.695,u,I11,753,1041,94
0013,60879.174963,10.816161,-43.185800,K05M13M,18.319,r,I11,755,1042,94
0014,60879.175399,10.816840,-43.186110,K05M13M,18.280,r,I11,757,1045,94
0015,60879.175836,10.817520,-43.186421,K05M13M,18.438,r,I11,759,1047,94
0016,60879.176271,10.818199,-43.186732,K05M13M,18.509,r,I11,761,1049,94
0017,60879.176708,10.818878,-43.187042,K05M13M,18.378,r,I11,763,1050,94
0018,60879.179064,10.822545,-43.188719,K05M13M,22.604,u,I11,764,1052,94
0019,60879.181211,10.825885,-43.190247,K05M13M,18.966,z,I11,765,1053,94
0020,60879.181646,10.826563,-43.190556,K05M13M,18.855,z,I11,766,1054,94
0021,60879.182082,10.827240,-43.190866,K05M13M,18.759,z,I11,767,1055,94
0022,60879.182519,10.827919,-43.191177,K05M13M,18.879,z,I11,769,1057,94
0023,60879.182956,10.828599,-43.191488,K05M13M,19.875,z,I11,771,1058,94
0024,60879.382170,11.134098,-43.331023,K05M13M,18.834,g,I11,782,1098,94
0025,60879.382606,11.134760,-43.331321,K05M13M,18.798,g,I11,783,1099,94
0026,60879.383044,11.135426,-43.331622,K05M13M,18.809,g,I11,785,1102,94
0027,60879.383480,11.136091,-43.331921,K05M13M,18.877,g,I11,787,1103,94
0028,60879.385656,11.139401,-43.333411,K05M13M,22.272,u,I11,789,1106,94
0029,60879.386185,11.140205,-43.333773,K05M13M,22.329,u,I11,791,1107,94
0030,60879.388345,11.143494,-43.335252,K05M13M,18.335,i,I11,792,1109,94
0031,60879.388782,11.144157,-43.335551,K05M13M,18.299,i,I11,794,1110,94
0032,60879.389655,11.145485,-43.336148,K05M13M,18.454,i,I11,797,1113,94
0033,60879.392363,11.149606,-43.338001,K05M13M,22.429,u,I11,799,1116,94
0034,60879.392892,11.150411,-43.338362,K05M13M,22.451,u,I11,801,1117,94
0035,60879.393422,11.151217,-43.338724,K05M13M,22.341,u,I11,803,1119,94
0000,60867.043453,260.154429,-19.316348,K25O04L,21.500,z,I11,0,7,95
0001,60867.043910,260.154081,-19.315629,K25O04L,21.500,z,I11,1,8,95
0002,60867.044384,260.153723,-19.314886,K25O04L,27.638,z,I11,2,9,95
0003,60867.044841,260.153376,-19.314167,K25O04L,21.512,z,I11,3,10,95
0004,60868.023077,259.455820,-17.772853,K25O04L,24.342,y,I11,114,154,95
0005,60868.030507,259.450387,-17.761196,K25O04L,21.500,i,I11,115,159,95
0006,60868.053463,259.433589,-17.725174,K25O04L,21.500,z,I11,116,163,95
0007,60869.005303,258.781215,-16.230333,K25O04L,21.500,g,I11,186,254,95
0008,60869.029059,258.764516,-16.193245,K25O04L,21.500,r,I11,187,261,95
0009,60870.043914,258.094634,-14.609723,K25O04L,21.500,y,I11,251,336,95
0010,60870.122215,258.041504,-14.488162,K25O04L,21.740,r,I11,252,351,95
0000,60867.043453,260.154429,-19.316348,K25O04L,21.500,z,I11,0,7,96
0001,60867.043910,260.154081,-19.315629,K25O04L,21.500,z,I11,1,8,96
0002,60867.044384,260.153723,-19.314886,K25O04L,27.638,z,I11,2,9,96
0003,60867.044841,260.153376,-19.314167,K25O04L,21.512,z,I11,3,10,96
0004,60868.023077,259.455820,-17.772853,K25O04L,24.342,y,I11,114,154,96
0005,60868.030507,259.450387,-17.761196,K25O04L,21.500,i,I11,115,159,96
0006,60868.053463,259.433589,-17.725174,K25O04L,21.500,z,I11,116,163,96
0007,60869.005303,258.781215,-16.230333,K25O04L,21.500,g,I11,186,254,96
0008,60869.029059,258.764516,-16.193245,K25O04L,21.500,r,I11,187,261,96
0009,60870.043914,258.094634,-14.609723,K25O04L,21.500,y,I11,251,336,96
0010,60870.122215,258.041504,-14.488162,K25O04L,21.740,r,I11,252,351,96
0000,60869.054115,281.959217,-26.547582,K00S01E,23.070,i,I11,190,264,97
0001,60869.077741,281.946905,-26.523749,K00S01E,15.832,z,I11,191,267,97
0002,60870.030180,281.487992,-25.560275,K00S01E,15.195,r,I11,248,332,97
0003,60870.052850,281.476708,-25.537716,K00S01E,15.476,g,I11,249,337,97
0004,60870.076294,281.464995,-25.514367,K00S01E,14.884,r,I11,250,344,97
0005,60870.223596,281.390755,-25.366812,K00S01E,15.560,i,I11,285,374,97
0006,60870.224998,281.390053,-25.365400,K00S01E,14.632,i,I11,286,375,97
0007,60870.244723,281.380182,-25.345528,K00S01E,15.976,z,I11,287,378,97
0008,60870.246114,281.379488,-25.344126,K00S01E,15.338,z,I11,288,379,97
0000,60869.300832,348.851168,3.237783,K24P03R,20.142,i,I11,229,297,98
0001,60869.324369,348.841464,3.216209,K24P03R,20.890,z,I11,230,313,98
0002,60874.283677,346.711984,-1.597352,K24P03R,19.928,r,I11,465,584,98
0003,60874.297069,346.705020,-1.611041,K24P03R,19.806,r,I11,466,594,98
0004,60874.309578,346.698506,-1.623829,K24P03R,19.731,i,I11,467,595,98
0005,60875.291336,346.213245,-2.636692,K24P03R,19.841,r,I11,512,671,98
0006,60875.317149,346.199212,-2.663574,K24P03R,20.141,i,I11,513,676,98
0007,60878.230249,344.632020,-5.770276,K24P03R,20.989,g,I11,704,945,98
0008,60878.232663,344.630559,-5.772910,K24P03R,19.952,r,I11,705,947,98
0009,60878.253933,344.617667,-5.796126,K24P03R,19.914,i,I11,707,957,98
0000,60869.300832,348.851168,3.237783,K24P03R,20.142,i,I11,229,297,99
0001,60869.324369,348.841464,3.216209,K24P03R,20.890,z,I11,230,313,99
0002,60874.283677,346.711984,-1.597352,K24P03R,19.928,r,I11,465,584,99
0003,60874.297069,346.705020,-1.611041,K24P03R,19.806,r,I11,466,594,99
0004,60874.309578,346.698506,-1.623829,K24P03R,19.731,i,I11,467,595,99
0005,60875.291336,346.213245,-2.636692,K24P03R,19.841,r,I11,512,671,99
0006,60875.317149,346.199212,-2.663574,K24P03R,20.141,i,I11,513,676,99
0007,60878.230249,344.632020,-5.770276,K24P03R,20.989,g,I11,704,945,99
0008,60878.232663,344.630559,-5.772910,K24P03R,19.952,r,I11,705,947,99
0009,60878.253933,344.617667,-5.796126,K24P03R,19.914,i,I11,707,957,99
0000,60876.238797,346.517851,-8.162618,K17D15S,27.158,u,I11,572,760,100
0001,60876.259325,346.538133,-8.154719,K17D15S,23.941,g,I11,573,768,100
0002,60877.197894,347.534020,-7.777468,K17D15S,21.500,r,I11,637,862,100
0003,60877.221379,347.558899,-7.767792,K17D15S,21.500,i,I11,638,871,100
0004,60878.250151,348.722472,-7.322053,K17D15S,24.758,r,I11,710,955,100
0005,60878.271765,348.746900,-7.312355,K17D15S,21.500,i,I11,711,967,100
0000,60876.238797,346.517851,-8.162618,K17D15S,27.158,u,I11,572,760,101
0001,60876.259325,346.538133,-8.154719,K17D15S,23.941,g,I11,573,768,101
0002,60877.197894,347.534020,-7.777468,K17D15S,21.500,r,I11,637,862,101
0003,60877.221379,347.558899,-7.767792,K17D15S,21.500,i,I11,638,871,101
0004,60878.250151,348.722472,-7.322053,K17D15S,24.758,r,I11,710,955,101
0005,60878.271765,348.746900,-7.312355,K17D15S,21.500,i,I11,711,967,101
0000,60875.287261,358.909365,2.047831,K16P08B,29.291,r,I11,510,667,102
0001,60875.313265,358.934865,2.053336,K16P08B,25.447,i,I11,511,674,102
0002,60876.275082,359.909898,2.256384,K16P08B,28.436,u,I11,576,772,102
0003,60876.275617,359.910435,2.256497,K16P08B,25.887,u,I11,577,773,102
0004,60877.282009,0.948678,2.468552,K16P08B,25.812,r,I11,657,883,102
0005,60877.306191,0.973312,2.473654,K16P08B,25.862,i,I11,658,893,102
0000,60875.287261,358.909365,2.047831,K16P08B,29.291,r,I11,510,667,103
0001,60875.313265,358.934865,2.053336,K16P08B,25.447,i,I11,511,674,103
0002,60876.275082,359.909898,2.256384,K16P08B,28.436,u,I11,576,772,103
0003,60876.275617,359.910435,2.256497,K16P08B,25.887,u,I11,577,773,103
0004,60877.282009,0.948678,2.468552,K16P08B,25.812,r,I11,657,883,103
0005,60877.306191,0.973312,2.473654,K16P08B,25.862,i,I11,658,893,103
0000,60868.023077,259.455820,-17.772853,K25O04L,24.342,y,I11,114,154,104
0001,60868.030507,259.450387,-17.761196,K25O04L,21.500,i,I11,115,159,104
0002,60868.053463,259.433589,-17.725174,K25O04L,21.500,z,I11,116,163,104
0003,60869.005303,258.781215,-16.230333,K25O04L,21.500,g,I11,186,254,104
0004,60869.029059,258.764516,-16.193245,K25O04L,21.500,r,I11,187,261,104
0005,60870.043914,258.094634,-14.609723,K25O04L,21.500,y,I11,251,336,104
0006,60870.122215,258.041504,-14.488162,K25O04L,21.740,r,I11,252,351,104
0000,60867.043453,260.154429,-19.316348,K25O04L,21.500,z,I11,0,7,105
0001,60867.043910,260.154081,-19.315629,K25O04L,21.500,z,I11,1,8,105
0002,60867.044384,260.153723,-19.314886,K25O04L,27.638,z,I11,2,9,105
0003,60867.044841,260.153376,-19.314167,K25O04L,21.512,z,I11,3,10,105
0004,60868.023077,259.455820,-17.772853,K25O04L,24.342,y,I11,114,154,105
0005,60868.030507,259.450387,-17.761196,K25O04L,21.500,i,I11,115,159,105
0006,60868.053463,259.433589,-17.725174,K25O04L,21.500,z,I11,116,163,105
0007,60869.005303,258.781215,-16.230333,K25O04L,21.500,g,I11,186,254,105
0008,60869.029059,258.764516,-16.193245,K25O04L,21.500,r,I11,187,261,105
0009,60870.043914,258.094634,-14.609723,K25O04L,21.500,y,I11,251,336,105
0010,60870.122215,258.041504,-14.488162,K25O04L,21.740,r,I11,252,351,105
0000,60867.043453,260.154429,-19.316348,K25O04L,21.500,z,I11,0,7,106
0001,60867.043910,260.154081,-19.315629,K25O04L,21.500,z,I11,1,8,106
0002,60867.044384,260.153723,-19.314886,K25O04L,27.638,z,I11,2,9,106
0003,60867.044841,260.153376,-19.314167,K25O04L,21.512,z,I11,3,10,106
0004,60868.023077,259.455820,-17.772853,K25O04L,24.342,y,I11,114,154,106
0005,60868.030507,259.450387,-17.761196,K25O04L,21.500,i,I11,115,159,106
0006,60868.053463,259.433589,-17.725174,K25O04L,21.500,z,I11,116,163,106
0007,60869.005303,258.781215,-16.230333,K25O04L,21.500,g,I11,186,254,106
0008,60869.029059,258.764516,-16.193245,K25O04L,21.500,r,I11,187,261,106
0009,60870.043914,258.094634,-14.609723,K25O04L,21.500,y,I11,251,336,106
0010,60870.122215,258.041504,-14.488162,K25O04L,21.740,r,I11,252,351,106
0000,60869.054115,281.959217,-26.547582,K00S01E,23.070,i,I11,190,264,107
0001,60869.077741,281.946905,-26.523749,K00S01E,15.832,z,I11,191,267,107
0002,60870.030180,281.487992,-25.560275,K00S01E,15.195,r,I11,248,332,107
0003,60870.052850,281.476708,-25.537716,K00S01E,15.476,g,I11,249,337,107
0004,60870.076294,281.464995,-25.514367,K00S01E,14.884,r,I11,250,344,107
0005,60870.223596,281.390755,-25.366812,K00S01E,15.560,i,I11,285,374,107
0006,60870.224998,281.390053,-25.365400,K00S01E,14.632,i,I11,286,375,107
0007,60870.244723,281.380182,-25.345528,K00S01E,15.976,z,I11,287,378,107
0008,60870.246114,281.379488,-25.344126,K00S01E,15.338,z,I11,288,379,107
0000,60869.054115,281.959217,-26.547582,K00S01E,23.070,i,I11,190,264,108
0001,60869.077741,281.946905,-26.523749,K00S01E,15.832,z,I11,191,267,108
0002,60870.030180,281.487992,-25.560275,K00S01E,15.195,r,I11,248,332,108
0003,60870.052850,281.476708,-25.537716,K00S01E,15.476,g,I11,249,337,108
0004,60870.076294,281.464995,-25.514367,K00S01E,14.884,r,I11,250,344,108
0005,60870.223596,281.390755,-25.366812,K00S01E,15.560,i,I11,285,374,108
0006,60870.224998,281.390053,-25.365400,K00S01E,14.632,i,I11,286,375,108
0007,60870.244723,281.380182,-25.345528,K00S01E,15.976,z,I11,287,378,108
0008,60870.246114,281.379488,-25.344126,K00S01E,15.338,z,I11,288,379,108
0000,60874.086080,303.084643,-24.630145,K25A02H,20.528,g,I11,426,533,109
0001,60874.109387,303.062306,-24.613002,K25A02H,19.616,r,I11,427,546,109
0002,60874.345196,302.835797,-24.437679,K25A02H,19.679,i,I11,479,600,109
0003,60874.373732,302.808736,-24.416247,K25A02H,19.757,r,I11,480,613,109
0004,60876.113105,301.237616,-23.136662,K25A02H,24.320,u,I11,554,724,109
0005,60876.113644,301.237126,-23.136272,K25A02H,24.324,u,I11,555,725,109
0006,60876.360900,301.012602,-22.955716,K25A02H,20.110,g,I11,602,800,109
0007,60876.384305,300.991705,-22.938481,K25A02H,19.631,r,I11,603,812,109
0000,60874.283677,346.711984,-1.597352,K24P03R,19.928,r,I11,465,584,110
0001,60874.297069,346.705020,-1.611041,K24P03R,19.806,r,I11,466,594,110
0002,60874.309578,346.698506,-1.623829,K24P03R,19.731,i,I11,467,595,110
0003,60875.291336,346.213245,-2.636692,K24P03R,19.841,r,I11,512,671,110
0004,60875.317149,346.199212,-2.663574,K24P03R,20.141,i,I11,513,676,110
0005,60878.230249,344.632020,-5.770276,K24P03R,20.989,g,I11,704,945,110
0006,60878.232663,344.630559,-5.772910,K24P03R,19.952,r,I11,705,947,110
0007,60878.253933,344.617667,-5.796126,K24P03R,19.914,i,I11,707,957,110
0000,60869.300832,348.851168,3.237783,K24P03R,20.142,i,I11,229,297,111
0001,60869.324369,348.841464,3.216209,K24P03R,20.890,z,I11,230,313,111
0002,60874.283677,346.711984,-1.597352,K24P03R,19.928,r,I11,465,584,111
0003,60874.297069,346.705020,-1.611041,K24P03R,19.806,r,I11,466,594,111
0004,60874.309578,346.698506,-1.623829,K24P03R,19.731,i,I11,467,595,111
0005,60875.291336,346.213245,-2.636692,K24P03R,19.841,r,I11,512,671,111
0006,60875.317149,346.199212,-2.663574,K24P03R,20.141,i,I11,513,676,111
0007,60878.230249,344.632020,-5.770276,K24P03R,20.989,g,I11,704,945,111
0008,60878.232663,344.630559,-5.772910,K24P03R,19.952,r,I11,705,947,111
0009,60878.253933,344.617667,-5.796126,K24P03R,19.914,i,I11,707,957,111
0000,60876.238797,346.517851,-8.162618,K17D15S,27.158,u,I11,572,760,112
0001,60876.259325,346.538133,-8.154719,K17D15S,23.941,g,I11,573,768,112
0002,60877.197894,347.534020,-7.777468,K17D15S,21.500,r,I11,637,862,112
0003,60877.221379,347.558899,-7.767792,K17D15S,21.500,i,I11,638,871,112
0004,60878.250151,348.722472,-7.322053,K17D15S,24.758,r,I11,710,955,112
0005,60878.271765,348.746900,-7.312355,K17D15S,21.500,i,I11,711,967,112
0000,60876.238797,346.517851,-8.162618,K17D15S,27.158,u,I11,572,760,113
0001,60876.259325,346.538133,-8.154719,K17D15S,23.941,g,I11,573,768,113
0002,60877.197894,347.534020,-7.777468,K17D15S,21.500,r,I11,637,862,113
0003,60877.221379,347.558899,-7.767792,K17D15S,21.500,i,I11,638,871,113
0004,60878.250151,348.722472,-7.322053,K17D15S,24.758,r,I11,710,955,113
0005,60878.271765,348.746900,-7.312355,K17D15S,21.500,i,I11,711,967,113
0000,60876.238797,346.517851,-8.162618,K17D15S,27.158,u,I11,572,760,114
0001,60876.259325,346.538133,-8.154719,K17D15S,23.941,g,I11,573,768,114
0002,60877.197894,347.534020,-7.777468,K17D15S,21.500,r,I11,637,862,114
0003,60877.221379,347.558899,-7.767792,K17D15S,21.500,i,I11,638,871,114
0004,60878.250151,348.722472,-7.322053,K17D15S,24.758,r,I11,710,955,114
0005,60878.271765,348.746900,-7.312355,K17D15S,21.500,i,I11,711,967,114
0000,60875.287261,358.909365,2.047831,K16P08B,29.291,r,I11,510,667,115
0001,60875.313265,358.934865,2.053336,K16P08B,25.447,i,I11,511,674,115
0002,60876.275082,359.909898,2.256384,K16P08B,28.436,u,I11,576,772,115
0003,60876.275617,359.910435,2.256497,K16P08B,25.887,u,I11,577,773,115
0004,60877.282009,0.948678,2.468552,K16P08B,25.812,r,I11,657,883,115
0005,60877.306191,0.973312,2.473654,K16P08B,25.862,i,I11,658,893,115
0000,60875.287261,358.909365,2.047831,K16P08B,29.291,r,I11,510,667,116
0001,60875.313265,358.934865,2.053336,K16P08B,25.447,i,I11,511,674,116
0002,60876.275082,359.909898,2.256384,K16P08B,28.436,u,I11,576,772,116
0003,60876.275617,359.910435,2.256497,K16P08B,25.887,u,I11,577,773,116
0004,60877.282009,0.948678,2.468552,K16P08B,25.812,r,I11,657,883,116
0005,60877.306191,0.973312,2.473654,K16P08B,25.862,i,I11,658,893,116
0000,60875.287261,358.909365,2.047831,K16P08B,29.291,r,I11,510,667,117
0001,60875.313265,358.934865,2.053336,K16P08B,25.447,i,I11,511,674,117
0002,60876.275082,359.909898,2.256384,K16P08B,28.436,u,I11,576,772,117
0003,60876.275617,359.910435,2.256497,K16P08B,25.887,u,I11,577,773,117
0004,60877.282009,0.948678,2.468552,K16P08B,25.812,r,I11,657,883,117
0005,60877.306191,0.973312,2.473654,K16P08B,25.862,i,I11,658,893,117
0000,60867.043453,260.154429,-19.316348,K25O04L,21.500,z,I11,0,7,118
0001,60867.043910,260.154081,-19.315629,K25O04L,21.500,z,I11,1,8,118
0002,60867.044384,260.153723,-19.314886,K25O04L,27.638,z,I11,2,9,118
0003,60867.044841,260.153376,-19.314167,K25O04L,21.512,z,I11,3,10,118
0004,60868.023077,259.455820,-17.772853,K25O04L,24.342,y,I11,114,154,118
0005,60868.030507,259.450387,-17.761196,K25O04L,21.500,i,I11,115,159,118
0006,60868.053463,259.433589,-17.725174,K25O04L,21.500,z,I11,116,163,118
0007,60869.005303,258.781215,-16.230333,K25O04L,21.500,g,I11,186,254,118
0008,60869.029059,258.764516,-16.193245,K25O04L,21.500,r,I11,187,261,118
0009,60870.043914,258.094634,-14.609723,K25O04L,21.500,y,I11,251,336,118
0010,60870.122215,258.041504,-14.488162,K25O04L,21.740,r,I11,252,351,118
0000,60867.043453,260.154429,-19.316348,K25O04L,21.500,z,I11,0,7,119
0001,60867.043910,260.154081,-19.315629,K25O04L,21.500,z,I11,1,8,119
0002,60867.044384,260.153723,-19.314886,K25O04L,27.638,z,I11,2,9,119
0003,60867.044841,260.153376,-19.314167,K25O04L,21.512,z,I11,3,10,119
0004,60868.023077,259.455820,-17.772853,K25O04L,24.342,y,I11,114,154,119
0005,60868.030507,259.450387,-17.761196,K25O04L,21.500,i,I11,115,159,119
0006,60868.053463,259.433589,-17.725174,K25O04L,21.500,z,I11,116,163,119
0007,60869.005303,258.781215,-16.230333,K25O04L,21.500,g,I11,186,254,119
0008,60869.029059,258.764516,-16.193245,K25O04L,21.500,r,I11,187,261,119
0009,60870.043914,258.094634,-14.609723,K25O04L,21.500,y,I11,251,336,119
0010,60870.122215,258.041504,-14.488162,K25O04L,21.740,r,I11,252,351,119
0000,60867.043453,260.154429,-19.316348,K25O04L,21.500,z,I11,0,7,120
0001,60867.043910,260.154081,-19.315629,K25O04L,21.500,z,I11,1,8,120
0002,60867.044384,260.153723,-19.314886,K25O04L,27.638,z,I11,2,9,120
0003,60867.044841,260.153376,-19.314167,K25O04L,21.512,z,I11,3,10,120
0004,60868.023077,259.455820,-17.772853,K25O04L,24.342,y,I11,114,154,120
0005,60868.030507,259.450387,-17.761196,K25O04L,21.500,i,I11,115,159,120
0006,60868.053463,259.433589,-17.725174,K25O04L,21.500,z,I11,116,163,120
0007,60869.005303,258.781215,-16.230333,K25O04L,21.500,g,I11,186,254,120
0008,60869.029059,258.764516,-16.193245,K25O04L,21.500,r,I11,187,261,120
0009,60870.043914,258.094634,-14.609723,K25O04L,21.500,y,I11,251,336,120
0010,60870.122215,258.041504,-14.488162,K25O04L,21.740,r,I11,252,351,120
0000,60869.054115,281.959217,-26.547582,K00S01E,23.070,i,I11,190,264,121
0001,60869.077741,281.946905,-26.523749,K00S01E,15.832,z,I11,191,267,121
0002,60870.030180,281.487992,-25.560275,K00S01E,15.195,r,I11,248,332,121
0003,60870.052850,281.476708,-25.537716,K00S01E,15.476,g,I11,249,337,121
0004,60870.076294,281.464995,-25.514367,K00S01E,14.884,r,I11,250,344,121
0005,60870.223596,281.390755,-25.366812,K00S01E,15.560,i,I11,285,374,121
0006,60870.224998,281.390053,-25.365400,K00S01E,14.632,i,I11,286,375,121
0007,60870.244723,281.380182,-25.345528,K00S01E,15.976,z,I11,287,378,121
0008,60870.246114,281.379488,-25.344126,K00S01E,15.338,z,I11,288,379,121
0000,60869.054115,281.959217,-26.547582,K00S01E,23.070,i,I11,190,264,122
0001,60869.077741,281.946905,-26.523749,K00S01E,15.832,z,I11,191,267,122
0002,60870.030180,281.487992,-25.560275,K00S01E,15.195,r,I11,248,332,122
0003,60870.052850,281.476708,-25.537716,K00S01E,15.476,g,I11,249,337,122
0004,60870.076294,281.464995,-25.514367,K00S01E,14.884,r,I11,250,344,122
0005,60870.223596,281.390755,-25.366812,K00S01E,15.560,i,I11,285,374,122
0006,60870.224998,281.390053,-25.365400,K00S01E,14.632,i,I11,286,375,122
0007,60870.244723,281.380182,-25.345528,K00S01E,15.976,z,I11,287,378,122
0008,60870.246114,281.379488,-25.344126,K00S01E,15.338,z,I11,288,379,122
0000,60874.086080,303.084643,-24.630145,K25A02H,20.528,g,I11,426,533,123
0001,60874.109387,303.062306,-24.613002,K25A02H,19.616,r,I11,427,546,123
0002,60874.345196,302.835797,-24.437679,K25A02H,19.679,i,I11,479,600,123
0003,60874.373732,302.808736,-24.416247,K25A02H,19.757,r,I11,480,613,123
0004,60876.113105,301.237616,-23.136662,K25A02H,24.320,u,I11,554,724,123
0005,60876.113644,301.237126,-23.136272,K25A02H,24.324,u,I11,555,725,123
0006,60876.360900,301.012602,-22.955716,K25A02H,20.110,g,I11,602,800,123
0007,60876.384305,300.991705,-22.938481,K25A02H,19.631,r,I11,603,812,123
0000,60868.014461,254.103935,-13.078212,K25D49K,20.059,r,I11,101,150,124
0001,60868.033210,254.110903,-13.105840,K25D49K,20.033,i,I11,102,162,124
0002,60868.056270,254.119367,-13.139697,K25D49K,20.574,z,I11,103,166,124
0003,60868.083650,254.129462,-13.179941,K25D49K,22.415,y,I11,104,170,124
0004,60868.092854,254.132834,-13.193427,K25D49K,21.976,y,I11,105,172,124
0005,60868.095162,254.133679,-13.196806,K25D49K,20.156,r,I11,106,173,124
0006,60868.106249,254.137755,-13.212888,K25D49K,20.204,i,I11,122,177,124
0007,60868.150929,254.154164,-13.278252,K25D49K,21.120,z,I11,123,185,124
0008,60868.171313,254.161721,-13.307919,K25D49K,21.885,y,I11,124,192,124
0009,60870.185530,255.011082,-16.126885,K25D49K,20.206,i,I11,279,364,124
0010,60870.209528,255.020288,-16.158831,K25D49K,21.041,z,I11,280,371,124
0011,60871.001433,255.367056,-17.201205,K25D49K,25.504,g,I11,317,416,124
0012,60871.033744,255.379381,-17.243171,K25D49K,25.487,g,I11,318,423,124
0000,60874.283677,346.711984,-1.597352,K24P03R,19.928,r,I11,465,584,125
0001,60874.297069,346.705020,-1.611041,K24P03R,19.806,r,I11,466,594,125
0002,60874.309578,346.698506,-1.623829,K24P03R,19.731,i,I11,467,595,125
0003,60875.291336,346.213245,-2.636692,K24P03R,19.841,r,I11,512,671,125
0004,60875.317149,346.199212,-2.663574,K24P03R,20.141,i,I11,513,676,125
0005,60878.230249,344.632020,-5.770276,K24P03R,20.989,g,I11,704,945,125
0006,60878.232663,344.630559,-5.772910,K24P03R,19.952,r,I11,705,947,125
0007,60878.253933,344.617667,-5.796126,K24P03R,19.914,i,I11,707,957,125
0000,60874.283677,346.711984,-1.597352,K24P03R,19.928,r,I11,465,584,126
0001,60874.297069,346.705020,-1.611041,K24P03R,19.806,r,I11,466,594,126
0002,60874.309578,346.698506,-1.623829,K24P03R,19.731,i,I11,467,595,126
0003,60875.291336,346.213245,-2.636692,K24P03R,19.841,r,I11,512,671,126
0004,60875.317149,346.199212,-2.663574,K24P03R,20.141,i,I11,513,676,126
0005,60878.230249,344.632020,-5.770276,K24P03R,20.989,g,I11,704,945,126
0006,60878.232663,344.630559,-5.772910,K24P03R,19.952,r,I11,705,947,126
0007,60878.253933,344.617667,-5.796126,K24P03R,19.914,i,I11,707,957,126
0000,60876.238797,346.517851,-8.162618,K17D15S,27.158,u,I11,572,760,127
0001,60876.259325,346.538133,-8.154719,K17D15S,23.941,g,I11,573,768,127
0002,60877.197894,347.534020,-7.777468,K17D15S,21.500,r,I11,637,862,127
0003,60877.221379,347.558899,-7.767792,K17D15S,21.500,i,I11,638,871,127
0004,60878.250151,348.722472,-7.322053,K17D15S,24.758,r,I11,710,955,127
0005,60878.271765,348.746900,-7.312355,K17D15S,21.500,i,I11,711,967,127
0000,60876.238797,346.517851,-8.162618,K17D15S,27.158,u,I11,572,760,128
0001,60876.259325,346.538133,-8.154719,K17D15S,23.941,g,I11,573,768,128
0002,60877.197894,347.534020,-7.777468,K17D15S,21.500,r,I11,637,862,128
0003,60877.221379,347.558899,-7.767792,K17D15S,21.500,i,I11,638,871,128
0004,60878.250151,348.722472,-7.322053,K17D15S,24.758,r,I11,710,955,128
0005,60878.271765,348.746900,-7.312355,K17D15S,21.500,i,I11,711,967,128
0000,60875.287261,358.909365,2.047831,K16P08B,29.291,r,I11,510,667,129
0001,60875.313265,358.934865,2.053336,K16P08B,25.447,i,I11,511,674,129
0002,60876.275082,359.909898,2.256384,K16P08B,28.436,u,I11,576,772,129
0003,60876.275617,359.910435,2.256497,K16P08B,25.887,u,I11,577,773,129
0004,60877.282009,0.948678,2.468552,K16P08B,25.812,r,I11,657,883,129
0005,60877.306191,0.973312,2.473654,K16P08B,25.862,i,I11,658,893,129
0000,60875.287261,358.909365,2.047831,K16P08B,29.291,r,I11,510,667,130
0001,60875.313265,358.934865,2.053336,K16P08B,25.447,i,I11,511,674,130
0002,60876.275082,359.909898,2.256384,K16P08B,28.436,u,I11,576,772,130
0003,60876.275617,359.910435,2.256497,K16P08B,25.887,u,I11,577,773,130
0004,60877.282009,0.948678,2.468552,K16P08B,25.812,r,I11,657,883,130
0005,60877.306191,0.973312,2.473654,K16P08B,25.862,i,I11,658,893,130
0000,60875.287261,358.909365,2.047831,K16P08B,29.291,r,I11,510,667,131
0001,60875.313265,358.934865,2.053336,K16P08B,25.447,i,I11,511,674,131
0002,60876.275082,359.909898,2.256384,K16P08B,28.436,u,I11,576,772,131
0003,60876.275617,359.910435,2.256497,K16P08B,25.887,u,I11,577,773,131
0004,60877.282009,0.948678,2.468552,K16P08B,25.812,r,I11,657,883,131
0005,60877.306191,0.973312,2.473654,K16P08B,25.862,i,I11,658,893,131
0000,60875.287261,358.909365,2.047831,K16P08B,29.291,r,I11,510,667,132
0001,60875.313265,358.934865,2.053336,K16P08B,25.447,i,I11,511,674,132
0002,60876.275082,359.909898,2.256384,K16P08B,28.436,u,I11,576,772,132
0003,60876.275617,359.910435,2.256497,K16P08B,25.887,u,I11,577,773,132
0004,60877.282009,0.948678,2.468552,K16P08B,25.812,r,I11,657,883,132
0005,60877.306191,0.973312,2.473654,K16P08B,25.862,i,I11,658,893,132
0000,60875.287261,358.909365,2.047831,K16P08B,29.291,r,I11,510,667,133
0001,60875.313265,358.934865,2.053336,K16P08B,25.447,i,I11,511,674,133
0002,60876.275082,359.909898,2.256384,K16P08B,28.436,u,I11,576,772,133
0003,60876.275617,359.910435,2.256497,K16P08B,25.887,u,I11,577,773,133
0004,60877.282009,0.948678,2.468552,K16P08B,25.812,r,I11,657,883,133
0005,60877.306191,0.973312,2.473654,K16P08B,25.862,i,I11,658,893,133
0000,60867.043453,260.154429,-19.316348,K25O04L,21.500,z,I11,0,7,134
0001,60867.043910,260.154081,-19.315629,K25O04L,21.500,z,I11,1,8,134
0002,60867.044384,260.153723,-19.314886,K25O04L,27.638,z,I11,2,9,134
0003,60867.044841,260.153376,-19.314167,K25O04L,21.512,z,I11,3,10,134
0004,60868.023077,259.455820,-17.772853,K25O04L,24.342,y,I11,114,154,134
0005,60868.030507,259.450387,-17.761196,K25O04L,21.500,i,I11,115,159,134
0006,60868.053463,259.433589,-17.725174,K25O04L,21.500,z,I11,116,163,134
0007,60869.005303,258.781215,-16.230333,K25O04L,21.500,g,I11,186,254,134
0008,60869.029059,258.764516,-16.193245,K25O04L,21.500,r,I11,187,261,134
0009,60870.043914,258.094634,-14.609723,K25O04L,21.500,y,I11,251,336,134
0010,60870.122215,258.041504,-14.488162,K25O04L,21.740,r,I11,252,351,134
0000,60867.043453,260.154429,-19.316348,K25O04L,21.500,z,I11,0,7,135
0001,60867.043910,260.154081,-19.315629,K25O04L,21.500,z,I11,1,8,135
0002,60867.044384,260.153723,-19.314886,K25O04L,27.638,z,I11,2,9,135
0003,60867.044841,260.153376,-19.314167,K25O04L,21.512,z,I11,3,10,135
0004,60868.023077,259.455820,-17.772853,K25O04L,24.342,y,I11,114,154,135
0005,60868.030507,259.450387,-17.761196,K25O04L,21.500,i,I11,115,159,135
0006,60868.053463,259.433589,-17.725174,K25O04L,21.500,z,I11,116,163,135
0007,60869.005303,258.781215,-16.230333,K25O04L,21.500,g,I11,186,254,135
0008,60869.029059,258.764516,-16.193245,K25O04L,21.500,r,I11,187,261,135
0009,60870.043914,258.094634,-14.609723,K25O04L,21.500,y,I11,251,336,135
0010,60870.122215,258.041504,-14.488162,K25O04L,21.740,r,I11,252,351,135
0000,60867.043453,260.154429,-19.316348,K25O04L,21.500,z,I11,0,7,136
0001,60867.043910,260.154081,-19.315629,K25O04L,21.500,z,I11,1,8,136
0002,60867.044384,260.153723,-19.314886,K25O04L,27.638,z,I11,2,9,136
0003,60867.044841,260.153376,-19.314167,K25O04L,21.512,z,I11,3,10,136
0004,60868.023077,259.455820,-17.772853,K25O04L,24.342,y,I11,114,154,136
0005,60868.030507,259.450387,-17.761196,K25O04L,21.500,i,I11,115,159,136
0006,60868.053463,259.433589,-17.725174,K25O04L,21.500,z,I11,116,163,136
0007,60869.005303,258.781215,-16.230333,K25O04L,21.500,g,I11,186,254,136
0008,60869.029059,258.764516,-16.193245,K25O04L,21.500,r,I11,187,261,136
0009,60870.043914,258.094634,-14.609723,K25O04L,21.500,y,I11,251,336,136
0010,60870.122215,258.041504,-14.488162,K25O04L,21.740,r,I11,252,351,136
0000,60869.054115,281.959217,-26.547582,K00S01E,23.070,i,I11,190,264,137
0001,60869.077741,281.946905,-26.523749,K00S01E,15.832,z,I11,191,267,137
0002,60870.030180,281.487992,-25.560275,K00S01E,15.195,r,I11,248,332,137
0003,60870.052850,281.476708,-25.537716,K00S01E,15.476,g,I11,249,337,137
0004,60870.076294,281.464995,-25.514367,K00S01E,14.884,r,I11,250,344,137
0005,60870.223596,281.390755,-25.366812,K00S01E,15.560,i,I11,285,374,137
0006,60870.224998,281.390053,-25.365400,K00S01E,14.632,i,I11,286,375,137
0007,60870.244723,281.380182,-25.345528,K00S01E,15.976,z,I11,287,378,137
0008,60870.246114,281.379488,-25.344126,K00S01E,15.338,z,I11,288,379,137
0000,60869.054115,281.959217,-26.547582,K00S01E,23.070,i,I11,190,264,138
0001,60869.077741,281.946905,-26.523749,K00S01E,15.832,z,I11,191,267,138
0002,60870.030180,281.487992,-25.560275,K00S01E,15.195,r,I11,248,332,138
0003,60870.052850,281.476708,-25.537716,K00S01E,15.476,g,I11,249,337,138
0004,60870.076294,281.464995,-25.514367,K00S01E,14.884,r,I11,250,344,138
0005,60870.223596,281.390755,-25.366812,K00S01E,15.560,i,I11,285,374,138
0006,60870.224998,281.390053,-25.365400,K00S01E,14.632,i,I11,286,375,138
0007,60870.244723,281.380182,-25.345528,K00S01E,15.976,z,I11,287,378,138
0008,60870.246114,281.379488,-25.344126,K00S01E,15.338,z,I11,288,379,138
0000,60874.086080,303.084643,-24.630145,K25A02H,20.528,g,I11,426,533,139
0001,60874.109387,303.062306,-24.613002,K25A02H,19.616,r,I11,427,546,139
0002,60874.345196,302.835797,-24.437679,K25A02H,19.679,i,I11,479,600,139
0003,60874.373732,302.808736,-24.416247,K25A02H,19.757,r,I11,480,613,139
0004,60876.113105,301.237616,-23.136662,K25A02H,24.320,u,I11,554,724,139
0005,60876.113644,301.237126,-23.136272,K25A02H,24.324,u,I11,555,725,139
0006,60876.360900,301.012602,-22.955716,K25A02H,20.110,g,I11,602,800,139
0007,60876.384305,300.991705,-22.938481,K25A02H,19.631,r,I11,603,812,139
0000,60874.283677,346.711984,-1.597352,K24P03R,19.928,r,I11,465,584,140
0001,60874.297069,346.705020,-1.611041,K24P03R,19.806,r,I11,466,594,140
0002,60874.309578,346.698506,-1.623829,K24P03R,19.731,i,I11,467,595,140
0003,60875.291336,346.213245,-2.636692,K24P03R,19.841,r,I11,512,671,140
0004,60875.317149,346.199212,-2.663574,K24P03R,20.141,i,I11,513,676,140
0005,60878.230249,344.632020,-5.770276,K24P03R,20.989,g,I11,704,945,140
0006,60878.232663,344.630559,-5.772910,K24P03R,19.952,r,I11,705,947,140
0007,60878.253933,344.617667,-5.796126,K24P03R,19.914,i,I11,707,957,140
0000,60876.238797,346.517851,-8.162618,K17D15S,27.158,u,I11,572,760,141
0001,60876.259325,346.538133,-8.154719,K17D15S,23.941,g,I11,573,768,141
0002,60877.197894,347.534020,-7.777468,K17D15S,21.500,r,I11,637,862,141
0003,60877.221379,347.558899,-7.767792,K17D15S,21.500,i,I11,638,871,141
0004,60878.250151,348.722472,-7.322053,K17D15S,24.758,r,I11,710,955,141
0005,60878.271765,348.746900,-7.312355,K17D15S,21.500,i,I11,711,967,141
0000,60875.287261,358.909365,2.047831,K16P08B,29.291,r,I11,510,667,142
0001,60875.313265,358.934865,2.053336,K16P08B,25.447,i,I11,511,674,142
0002,60876.275082,359.909898,2.256384,K16P08B,28.436,u,I11,576,772,142
0003,60876.275617,359.910435,2.256497,K16P08B,25.887,u,I11,577,773,142
0004,60877.282009,0.948678,2.468552,K16P08B,25.812,r,I11,657,883,142
0005,60877.306191,0.973312,2.473654,K16P08B,25.862,i,I11,658,893,142
0000,60875.287261,358.909365,2.047831,K16P08B,29.291,r,I11,510,667,143
0001,60875.313265,358.934865,2.053336,K16P08B,25.447,i,I11,511,674,143
0002,60876.275082,359.909898,2.256384,K16P08B,28.436,u,I11,576,772,143
0003,60876.275617,359.910435,2.256497,K16P08B,25.887,u,I11,577,773,143
0004,60877.282009,0.948678,2.468552,K16P08B,25.812,r,I11,657,883,143
0005,60877.306191,0.973312,2.473654,K16P08B,25.862,i,I11,658,893,143
0000,60875.287261,358.909365,2.047831,K16P08B,29.291,r,I11,510,667,144
0001,60875.313265,358.934865,2.053336,K16P08B,25.447,i,I11,511,674,144
0002,60876.275082,359.909898,2.256384,K16P08B,28.436,u,I11,576,772,144
0003,60876.275617,359.910435,2.256497,K16P08B,25.887,u,I11,577,773,144
0004,60877.282009,0.948678,2.468552,K16P08B,25.812,r,I11,657,883,144
0005,60877.306191,0.973312,2.473654,K16P08B,25.862,i,I11,658,893,144
0000,60875.287261,358.909365,2.047831,K16P08B,29.291,r,I11,510,667,145
0001,60875.313265,358.934865,2.053336,K16P08B,25.447,i,I11,511,674,145
0002,60876.275082,359.909898,2.256384,K16P08B,28.436,u,I11,576,772,145
0003,60876.275617,359.910435,2.256497,K16P08B,25.887,u,I11,577,773,145
0004,60877.282009,0.948678,2.468552,K16P08B,25.812,r,I11,657,883,145
0005,60877.306191,0.973312,2.473654,K16P08B,25.862,i,I11,658,893,145
0000,60875.287261,358.909365,2.047831,K16P08B,29.291,r,I11,510,667,146
0001,60875.313265,358.934865,2.053336,K16P08B,25.447,i,I11,511,674,146
0002,60876.275082,359.909898,2.256384,K16P08B,28.436,u,I11,576,772,146
0003,60876.275617,359.910435,2.256497,K16P08B,25.887,u,I11,577,773,146
0004,60877.282009,0.948678,2.468552,K16P08B,25.812,r,I11,657,883,146
0005,60877.306191,0.973312,2.473654,K16P08B,25.862,i,I11,658,893,146
0000,60867.043453,260.154429,-19.316348,K25O04L,21.500,z,I11,0,7,147
0001,60867.043910,260.154081,-19.315629,K25O04L,21.500,z,I11,1,8,147
0002,60867.044384,260.153723,-19.314886,K25O04L,27.638,z,I11,2,9,147
0003,60867.044841,260.153376,-19.314167,K25O04L,21.512,z,I11,3,10,147
0004,60868.023077,259.455820,-17.772853,K25O04L,24.342,y,I11,114,154,147
0005,60868.030507,259.450387,-17.761196,K25O04L,21.500,i,I11,115,159,147
0006,60868.053463,259.433589,-17.725174,K25O04L,21.500,z,I11,116,163,147
0007,60869.005303,258.781215,-16.230333,K25O04L,21.500,g,I11,186,254,147
0008,60869.029059,258.764516,-16.193245,K25O04L,21.500,r,I11,187,261,147
0009,60870.043914,258.094634,-14.609723,K25O04L,21.500,y,I11,251,336,147
0010,60870.122215,258.041504,-14.488162,K25O04L,21.740,r,I11,252,351,147
0000,60867.043453,260.154429,-19.316348,K25O04L,21.500,z,I11,0,7,148
0001,60867.043910,260.154081,-19.315629,K25O04L,21.500,z,I11,1,8,148
0002,60867.044384,260.153723,-19.314886,K25O04L,27.638,z,I11,2,9,148
0003,60867.044841,260.153376,-19.314167,K25O04L,21.512,z,I11,3,10,148
0004,60868.023077,259.455820,-17.772853,K25O04L,24.342,y,I11,114,154,148
0005,60868.030507,259.450387,-17.761196,K25O04L,21.500,i,I11,115,159,148
0006,60868.053463,259.433589,-17.725174,K25O04L,21.500,z,I11,116,163,148
0007,60869.005303,258.781215,-16.230333,K25O04L,21.500,g,I11,186,254,148
0008,60869.029059,258.764516,-16.193245,K25O04L,21.500,r,I11,187,261,148
0009,60870.043914,258.094634,-14.609723,K25O04L,21.500,y,I11,251,336,148
0010,60870.122215,258.041504,-14.488162,K25O04L,21.740,r,I11,252,351,148
0000,60867.043453,260.154429,-19.316348,K25O04L,21.500,z,I11,0,7,149
0001,60867.043910,260.154081,-19.315629,K25O04L,21.500,z,I11,1,8,149
0002,60867.044384,260.153723,-19.314886,K25O04L,27.638,z,I11,2,9,149
0003,60867.044841,260.153376,-19.314167,K25O04L,21.512,z,I11,3,10,149
0004,60868.023077,259.455820,-17.772853,K25O04L,24.342,y,I11,114,154,149
0005,60868.030507,259.450387,-17.761196,K25O04L,21.500,i,I11,115,159,149
0006,60868.053463,259.433589,-17.725174,K25O04L,21.500,z,I11,116,163,149
0007,60869.005303,258.781215,-16.230333,K25O04L,21.500,g,I11,186,254,149
0008,60869.029059,258.764516,-16.193245,K25O04L,21.500,r,I11,187,261,149
0009,60870.043914,258.094634,-14.609723,K25O04L,21.500,y,I11,251,336,149
0010,60870.122215,258.041504,-14.488162,K25O04L,21.740,r,I11,252,351,149
0000,60869.054115,281.959217,-26.547582,K00S01E,23.070,i,I11,190,264,150
0001,60869.077741,281.946905,-26.523749,K00S01E,15.832,z,I11,191,267,150
0002,60870.030180,281.487992,-25.560275,K00S01E,15.195,r,I11,248,332,150
0003,60870.052850,281.476708,-25.537716,K00S01E,15.476,g,I11,249,337,150
0004,60870.076294,281.464995,-25.514367,K00S01E,14.884,r,I11,250,344,150
0005,60870.223596,281.390755,-25.366812,K00S01E,15.560,i,I11,285,374,150
0006,60870.224998,281.390053,-25.365400,K00S01E,14.632,i,I11,286,375,150
0007,60870.244723,281.380182,-25.345528,K00S01E,15.976,z,I11,287,378,150
0008,60870.246114,281.379488,-25.344126,K00S01E,15.338,z,I11,288,379,150
0000,60874.086080,303.084643,-24.630145,K25A02H,20.528,g,I11,426,533,151
0001,60874.109387,303.062306,-24.613002,K25A02H,19.616,r,I11,427,546,151
0002,60874.345196,302.835797,-24.437679,K25A02H,19.679,i,I11,479,600,151
0003,60874.373732,302.808736,-24.416247,K25A02H,19.757,r,I11,480,613,151
0004,60876.360900,301.012602,-22.955716,K25A02H,20.110,g,I11,602,800,151
0005,60876.384305,300.991705,-22.938481,K25A02H,19.631,r,I11,603,812,151
0000,60874.086080,303.084643,-24.630145,K25A02H,20.528,g,I11,426,533,152
0001,60874.109387,303.062306,-24.613002,K25A02H,19.616,r,I11,427,546,152
0002,60874.345196,302.835797,-24.437679,K25A02H,19.679,i,I11,479,600,152
0003,60874.373732,302.808736,-24.416247,K25A02H,19.757,r,I11,480,613,152
0004,60876.113105,301.237616,-23.136662,K25A02H,24.320,u,I11,554,724,152
0005,60876.113644,301.237126,-23.136272,K25A02H,24.324,u,I11,555,725,152
0006,60876.360900,301.012602,-22.955716,K25A02H,20.110,g,I11,602,800,152
0007,60876.384305,300.991705,-22.938481,K25A02H,19.631,r,I11,603,812,152
0000,60874.283677,346.711984,-1.597352,K24P03R,19.928,r,I11,465,584,153
0001,60874.297069,346.705020,-1.611041,K24P03R,19.806,r,I11,466,594,153
0002,60874.309578,346.698506,-1.623829,K24P03R,19.731,i,I11,467,595,153
0003,60875.291336,346.213245,-2.636692,K24P03R,19.841,r,I11,512,671,153
0004,60875.317149,346.199212,-2.663574,K24P03R,20.141,i,I11,513,676,153
0005,60878.230249,344.632020,-5.770276,K24P03R,20.989,g,I11,704,945,153
0006,60878.232663,344.630559,-5.772910,K24P03R,19.952,r,I11,705,947,153
0007,60878.253933,344.617667,-5.796126,K24P03R,19.914,i,I11,707,957,153
0000,60875.287261,358.909365,2.047831,K16P08B,29.291,r,I11,510,667,154
0001,60875.313265,358.934865,2.053336,K16P08B,25.447,i,I11,511,674,154
0002,60876.275082,359.909898,2.256384,K16P08B,28.436,u,I11,576,772,154
0003,60876.275617,359.910435,2.256497,K16P08B,25.887,u,I11,577,773,154
0004,60877.282009,0.948678,2.468552,K16P08B,25.812,r,I11,657,883,154
0005,60877.306191,0.973312,2.473654,K16P08B,25.862,i,I11,658,893,154
0000,60875.287261,358.909365,2.047831,K16P08B,29.291,r,I11,510,667,155
0001,60875.313265,358.934865,2.053336,K16P08B,25.447,i,I11,511,674,155
0002,60876.275082,359.909898,2.256384,K16P08B,28.436,u,I11,576,772,155
0003,60876.275617,359.910435,2.256497,K16P08B,25.887,u,I11,577,773,155
0004,60877.282009,0.948678,2.468552,K16P08B,25.812,r,I11,657,883,155
0005,60877.306191,0.973312,2.473654,K16P08B,25.862,i,I11,658,893,155
0000,60875.287261,358.909365,2.047831,K16P08B,29.291,r,I11,510,667,156
0001,60875.313265,358.934865,2.053336,K16P08B,25.447,i,I11,511,674,156
0002,60876.275082,359.909898,2.256384,K16P08B,28.436,u,I11,576,772,156
0003,60876.275617,359.910435,2.256497,K16P08B,25.887,u,I11,577,773,156
0004,60877.282009,0.948678,2.468552,K16P08B,25.812,r,I11,657,883,156
0005,60877.306191,0.973312,2.473654,K16P08B,25.862,i,I11,658,893,156
0000,60875.287261,358.909365,2.047831,K16P08B,29.291,r,I11,510,667,157
0001,60875.313265,358.934865,2.053336,K16P08B,25.447,i,I11,511,674,157
0002,60876.275082,359.909898,2.256384,K16P08B,28.436,u,I11,576,772,157
0003,60876.275617,359.910435,2.256497,K16P08B,25.887,u,I11,577,773,157
0004,60877.282009,0.948678,2.468552,K16P08B,25.812,r,I11,657,883,157
0005,60877.306191,0.973312,2.473654,K16P08B,25.862,i,I11,658,893,157
0000,60875.287261,358.909365,2.047831,K16P08B,29.291,r,I11,510,667,158
0001,60875.313265,358.934865,2.053336,K16P08B,25.447,i,I11,511,674,158
0002,60876.275082,359.909898,2.256384,K16P08B,28.436,u,I11,576,772,158
0003,60876.275617,359.910435,2.256497,K16P08B,25.887,u,I11,577,773,158
0004,60877.282009,0.948678,2.468552,K16P08B,25.812,r,I11,657,883,158
0005,60877.306191,0.973312,2.473654,K16P08B,25.862,i,I11,658,893,158
0000,60867.043453,260.154429,-19.316348,K25O04L,21.500,z,I11,0,7,159
0001,60867.043910,260.154081,-19.315629,K25O04L,21.500,z,I11,1,8,159
0002,60867.044384,260.153723,-19.314886,K25O04L,27.638,z,I11,2,9,159
0003,60867.044841,260.153376,-19.314167,K25O04L,21.512,z,I11,3,10,159
0004,60868.023077,259.455820,-17.772853,K25O04L,24.342,y,I11,114,154,159
0005,60868.030507,259.450387,-17.761196,K25O04L,21.500,i,I11,115,159,159
0006,60868.053463,259.433589,-17.725174,K25O04L,21.500,z,I11,116,163,159
0007,60869.005303,258.781215,-16.230333,K25O04L,21.500,g,I11,186,254,159
0008,60869.029059,258.764516,-16.193245,K25O04L,21.500,r,I11,187,261,159
0009,60870.043914,258.094634,-14.609723,K25O04L,21.500,y,I11,251,336,159
0010,60870.122215,258.041504,-14.488162,K25O04L,21.740,r,I11,252,351,159
0000,60868.023077,259.455820,-17.772853,K25O04L,24.342,y,I11,114,154,160
0001,60868.030507,259.450387,-17.761196,K25O04L,21.500,i,I11,115,159,160
0002,60868.053463,259.433589,-17.725174,K25O04L,21.500,z,I11,116,163,160
0003,60869.005303,258.781215,-16.230333,K25O04L,21.500,g,I11,186,254,160
0004,60869.029059,258.764516,-16.193245,K25O04L,21.500,r,I11,187,261,160
0005,60870.043914,258.094634,-14.609723,K25O04L,21.500,y,I11,251,336,160
0006,60870.122215,258.041504,-14.488162,K25O04L,21.740,r,I11,252,351,160
0000,60867.043453,260.154429,-19.316348,K25O04L,21.500,z,I11,0,7,161
0001,60867.043910,260.154081,-19.315629,K25O04L,21.500,z,I11,1,8,161
0002,60867.044384,260.153723,-19.314886,K25O04L,27.638,z,I11,2,9,161
0003,60867.044841,260.153376,-19.314167,K25O04L,21.512,z,I11,3,10,161
0004,60868.023077,259.455820,-17.772853,K25O04L,24.342,y,I11,114,154,161
0005,60868.030507,259.450387,-17.761196,K25O04L,21.500,i,I11,115,159,161
0006,60868.053463,259.433589,-17.725174,K25O04L,21.500,z,I11,116,163,161
0007,60869.005303,258.781215,-16.230333,K25O04L,21.500,g,I11,186,254,161
0008,60869.029059,258.764516,-16.193245,K25O04L,21.500,r,I11,187,261,161
0009,60870.043914,258.094634,-14.609723,K25O04L,21.500,y,I11,251,336,161
0010,60870.122215,258.041504,-14.488162,K25O04L,21.740,r,I11,252,351,161
0000,60869.054115,281.959217,-26.547582,K00S01E,23.070,i,I11,190,264,162
0001,60869.077741,281.946905,-26.523749,K00S01E,15.832,z,I11,191,267,162
0002,60870.030180,281.487992,-25.560275,K00S01E,15.195,r,I11,248,332,162
0003,60870.052850,281.476708,-25.537716,K00S01E,15.476,g,I11,249,337,162
0004,60870.076294,281.464995,-25.514367,K00S01E,14.884,r,I11,250,344,162
0005,60870.223596,281.390755,-25.366812,K00S01E,15.560,i,I11,285,374,162
0006,60870.224998,281.390053,-25.365400,K00S01E,14.632,i,I11,286,375,162
0007,60870.244723,281.380182,-25.345528,K00S01E,15.976,z,I11,287,378,162
0008,60870.246114,281.379488,-25.344126,K00S01E,15.338,z,I11,288,379,162
0000,60869.054115,281.959217,-26.547582,K00S01E,23.070,i,I11,190,264,163
0001,60869.077741,281.946905,-26.523749,K00S01E,15.832,z,I11,191,267,163
0002,60870.030180,281.487992,-25.560275,K00S01E,15.195,r,I11,248,332,163
0003,60870.052850,281.476708,-25.537716,K00S01E,15.476,g,I11,249,337,163
0004,60870.076294,281.464995,-25.514367,K00S01E,14.884,r,I11,250,344,163
0005,60870.223596,281.390755,-25.366812,K00S01E,15.560,i,I11,285,374,163
0006,60870.224998,281.390053,-25.365400,K00S01E,14.632,i,I11,286,375,163
0007,60870.244723,281.380182,-25.345528,K00S01E,15.976,z,I11,287,378,163
0008,60870.246114,281.379488,-25.344126,K00S01E,15.338,z,I11,288,379,163
0000,60874.086080,303.084643,-24.630145,K25A02H,20.528,g,I11,426,533,164
0001,60874.109387,303.062306,-24.613002,K25A02H,19.616,r,I11,427,546,164
0002,60874.345196,302.835797,-24.437679,K25A02H,19.679,i,I11,479,600,164
0003,60874.373732,302.808736,-24.416247,K25A02H,19.757,r,I11,480,613,164
0004,60876.113105,301.237616,-23.136662,K25A02H,24.320,u,I11,554,724,164
0005,60876.113644,301.237126,-23.136272,K25A02H,24.324,u,I11,555,725,164
0000,60874.086080,303.084643,-24.630145,K25A02H,20.528,g,I11,426,533,165
0001,60874.109387,303.062306,-24.613002,K25A02H,19.616,r,I11,427,546,165
0002,60874.345196,302.835797,-24.437679,K25A02H,19.679,i,I11,479,600,165
0003,60874.373732,302.808736,-24.416247,K25A02H,19.757,r,I11,480,613,165
0004,60876.113105,301.237616,-23.136662,K25A02H,24.320,u,I11,554,724,165
0005,60876.113644,301.237126,-23.136272,K25A02H,24.324,u,I11,555,725,165
0006,60876.360900,301.012602,-22.955716,K25A02H,20.110,g,I11,602,800,165
0007,60876.384305,300.991705,-22.938481,K25A02H,19.631,r,I11,603,812,165
0000,60875.287261,358.909365,2.047831,K16P08B,29.291,r,I11,510,667,166
0001,60875.313265,358.934865,2.053336,K16P08B,25.447,i,I11,511,674,166
0002,60876.275082,359.909898,2.256384,K16P08B,28.436,u,I11,576,772,166
0003,60876.275617,359.910435,2.256497,K16P08B,25.887,u,I11,577,773,166
0004,60877.282009,0.948678,2.468552,K16P08B,25.812,r,I11,657,883,166
0005,60877.306191,0.973312,2.473654,K16P08B,25.862,i,I11,658,893,166
0000,60875.287261,358.909365,2.047831,K16P08B,29.291,r,I11,510,667,167
0001,60875.313265,358.934865,2.053336,K16P08B,25.447,i,I11,511,674,167
0002,60876.275082,359.909898,2.256384,K16P08B,28.436,u,I11,576,772,167
0003,60876.275617,359.910435,2.256497,K16P08B,25.887,u,I11,577,773,167
0004,60877.282009,0.948678,2.468552,K16P08B,25.812,r,I11,657,883,167
0005,60877.306191,0.973312,2.473654,K16P08B,25.862,i,I11,658,893,167
0000,60875.287261,358.909365,2.047831,K16P08B,29.291,r,I11,510,667,168
0001,60875.313265,358.934865,2.053336,K16P08B,25.447,i,I11,511,674,168
0002,60876.275082,359.909898,2.256384,K16P08B,28.436,u,I11,576,772,168
0003,60876.275617,359.910435,2.256497,K16P08B,25.887,u,I11,577,773,168
0004,60877.282009,0.948678,2.468552,K16P08B,25.812,r,I11,657,883,168
0005,60877.306191,0.973312,2.473654,K16P08B,25.862,i,I11,658,893,168
0000,60875.287261,358.909365,2.047831,K16P08B,29.291,r,I11,510,667,169
0001,60875.313265,358.934865,2.053336,K16P08B,25.447,i,I11,511,674,169
0002,60876.275082,359.909898,2.256384,K16P08B,28.436,u,I11,576,772,169
0003,60876.275617,359.910435,2.256497,K16P08B,25.887,u,I11,577,773,169
0004,60877.282009,0.948678,2.468552,K16P08B,25.812,r,I11,657,883,169
0005,60877.306191,0.973312,2.473654,K16P08B,25.862,i,I11,658,893,169
0000,60875.287261,358.909365,2.047831,K16P08B,29.291,r,I11,510,667,170
0001,60875.313265,358.934865,2.053336,K16P08B,25.447,i,I11,511,674,170
0002,60876.275082,359.909898,2.256384,K16P08B,28.436,u,I11,576,772,170
0003,60876.275617,359.910435,2.256497,K16P08B,25.887,u,I11,577,773,170
0004,60877.282009,0.948678,2.468552,K16P08B,25.812,r,I11,657,883,170
0005,60877.306191,0.973312,2.473654,K16P08B,25.862,i,I11,658,893,170
0000,60868.023077,259.455820,-17.772853,K25O04L,24.342,y,I11,114,154,171
0001,60868.030507,259.450387,-17.761196,K25O04L,21.500,i,I11,115,159,171
0002,60868.053463,259.433589,-17.725174,K25O04L,21.500,z,I11,116,163,171
0003,60869.005303,258.781215,-16.230333,K25O04L,21.500,g,I11,186,254,171
0004,60869.029059,258.764516,-16.193245,K25O04L,21.500,r,I11,187,261,171
0005,60870.043914,258.094634,-14.609723,K25O04L,21.500,y,I11,251,336,171
0006,60870.122215,258.041504,-14.488162,K25O04L,21.740,r,I11,252,351,171
0000,60867.043453,260.154429,-19.316348,K25O04L,21.500,z,I11,0,7,172
0001,60867.043910,260.154081,-19.315629,K25O04L,21.500,z,I11,1,8,172
0002,60867.044384,260.153723,-19.314886,K25O04L,27.638,z,I11,2,9,172
0003,60867.044841,260.153376,-19.314167,K25O04L,21.512,z,I11,3,10,172
0004,60868.023077,259.455820,-17.772853,K25O04L,24.342,y,I11,114,154,172
0005,60868.030507,259.450387,-17.761196,K25O04L,21.500,i,I11,115,159,172
0006,60868.053463,259.433589,-17.725174,K25O04L,21.500,z,I11,116,163,172
0007,60869.005303,258.781215,-16.230333,K25O04L,21.500,g,I11,186,254,172
0008,60869.029059,258.764516,-16.193245,K25O04L,21.500,r,I11,187,261,172
0009,60870.043914,258.094634,-14.609723,K25O04L,21.500,y,I11,251,336,172
0010,60870.122215,258.041504,-14.488162,K25O04L,21.740,r,I11,252,351,172
0000,60868.023077,259.455820,-17.772853,K25O04L,24.342,y,I11,114,154,173
0001,60868.030507,259.450387,-17.761196,K25O04L,21.500,i,I11,115,159,173
0002,60868.053463,259.433589,-17.725174,K25O04L,21.500,z,I11,116,163,173
0003,60869.005303,258.781215,-16.230333,K25O04L,21.500,g,I11,186,254,173
0004,60869.029059,258.764516,-16.193245,K25O04L,21.500,r,I11,187,261,173
0005,60870.043914,258.094634,-14.609723,K25O04L,21.500,y,I11,251,336,173
0006,60870.122215,258.041504,-14.488162,K25O04L,21.740,r,I11,252,351,173
0000,60867.043453,260.154429,-19.316348,K25O04L,21.500,z,I11,0,7,174
0001,60867.043910,260.154081,-19.315629,K25O04L,21.500,z,I11,1,8,174
0002,60867.044384,260.153723,-19.314886,K25O04L,27.638,z,I11,2,9,174
0003,60867.044841,260.153376,-19.314167,K25O04L,21.512,z,I11,3,10,174
0004,60868.023077,259.455820,-17.772853,K25O04L,24.342,y,I11,114,154,174
0005,60868.030507,259.450387,-17.761196,K25O04L,21.500,i,I11,115,159,174
0006,60868.053463,259.433589,-17.725174,K25O04L,21.500,z,I11,116,163,174
0007,60869.005303,258.781215,-16.230333,K25O04L,21.500,g,I11,186,254,174
0008,60869.029059,258.764516,-16.193245,K25O04L,21.500,r,I11,187,261,174
0009,60870.043914,258.094634,-14.609723,K25O04L,21.500,y,I11,251,336,174
0010,60870.122215,258.041504,-14.488162,K25O04L,21.740,r,I11,252,351,174
0000,60869.054115,281.959217,-26.547582,K00S01E,23.070,i,I11,190,264,175
0001,60869.077741,281.946905,-26.523749,K00S01E,15.832,z,I11,191,267,175
0002,60870.030180,281.487992,-25.560275,K00S01E,15.195,r,I11,248,332,175
0003,60870.052850,281.476708,-25.537716,K00S01E,15.476,g,I11,249,337,175
0004,60870.076294,281.464995,-25.514367,K00S01E,14.884,r,I11,250,344,175
0005,60870.223596,281.390755,-25.366812,K00S01E,15.560,i,I11,285,374,175
0006,60870.224998,281.390053,-25.365400,K00S01E,14.632,i,I11,286,375,175
0007,60870.244723,281.380182,-25.345528,K00S01E,15.976,z,I11,287,378,175
0008,60870.246114,281.379488,-25.344126,K00S01E,15.338,z,I11,288,379,175
0000,60869.054115,281.959217,-26.547582,K00S01E,23.070,i,I11,190,264,176
0001,60869.077741,281.946905,-26.523749,K00S01E,15.832,z,I11,191,267,176
0002,60870.030180,281.487992,-25.560275,K00S01E,15.195,r,I11,248,332,176
0003,60870.052850,281.476708,-25.537716,K00S01E,15.476,g,I11,249,337,176
0004,60870.076294,281.464995,-25.514367,K00S01E,14.884,r,I11,250,344,176
0005,60870.223596,281.390755,-25.366812,K00S01E,15.560,i,I11,285,374,176
0006,60870.224998,281.390053,-25.365400,K00S01E,14.632,i,I11,286,375,176
0007,60870.244723,281.380182,-25.345528,K00S01E,15.976,z,I11,287,378,176
0008,60870.246114,281.379488,-25.344126,K00S01E,15.338,z,I11,288,379,176
0009,60874.027398,279.763381,-21.671631,K00S01E,15.920,g,I11,419,522,176
0010,60874.052936,279.752794,-21.647880,K00S01E,15.574,r,I11,420,529,176
0000,60874.086080,303.084643,-24.630145,K25A02H,20.528,g,I11,426,533,177
0001,60874.109387,303.062306,-24.613002,K25A02H,19.616,r,I11,427,546,177
0002,60874.345196,302.835797,-24.437679,K25A02H,19.679,i,I11,479,600,177
0003,60874.373732,302.808736,-24.416247,K25A02H,19.757,r,I11,480,613,177
0004,60876.113105,301.237616,-23.136662,K25A02H,24.320,u,I11,554,724,177
0005,60876.113644,301.237126,-23.136272,K25A02H,24.324,u,I11,555,725,177
0006,60876.360900,301.012602,-22.955716,K25A02H,20.110,g,I11,602,800,177
0007,60876.384305,300.991705,-22.938481,K25A02H,19.631,r,I11,603,812,177
0000,60870.299858,306.789955,-27.471509,K25A02H,19.675,r,I11,298,387,178
0001,60870.334595,306.753556,-27.445090,K25A02H,19.629,i,I11,299,396,178
0002,60870.359277,306.727685,-27.426317,K25A02H,20.213,z,I11,300,399,178
0003,60870.375587,306.710701,-27.413868,K25A02H,19.641,i,I11,301,401,178
0004,60870.392596,306.693005,-27.400879,K25A02H,20.141,z,I11,305,406,178
0005,60874.086080,303.084643,-24.630145,K25A02H,20.528,g,I11,426,533,178
0006,60874.109387,303.062306,-24.613002,K25A02H,19.616,r,I11,427,546,178
0007,60874.345196,302.835797,-24.437679,K25A02H,19.679,i,I11,479,600,178
0008,60874.373732,302.808736,-24.416247,K25A02H,19.757,r,I11,480,613,178
0009,60876.113105,301.237616,-23.136662,K25A02H,24.320,u,I11,554,724,178
0010,60876.113644,301.237126,-23.136272,K25A02H,24.324,u,I11,555,725,178
0011,60876.360900,301.012602,-22.955716,K25A02H,20.110,g,I11,602,800,178
0012,60876.384305,300.991705,-22.938481,K25A02H,19.631,r,I11,603,812,178
0000,60875.287261,358.909365,2.047831,K16P08B,29.291,r,I11,510,667,179
0001,60875.313265,358.934865,2.053336,K16P08B,25.447,i,I11,511,674,179
0002,60876.275082,359.909898,2.256384,K16P08B,28.436,u,I11,576,772,179
0003,60876.275617,359.910435,2.256497,K16P08B,25.887,u,I11,577,773,179
0004,60877.282009,0.948678,2.468552,K16P08B,25.812,r,I11,657,883,179
0005,60877.306191,0.973312,2.473654,K16P08B,25.862,i,I11,658,893,179
0000,60875.287261,358.909365,2.047831,K16P08B,29.291,r,I11,510,667,180
0001,60875.313265,358.934865,2.053336,K16P08B,25.447,i,I11,511,674,180
0002,60876.275082,359.909898,2.256384,K16P08B,28.436,u,I11,576,772,180
0003,60876.275617,359.910435,2.256497,K16P08B,25.887,u,I11,577,773,180
0004,60877.282009,0.948678,2.468552,K16P08B,25.812,r,I11,657,883,180
0005,60877.306191,0.973312,2.473654,K16P08B,25.862,i,I11,658,893,180
0000,60875.287261,358.909365,2.047831,K16P08B,29.291,r,I11,510,667,181
0001,60875.313265,358.934865,2.053336,K16P08B,25.447,i,I11,511,674,181
0002,60876.275082,359.909898,2.256384,K16P08B,28.436,u,I11,576,772,181
0003,60876.275617,359.910435,2.256497,K16P08B,25.887,u,I11,577,773,181
0004,60877.282009,0.948678,2.468552,K16P08B,25.812,r,I11,657,883,181
0005,60877.306191,0.973312,2.473654,K16P08B,25.862,i,I11,658,893,181
0000,60875.287261,358.909365,2.047831,K16P08B,29.291,r,I11,510,667,182
0001,60875.313265,358.934865,2.053336,K16P08B,25.447,i,I11,511,674,182
0002,60876.275082,359.909898,2.256384,K16P08B,28.436,u,I11,576,772,182
0003,60876.275617,359.910435,2.256497,K16P08B,25.887,u,I11,577,773,182
0004,60877.282009,0.948678,2.468552,K16P08B,25.812,r,I11,657,883,182
0005,60877.306191,0.973312,2.473654,K16P08B,25.862,i,I11,658,893,182
0000,60875.287261,358.909365,2.047831,K16P08B,29.291,r,I11,510,667,183
0001,60875.313265,358.934865,2.053336,K16P08B,25.447,i,I11,511,674,183
0002,60876.275082,359.909898,2.256384,K16P08B,28.436,u,I11,576,772,183
0003,60876.275617,359.910435,2.256497,K16P08B,25.887,u,I11,577,773,183
0004,60877.282009,0.948678,2.468552,K16P08B,25.812,r,I11,657,883,183
0005,60877.306191,0.973312,2.473654,K16P08B,25.862,i,I11,658,893,183
0000,60868.023077,259.455820,-17.772853,K25O04L,24.342,y,I11,114,154,184
0001,60868.030507,259.450387,-17.761196,K25O04L,21.500,i,I11,115,159,184
0002,60868.053463,259.433589,-17.725174,K25O04L,21.500,z,I11,116,163,184
0003,60869.005303,258.781215,-16.230333,K25O04L,21.500,g,I11,186,254,184
0004,60869.029059,258.764516,-16.193245,K25O04L,21.500,r,I11,187,261,184
0005,60870.043914,258.094634,-14.609723,K25O04L,21.500,y,I11,251,336,184
0006,60870.122215,258.041504,-14.488162,K25O04L,21.740,r,I11,252,351,184
0000,60867.043453,260.154429,-19.316348,K25O04L,21.500,z,I11,0,7,185
0001,60867.043910,260.154081,-19.315629,K25O04L,21.500,z,I11,1,8,185
0002,60867.044384,260.153723,-19.314886,K25O04L,27.638,z,I11,2,9,185
0003,60867.044841,260.153376,-19.314167,K25O04L,21.512,z,I11,3,10,185
0004,60868.023077,259.455820,-17.772853,K25O04L,24.342,y,I11,114,154,185
0005,60868.030507,259.450387,-17.761196,K25O04L,21.500,i,I11,115,159,185
0006,60868.053463,259.433589,-17.725174,K25O04L,21.500,z,I11,116,163,185
0007,60869.005303,258.781215,-16.230333,K25O04L,21.500,g,I11,186,254,185
0008,60869.029059,258.764516,-16.193245,K25O04L,21.500,r,I11,187,261,185
0009,60870.043914,258.094634,-14.609723,K25O04L,21.500,y,I11,251,336,185
0010,60870.122215,258.041504,-14.488162,K25O04L,21.740,r,I11,252,351,185
0000,60867.043453,260.154429,-19.316348,K25O04L,21.500,z,I11,0,7,186
0001,60867.043910,260.154081,-19.315629,K25O04L,21.500,z,I11,1,8,186
0002,60867.044384,260.153723,-19.314886,K25O04L,27.638,z,I11,2,9,186
0003,60867.044841,260.153376,-19.314167,K25O04L,21.512,z,I11,3,10,186
0004,60868.023077,259.455820,-17.772853,K25O04L,24.342,y,I11,114,154,186
0005,60868.030507,259.450387,-17.761196,K25O04L,21.500,i,I11,115,159,186
0006,60868.053463,259.433589,-17.725174,K25O04L,21.500,z,I11,116,163,186
0007,60869.005303,258.781215,-16.230333,K25O04L,21.500,g,I11,186,254,186
0008,60869.029059,258.764516,-16.193245,K25O04L,21.500,r,I11,187,261,186
0009,60870.043914,258.094634,-14.609723,K25O04L,21.500,y,I11,251,336,186
0010,60870.122215,258.041504,-14.488162,K25O04L,21.740,r,I11,252,351,186
0000,60869.054115,281.959217,-26.547582,K00S01E,23.070,i,I11,190,264,187
0001,60869.077741,281.946905,-26.523749,K00S01E,15.832,z,I11,191,267,187
0002,60870.030180,281.487992,-25.560275,K00S01E,15.195,r,I11,248,332,187
0003,60870.052850,281.476708,-25.537716,K00S01E,15.476,g,I11,249,337,187
0004,60870.076294,281.464995,-25.514367,K00S01E,14.884,r,I11,250,344,187
0005,60870.223596,281.390755,-25.366812,K00S01E,15.560,i,I11,285,374,187
0006,60870.224998,281.390053,-25.365400,K00S01E,14.632,i,I11,286,375,187
0007,60870.244723,281.380182,-25.345528,K00S01E,15.976,z,I11,287,378,187
0008,60870.246114,281.379488,-25.344126,K00S01E,15.338,z,I11,288,379,187
0000,60869.054115,281.959217,-26.547582,K00S01E,23.070,i,I11,190,264,188
0001,60869.077741,281.946905,-26.523749,K00S01E,15.832,z,I11,191,267,188
0002,60870.030180,281.487992,-25.560275,K00S01E,15.195,r,I11,248,332,188
0003,60870.052850,281.476708,-25.537716,K00S01E,15.476,g,I11,249,337,188
0004,60870.076294,281.464995,-25.514367,K00S01E,14.884,r,I11,250,344,188
0005,60870.223596,281.390755,-25.366812,K00S01E,15.560,i,I11,285,374,188
0006,60870.224998,281.390053,-25.365400,K00S01E,14.632,i,I11,286,375,188
0007,60870.244723,281.380182,-25.345528,K00S01E,15.976,z,I11,287,378,188
0008,60870.246114,281.379488,-25.344126,K00S01E,15.338,z,I11,288,379,188
0009,60874.027398,279.763381,-21.671631,K00S01E,15.920,g,I11,419,522,188
0010,60874.052936,279.752794,-21.647880,K00S01E,15.574,r,I11,420,529,188
0000,60870.299858,306.789955,-27.471509,K25A02H,19.675,r,I11,298,387,189
0001,60870.334595,306.753556,-27.445090,K25A02H,19.629,i,I11,299,396,189
0002,60870.359277,306.727685,-27.426317,K25A02H,20.213,z,I11,300,399,189
0003,60870.375587,306.710701,-27.413868,K25A02H,19.641,i,I11,301,401,189
0004,60870.392596,306.693005,-27.400879,K25A02H,20.141,z,I11,305,406,189
0005,60874.086080,303.084643,-24.630145,K25A02H,20.528,g,I11,426,533,189
0006,60874.109387,303.062306,-24.613002,K25A02H,19.616,r,I11,427,546,189
0007,60874.345196,302.835797,-24.437679,K25A02H,19.679,i,I11,479,600,189
0008,60874.373732,302.808736,-24.416247,K25A02H,19.757,r,I11,480,613,189
0009,60876.113105,301.237616,-23.136662,K25A02H,24.320,u,I11,554,724,189
0010,60876.113644,301.237126,-23.136272,K25A02H,24.324,u,I11,555,725,189
0011,60876.360900,301.012602,-22.955716,K25A02H,20.110,g,I11,602,800,189
0012,60876.384305,300.991705,-22.938481,K25A02H,19.631,r,I11,603,812,189
0000,60870.299858,306.789955,-27.471509,K25A02H,19.675,r,I11,298,387,190
0001,60870.334595,306.753556,-27.445090,K25A02H,19.629,i,I11,299,396,190
0002,60870.359277,306.727685,-27.426317,K25A02H,20.213,z,I11,300,399,190
0003,60870.375587,306.710701,-27.413868,K25A02H,19.641,i,I11,301,401,190
0004,60870.392596,306.693005,-27.400879,K25A02H,20.141,z,I11,305,406,190
0005,60874.086080,303.084643,-24.630145,K25A02H,20.528,g,I11,426,533,190
0006,60874.109387,303.062306,-24.613002,K25A02H,19.616,r,I11,427,546,190
0007,60874.345196,302.835797,-24.437679,K25A02H,19.679,i,I11,479,600,190
0008,60874.373732,302.808736,-24.416247,K25A02H,19.757,r,I11,480,613,190
0009,60876.113105,301.237616,-23.136662,K25A02H,24.320,u,I11,554,724,190
0010,60876.113644,301.237126,-23.136272,K25A02H,24.324,u,I11,555,725,190
0011,60876.360900,301.012602,-22.955716,K25A02H,20.110,g,I11,602,800,190
0012,60876.384305,300.991705,-22.938481,K25A02H,19.631,r,I11,603,812,190
0000,60875.287261,358.909365,2.047831,K16P08B,29.291,r,I11,510,667,191
0001,60875.313265,358.934865,2.053336,K16P08B,25.447,i,I11,511,674,191
0002,60876.275082,359.909898,2.256384,K16P08B,28.436,u,I11,576,772,191
0003,60876.275617,359.910435,2.256497,K16P08B,25.887,u,I11,577,773,191
0004,60877.282009,0.948678,2.468552,K16P08B,25.812,r,I11,657,883,191
0005,60877.306191,0.973312,2.473654,K16P08B,25.862,i,I11,658,893,191
0000,60875.287261,358.909365,2.047831,K16P08B,29.291,r,I11,510,667,192
0001,60875.313265,358.934865,2.053336,K16P08B,25.447,i,I11,511,674,192
0002,60876.275082,359.909898,2.256384,K16P08B,28.436,u,I11,576,772,192
0003,60876.275617,359.910435,2.256497,K16P08B,25.887,u,I11,577,773,192
0004,60877.282009,0.948678,2.468552,K16P08B,25.812,r,I11,657,883,192
0005,60877.306191,0.973312,2.473654,K16P08B,25.862,i,I11,658,893,192
0000,60868.023077,259.455820,-17.772853,K25O04L,24.342,y,I11,114,154,193
0001,60868.030507,259.450387,-17.761196,K25O04L,21.500,i,I11,115,159,193
0002,60868.053463,259.433589,-17.725174,K25O04L,21.500,z,I11,116,163,193
0003,60869.005303,258.781215,-16.230333,K25O04L,21.500,g,I11,186,254,193
0004,60869.029059,258.764516,-16.193245,K25O04L,21.500,r,I11,187,261,193
0005,60870.043914,258.094634,-14.609723,K25O04L,21.500,y,I11,251,336,193
0006,60870.122215,258.041504,-14.488162,K25O04L,21.740,r,I11,252,351,193
0000,60867.043453,260.154429,-19.316348,K25O04L,21.500,z,I11,0,7,194
0001,60867.043910,260.154081,-19.315629,K25O04L,21.500,z,I11,1,8,194
0002,60867.044384,260.153723,-19.314886,K25O04L,27.638,z,I11,2,9,194
0003,60867.044841,260.153376,-19.314167,K25O04L,21.512,z,I11,3,10,194
0004,60868.023077,259.455820,-17.772853,K25O04L,24.342,y,I11,114,154,194
0005,60868.030507,259.450387,-17.761196,K25O04L,21.500,i,I11,115,159,194
0006,60868.053463,259.433589,-17.725174,K25O04L,21.500,z,I11,116,163,194
0007,60869.005303,258.781215,-16.230333,K25O04L,21.500,g,I11,186,254,194
0008,60869.029059,258.764516,-16.193245,K25O04L,21.500,r,I11,187,261,194
0009,60870.043914,258.094634,-14.609723,K25O04L,21.500,y,I11,251,336,194
0010,60870.122215,258.041504,-14.488162,K25O04L,21.740,r,I11,252,351,194
0000,60867.043453,260.154429,-19.316348,K25O04L,21.500,z,I11,0,7,195
0001,60867.043910,260.154081,-19.315629,K25O04L,21.500,z,I11,1,8,195
0002,60867.044384,260.153723,-19.314886,K25O04L,27.638,z,I11,2,9,195
0003,60867.044841,260.153376,-19.314167,K25O04L,21.512,z,I11,3,10,195
0004,60868.023077,259.455820,-17.772853,K25O04L,24.342,y,I11,114,154,195
0005,60868.030507,259.450387,-17.761196,K25O04L,21.500,i,I11,115,159,195
0006,60868.053463,259.433589,-17.725174,K25O04L,21.500,z,I11,116,163,195
0007,60869.005303,258.781215,-16.230333,K25O04L,21.500,g,I11,186,254,195
0008,60869.029059,258.764516,-16.193245,K25O04L,21.500,r,I11,187,261,195
0009,60870.043914,258.094634,-14.609723,K25O04L,21.500,y,I11,251,336,195
0010,60870.122215,258.041504,-14.488162,K25O04L,21.740,r,I11,252,351,195
0000,60869.054115,281.959217,-26.547582,K00S01E,23.070,i,I11,190,264,196
0001,60869.077741,281.946905,-26.523749,K00S01E,15.832,z,I11,191,267,196
0002,60870.030180,281.487992,-25.560275,K00S01E,15.195,r,I11,248,332,196
0003,60870.052850,281.476708,-25.537716,K00S01E,15.476,g,I11,249,337,196
0004,60870.076294,281.464995,-25.514367,K00S01E,14.884,r,I11,250,344,196
0005,60870.223596,281.390755,-25.366812,K00S01E,15.560,i,I11,285,374,196
0006,60870.224998,281.390053,-25.365400,K00S01E,14.632,i,I11,286,375,196
0007,60870.244723,281.380182,-25.345528,K00S01E,15.976,z,I11,287,378,196
0008,60870.246114,281.379488,-25.344126,K00S01E,15.338,z,I11,288,379,196
0000,60869.054115,281.959217,-26.547582,K00S01E,23.070,i,I11,190,264,197
0001,60869.077741,281.946905,-26.523749,K00S01E,15.832,z,I11,191,267,197
0002,60870.030180,281.487992,-25.560275,K00S01E,15.195,r,I11,248,332,197
0003,60870.052850,281.476708,-25.537716,K00S01E,15.476,g,I11,249,337,197
0004,60870.076294,281.464995,-25.514367,K00S01E,14.884,r,I11,250,344,197
0005,60870.223596,281.390755,-25.366812,K00S01E,15.560,i,I11,285,374,197
0006,60870.224998,281.390053,-25.365400,K00S01E,14.632,i,I11,286,375,197
0007,60870.244723,281.380182,-25.345528,K00S01E,15.976,z,I11,287,378,197
0008,60870.246114,281.379488,-25.344126,K00S01E,15.338,z,I11,288,379,197
0009,60874.027398,279.763381,-21.671631,K00S01E,15.920,g,I11,419,522,197
0010,60874.052936,279.752794,-21.647880,K00S01E,15.574,r,I11,420,529,197
0000,60870.299858,306.789955,-27.471509,K25A02H,19.675,r,I11,298,387,198
0001,60870.334595,306.753556,-27.445090,K25A02H,19.629,i,I11,299,396,198
0002,60870.359277,306.727685,-27.426317,K25A02H,20.213,z,I11,300,399,198
0003,60870.375587,306.710701,-27.413868,K25A02H,19.641,i,I11,301,401,198
0004,60870.392596,306.693005,-27.400879,K25A02H,20.141,z,I11,305,406,198
0005,60874.086080,303.084643,-24.630145,K25A02H,20.528,g,I11,426,533,198
0006,60874.109387,303.062306,-24.613002,K25A02H,19.616,r,I11,427,546,198
0007,60874.345196,302.835797,-24.437679,K25A02H,19.679,i,I11,479,600,198
0008,60874.373732,302.808736,-24.416247,K25A02H,19.757,r,I11,480,613,198
0009,60876.113105,301.237616,-23.136662,K25A02H,24.320,u,I11,554,724,198
0010,60876.113644,301.237126,-23.136272,K25A02H,24.324,u,I11,555,725,198
0011,60876.360900,301.012602,-22.955716,K25A02H,20.110,g,I11,602,800,198
0012,60876.384305,300.991705,-22.938481,K25A02H,19.631,r,I11,603,812,198
0000,60870.299858,306.789955,-27.471509,K25A02H,19.675,r,I11,298,387,199
0001,60870.334595,306.753556,-27.445090,K25A02H,19.629,i,I11,299,396,199
0002,60870.359277,306.727685,-27.426317,K25A02H,20.213,z,I11,300,399,199
0003,60870.375587,306.710701,-27.413868,K25A02H,19.641,i,I11,301,401,199
0004,60870.392596,306.693005,-27.400879,K25A02H,20.141,z,I11,305,406,199
0005,60874.086080,303.084643,-24.630145,K25A02H,20.528,g,I11,426,533,199
0006,60874.109387,303.062306,-24.613002,K25A02H,19.616,r,I11,427,546,199
0007,60874.345196,302.835797,-24.437679,K25A02H,19.679,i,I11,479,600,199
0008,60874.373732,302.808736,-24.416247,K25A02H,19.757,r,I11,480,613,199
0009,60876.113105,301.237616,-23.136662,K25A02H,24.320,u,I11,554,724,199
0010,60876.113644,301.237126,-23.136272,K25A02H,24.324,u,I11,555,725,199
0011,60876.360900,301.012602,-22.955716,K25A02H,20.110,g,I11,602,800,199
0012,60876.384305,300.991705,-22.938481,K25A02H,19.631,r,I11,603,812,199
0000,60876.238797,346.517851,-8.162618,K17D15S,27.158,u,I11,572,760,200
0001,60876.259325,346.538133,-8.154719,K17D15S,23.941,g,I11,573,768,200
0002,60877.197894,347.534020,-7.777468,K17D15S,21.500,r,I11,637,862,200
0003,60877.221379,347.558899,-7.767792,K17D15S,21.500,i,I11,638,871,200
0004,60878.250151,348.722472,-7.322053,K17D15S,24.758,r,I11,710,955,200
0005,60878.271765,348.746900,-7.312355,K17D15S,21.500,i,I11,711,967,200
0000,60875.287261,358.909365,2.047831,K16P08B,29.291,r,I11,510,667,201
0001,60875.313265,358.934865,2.053336,K16P08B,25.447,i,I11,511,674,201
0002,60876.275082,359.909898,2.256384,K16P08B,28.436,u,I11,576,772,201
0003,60876.275617,359.910435,2.256497,K16P08B,25.887,u,I11,577,773,201
0004,60877.282009,0.948678,2.468552,K16P08B,25.812,r,I11,657,883,201
0005,60877.306191,0.973312,2.473654,K16P08B,25.862,i,I11,658,893,201
0000,60875.287261,358.909365,2.047831,K16P08B,29.291,r,I11,510,667,202
0001,60875.313265,358.934865,2.053336,K16P08B,25.447,i,I11,511,674,202
0002,60876.275082,359.909898,2.256384,K16P08B,28.436,u,I11,576,772,202
0003,60876.275617,359.910435,2.256497,K16P08B,25.887,u,I11,577,773,202
0004,60877.282009,0.948678,2.468552,K16P08B,25.812,r,I11,657,883,202
0005,60877.306191,0.973312,2.473654,K16P08B,25.862,i,I11,658,893,202
0000,60875.287261,358.909365,2.047831,K16P08B,29.291,r,I11,510,667,203
0001,60875.313265,358.934865,2.053336,K16P08B,25.447,i,I11,511,674,203
0002,60876.275082,359.909898,2.256384,K16P08B,28.436,u,I11,576,772,203
0003,60876.275617,359.910435,2.256497,K16P08B,25.887,u,I11,577,773,203
0004,60877.282009,0.948678,2.468552,K16P08B,25.812,r,I11,657,883,203
0005,60877.306191,0.973312,2.473654,K16P08B,25.862,i,I11,658,893,203
0000,60868.023077,259.455820,-17.772853,K25O04L,24.342,y,I11,114,154,204
0001,60868.030507,259.450387,-17.761196,K25O04L,21.500,i,I11,115,159,204
0002,60868.053463,259.433589,-17.725174,K25O04L,21.500,z,I11,116,163,204
0003,60869.005303,258.781215,-16.230333,K25O04L,21.500,g,I11,186,254,204
0004,60869.029059,258.764516,-16.193245,K25O04L,21.500,r,I11,187,261,204
0005,60870.043914,258.094634,-14.609723,K25O04L,21.500,y,I11,251,336,204
0006,60870.122215,258.041504,-14.488162,K25O04L,21.740,r,I11,252,351,204
0000,60867.043453,260.154429,-19.316348,K25O04L,21.500,z,I11,0,7,205
0001,60867.043910,260.154081,-19.315629,K25O04L,21.500,z,I11,1,8,205
0002,60867.044384,260.153723,-19.314886,K25O04L,27.638,z,I11,2,9,205
0003,60867.044841,260.153376,-19.314167,K25O04L,21.512,z,I11,3,10,205
0004,60868.023077,259.455820,-17.772853,K25O04L,24.342,y,I11,114,154,205
0005,60868.030507,259.450387,-17.761196,K25O04L,21.500,i,I11,115,159,205
0006,60868.053463,259.433589,-17.725174,K25O04L,21.500,z,I11,116,163,205
0007,60869.005303,258.781215,-16.230333,K25O04L,21.500,g,I11,186,254,205
0008,60869.029059,258.764516,-16.193245,K25O04L,21.500,r,I11,187,261,205
0009,60870.043914,258.094634,-14.609723,K25O04L,21.500,y,I11,251,336,205
0010,60870.122215,258.041504,-14.488162,K25O04L,21.740,r,I11,252,351,205
0000,60868.023077,259.455820,-17.772853,K25O04L,24.342,y,I11,114,154,206
0001,60868.030507,259.450387,-17.761196,K25O04L,21.500,i,I11,115,159,206
0002,60868.053463,259.433589,-17.725174,K25O04L,21.500,z,I11,116,163,206
0003,60869.005303,258.781215,-16.230333,K25O04L,21.500,g,I11,186,254,206
0004,60869.029059,258.764516,-16.193245,K25O04L,21.500,r,I11,187,261,206
0005,60870.043914,258.094634,-14.609723,K25O04L,21.500,y,I11,251,336,206
0006,60870.122215,258.041504,-14.488162,K25O04L,21.740,r,I11,252,351,206
0000,60874.095231,312.157048,-17.703237,K25N01U,21.022,g,I11,437,540,207
0001,60874.118578,312.144674,-17.724632,K25N01U,20.483,r,I11,438,550,207
0002,60874.356519,312.016195,-17.941788,K25N01U,20.343,i,I11,485,605,207
0003,60874.378955,312.004154,-17.962175,K25N01U,20.314,r,I11,486,616,207
0004,60874.384603,312.001128,-17.967306,K25N01U,20.337,r,I11,487,618,207
0005,60876.293360,310.978665,-19.743374,K25N01U,21.481,g,I11,578,780,207
0006,60876.294259,310.978130,-19.744223,K25N01U,21.531,g,I11,579,783,207
0007,60876.349528,310.945994,-19.796176,K25N01U,20.815,g,I11,580,795,207
0008,60876.349981,310.945732,-19.796602,K25N01U,20.816,g,I11,581,796,207
0009,60876.373001,310.932399,-19.818221,K25N01U,20.823,r,I11,582,806,207
0010,60876.373441,310.932174,-19.818625,K25N01U,20.820,r,I11,583,808,207
0000,60869.054115,281.959217,-26.547582,K00S01E,23.070,i,I11,190,264,208
0001,60869.077741,281.946905,-26.523749,K00S01E,15.832,z,I11,191,267,208
0002,60870.030180,281.487992,-25.560275,K00S01E,15.195,r,I11,248,332,208
0003,60870.052850,281.476708,-25.537716,K00S01E,15.476,g,I11,249,337,208
0004,60870.076294,281.464995,-25.514367,K00S01E,14.884,r,I11,250,344,208
0005,60870.223596,281.390755,-25.366812,K00S01E,15.560,i,I11,285,374,208
0006,60870.224998,281.390053,-25.365400,K00S01E,14.632,i,I11,286,375,208
0007,60870.244723,281.380182,-25.345528,K00S01E,15.976,z,I11,287,378,208
0008,60870.246114,281.379488,-25.344126,K00S01E,15.338,z,I11,288,379,208
0000,60869.054115,281.959217,-26.547582,K00S01E,23.070,i,I11,190,264,209
0001,60869.077741,281.946905,-26.523749,K00S01E,15.832,z,I11,191,267,209
0002,60870.030180,281.487992,-25.560275,K00S01E,15.195,r,I11,248,332,209
0003,60870.052850,281.476708,-25.537716,K00S01E,15.476,g,I11,249,337,209
0004,60870.076294,281.464995,-25.514367,K00S01E,14.884,r,I11,250,344,209
0005,60870.223596,281.390755,-25.366812,K00S01E,15.560,i,I11,285,374,209
0006,60870.224998,281.390053,-25.365400,K00S01E,14.632,i,I11,286,375,209
0007,60870.244723,281.380182,-25.345528,K00S01E,15.976,z,I11,287,378,209
0008,60870.246114,281.379488,-25.344126,K00S01E,15.338,z,I11,288,379,209
0009,60874.027398,279.763381,-21.671631,K00S01E,15.920,g,I11,419,522,209
0010,60874.052936,279.752794,-21.647880,K00S01E,15.574,r,I11,420,529,209
0000,60870.299858,306.789955,-27.471509,K25A02H,19.675,r,I11,298,387,210
0001,60870.334595,306.753556,-27.445090,K25A02H,19.629,i,I11,299,396,210
0002,60870.359277,306.727685,-27.426317,K25A02H,20.213,z,I11,300,399,210
0003,60870.375587,306.710701,-27.413868,K25A02H,19.641,i,I11,301,401,210
0004,60870.392596,306.693005,-27.400879,K25A02H,20.141,z,I11,305,406,210
0005,60874.086080,303.084643,-24.630145,K25A02H,20.528,g,I11,426,533,210
0006,60874.109387,303.062306,-24.613002,K25A02H,19.616,r,I11,427,546,210
0007,60874.345196,302.835797,-24.437679,K25A02H,19.679,i,I11,479,600,210
0008,60874.373732,302.808736,-24.416247,K25A02H,19.757,r,I11,480,613,210
0009,60876.113105,301.237616,-23.136662,K25A02H,24.320,u,I11,554,724,210
0010,60876.113644,301.237126,-23.136272,K25A02H,24.324,u,I11,555,725,210
0011,60876.360900,301.012602,-22.955716,K25A02H,20.110,g,I11,602,800,210
0012,60876.384305,300.991705,-22.938481,K25A02H,19.631,r,I11,603,812,210
0000,60870.299858,306.789955,-27.471509,K25A02H,19.675,r,I11,298,387,211
0001,60870.334595,306.753556,-27.445090,K25A02H,19.629,i,I11,299,396,211
0002,60870.359277,306.727685,-27.426317,K25A02H,20.213,z,I11,300,399,211
0003,60870.375587,306.710701,-27.413868,K25A02H,19.641,i,I11,301,401,211
0004,60870.392596,306.693005,-27.400879,K25A02H,20.141,z,I11,305,406,211
0005,60874.086080,303.084643,-24.630145,K25A02H,20.528,g,I11,426,533,211
0006,60874.109387,303.062306,-24.613002,K25A02H,19.616,r,I11,427,546,211
0007,60874.345196,302.835797,-24.437679,K25A02H,19.679,i,I11,479,600,211
0008,60874.373732,302.808736,-24.416247,K25A02H,19.757,r,I11,480,613,211
0009,60876.113105,301.237616,-23.136662,K25A02H,24.320,u,I11,554,724,211
0010,60876.113644,301.237126,-23.136272,K25A02H,24.324,u,I11,555,725,211
0011,60876.360900,301.012602,-22.955716,K25A02H,20.110,g,I11,602,800,211
0012,60876.384305,300.991705,-22.938481,K25A02H,19.631,r,I11,603,812,211
0000,60875.287261,358.909365,2.047831,K16P08B,29.291,r,I11,510,667,212
0001,60875.313265,358.934865,2.053336,K16P08B,25.447,i,I11,511,674,212
0002,60876.275082,359.909898,2.256384,K16P08B,28.436,u,I11,576,772,212
0003,60876.275617,359.910435,2.256497,K16P08B,25.887,u,I11,577,773,212
0004,60877.282009,0.948678,2.468552,K16P08B,25.812,r,I11,657,883,212
0005,60877.306191,0.973312,2.473654,K16P08B,25.862,i,I11,658,893,212
0000,60875.287261,358.909365,2.047831,K16P08B,29.291,r,I11,510,667,213
0001,60875.313265,358.934865,2.053336,K16P08B,25.447,i,I11,511,674,213
0002,60876.275082,359.909898,2.256384,K16P08B,28.436,u,I11,576,772,213
0003,60876.275617,359.910435,2.256497,K16P08B,25.887,u,I11,577,773,213
0004,60877.282009,0.948678,2.468552,K16P08B,25.812,r,I11,657,883,213
0005,60877.306191,0.973312,2.473654,K16P08B,25.862,i,I11,658,893,213
0000,60867.043453,260.154429,-19.316348,K25O04L,21.500,z,I11,0,7,214
0001,60867.043910,260.154081,-19.315629,K25O04L,21.500,z,I11,1,8,214
0002,60867.044384,260.153723,-19.314886,K25O04L,27.638,z,I11,2,9,214
0003,60867.044841,260.153376,-19.314167,K25O04L,21.512,z,I11,3,10,214
0004,60868.023077,259.455820,-17.772853,K25O04L,24.342,y,I11,114,154,214
0005,60868.030507,259.450387,-17.761196,K25O04L,21.500,i,I11,115,159,214
0006,60868.053463,259.433589,-17.725174,K25O04L,21.500,z,I11,116,163,214
0007,60869.005303,258.781215,-16.230333,K25O04L,21.500,g,I11,186,254,214
0008,60869.029059,258.764516,-16.193245,K25O04L,21.500,r,I11,187,261,214
0009,60870.043914,258.094634,-14.609723,K25O04L,21.500,y,I11,251,336,214
0010,60870.122215,258.041504,-14.488162,K25O04L,21.740,r,I11,252,351,214
0000,60868.023077,259.455820,-17.772853,K25O04L,24.342,y,I11,114,154,215
0001,60868.030507,259.450387,-17.761196,K25O04L,21.500,i,I11,115,159,215
0002,60868.053463,259.433589,-17.725174,K25O04L,21.500,z,I11,116,163,215
0003,60869.005303,258.781215,-16.230333,K25O04L,21.500,g,I11,186,254,215
0004,60869.029059,258.764516,-16.193245,K25O04L,21.500,r,I11,187,261,215
0005,60870.043914,258.094634,-14.609723,K25O04L,21.500,y,I11,251,336,215
0006,60870.122215,258.041504,-14.488162,K25O04L,21.740,r,I11,252,351,215
0000,60874.095231,312.157048,-17.703237,K25N01U,21.022,g,I11,437,540,216
0001,60874.118578,312.144674,-17.724632,K25N01U,20.483,r,I11,438,550,216
0002,60874.356519,312.016195,-17.941788,K25N01U,20.343,i,I11,485,605,216
0003,60874.378955,312.004154,-17.962175,K25N01U,20.314,r,I11,486,616,216
0004,60874.384603,312.001128,-17.967306,K25N01U,20.337,r,I11,487,618,216
0005,60876.293360,310.978665,-19.743374,K25N01U,21.481,g,I11,578,780,216
0006,60876.294259,310.978130,-19.744223,K25N01U,21.531,g,I11,579,783,216
0007,60876.349528,310.945994,-19.796176,K25N01U,20.815,g,I11,580,795,216
0008,60876.349981,310.945732,-19.796602,K25N01U,20.816,g,I11,581,796,216
0009,60876.373001,310.932399,-19.818221,K25N01U,20.823,r,I11,582,806,216
0010,60876.373441,310.932174,-19.818625,K25N01U,20.820,r,I11,583,808,216
0000,60869.054115,281.959217,-26.547582,K00S01E,23.070,i,I11,190,264,217
0001,60869.077741,281.946905,-26.523749,K00S01E,15.832,z,I11,191,267,217
0002,60870.030180,281.487992,-25.560275,K00S01E,15.195,r,I11,248,332,217
0003,60870.052850,281.476708,-25.537716,K00S01E,15.476,g,I11,249,337,217
0004,60870.076294,281.464995,-25.514367,K00S01E,14.884,r,I11,250,344,217
0005,60870.223596,281.390755,-25.366812,K00S01E,15.560,i,I11,285,374,217
0006,60870.224998,281.390053,-25.365400,K00S01E,14.632,i,I11,286,375,217
0007,60870.244723,281.380182,-25.345528,K00S01E,15.976,z,I11,287,378,217
0008,60870.246114,281.379488,-25.344126,K00S01E,15.338,z,I11,288,379,217
0000,60869.054115,281.959217,-26.547582,K00S01E,23.070,i,I11,190,264,218
0001,60869.077741,281.946905,-26.523749,K00S01E,15.832,z,I11,191,267,218
0002,60870.030180,281.487992,-25.560275,K00S01E,15.195,r,I11,248,332,218
0003,60870.052850,281.476708,-25.537716,K00S01E,15.476,g,I11,249,337,218
0004,60870.076294,281.464995,-25.514367,K00S01E,14.884,r,I11,250,344,218
0005,60870.223596,281.390755,-25.366812,K00S01E,15.560,i,I11,285,374,218
0006,60870.224998,281.390053,-25.365400,K00S01E,14.632,i,I11,286,375,218
0007,60870.244723,281.380182,-25.345528,K00S01E,15.976,z,I11,287,378,218
0008,60870.246114,281.379488,-25.344126,K00S01E,15.338,z,I11,288,379,218
0009,60874.027398,279.763381,-21.671631,K00S01E,15.920,g,I11,419,522,218
0010,60874.052936,279.752794,-21.647880,K00S01E,15.574,r,I11,420,529,218
0000,60870.299858,306.789955,-27.471509,K25A02H,19.675,r,I11,298,387,219
0001,60870.334595,306.753556,-27.445090,K25A02H,19.629,i,I11,299,396,219
0002,60870.359277,306.727685,-27.426317,K25A02H,20.213,z,I11,300,399,219
0003,60870.375587,306.710701,-27.413868,K25A02H,19.641,i,I11,301,401,219
0004,60870.392596,306.693005,-27.400879,K25A02H,20.141,z,I11,305,406,219
0005,60874.086080,303.084643,-24.630145,K25A02H,20.528,g,I11,426,533,219
0006,60874.109387,303.062306,-24.613002,K25A02H,19.616,r,I11,427,546,219
0007,60874.345196,302.835797,-24.437679,K25A02H,19.679,i,I11,479,600,219
0008,60874.373732,302.808736,-24.416247,K25A02H,19.757,r,I11,480,613,219
0009,60876.113105,301.237616,-23.136662,K25A02H,24.320,u,I11,554,724,219
0010,60876.113644,301.237126,-23.136272,K25A02H,24.324,u,I11,555,725,219
0011,60876.360900,301.012602,-22.955716,K25A02H,20.110,g,I11,602,800,219
0012,60876.384305,300.991705,-22.938481,K25A02H,19.631,r,I11,603,812,219
0000,60870.299858,306.789955,-27.471509,K25A02H,19.675,r,I11,298,387,220
0001,60870.334595,306.753556,-27.445090,K25A02H,19.629,i,I11,299,396,220
0002,60870.359277,306.727685,-27.426317,K25A02H,20.213,z,I11,300,399,220
0003,60870.375587,306.710701,-27.413868,K25A02H,19.641,i,I11,301,401,220
0004,60870.392596,306.693005,-27.400879,K25A02H,20.141,z,I11,305,406,220
0005,60874.086080,303.084643,-24.630145,K25A02H,20.528,g,I11,426,533,220
0006,60874.109387,303.062306,-24.613002,K25A02H,19.616,r,I11,427,546,220
0007,60874.345196,302.835797,-24.437679,K25A02H,19.679,i,I11,479,600,220
0008,60874.373732,302.808736,-24.416247,K25A02H,19.757,r,I11,480,613,220
0009,60876.113105,301.237616,-23.136662,K25A02H,24.320,u,I11,554,724,220
0010,60876.113644,301.237126,-23.136272,K25A02H,24.324,u,I11,555,725,220
0011,60876.360900,301.012602,-22.955716,K25A02H,20.110,g,I11,602,800,220
0012,60876.384305,300.991705,-22.938481,K25A02H,19.631,r,I11,603,812,220
0000,60875.287261,358.909365,2.047831,K16P08B,29.291,r,I11,510,667,221
0001,60875.313265,358.934865,2.053336,K16P08B,25.447,i,I11,511,674,221
0002,60876.275082,359.909898,2.256384,K16P08B,28.436,u,I11,576,772,221
0003,60876.275617,359.910435,2.256497,K16P08B,25.887,u,I11,577,773,221
0004,60877.282009,0.948678,2.468552,K16P08B,25.812,r,I11,657,883,221
0005,60877.306191,0.973312,2.473654,K16P08B,25.862,i,I11,658,893,221
0000,60875.287261,358.909365,2.047831,K16P08B,29.291,r,I11,510,667,222
0001,60875.313265,358.934865,2.053336,K16P08B,25.447,i,I11,511,674,222
0002,60876.275082,359.909898,2.256384,K16P08B,28.436,u,I11,576,772,222
0003,60876.275617,359.910435,2.256497,K16P08B,25.887,u,I11,577,773,222
0004,60877.282009,0.948678,2.468552,K16P08B,25.812,r,I11,657,883,222
0005,60877.306191,0.973312,2.473654,K16P08B,25.862,i,I11,658,893,222
0000,60875.287261,358.909365,2.047831,K16P08B,29.291,r,I11,510,667,223
0001,60875.313265,358.934865,2.053336,K16P08B,25.447,i,I11,511,674,223
0002,60876.275082,359.909898,2.256384,K16P08B,28.436,u,I11,576,772,223
0003,60876.275617,359.910435,2.256497,K16P08B,25.887,u,I11,577,773,223
0004,60877.282009,0.948678,2.468552,K16P08B,25.812,r,I11,657,883,223
0005,60877.306191,0.973312,2.473654,K16P08B,25.862,i,I11,658,893,223
0000,60867.043453,260.154429,-19.316348,K25O04L,21.500,z,I11,0,7,224
0001,60867.043910,260.154081,-19.315629,K25O04L,21.500,z,I11,1,8,224
0002,60867.044384,260.153723,-19.314886,K25O04L,27.638,z,I11,2,9,224
0003,60867.044841,260.153376,-19.314167,K25O04L,21.512,z,I11,3,10,224
0004,60868.023077,259.455820,-17.772853,K25O04L,24.342,y,I11,114,154,224
0005,60868.030507,259.450387,-17.761196,K25O04L,21.500,i,I11,115,159,224
0006,60868.053463,259.433589,-17.725174,K25O04L,21.500,z,I11,116,163,224
0007,60869.005303,258.781215,-16.230333,K25O04L,21.500,g,I11,186,254,224
0008,60869.029059,258.764516,-16.193245,K25O04L,21.500,r,I11,187,261,224
0009,60870.043914,258.094634,-14.609723,K25O04L,21.500,y,I11,251,336,224
0010,60870.122215,258.041504,-14.488162,K25O04L,21.740,r,I11,252,351,224
0000,60868.023077,259.455820,-17.772853,K25O04L,24.342,y,I11,114,154,225
0001,60868.030507,259.450387,-17.761196,K25O04L,21.500,i,I11,115,159,225
0002,60868.053463,259.433589,-17.725174,K25O04L,21.500,z,I11,116,163,225
0003,60869.005303,258.781215,-16.230333,K25O04L,21.500,g,I11,186,254,225
0004,60869.029059,258.764516,-16.193245,K25O04L,21.500,r,I11,187,261,225
0005,60870.043914,258.094634,-14.609723,K25O04L,21.500,y,I11,251,336,225
0006,60870.122215,258.041504,-14.488162,K25O04L,21.740,r,I11,252,351,225
0000,60874.095231,312.157048,-17.703237,K25N01U,21.022,g,I11,437,540,226
0001,60874.118578,312.144674,-17.724632,K25N01U,20.483,r,I11,438,550,226
0002,60874.356519,312.016195,-17.941788,K25N01U,20.343,i,I11,485,605,226
0003,60874.378955,312.004154,-17.962175,K25N01U,20.314,r,I11,486,616,226
0004,60874.384603,312.001128,-17.967306,K25N01U,20.337,r,I11,487,618,226
0005,60876.293360,310.978665,-19.743374,K25N01U,21.481,g,I11,578,780,226
0006,60876.294259,310.978130,-19.744223,K25N01U,21.531,g,I11,579,783,226
0007,60876.349528,310.945994,-19.796176,K25N01U,20.815,g,I11,580,795,226
0008,60876.349981,310.945732,-19.796602,K25N01U,20.816,g,I11,581,796,226
0009,60876.373001,310.932399,-19.818221,K25N01U,20.823,r,I11,582,806,226
0010,60876.373441,310.932174,-19.818625,K25N01U,20.820,r,I11,583,808,226
0000,60874.095231,312.157048,-17.703237,K25N01U,21.022,g,I11,437,540,227
0001,60874.118578,312.144674,-17.724632,K25N01U,20.483,r,I11,438,550,227
0002,60874.356519,312.016195,-17.941788,K25N01U,20.343,i,I11,485,605,227
0003,60874.378955,312.004154,-17.962175,K25N01U,20.314,r,I11,486,616,227
0004,60874.384603,312.001128,-17.967306,K25N01U,20.337,r,I11,487,618,227
0005,60876.293360,310.978665,-19.743374,K25N01U,21.481,g,I11,578,780,227
0006,60876.294259,310.978130,-19.744223,K25N01U,21.531,g,I11,579,783,227
0007,60876.349528,310.945994,-19.796176,K25N01U,20.815,g,I11,580,795,227
0008,60876.349981,310.945732,-19.796602,K25N01U,20.816,g,I11,581,796,227
0009,60876.373001,310.932399,-19.818221,K25N01U,20.823,r,I11,582,806,227
0010,60876.373441,310.932174,-19.818625,K25N01U,20.820,r,I11,583,808,227
0000,60869.054115,281.959217,-26.547582,K00S01E,23.070,i,I11,190,264,228
0001,60869.077741,281.946905,-26.523749,K00S01E,15.832,z,I11,191,267,228
0002,60870.030180,281.487992,-25.560275,K00S01E,15.195,r,I11,248,332,228
0003,60870.052850,281.476708,-25.537716,K00S01E,15.476,g,I11,249,337,228
0004,60870.076294,281.464995,-25.514367,K00S01E,14.884,r,I11,250,344,228
0005,60870.223596,281.390755,-25.366812,K00S01E,15.560,i,I11,285,374,228
0006,60870.224998,281.390053,-25.365400,K00S01E,14.632,i,I11,286,375,228
0007,60870.244723,281.380182,-25.345528,K00S01E,15.976,z,I11,287,378,228
0008,60870.246114,281.379488,-25.344126,K00S01E,15.338,z,I11,288,379,228
0000,60869.054115,281.959217,-26.547582,K00S01E,23.070,i,I11,190,264,229
0001,60869.077741,281.946905,-26.523749,K00S01E,15.832,z,I11,191,267,229
0002,60870.030180,281.487992,-25.560275,K00S01E,15.195,r,I11,248,332,229
0003,60870.052850,281.476708,-25.537716,K00S01E,15.476,g,I11,249,337,229
0004,60870.076294,281.464995,-25.514367,K00S01E,14.884,r,I11,250,344,229
0005,60870.223596,281.390755,-25.366812,K00S01E,15.560,i,I11,285,374,229
0006,60870.224998,281.390053,-25.365400,K00S01E,14.632,i,I11,286,375,229
0007,60870.244723,281.380182,-25.345528,K00S01E,15.976,z,I11,287,378,229
0008,60870.246114,281.379488,-25.344126,K00S01E,15.338,z,I11,288,379,229
0009,60874.027398,279.763381,-21.671631,K00S01E,15.920,g,I11,419,522,229
0010,60874.052936,279.752794,-21.647880,K00S01E,15.574,r,I11,420,529,229
0000,60874.086080,303.084643,-24.630145,K25A02H,20.528,g,I11,426,533,230
0001,60874.109387,303.062306,-24.613002,K25A02H,19.616,r,I11,427,546,230
0002,60874.345196,302.835797,-24.437679,K25A02H,19.679,i,I11,479,600,230
0003,60874.373732,302.808736,-24.416247,K25A02H,19.757,r,I11,480,613,230
0004,60876.113105,301.237616,-23.136662,K25A02H,24.320,u,I11,554,724,230
0005,60876.113644,301.237126,-23.136272,K25A02H,24.324,u,I11,555,725,230
0006,60876.360900,301.012602,-22.955716,K25A02H,20.110,g,I11,602,800,230
0007,60876.384305,300.991705,-22.938481,K25A02H,19.631,r,I11,603,812,230
0000,60869.054115,281.959217,-26.547582,K00S01E,23.070,i,I11,190,264,231
0001,60869.077741,281.946905,-26.523749,K00S01E,15.832,z,I11,191,267,231
0002,60870.030180,281.487992,-25.560275,K00S01E,15.195,r,I11,248,332,231
0003,60870.052850,281.476708,-25.537716,K00S01E,15.476,g,I11,249,337,231
0004,60870.076294,281.464995,-25.514367,K00S01E,14.884,r,I11,250,344,231
0005,60870.223596,281.390755,-25.366812,K00S01E,15.560,i,I11,285,374,231
0006,60870.224998,281.390053,-25.365400,K00S01E,14.632,i,I11,286,375,231
0007,60870.244723,281.380182,-25.345528,K00S01E,15.976,z,I11,287,378,231
0008,60870.246114,281.379488,-25.344126,K00S01E,15.338,z,I11,288,379,231
0000,60870.299858,306.789955,-27.471509,K25A02H,19.675,r,I11,298,387,232
0001,60870.334595,306.753556,-27.445090,K25A02H,19.629,i,I11,299,396,232
0002,60870.359277,306.727685,-27.426317,K25A02H,20.213,z,I11,300,399,232
0003,60870.375587,306.710701,-27.413868,K25A02H,19.641,i,I11,301,401,232
0004,60870.392596,306.693005,-27.400879,K25A02H,20.141,z,I11,305,406,232
0005,60874.086080,303.084643,-24.630145,K25A02H,20.528,g,I11,426,533,232
0006,60874.109387,303.062306,-24.613002,K25A02H,19.616,r,I11,427,546,232
0007,60874.345196,302.835797,-24.437679,K25A02H,19.679,i,I11,479,600,232
0008,60874.373732,302.808736,-24.416247,K25A02H,19.757,r,I11,480,613,232
0009,60876.113105,301.237616,-23.136662,K25A02H,24.320,u,I11,554,724,232
0010,60876.113644,301.237126,-23.136272,K25A02H,24.324,u,I11,555,725,232
0011,60876.360900,301.012602,-22.955716,K25A02H,20.110,g,I11,602,800,232
0012,60876.384305,300.991705,-22.938481,K25A02H,19.631,r,I11,603,812,232
0000,60875.287261,358.909365,2.047831,K16P08B,29.291,r,I11,510,667,233
0001,60875.313265,358.934865,2.053336,K16P08B,25.447,i,I11,511,674,233
0002,60876.275082,359.909898,2.256384,K16P08B,28.436,u,I11,576,772,233
0003,60876.275617,359.910435,2.256497,K16P08B,25.887,u,I11,577,773,233
0004,60877.282009,0.948678,2.468552,K16P08B,25.812,r,I11,657,883,233
0005,60877.306191,0.973312,2.473654,K16P08B,25.862,i,I11,658,893,233
0000,60875.287261,358.909365,2.047831,K16P08B,29.291,r,I11,510,667,234
0001,60875.313265,358.934865,2.053336,K16P08B,25.447,i,I11,511,674,234
0002,60876.275082,359.909898,2.256384,K16P08B,28.436,u,I11,576,772,234
0003,60876.275617,359.910435,2.256497,K16P08B,25.887,u,I11,577,773,234
0004,60877.282009,0.948678,2.468552,K16P08B,25.812,r,I11,657,883,234
0005,60877.306191,0.973312,2.473654,K16P08B,25.862,i,I11,658,893,234
0000,60875.287261,358.909365,2.047831,K16P08B,29.291,r,I11,510,667,235
0001,60875.313265,358.934865,2.053336,K16P08B,25.447,i,I11,511,674,235
0002,60876.275082,359.909898,2.256384,K16P08B,28.436,u,I11,576,772,235
0003,60876.275617,359.910435,2.256497,K16P08B,25.887,u,I11,577,773,235
0004,60877.282009,0.948678,2.468552,K16P08B,25.812,r,I11,657,883,235
0005,60877.306191,0.973312,2.473654,K16P08B,25.862,i,I11,658,893,235
0000,60867.043453,260.154429,-19.316348,K25O04L,21.500,z,I11,0,7,236
0001,60867.043910,260.154081,-19.315629,K25O04L,21.500,z,I11,1,8,236
0002,60867.044384,260.153723,-19.314886,K25O04L,27.638,z,I11,2,9,236
0003,60867.044841,260.153376,-19.314167,K25O04L,21.512,z,I11,3,10,236
0004,60868.023077,259.455820,-17.772853,K25O04L,24.342,y,I11,114,154,236
0005,60868.030507,259.450387,-17.761196,K25O04L,21.500,i,I11,115,159,236
0006,60868.053463,259.433589,-17.725174,K25O04L,21.500,z,I11,116,163,236
0007,60869.005303,258.781215,-16.230333,K25O04L,21.500,g,I11,186,254,236
0008,60869.029059,258.764516,-16.193245,K25O04L,21.500,r,I11,187,261,236
0009,60870.043914,258.094634,-14.609723,K25O04L,21.500,y,I11,251,336,236
0010,60870.122215,258.041504,-14.488162,K25O04L,21.740,r,I11,252,351,236
0000,60874.095231,312.157048,-17.703237,K25N01U,21.022,g,I11,437,540,237
0001,60874.118578,312.144674,-17.724632,K25N01U,20.483,r,I11,438,550,237
0002,60874.356519,312.016195,-17.941788,K25N01U,20.343,i,I11,485,605,237
0003,60874.378955,312.004154,-17.962175,K25N01U,20.314,r,I11,486,616,237
0004,60874.384603,312.001128,-17.967306,K25N01U,20.337,r,I11,487,618,237
0005,60876.293360,310.978665,-19.743374,K25N01U,21.481,g,I11,578,780,237
0006,60876.294259,310.978130,-19.744223,K25N01U,21.531,g,I11,579,783,237
0007,60876.349528,310.945994,-19.796176,K25N01U,20.815,g,I11,580,795,237
0008,60876.349981,310.945732,-19.796602,K25N01U,20.816,g,I11,581,796,237
0009,60876.373001,310.932399,-19.818221,K25N01U,20.823,r,I11,582,806,237
0010,60876.373441,310.932174,-19.818625,K25N01U,20.820,r,I11,583,808,237
0000,60874.095231,312.157048,-17.703237,K25N01U,21.022,g,I11,437,540,238
0001,60874.118578,312.144674,-17.724632,K25N01U,20.483,r,I11,438,550,238
0002,60874.356519,312.016195,-17.941788,K25N01U,20.343,i,I11,485,605,238
0003,60874.378955,312.004154,-17.962175,K25N01U,20.314,r,I11,486,616,238
0004,60874.384603,312.001128,-17.967306,K25N01U,20.337,r,I11,487,618,238
0005,60876.293360,310.978665,-19.743374,K25N01U,21.481,g,I11,578,780,238
0006,60876.294259,310.978130,-19.744223,K25N01U,21.531,g,I11,579,783,238
0007,60876.349528,310.945994,-19.796176,K25N01U,20.815,g,I11,580,795,238
0008,60876.349981,310.945732,-19.796602,K25N01U,20.816,g,I11,581,796,238
0009,60876.373001,310.932399,-19.818221,K25N01U,20.823,r,I11,582,806,238
0010,60876.373441,310.932174,-19.818625,K25N01U,20.820,r,I11,583,808,238
0000,60869.054115,281.959217,-26.547582,K00S01E,23.070,i,I11,190,264,239
0001,60869.077741,281.946905,-26.523749,K00S01E,15.832,z,I11,191,267,239
0002,60870.030180,281.487992,-25.560275,K00S01E,15.195,r,I11,248,332,239
0003,60870.052850,281.476708,-25.537716,K00S01E,15.476,g,I11,249,337,239
0004,60870.076294,281.464995,-25.514367,K00S01E,14.884,r,I11,250,344,239
0005,60870.223596,281.390755,-25.366812,K00S01E,15.560,i,I11,285,374,239
0006,60870.224998,281.390053,-25.365400,K00S01E,14.632,i,I11,286,375,239
0007,60870.244723,281.380182,-25.345528,K00S01E,15.976,z,I11,287,378,239
0008,60870.246114,281.379488,-25.344126,K00S01E,15.338,z,I11,288,379,239
0000,60869.054115,281.959217,-26.547582,K00S01E,23.070,i,I11,190,264,240
0001,60869.077741,281.946905,-26.523749,K00S01E,15.832,z,I11,191,267,240
0002,60870.030180,281.487992,-25.560275,K00S01E,15.195,r,I11,248,332,240
0003,60870.052850,281.476708,-25.537716,K00S01E,15.476,g,I11,249,337,240
0004,60870.076294,281.464995,-25.514367,K00S01E,14.884,r,I11,250,344,240
0005,60870.223596,281.390755,-25.366812,K00S01E,15.560,i,I11,285,374,240
0006,60870.224998,281.390053,-25.365400,K00S01E,14.632,i,I11,286,375,240
0007,60870.244723,281.380182,-25.345528,K00S01E,15.976,z,I11,287,378,240
0008,60870.246114,281.379488,-25.344126,K00S01E,15.338,z,I11,288,379,240
0000,60869.054115,281.959217,-26.547582,K00S01E,23.070,i,I11,190,264,241
0001,60869.077741,281.946905,-26.523749,K00S01E,15.832,z,I11,191,267,241
0002,60870.030180,281.487992,-25.560275,K00S01E,15.195,r,I11,248,332,241
0003,60870.052850,281.476708,-25.537716,K00S01E,15.476,g,I11,249,337,241
0004,60870.076294,281.464995,-25.514367,K00S01E,14.884,r,I11,250,344,241
0005,60870.223596,281.390755,-25.366812,K00S01E,15.560,i,I11,285,374,241
0006,60870.224998,281.390053,-25.365400,K00S01E,14.632,i,I11,286,375,241
0007,60870.244723,281.380182,-25.345528,K00S01E,15.976,z,I11,287,378,241
0008,60870.246114,281.379488,-25.344126,K00S01E,15.338,z,I11,288,379,241
0000,60869.054115,281.959217,-26.547582,K00S01E,23.070,i,I11,190,264,242
0001,60869.077741,281.946905,-26.523749,K00S01E,15.832,z,I11,191,267,242
0002,60870.030180,281.487992,-25.560275,K00S01E,15.195,r,I11,248,332,242
0003,60870.052850,281.476708,-25.537716,K00S01E,15.476,g,I11,249,337,242
0004,60870.076294,281.464995,-25.514367,K00S01E,14.884,r,I11,250,344,242
0005,60870.223596,281.390755,-25.366812,K00S01E,15.560,i,I11,285,374,242
0006,60870.224998,281.390053,-25.365400,K00S01E,14.632,i,I11,286,375,242
0007,60870.244723,281.380182,-25.345528,K00S01E,15.976,z,I11,287,378,242
0008,60870.246114,281.379488,-25.344126,K00S01E,15.338,z,I11,288,379,242
0000,60869.054115,281.959217,-26.547582,K00S01E,23.070,i,I11,190,264,243
0001,60869.077741,281.946905,-26.523749,K00S01E,15.832,z,I11,191,267,243
0002,60870.030180,281.487992,-25.560275,K00S01E,15.195,r,I11,248,332,243
0003,60870.052850,281.476708,-25.537716,K00S01E,15.476,g,I11,249,337,243
0004,60870.076294,281.464995,-25.514367,K00S01E,14.884,r,I11,250,344,243
0005,60870.223596,281.390755,-25.366812,K00S01E,15.560,i,I11,285,374,243
0006,60870.224998,281.390053,-25.365400,K00S01E,14.632,i,I11,286,375,243
0007,60870.244723,281.380182,-25.345528,K00S01E,15.976,z,I11,287,378,243
0008,60870.246114,281.379488,-25.344126,K00S01E,15.338,z,I11,288,379,243
0000,60874.086080,303.084643,-24.630145,K25A02H,20.528,g,I11,426,533,244
0001,60874.109387,303.062306,-24.613002,K25A02H,19.616,r,I11,427,546,244
0002,60874.345196,302.835797,-24.437679,K25A02H,19.679,i,I11,479,600,244
0003,60874.373732,302.808736,-24.416247,K25A02H,19.757,r,I11,480,613,244
0004,60876.113105,301.237616,-23.136662,K25A02H,24.320,u,I11,554,724,244
0005,60876.113644,301.237126,-23.136272,K25A02H,24.324,u,I11,555,725,244
0006,60876.360900,301.012602,-22.955716,K25A02H,20.110,g,I11,602,800,244
0007,60876.384305,300.991705,-22.938481,K25A02H,19.631,r,I11,603,812,244
0000,60869.054115,281.959217,-26.547582,K00S01E,23.070,i,I11,190,264,245
0001,60869.077741,281.946905,-26.523749,K00S01E,15.832,z,I11,191,267,245
0002,60870.030180,281.487992,-25.560275,K00S01E,15.195,r,I11,248,332,245
0003,60870.052850,281.476708,-25.537716,K00S01E,15.476,g,I11,249,337,245
0004,60870.076294,281.464995,-25.514367,K00S01E,14.884,r,I11,250,344,245
0005,60870.223596,281.390755,-25.366812,K00S01E,15.560,i,I11,285,374,245
0006,60870.224998,281.390053,-25.365400,K00S01E,14.632,i,I11,286,375,245
0007,60870.244723,281.380182,-25.345528,K00S01E,15.976,z,I11,287,378,245
0008,60870.246114,281.379488,-25.344126,K00S01E,15.338,z,I11,288,379,245
0000,60870.299858,306.789955,-27.471509,K25A02H,19.675,r,I11,298,387,246
0001,60870.334595,306.753556,-27.445090,K25A02H,19.629,i,I11,299,396,246
0002,60870.359277,306.727685,-27.426317,K25A02H,20.213,z,I11,300,399,246
0003,60870.375587,306.710701,-27.413868,K25A02H,19.641,i,I11,301,401,246
0004,60870.392596,306.693005,-27.400879,K25A02H,20.141,z,I11,305,406,246
0005,60874.086080,303.084643,-24.630145,K25A02H,20.528,g,I11,426,533,246
0006,60874.109387,303.062306,-24.613002,K25A02H,19.616,r,I11,427,546,246
0007,60874.345196,302.835797,-24.437679,K25A02H,19.679,i,I11,479,600,246
0008,60874.373732,302.808736,-24.416247,K25A02H,19.757,r,I11,480,613,246
0009,60876.113105,301.237616,-23.136662,K25A02H,24.320,u,I11,554,724,246
0010,60876.113644,301.237126,-23.136272,K25A02H,24.324,u,I11,555,725,246
0011,60876.360900,301.012602,-22.955716,K25A02H,20.110,g,I11,602,800,246
0012,60876.384305,300.991705,-22.938481,K25A02H,19.631,r,I11,603,812,246
0000,60875.287261,358.909365,2.047831,K16P08B,29.291,r,I11,510,667,247
0001,60875.313265,358.934865,2.053336,K16P08B,25.447,i,I11,511,674,247
0002,60876.275082,359.909898,2.256384,K16P08B,28.436,u,I11,576,772,247
0003,60876.275617,359.910435,2.256497,K16P08B,25.887,u,I11,577,773,247
0004,60877.282009,0.948678,2.468552,K16P08B,25.812,r,I11,657,883,247
0005,60877.306191,0.973312,2.473654,K16P08B,25.862,i,I11,658,893,247
0000,60875.287261,358.909365,2.047831,K16P08B,29.291,r,I11,510,667,248
0001,60875.313265,358.934865,2.053336,K16P08B,25.447,i,I11,511,674,248
0002,60876.275082,359.909898,2.256384,K16P08B,28.436,u,I11,576,772,248
0003,60876.275617,359.910435,2.256497,K16P08B,25.887,u,I11,577,773,248
0004,60877.282009,0.948678,2.468552,K16P08B,25.812,r,I11,657,883,248
0005,60877.306191,0.973312,2.473654,K16P08B,25.862,i,I11,658,893,248
0000,60867.043453,260.154429,-19.316348,K25O04L,21.500,z,I11,0,7,249
0001,60867.043910,260.154081,-19.315629,K25O04L,21.500,z,I11,1,8,249
0002,60867.044384,260.153723,-19.314886,K25O04L,27.638,z,I11,2,9,249
0003,60867.044841,260.153376,-19.314167,K25O04L,21.512,z,I11,3,10,249
0004,60868.023077,259.455820,-17.772853,K25O04L,24.342,y,I11,114,154,249
0005,60868.030507,259.450387,-17.761196,K25O04L,21.500,i,I11,115,159,249
0006,60868.053463,259.433589,-17.725174,K25O04L,21.500,z,I11,116,163,249
0007,60869.005303,258.781215,-16.230333,K25O04L,21.500,g,I11,186,254,249
0008,60869.029059,258.764516,-16.193245,K25O04L,21.500,r,I11,187,261,249
0009,60870.043914,258.094634,-14.609723,K25O04L,21.500,y,I11,251,336,249
0010,60870.122215,258.041504,-14.488162,K25O04L,21.740,r,I11,252,351,249
0000,60874.095231,312.157048,-17.703237,K25N01U,21.022,g,I11,437,540,250
0001,60874.118578,312.144674,-17.724632,K25N01U,20.483,r,I11,438,550,250
0002,60874.356519,312.016195,-17.941788,K25N01U,20.343,i,I11,485,605,250
0003,60874.378955,312.004154,-17.962175,K25N01U,20.314,r,I11,486,616,250
0004,60874.384603,312.001128,-17.967306,K25N01U,20.337,r,I11,487,618,250
0005,60876.293360,310.978665,-19.743374,K25N01U,21.481,g,I11,578,780,250
0006,60876.294259,310.978130,-19.744223,K25N01U,21.531,g,I11,579,783,250
0007,60876.349528,310.945994,-19.796176,K25N01U,20.815,g,I11,580,795,250
0008,60876.349981,310.945732,-19.796602,K25N01U,20.816,g,I11,581,796,250
0009,60876.373001,310.932399,-19.818221,K25N01U,20.823,r,I11,582,806,250
0010,60876.373441,310.932174,-19.818625,K25N01U,20.820,r,I11,583,808,250
0000,60874.095231,312.157048,-17.703237,K25N01U,21.022,g,I11,437,540,251
0001,60874.118578,312.144674,-17.724632,K25N01U,20.483,r,I11,438,550,251
0002,60874.356519,312.016195,-17.941788,K25N01U,20.343,i,I11,485,605,251
0003,60874.378955,312.004154,-17.962175,K25N01U,20.314,r,I11,486,616,251
0004,60874.384603,312.001128,-17.967306,K25N01U,20.337,r,I11,487,618,251
0005,60876.293360,310.978665,-19.743374,K25N01U,21.481,g,I11,578,780,251
0006,60876.294259,310.978130,-19.744223,K25N01U,21.531,g,I11,579,783,251
0007,60876.349528,310.945994,-19.796176,K25N01U,20.815,g,I11,580,795,251
0008,60876.349981,310.945732,-19.796602,K25N01U,20.816,g,I11,581,796,251
0009,60876.373001,310.932399,-19.818221,K25N01U,20.823,r,I11,582,806,251
0010,60876.373441,310.932174,-19.818625,K25N01U,20.820,r,I11,583,808,251
0000,60874.095231,312.157048,-17.703237,K25N01U,21.022,g,I11,437,540,252
0001,60874.118578,312.144674,-17.724632,K25N01U,20.483,r,I11,438,550,252
0002,60874.356519,312.016195,-17.941788,K25N01U,20.343,i,I11,485,605,252
0003,60874.378955,312.004154,-17.962175,K25N01U,20.314,r,I11,486,616,252
0004,60874.384603,312.001128,-17.967306,K25N01U,20.337,r,I11,487,618,252
0005,60876.293360,310.978665,-19.743374,K25N01U,21.481,g,I11,578,780,252
0006,60876.294259,310.978130,-19.744223,K25N01U,21.531,g,I11,579,783,252
0007,60876.349528,310.945994,-19.796176,K25N01U,20.815,g,I11,580,795,252
0008,60876.349981,310.945732,-19.796602,K25N01U,20.816,g,I11,581,796,252
0009,60876.373001,310.932399,-19.818221,K25N01U,20.823,r,I11,582,806,252
0010,60876.373441,310.932174,-19.818625,K25N01U,20.820,r,I11,583,808,252
0000,60869.054115,281.959217,-26.547582,K00S01E,23.070,i,I11,190,264,253
0001,60869.077741,281.946905,-26.523749,K00S01E,15.832,z,I11,191,267,253
0002,60870.030180,281.487992,-25.560275,K00S01E,15.195,r,I11,248,332,253
0003,60870.052850,281.476708,-25.537716,K00S01E,15.476,g,I11,249,337,253
0004,60870.076294,281.464995,-25.514367,K00S01E,14.884,r,I11,250,344,253
0005,60870.223596,281.390755,-25.366812,K00S01E,15.560,i,I11,285,374,253
0006,60870.224998,281.390053,-25.365400,K00S01E,14.632,i,I11,286,375,253
0007,60870.244723,281.380182,-25.345528,K00S01E,15.976,z,I11,287,378,253
0008,60870.246114,281.379488,-25.344126,K00S01E,15.338,z,I11,288,379,253
0000,60869.054115,281.959217,-26.547582,K00S01E,23.070,i,I11,190,264,254
0001,60869.077741,281.946905,-26.523749,K00S01E,15.832,z,I11,191,267,254
0002,60870.030180,281.487992,-25.560275,K00S01E,15.195,r,I11,248,332,254
0003,60870.052850,281.476708,-25.537716,K00S01E,15.476,g,I11,249,337,254
0004,60870.076294,281.464995,-25.514367,K00S01E,14.884,r,I11,250,344,254
0005,60870.223596,281.390755,-25.366812,K00S01E,15.560,i,I11,285,374,254
0006,60870.224998,281.390053,-25.365400,K00S01E,14.632,i,I11,286,375,254
0007,60870.244723,281.380182,-25.345528,K00S01E,15.976,z,I11,287,378,254
0008,60870.246114,281.379488,-25.344126,K00S01E,15.338,z,I11,288,379,254
0000,60869.054115,281.959217,-26.547582,K00S01E,23.070,i,I11,190,264,255
0001,60869.077741,281.946905,-26.523749,K00S01E,15.832,z,I11,191,267,255
0002,60870.030180,281.487992,-25.560275,K00S01E,15.195,r,I11,248,332,255
0003,60870.052850,281.476708,-25.537716,K00S01E,15.476,g,I11,249,337,255
0004,60870.076294,281.464995,-25.514367,K00S01E,14.884,r,I11,250,344,255
0005,60870.223596,281.390755,-25.366812,K00S01E,15.560,i,I11,285,374,255
0006,60870.224998,281.390053,-25.365400,K00S01E,14.632,i,I11,286,375,255
0007,60870.244723,281.380182,-25.345528,K00S01E,15.976,z,I11,287,378,255
0008,60870.246114,281.379488,-25.344126,K00S01E,15.338,z,I11,288,379,255
0000,60869.054115,281.959217,-26.547582,K00S01E,23.070,i,I11,190,264,256
0001,60869.077741,281.946905,-26.523749,K00S01E,15.832,z,I11,191,267,256
0002,60870.030180,281.487992,-25.560275,K00S01E,15.195,r,I11,248,332,256
0003,60870.052850,281.476708,-25.537716,K00S01E,15.476,g,I11,249,337,256
0004,60870.076294,281.464995,-25.514367,K00S01E,14.884,r,I11,250,344,256
0005,60870.223596,281.390755,-25.366812,K00S01E,15.560,i,I11,285,374,256
0006,60870.224998,281.390053,-25.365400,K00S01E,14.632,i,I11,286,375,256
0007,60870.244723,281.380182,-25.345528,K00S01E,15.976,z,I11,287,378,256
0008,60870.246114,281.379488,-25.344126,K00S01E,15.338,z,I11,288,379,256
0000,60869.054115,281.959217,-26.547582,K00S01E,23.070,i,I11,190,264,257
0001,60869.077741,281.946905,-26.523749,K00S01E,15.832,z,I11,191,267,257
0002,60870.030180,281.487992,-25.560275,K00S01E,15.195,r,I11,248,332,257
0003,60870.052850,281.476708,-25.537716,K00S01E,15.476,g,I11,249,337,257
0004,60870.076294,281.464995,-25.514367,K00S01E,14.884,r,I11,250,344,257
0005,60870.223596,281.390755,-25.366812,K00S01E,15.560,i,I11,285,374,257
0006,60870.224998,281.390053,-25.365400,K00S01E,14.632,i,I11,286,375,257
0007,60870.244723,281.380182,-25.345528,K00S01E,15.976,z,I11,287,378,257
0008,60870.246114,281.379488,-25.344126,K00S01E,15.338,z,I11,288,379,257
0000,60874.086080,303.084643,-24.630145,K25A02H,20.528,g,I11,426,533,258
0001,60874.109387,303.062306,-24.613002,K25A02H,19.616,r,I11,427,546,258
0002,60874.345196,302.835797,-24.437679,K25A02H,19.679,i,I11,479,600,258
0003,60874.373732,302.808736,-24.416247,K25A02H,19.757,r,I11,480,613,258
0004,60876.113105,301.237616,-23.136662,K25A02H,24.320,u,I11,554,724,258
0005,60876.113644,301.237126,-23.136272,K25A02H,24.324,u,I11,555,725,258
0006,60876.360900,301.012602,-22.955716,K25A02H,20.110,g,I11,602,800,258
0007,60876.384305,300.991705,-22.938481,K25A02H,19.631,r,I11,603,812,258
0000,60869.054115,281.959217,-26.547582,K00S01E,23.070,i,I11,190,264,259
0001,60869.077741,281.946905,-26.523749,K00S01E,15.832,z,I11,191,267,259
0002,60870.030180,281.487992,-25.560275,K00S01E,15.195,r,I11,248,332,259
0003,60870.052850,281.476708,-25.537716,K00S01E,15.476,g,I11,249,337,259
0004,60870.076294,281.464995,-25.514367,K00S01E,14.884,r,I11,250,344,259
0005,60870.223596,281.390755,-25.366812,K00S01E,15.560,i,I11,285,374,259
0006,60870.224998,281.390053,-25.365400,K00S01E,14.632,i,I11,286,375,259
0007,60870.244723,281.380182,-25.345528,K00S01E,15.976,z,I11,287,378,259
0008,60870.246114,281.379488,-25.344126,K00S01E,15.338,z,I11,288,379,259
0000,60870.299858,306.789955,-27.471509,K25A02H,19.675,r,I11,298,387,260
0001,60870.334595,306.753556,-27.445090,K25A02H,19.629,i,I11,299,396,260
0002,60870.359277,306.727685,-27.426317,K25A02H,20.213,z,I11,300,399,260
0003,60870.375587,306.710701,-27.413868,K25A02H,19.641,i,I11,301,401,260
0004,60870.392596,306.693005,-27.400879,K25A02H,20.141,z,I11,305,406,260
0005,60874.086080,303.084643,-24.630145,K25A02H,20.528,g,I11,426,533,260
0006,60874.109387,303.062306,-24.613002,K25A02H,19.616,r,I11,427,546,260
0007,60874.345196,302.835797,-24.437679,K25A02H,19.679,i,I11,479,600,260
0008,60874.373732,302.808736,-24.416247,K25A02H,19.757,r,I11,480,613,260
0009,60876.360900,301.012602,-22.955716,K25A02H,20.110,g,I11,602,800,260
0010,60876.384305,300.991705,-22.938481,K25A02H,19.631,r,I11,603,812,260
0000,60875.287261,358.909365,2.047831,K16P08B,29.291,r,I11,510,667,261
0001,60875.313265,358.934865,2.053336,K16P08B,25.447,i,I11,511,674,261
0002,60876.275082,359.909898,2.256384,K16P08B,28.436,u,I11,576,772,261
0003,60876.275617,359.910435,2.256497,K16P08B,25.887,u,I11,577,773,261
0004,60877.282009,0.948678,2.468552,K16P08B,25.812,r,I11,657,883,261
0005,60877.306191,0.973312,2.473654,K16P08B,25.862,i,I11,658,893,261
0000,60875.287261,358.909365,2.047831,K16P08B,29.291,r,I11,510,667,262
0001,60875.313265,358.934865,2.053336,K16P08B,25.447,i,I11,511,674,262
0002,60876.275082,359.909898,2.256384,K16P08B,28.436,u,I11,576,772,262
0003,60876.275617,359.910435,2.256497,K16P08B,25.887,u,I11,577,773,262
0004,60877.282009,0.948678,2.468552,K16P08B,25.812,r,I11,657,883,262
0005,60877.306191,0.973312,2.473654,K16P08B,25.862,i,I11,658,893,262
0000,60868.023077,259.455820,-17.772853,K25O04L,24.342,y,I11,114,154,263
0001,60868.030507,259.450387,-17.761196,K25O04L,21.500,i,I11,115,159,263
0002,60868.053463,259.433589,-17.725174,K25O04L,21.500,z,I11,116,163,263
0003,60869.005303,258.781215,-16.230333,K25O04L,21.500,g,I11,186,254,263
0004,60869.029059,258.764516,-16.193245,K25O04L,21.500,r,I11,187,261,263
0005,60870.043914,258.094634,-14.609723,K25O04L,21.500,y,I11,251,336,263
0006,60870.122215,258.041504,-14.488162,K25O04L,21.740,r,I11,252,351,263
0000,60874.095231,312.157048,-17.703237,K25N01U,21.022,g,I11,437,540,264
0001,60874.118578,312.144674,-17.724632,K25N01U,20.483,r,I11,438,550,264
0002,60874.356519,312.016195,-17.941788,K25N01U,20.343,i,I11,485,605,264
0003,60874.378955,312.004154,-17.962175,K25N01U,20.314,r,I11,486,616,264
0004,60874.384603,312.001128,-17.967306,K25N01U,20.337,r,I11,487,618,264
0005,60876.293360,310.978665,-19.743374,K25N01U,21.481,g,I11,578,780,264
0006,60876.294259,310.978130,-19.744223,K25N01U,21.531,g,I11,579,783,264
0007,60876.349528,310.945994,-19.796176,K25N01U,20.815,g,I11,580,795,264
0008,60876.349981,310.945732,-19.796602,K25N01U,20.816,g,I11,581,796,264
0009,60876.373001,310.932399,-19.818221,K25N01U,20.823,r,I11,582,806,264
0010,60876.373441,310.932174,-19.818625,K25N01U,20.820,r,I11,583,808,264
0000,60874.095231,312.157048,-17.703237,K25N01U,21.022,g,I11,437,540,265
0001,60874.118578,312.144674,-17.724632,K25N01U,20.483,r,I11,438,550,265
0002,60874.356519,312.016195,-17.941788,K25N01U,20.343,i,I11,485,605,265
0003,60874.378955,312.004154,-17.962175,K25N01U,20.314,r,I11,486,616,265
0004,60874.384603,312.001128,-17.967306,K25N01U,20.337,r,I11,487,618,265
0005,60876.293360,310.978665,-19.743374,K25N01U,21.481,g,I11,578,780,265
0006,60876.294259,310.978130,-19.744223,K25N01U,21.531,g,I11,579,783,265
0007,60876.349528,310.945994,-19.796176,K25N01U,20.815,g,I11,580,795,265
0008,60876.349981,310.945732,-19.796602,K25N01U,20.816,g,I11,581,796,265
0009,60876.373001,310.932399,-19.818221,K25N01U,20.823,r,I11,582,806,265
0010,60876.373441,310.932174,-19.818625,K25N01U,20.820,r,I11,583,808,265
0000,60874.095231,312.157048,-17.703237,K25N01U,21.022,g,I11,437,540,266
0001,60874.118578,312.144674,-17.724632,K25N01U,20.483,r,I11,438,550,266
0002,60874.356519,312.016195,-17.941788,K25N01U,20.343,i,I11,485,605,266
0003,60874.378955,312.004154,-17.962175,K25N01U,20.314,r,I11,486,616,266
0004,60874.384603,312.001128,-17.967306,K25N01U,20.337,r,I11,487,618,266
0005,60876.293360,310.978665,-19.743374,K25N01U,21.481,g,I11,578,780,266
0006,60876.294259,310.978130,-19.744223,K25N01U,21.531,g,I11,579,783,266
0007,60876.349528,310.945994,-19.796176,K25N01U,20.815,g,I11,580,795,266
0008,60876.349981,310.945732,-19.796602,K25N01U,20.816,g,I11,581,796,266
0009,60876.373001,310.932399,-19.818221,K25N01U,20.823,r,I11,582,806,266
0010,60876.373441,310.932174,-19.818625,K25N01U,20.820,r,I11,583,808,266
0000,60869.054115,281.959217,-26.547582,K00S01E,23.070,i,I11,190,264,267
0001,60869.077741,281.946905,-26.523749,K00S01E,15.832,z,I11,191,267,267
0002,60870.030180,281.487992,-25.560275,K00S01E,15.195,r,I11,248,332,267
0003,60870.052850,281.476708,-25.537716,K00S01E,15.476,g,I11,249,337,267
0004,60870.076294,281.464995,-25.514367,K00S01E,14.884,r,I11,250,344,267
0005,60870.223596,281.390755,-25.366812,K00S01E,15.560,i,I11,285,374,267
0006,60870.224998,281.390053,-25.365400,K00S01E,14.632,i,I11,286,375,267
0007,60870.244723,281.380182,-25.345528,K00S01E,15.976,z,I11,287,378,267
0008,60870.246114,281.379488,-25.344126,K00S01E,15.338,z,I11,288,379,267
0000,60869.054115,281.959217,-26.547582,K00S01E,23.070,i,I11,190,264,268
0001,60869.077741,281.946905,-26.523749,K00S01E,15.832,z,I11,191,267,268
0002,60870.030180,281.487992,-25.560275,K00S01E,15.195,r,I11,248,332,268
0003,60870.052850,281.476708,-25.537716,K00S01E,15.476,g,I11,249,337,268
0004,60870.076294,281.464995,-25.514367,K00S01E,14.884,r,I11,250,344,268
0005,60870.223596,281.390755,-25.366812,K00S01E,15.560,i,I11,285,374,268
0006,60870.224998,281.390053,-25.365400,K00S01E,14.632,i,I11,286,375,268
0007,60870.244723,281.380182,-25.345528,K00S01E,15.976,z,I11,287,378,268
0008,60870.246114,281.379488,-25.344126,K00S01E,15.338,z,I11,288,379,268
0000,60869.054115,281.959217,-26.547582,K00S01E,23.070,i,I11,190,264,269
0001,60869.077741,281.946905,-26.523749,K00S01E,15.832,z,I11,191,267,269
0002,60870.030180,281.487992,-25.560275,K00S01E,15.195,r,I11,248,332,269
0003,60870.052850,281.476708,-25.537716,K00S01E,15.476,g,I11,249,337,269
0004,60870.076294,281.464995,-25.514367,K00S01E,14.884,r,I11,250,344,269
0005,60870.223596,281.390755,-25.366812,K00S01E,15.560,i,I11,285,374,269
0006,60870.224998,281.390053,-25.365400,K00S01E,14.632,i,I11,286,375,269
0007,60870.244723,281.380182,-25.345528,K00S01E,15.976,z,I11,287,378,269
0008,60870.246114,281.379488,-25.344126,K00S01E,15.338,z,I11,288,379,269
0000,60869.054115,281.959217,-26.547582,K00S01E,23.070,i,I11,190,264,270
0001,60869.077741,281.946905,-26.523749,K00S01E,15.832,z,I11,191,267,270
0002,60870.030180,281.487992,-25.560275,K00S01E,15.195,r,I11,248,332,270
0003,60870.052850,281.476708,-25.537716,K00S01E,15.476,g,I11,249,337,270
0004,60870.076294,281.464995,-25.514367,K00S01E,14.884,r,I11,250,344,270
0005,60870.223596,281.390755,-25.366812,K00S01E,15.560,i,I11,285,374,270
0006,60870.224998,281.390053,-25.365400,K00S01E,14.632,i,I11,286,375,270
0007,60870.244723,281.380182,-25.345528,K00S01E,15.976,z,I11,287,378,270
0008,60870.246114,281.379488,-25.344126,K00S01E,15.338,z,I11,288,379,270
0000,60869.054115,281.959217,-26.547582,K00S01E,23.070,i,I11,190,264,271
0001,60869.077741,281.946905,-26.523749,K00S01E,15.832,z,I11,191,267,271
0002,60870.030180,281.487992,-25.560275,K00S01E,15.195,r,I11,248,332,271
0003,60870.052850,281.476708,-25.537716,K00S01E,15.476,g,I11,249,337,271
0004,60870.076294,281.464995,-25.514367,K00S01E,14.884,r,I11,250,344,271
0005,60870.223596,281.390755,-25.366812,K00S01E,15.560,i,I11,285,374,271
0006,60870.224998,281.390053,-25.365400,K00S01E,14.632,i,I11,286,375,271
0007,60870.244723,281.380182,-25.345528,K00S01E,15.976,z,I11,287,378,271
0008,60870.246114,281.379488,-25.344126,K00S01E,15.338,z,I11,288,379,271
0000,60874.086080,303.084643,-24.630145,K25A02H,20.528,g,I11,426,533,272
0001,60874.109387,303.062306,-24.613002,K25A02H,19.616,r,I11,427,546,272
0002,60874.345196,302.835797,-24.437679,K25A02H,19.679,i,I11,479,600,272
0003,60874.373732,302.808736,-24.416247,K25A02H,19.757,r,I11,480,613,272
0004,60876.113105,301.237616,-23.136662,K25A02H,24.320,u,I11,554,724,272
0005,60876.113644,301.237126,-23.136272,K25A02H,24.324,u,I11,555,725,272
0006,60876.360900,301.012602,-22.955716,K25A02H,20.110,g,I11,602,800,272
0007,60876.384305,300.991705,-22.938481,K25A02H,19.631,r,I11,603,812,272
0000,60869.054115,281.959217,-26.547582,K00S01E,23.070,i,I11,190,264,273
0001,60869.077741,281.946905,-26.523749,K00S01E,15.832,z,I11,191,267,273
0002,60870.030180,281.487992,-25.560275,K00S01E,15.195,r,I11,248,332,273
0003,60870.052850,281.476708,-25.537716,K00S01E,15.476,g,I11,249,337,273
0004,60870.076294,281.464995,-25.514367,K00S01E,14.884,r,I11,250,344,273
0005,60870.223596,281.390755,-25.366812,K00S01E,15.560,i,I11,285,374,273
0006,60870.224998,281.390053,-25.365400,K00S01E,14.632,i,I11,286,375,273
0007,60870.244723,281.380182,-25.345528,K00S01E,15.976,z,I11,287,378,273
0008,60870.246114,281.379488,-25.344126,K00S01E,15.338,z,I11,288,379,273
0000,60874.086080,303.084643,-24.630145,K25A02H,20.528,g,I11,426,533,274
0001,60874.109387,303.062306,-24.613002,K25A02H,19.616,r,I11,427,546,274
0002,60874.345196,302.835797,-24.437679,K25A02H,19.679,i,I11,479,600,274
0003,60874.373732,302.808736,-24.416247,K25A02H,19.757,r,I11,480,613,274
0004,60876.113105,301.237616,-23.136662,K25A02H,24.320,u,I11,554,724,274
0005,60876.113644,301.237126,-23.136272,K25A02H,24.324,u,I11,555,725,274
0006,60876.360900,301.012602,-22.955716,K25A02H,20.110,g,I11,602,800,274
0007,60876.384305,300.991705,-22.938481,K25A02H,19.631,r,I11,603,812,274
0000,60875.287261,358.909365,2.047831,K16P08B,29.291,r,I11,510,667,275
0001,60875.313265,358.934865,2.053336,K16P08B,25.447,i,I11,511,674,275
0002,60876.275082,359.909898,2.256384,K16P08B,28.436,u,I11,576,772,275
0003,60876.275617,359.910435,2.256497,K16P08B,25.887,u,I11,577,773,275
0004,60877.282009,0.948678,2.468552,K16P08B,25.812,r,I11,657,883,275
0005,60877.306191,0.973312,2.473654,K16P08B,25.862,i,I11,658,893,275
0000,60875.287261,358.909365,2.047831,K16P08B,29.291,r,I11,510,667,276
0001,60875.313265,358.934865,2.053336,K16P08B,25.447,i,I11,511,674,276
0002,60876.275082,359.909898,2.256384,K16P08B,28.436,u,I11,576,772,276
0003,60876.275617,359.910435,2.256497,K16P08B,25.887,u,I11,577,773,276
0004,60877.282009,0.948678,2.468552,K16P08B,25.812,r,I11,657,883,276
0005,60877.306191,0.973312,2.473654,K16P08B,25.862,i,I11,658,893,276
0000,60867.043453,260.154429,-19.316348,K25O04L,21.500,z,I11,0,7,277
0001,60867.043910,260.154081,-19.315629,K25O04L,21.500,z,I11,1,8,277
0002,60867.044384,260.153723,-19.314886,K25O04L,27.638,z,I11,2,9,277
0003,60867.044841,260.153376,-19.314167,K25O04L,21.512,z,I11,3,10,277
0004,60868.023077,259.455820,-17.772853,K25O04L,24.342,y,I11,114,154,277
0005,60868.030507,259.450387,-17.761196,K25O04L,21.500,i,I11,115,159,277
0006,60868.053463,259.433589,-17.725174,K25O04L,21.500,z,I11,116,163,277
0007,60869.005303,258.781215,-16.230333,K25O04L,21.500,g,I11,186,254,277
0008,60869.029059,258.764516,-16.193245,K25O04L,21.500,r,I11,187,261,277
0009,60870.043914,258.094634,-14.609723,K25O04L,21.500,y,I11,251,336,277
0010,60870.122215,258.041504,-14.488162,K25O04L,21.740,r,I11,252,351,277
0000,60868.023077,259.455820,-17.772853,K25O04L,24.342,y,I11,114,154,278
0001,60868.030507,259.450387,-17.761196,K25O04L,21.500,i,I11,115,159,278
0002,60868.053463,259.433589,-17.725174,K25O04L,21.500,z,I11,116,163,278
0003,60869.005303,258.781215,-16.230333,K25O04L,21.500,g,I11,186,254,278
0004,60869.029059,258.764516,-16.193245,K25O04L,21.500,r,I11,187,261,278
0005,60870.043914,258.094634,-14.609723,K25O04L,21.500,y,I11,251,336,278
0006,60870.122215,258.041504,-14.488162,K25O04L,21.740,r,I11,252,351,278
0000,60867.043453,260.154429,-19.316348,K25O04L,21.500,z,I11,0,7,279
0001,60867.043910,260.154081,-19.315629,K25O04L,21.500,z,I11,1,8,279
0002,60867.044384,260.153723,-19.314886,K25O04L,27.638,z,I11,2,9,279
0003,60867.044841,260.153376,-19.314167,K25O04L,21.512,z,I11,3,10,279
0004,60868.023077,259.455820,-17.772853,K25O04L,24.342,y,I11,114,154,279
0005,60868.030507,259.450387,-17.761196,K25O04L,21.500,i,I11,115,159,279
0006,60868.053463,259.433589,-17.725174,K25O04L,21.500,z,I11,116,163,279
0007,60869.005303,258.781215,-16.230333,K25O04L,21.500,g,I11,186,254,279
0008,60869.029059,258.764516,-16.193245,K25O04L,21.500,r,I11,187,261,279
0009,60870.043914,258.094634,-14.609723,K25O04L,21.500,y,I11,251,336,279
0010,60870.122215,258.041504,-14.488162,K25O04L,21.740,r,I11,252,351,279
0000,60868.023077,259.455820,-17.772853,K25O04L,24.342,y,I11,114,154,280
0001,60868.030507,259.450387,-17.761196,K25O04L,21.500,i,I11,115,159,280
0002,60868.053463,259.433589,-17.725174,K25O04L,21.500,z,I11,116,163,280
0003,60869.005303,258.781215,-16.230333,K25O04L,21.500,g,I11,186,254,280
0004,60869.029059,258.764516,-16.193245,K25O04L,21.500,r,I11,187,261,280
0005,60870.043914,258.094634,-14.609723,K25O04L,21.500,y,I11,251,336,280
0006,60870.122215,258.041504,-14.488162,K25O04L,21.740,r,I11,252,351,280
0000,60874.095231,312.157048,-17.703237,K25N01U,21.022,g,I11,437,540,281
0001,60874.118578,312.144674,-17.724632,K25N01U,20.483,r,I11,438,550,281
0002,60874.356519,312.016195,-17.941788,K25N01U,20.343,i,I11,485,605,281
0003,60874.378955,312.004154,-17.962175,K25N01U,20.314,r,I11,486,616,281
0004,60874.384603,312.001128,-17.967306,K25N01U,20.337,r,I11,487,618,281
0005,60876.293360,310.978665,-19.743374,K25N01U,21.481,g,I11,578,780,281
0006,60876.294259,310.978130,-19.744223,K25N01U,21.531,g,I11,579,783,281
0007,60876.349528,310.945994,-19.796176,K25N01U,20.815,g,I11,580,795,281
0008,60876.349981,310.945732,-19.796602,K25N01U,20.816,g,I11,581,796,281
0009,60876.373001,310.932399,-19.818221,K25N01U,20.823,r,I11,582,806,281
0010,60876.373441,310.932174,-19.818625,K25N01U,20.820,r,I11,583,808,281
0000,60874.095231,312.157048,-17.703237,K25N01U,21.022,g,I11,437,540,282
0001,60874.118578,312.144674,-17.724632,K25N01U,20.483,r,I11,438,550,282
0002,60874.356519,312.016195,-17.941788,K25N01U,20.343,i,I11,485,605,282
0003,60874.378955,312.004154,-17.962175,K25N01U,20.314,r,I11,486,616,282
0004,60874.384603,312.001128,-17.967306,K25N01U,20.337,r,I11,487,618,282
0005,60876.293360,310.978665,-19.743374,K25N01U,21.481,g,I11,578,780,282
0006,60876.294259,310.978130,-19.744223,K25N01U,21.531,g,I11,579,783,282
0007,60876.349528,310.945994,-19.796176,K25N01U,20.815,g,I11,580,795,282
0008,60876.349981,310.945732,-19.796602,K25N01U,20.816,g,I11,581,796,282
0009,60876.373001,310.932399,-19.818221,K25N01U,20.823,r,I11,582,806,282
0010,60876.373441,310.932174,-19.818625,K25N01U,20.820,r,I11,583,808,282
0000,60874.095231,312.157048,-17.703237,K25N01U,21.022,g,I11,437,540,283
0001,60874.118578,312.144674,-17.724632,K25N01U,20.483,r,I11,438,550,283
0002,60874.356519,312.016195,-17.941788,K25N01U,20.343,i,I11,485,605,283
0003,60874.378955,312.004154,-17.962175,K25N01U,20.314,r,I11,486,616,283
0004,60874.384603,312.001128,-17.967306,K25N01U,20.337,r,I11,487,618,283
0005,60876.293360,310.978665,-19.743374,K25N01U,21.481,g,I11,578,780,283
0006,60876.294259,310.978130,-19.744223,K25N01U,21.531,g,I11,579,783,283
0007,60876.349528,310.945994,-19.796176,K25N01U,20.815,g,I11,580,795,283
0008,60876.349981,310.945732,-19.796602,K25N01U,20.816,g,I11,581,796,283
0009,60876.373001,310.932399,-19.818221,K25N01U,20.823,r,I11,582,806,283
0010,60876.373441,310.932174,-19.818625,K25N01U,20.820,r,I11,583,808,283
0000,60869.054115,281.959217,-26.547582,K00S01E,23.070,i,I11,190,264,284
0001,60869.077741,281.946905,-26.523749,K00S01E,15.832,z,I11,191,267,284
0002,60870.030180,281.487992,-25.560275,K00S01E,15.195,r,I11,248,332,284
0003,60870.052850,281.476708,-25.537716,K00S01E,15.476,g,I11,249,337,284
0004,60870.076294,281.464995,-25.514367,K00S01E,14.884,r,I11,250,344,284
0005,60870.223596,281.390755,-25.366812,K00S01E,15.560,i,I11,285,374,284
0006,60870.224998,281.390053,-25.365400,K00S01E,14.632,i,I11,286,375,284
0007,60870.244723,281.380182,-25.345528,K00S01E,15.976,z,I11,287,378,284
0008,60870.246114,281.379488,-25.344126,K00S01E,15.338,z,I11,288,379,284
0000,60869.054115,281.959217,-26.547582,K00S01E,23.070,i,I11,190,264,285
0001,60869.077741,281.946905,-26.523749,K00S01E,15.832,z,I11,191,267,285
0002,60870.030180,281.487992,-25.560275,K00S01E,15.195,r,I11,248,332,285
0003,60870.052850,281.476708,-25.537716,K00S01E,15.476,g,I11,249,337,285
0004,60870.076294,281.464995,-25.514367,K00S01E,14.884,r,I11,250,344,285
0005,60870.223596,281.390755,-25.366812,K00S01E,15.560,i,I11,285,374,285
0006,60870.224998,281.390053,-25.365400,K00S01E,14.632,i,I11,286,375,285
0007,60870.244723,281.380182,-25.345528,K00S01E,15.976,z,I11,287,378,285
0008,60870.246114,281.379488,-25.344126,K00S01E,15.338,z,I11,288,379,285
0000,60869.054115,281.959217,-26.547582,K00S01E,23.070,i,I11,190,264,286
0001,60869.077741,281.946905,-26.523749,K00S01E,15.832,z,I11,191,267,286
0002,60870.030180,281.487992,-25.560275,K00S01E,15.195,r,I11,248,332,286
0003,60870.052850,281.476708,-25.537716,K00S01E,15.476,g,I11,249,337,286
0004,60870.076294,281.464995,-25.514367,K00S01E,14.884,r,I11,250,344,286
0005,60870.223596,281.390755,-25.366812,K00S01E,15.560,i,I11,285,374,286
0006,60870.224998,281.390053,-25.365400,K00S01E,14.632,i,I11,286,375,286
0007,60870.244723,281.380182,-25.345528,K00S01E,15.976,z,I11,287,378,286
0008,60870.246114,281.379488,-25.344126,K00S01E,15.338,z,I11,288,379,286
0000,60869.054115,281.959217,-26.547582,K00S01E,23.070,i,I11,190,264,287
0001,60869.077741,281.946905,-26.523749,K00S01E,15.832,z,I11,191,267,287
0002,60870.030180,281.487992,-25.560275,K00S01E,15.195,r,I11,248,332,287
0003,60870.052850,281.476708,-25.537716,K00S01E,15.476,g,I11,249,337,287
0004,60870.076294,281.464995,-25.514367,K00S01E,14.884,r,I11,250,344,287
0005,60870.223596,281.390755,-25.366812,K00S01E,15.560,i,I11,285,374,287
0006,60870.224998,281.390053,-25.365400,K00S01E,14.632,i,I11,286,375,287
0007,60870.244723,281.380182,-25.345528,K00S01E,15.976,z,I11,287,378,287
0008,60870.246114,281.379488,-25.344126,K00S01E,15.338,z,I11,288,379,287
0000,60869.054115,281.959217,-26.547582,K00S01E,23.070,i,I11,190,264,288
0001,60869.077741,281.946905,-26.523749,K00S01E,15.832,z,I11,191,267,288
0002,60870.030180,281.487992,-25.560275,K00S01E,15.195,r,I11,248,332,288
0003,60870.052850,281.476708,-25.537716,K00S01E,15.476,g,I11,249,337,288
0004,60870.076294,281.464995,-25.514367,K00S01E,14.884,r,I11,250,344,288
0005,60870.223596,281.390755,-25.366812,K00S01E,15.560,i,I11,285,374,288
0006,60870.224998,281.390053,-25.365400,K00S01E,14.632,i,I11,286,375,288
0007,60870.244723,281.380182,-25.345528,K00S01E,15.976,z,I11,287,378,288
0008,60870.246114,281.379488,-25.344126,K00S01E,15.338,z,I11,288,379,288
0000,60869.054115,281.959217,-26.547582,K00S01E,23.070,i,I11,190,264,289
0001,60869.077741,281.946905,-26.523749,K00S01E,15.832,z,I11,191,267,289
0002,60870.030180,281.487992,-25.560275,K00S01E,15.195,r,I11,248,332,289
0003,60870.052850,281.476708,-25.537716,K00S01E,15.476,g,I11,249,337,289
0004,60870.076294,281.464995,-25.514367,K00S01E,14.884,r,I11,250,344,289
0005,60870.223596,281.390755,-25.366812,K00S01E,15.560,i,I11,285,374,289
0006,60870.224998,281.390053,-25.365400,K00S01E,14.632,i,I11,286,375,289
0007,60870.244723,281.380182,-25.345528,K00S01E,15.976,z,I11,287,378,289
0008,60870.246114,281.379488,-25.344126,K00S01E,15.338,z,I11,288,379,289
0000,60874.086080,303.084643,-24.630145,K25A02H,20.528,g,I11,426,533,290
0001,60874.109387,303.062306,-24.613002,K25A02H,19.616,r,I11,427,546,290
0002,60874.345196,302.835797,-24.437679,K25A02H,19.679,i,I11,479,600,290
0003,60874.373732,302.808736,-24.416247,K25A02H,19.757,r,I11,480,613,290
0004,60876.113105,301.237616,-23.136662,K25A02H,24.320,u,I11,554,724,290
0005,60876.113644,301.237126,-23.136272,K25A02H,24.324,u,I11,555,725,290
0006,60876.360900,301.012602,-22.955716,K25A02H,20.110,g,I11,602,800,290
0007,60876.384305,300.991705,-22.938481,K25A02H,19.631,r,I11,603,812,290
0000,60874.086080,303.084643,-24.630145,K25A02H,20.528,g,I11,426,533,291
0001,60874.109387,303.062306,-24.613002,K25A02H,19.616,r,I11,427,546,291
0002,60874.345196,302.835797,-24.437679,K25A02H,19.679,i,I11,479,600,291
0003,60874.373732,302.808736,-24.416247,K25A02H,19.757,r,I11,480,613,291
0004,60876.113105,301.237616,-23.136662,K25A02H,24.320,u,I11,554,724,291
0005,60876.113644,301.237126,-23.136272,K25A02H,24.324,u,I11,555,725,291
0006,60876.360900,301.012602,-22.955716,K25A02H,20.110,g,I11,602,800,291
0007,60876.384305,300.991705,-22.938481,K25A02H,19.631,r,I11,603,812,291
0000,60875.287261,358.909365,2.047831,K16P08B,29.291,r,I11,510,667,292
0001,60875.313265,358.934865,2.053336,K16P08B,25.447,i,I11,511,674,292
0002,60876.275082,359.909898,2.256384,K16P08B,28.436,u,I11,576,772,292
0003,60876.275617,359.910435,2.256497,K16P08B,25.887,u,I11,577,773,292
0004,60877.282009,0.948678,2.468552,K16P08B,25.812,r,I11,657,883,292
0005,60877.306191,0.973312,2.473654,K16P08B,25.862,i,I11,658,893,292
0000,60875.287261,358.909365,2.047831,K16P08B,29.291,r,I11,510,667,293
0001,60875.313265,358.934865,2.053336,K16P08B,25.447,i,I11,511,674,293
0002,60876.275082,359.909898,2.256384,K16P08B,28.436,u,I11,576,772,293
0003,60876.275617,359.910435,2.256497,K16P08B,25.887,u,I11,577,773,293
0004,60877.282009,0.948678,2.468552,K16P08B,25.812,r,I11,657,883,293
0005,60877.306191,0.973312,2.473654,K16P08B,25.862,i,I11,658,893,293
0000,60867.043453,260.154429,-19.316348,K25O04L,21.500,z,I11,0,7,294
0001,60867.043910,260.154081,-19.315629,K25O04L,21.500,z,I11,1,8,294
0002,60867.044384,260.153723,-19.314886,K25O04L,27.638,z,I11,2,9,294
0003,60867.044841,260.153376,-19.314167,K25O04L,21.512,z,I11,3,10,294
0004,60868.023077,259.455820,-17.772853,K25O04L,24.342,y,I11,114,154,294
0005,60868.030507,259.450387,-17.761196,K25O04L,21.500,i,I11,115,159,294
0006,60868.053463,259.433589,-17.725174,K25O04L,21.500,z,I11,116,163,294
0007,60869.005303,258.781215,-16.230333,K25O04L,21.500,g,I11,186,254,294
0008,60869.029059,258.764516,-16.193245,K25O04L,21.500,r,I11,187,261,294
0009,60870.043914,258.094634,-14.609723,K25O04L,21.500,y,I11,251,336,294
0010,60870.122215,258.041504,-14.488162,K25O04L,21.740,r,I11,252,351,294
0000,60868.023077,259.455820,-17.772853,K25O04L,24.342,y,I11,114,154,295
0001,60868.030507,259.450387,-17.761196,K25O04L,21.500,i,I11,115,159,295
0002,60868.053463,259.433589,-17.725174,K25O04L,21.500,z,I11,116,163,295
0003,60869.005303,258.781215,-16.230333,K25O04L,21.500,g,I11,186,254,295
0004,60869.029059,258.764516,-16.193245,K25O04L,21.500,r,I11,187,261,295
0005,60870.043914,258.094634,-14.609723,K25O04L,21.500,y,I11,251,336,295
0006,60870.122215,258.041504,-14.488162,K25O04L,21.740,r,I11,252,351,295
0000,60867.043453,260.154429,-19.316348,K25O04L,21.500,z,I11,0,7,296
0001,60867.043910,260.154081,-19.315629,K25O04L,21.500,z,I11,1,8,296
0002,60867.044384,260.153723,-19.314886,K25O04L,27.638,z,I11,2,9,296
0003,60867.044841,260.153376,-19.314167,K25O04L,21.512,z,I11,3,10,296
0004,60868.023077,259.455820,-17.772853,K25O04L,24.342,y,I11,114,154,296
0005,60868.030507,259.450387,-17.761196,K25O04L,21.500,i,I11,115,159,296
0006,60868.053463,259.433589,-17.725174,K25O04L,21.500,z,I11,116,163,296
0007,60869.005303,258.781215,-16.230333,K25O04L,21.500,g,I11,186,254,296
0008,60869.029059,258.764516,-16.193245,K25O04L,21.500,r,I11,187,261,296
0009,60870.043914,258.094634,-14.609723,K25O04L,21.500,y,I11,251,336,296
0010,60870.122215,258.041504,-14.488162,K25O04L,21.740,r,I11,252,351,296
0000,60868.023077,259.455820,-17.772853,K25O04L,24.342,y,I11,114,154,297
0001,60868.030507,259.450387,-17.761196,K25O04L,21.500,i,I11,115,159,297
0002,60868.053463,259.433589,-17.725174,K25O04L,21.500,z,I11,116,163,297
0003,60869.005303,258.781215,-16.230333,K25O04L,21.500,g,I11,186,254,297
0004,60869.029059,258.764516,-16.193245,K25O04L,21.500,r,I11,187,261,297
0005,60870.043914,258.094634,-14.609723,K25O04L,21.500,y,I11,251,336,297
0006,60870.122215,258.041504,-14.488162,K25O04L,21.740,r,I11,252,351,297
0000,60874.095231,312.157048,-17.703237,K25N01U,21.022,g,I11,437,540,298
0001,60874.118578,312.144674,-17.724632,K25N01U,20.483,r,I11,438,550,298
0002,60874.356519,312.016195,-17.941788,K25N01U,20.343,i,I11,485,605,298
0003,60874.378955,312.004154,-17.962175,K25N01U,20.314,r,I11,486,616,298
0004,60874.384603,312.001128,-17.967306,K25N01U,20.337,r,I11,487,618,298
0005,60876.293360,310.978665,-19.743374,K25N01U,21.481,g,I11,578,780,298
0006,60876.294259,310.978130,-19.744223,K25N01U,21.531,g,I11,579,783,298
0007,60876.349528,310.945994,-19.796176,K25N01U,20.815,g,I11,580,795,298
0008,60876.349981,310.945732,-19.796602,K25N01U,20.816,g,I11,581,796,298
0009,60876.373001,310.932399,-19.818221,K25N01U,20.823,r,I11,582,806,298
0010,60876.373441,310.932174,-19.818625,K25N01U,20.820,r,I11,583,808,298
0000,60874.095231,312.157048,-17.703237,K25N01U,21.022,g,I11,437,540,299
0001,60874.118578,312.144674,-17.724632,K25N01U,20.483,r,I11,438,550,299
0002,60874.356519,312.016195,-17.941788,K25N01U,20.343,i,I11,485,605,299
0003,60874.378955,312.004154,-17.962175,K25N01U,20.314,r,I11,486,616,299
0004,60874.384603,312.001128,-17.967306,K25N01U,20.337,r,I11,487,618,299
0005,60876.293360,310.978665,-19.743374,K25N01U,21.481,g,I11,578,780,299
0006,60876.294259,310.978130,-19.744223,K25N01U,21.531,g,I11,579,783,299
0007,60876.349528,310.945994,-19.796176,K25N01U,20.815,g,I11,580,795,299
0008,60876.349981,310.945732,-19.796602,K25N01U,20.816,g,I11,581,796,299
0009,60876.373001,310.932399,-19.818221,K25N01U,20.823,r,I11,582,806,299
0010,60876.373441,310.932174,-19.818625,K25N01U,20.820,r,I11,583,808,299
0000,60874.095231,312.157048,-17.703237,K25N01U,21.022,g,I11,437,540,300
0001,60874.118578,312.144674,-17.724632,K25N01U,20.483,r,I11,438,550,300
0002,60874.356519,312.016195,-17.941788,K25N01U,20.343,i,I11,485,605,300
0003,60874.378955,312.004154,-17.962175,K25N01U,20.314,r,I11,486,616,300
0004,60874.384603,312.001128,-17.967306,K25N01U,20.337,r,I11,487,618,300
0005,60876.293360,310.978665,-19.743374,K25N01U,21.481,g,I11,578,780,300
0006,60876.294259,310.978130,-19.744223,K25N01U,21.531,g,I11,579,783,300
0007,60876.349528,310.945994,-19.796176,K25N01U,20.815,g,I11,580,795,300
0008,60876.349981,310.945732,-19.796602,K25N01U,20.816,g,I11,581,796,300
0009,60876.373001,310.932399,-19.818221,K25N01U,20.823,r,I11,582,806,300
0010,60876.373441,310.932174,-19.818625,K25N01U,20.820,r,I11,583,808,300
0000,60869.054115,281.959217,-26.547582,K00S01E,23.070,i,I11,190,264,301
0001,60869.077741,281.946905,-26.523749,K00S01E,15.832,z,I11,191,267,301
0002,60870.030180,281.487992,-25.560275,K00S01E,15.195,r,I11,248,332,301
0003,60870.052850,281.476708,-25.537716,K00S01E,15.476,g,I11,249,337,301
0004,60870.076294,281.464995,-25.514367,K00S01E,14.884,r,I11,250,344,301
0005,60870.223596,281.390755,-25.366812,K00S01E,15.560,i,I11,285,374,301
0006,60870.224998,281.390053,-25.365400,K00S01E,14.632,i,I11,286,375,301
0007,60870.244723,281.380182,-25.345528,K00S01E,15.976,z,I11,287,378,301
0008,60870.246114,281.379488,-25.344126,K00S01E,15.338,z,I11,288,379,301
0000,60869.054115,281.959217,-26.547582,K00S01E,23.070,i,I11,190,264,302
0001,60869.077741,281.946905,-26.523749,K00S01E,15.832,z,I11,191,267,302
0002,60870.030180,281.487992,-25.560275,K00S01E,15.195,r,I11,248,332,302
0003,60870.052850,281.476708,-25.537716,K00S01E,15.476,g,I11,249,337,302
0004,60870.076294,281.464995,-25.514367,K00S01E,14.884,r,I11,250,344,302
0005,60870.223596,281.390755,-25.366812,K00S01E,15.560,i,I11,285,374,302
0006,60870.224998,281.390053,-25.365400,K00S01E,14.632,i,I11,286,375,302
0007,60870.244723,281.380182,-25.345528,K00S01E,15.976,z,I11,287,378,302
0008,60870.246114,281.379488,-25.344126,K00S01E,15.338,z,I11,288,379,302
0000,60869.054115,281.959217,-26.547582,K00S01E,23.070,i,I11,190,264,303
0001,60869.077741,281.946905,-26.523749,K00S01E,15.832,z,I11,191,267,303
0002,60870.030180,281.487992,-25.560275,K00S01E,15.195,r,I11,248,332,303
0003,60870.052850,281.476708,-25.537716,K00S01E,15.476,g,I11,249,337,303
0004,60870.076294,281.464995,-25.514367,K00S01E,14.884,r,I11,250,344,303
0005,60870.223596,281.390755,-25.366812,K00S01E,15.560,i,I11,285,374,303
0006,60870.224998,281.390053,-25.365400,K00S01E,14.632,i,I11,286,375,303
0007,60870.244723,281.380182,-25.345528,K00S01E,15.976,z,I11,287,378,303
0008,60870.246114,281.379488,-25.344126,K00S01E,15.338,z,I11,288,379,303
0000,60869.054115,281.959217,-26.547582,K00S01E,23.070,i,I11,190,264,304
0001,60869.077741,281.946905,-26.523749,K00S01E,15.832,z,I11,191,267,304
0002,60870.030180,281.487992,-25.560275,K00S01E,15.195,r,I11,248,332,304
0003,60870.052850,281.476708,-25.537716,K00S01E,15.476,g,I11,249,337,304
0004,60870.076294,281.464995,-25.514367,K00S01E,14.884,r,I11,250,344,304
0005,60870.223596,281.390755,-25.366812,K00S01E,15.560,i,I11,285,374,304
0006,60870.224998,281.390053,-25.365400,K00S01E,14.632,i,I11,286,375,304
0007,60870.244723,281.380182,-25.345528,K00S01E,15.976,z,I11,287,378,304
0008,60870.246114,281.379488,-25.344126,K00S01E,15.338,z,I11,288,379,304
0000,60869.054115,281.959217,-26.547582,K00S01E,23.070,i,I11,190,264,305
0001,60869.077741,281.946905,-26.523749,K00S01E,15.832,z,I11,191,267,305
0002,60870.030180,281.487992,-25.560275,K00S01E,15.195,r,I11,248,332,305
0003,60870.052850,281.476708,-25.537716,K00S01E,15.476,g,I11,249,337,305
0004,60870.076294,281.464995,-25.514367,K00S01E,14.884,r,I11,250,344,305
0005,60870.223596,281.390755,-25.366812,K00S01E,15.560,i,I11,285,374,305
0006,60870.224998,281.390053,-25.365400,K00S01E,14.632,i,I11,286,375,305
0007,60870.244723,281.380182,-25.345528,K00S01E,15.976,z,I11,287,378,305
0008,60870.246114,281.379488,-25.344126,K00S01E,15.338,z,I11,288,379,305
0000,60869.054115,281.959217,-26.547582,K00S01E,23.070,i,I11,190,264,306
0001,60869.077741,281.946905,-26.523749,K00S01E,15.832,z,I11,191,267,306
0002,60870.030180,281.487992,-25.560275,K00S01E,15.195,r,I11,248,332,306
0003,60870.052850,281.476708,-25.537716,K00S01E,15.476,g,I11,249,337,306
0004,60870.076294,281.464995,-25.514367,K00S01E,14.884,r,I11,250,344,306
0005,60870.223596,281.390755,-25.366812,K00S01E,15.560,i,I11,285,374,306
0006,60870.224998,281.390053,-25.365400,K00S01E,14.632,i,I11,286,375,306
0007,60870.244723,281.380182,-25.345528,K00S01E,15.976,z,I11,287,378,306
0008,60870.246114,281.379488,-25.344126,K00S01E,15.338,z,I11,288,379,306
0000,60874.086080,303.084643,-24.630145,K25A02H,20.528,g,I11,426,533,307
0001,60874.109387,303.062306,-24.613002,K25A02H,19.616,r,I11,427,546,307
0002,60874.345196,302.835797,-24.437679,K25A02H,19.679,i,I11,479,600,307
0003,60874.373732,302.808736,-24.416247,K25A02H,19.757,r,I11,480,613,307
0004,60876.113105,301.237616,-23.136662,K25A02H,24.320,u,I11,554,724,307
0005,60876.113644,301.237126,-23.136272,K25A02H,24.324,u,I11,555,725,307
0006,60876.360900,301.012602,-22.955716,K25A02H,20.110,g,I11,602,800,307
0007,60876.384305,300.991705,-22.938481,K25A02H,19.631,r,I11,603,812,307
0000,60874.086080,303.084643,-24.630145,K25A02H,20.528,g,I11,426,533,308
0001,60874.109387,303.062306,-24.613002,K25A02H,19.616,r,I11,427,546,308
0002,60874.345196,302.835797,-24.437679,K25A02H,19.679,i,I11,479,600,308
0003,60874.373732,302.808736,-24.416247,K25A02H,19.757,r,I11,480,613,308
0004,60876.113105,301.237616,-23.136662,K25A02H,24.320,u,I11,554,724,308
0005,60876.113644,301.237126,-23.136272,K25A02H,24.324,u,I11,555,725,308
0006,60876.360900,301.012602,-22.955716,K25A02H,20.110,g,I11,602,800,308
0007,60876.384305,300.991705,-22.938481,K25A02H,19.631,r,I11,603,812,308
0000,60867.043453,260.154429,-19.316348,K25O04L,21.500,z,I11,0,7,309
0001,60867.043910,260.154081,-19.315629,K25O04L,21.500,z,I11,1,8,309
0002,60867.044384,260.153723,-19.314886,K25O04L,27.638,z,I11,2,9,309
0003,60867.044841,260.153376,-19.314167,K25O04L,21.512,z,I11,3,10,309
0004,60868.023077,259.455820,-17.772853,K25O04L,24.342,y,I11,114,154,309
0005,60868.030507,259.450387,-17.761196,K25O04L,21.500,i,I11,115,159,309
0006,60868.053463,259.433589,-17.725174,K25O04L,21.500,z,I11,116,163,309
0007,60869.005303,258.781215,-16.230333,K25O04L,21.500,g,I11,186,254,309
0008,60869.029059,258.764516,-16.193245,K25O04L,21.500,r,I11,187,261,309
0009,60870.043914,258.094634,-14.609723,K25O04L,21.500,y,I11,251,336,309
0010,60870.122215,258.041504,-14.488162,K25O04L,21.740,r,I11,252,351,309
0000,60868.023077,259.455820,-17.772853,K25O04L,24.342,y,I11,114,154,310
0001,60868.030507,259.450387,-17.761196,K25O04L,21.500,i,I11,115,159,310
0002,60868.053463,259.433589,-17.725174,K25O04L,21.500,z,I11,116,163,310
0003,60869.005303,258.781215,-16.230333,K25O04L,21.500,g,I11,186,254,310
0004,60869.029059,258.764516,-16.193245,K25O04L,21.500,r,I11,187,261,310
0005,60870.043914,258.094634,-14.609723,K25O04L,21.500,y,I11,251,336,310
0006,60870.122215,258.041504,-14.488162,K25O04L,21.740,r,I11,252,351,310
0000,60867.043453,260.154429,-19.316348,K25O04L,21.500,z,I11,0,7,311
0001,60867.043910,260.154081,-19.315629,K25O04L,21.500,z,I11,1,8,311
0002,60867.044384,260.153723,-19.314886,K25O04L,27.638,z,I11,2,9,311
0003,60867.044841,260.153376,-19.314167,K25O04L,21.512,z,I11,3,10,311
0004,60868.023077,259.455820,-17.772853,K25O04L,24.342,y,I11,114,154,311
0005,60868.030507,259.450387,-17.761196,K25O04L,21.500,i,I11,115,159,311
0006,60868.053463,259.433589,-17.725174,K25O04L,21.500,z,I11,116,163,311
0007,60869.005303,258.781215,-16.230333,K25O04L,21.500,g,I11,186,254,311
0008,60869.029059,258.764516,-16.193245,K25O04L,21.500,r,I11,187,261,311
0009,60870.043914,258.094634,-14.609723,K25O04L,21.500,y,I11,251,336,311
0010,60870.122215,258.041504,-14.488162,K25O04L,21.740,r,I11,252,351,311
0000,60868.023077,259.455820,-17.772853,K25O04L,24.342,y,I11,114,154,312
0001,60868.030507,259.450387,-17.761196,K25O04L,21.500,i,I11,115,159,312
0002,60868.053463,259.433589,-17.725174,K25O04L,21.500,z,I11,116,163,312
0003,60869.005303,258.781215,-16.230333,K25O04L,21.500,g,I11,186,254,312
0004,60869.029059,258.764516,-16.193245,K25O04L,21.500,r,I11,187,261,312
0005,60870.043914,258.094634,-14.609723,K25O04L,21.500,y,I11,251,336,312
0006,60870.122215,258.041504,-14.488162,K25O04L,21.740,r,I11,252,351,312
0000,60874.095231,312.157048,-17.703237,K25N01U,21.022,g,I11,437,540,313
0001,60874.118578,312.144674,-17.724632,K25N01U,20.483,r,I11,438,550,313
0002,60874.356519,312.016195,-17.941788,K25N01U,20.343,i,I11,485,605,313
0003,60874.378955,312.004154,-17.962175,K25N01U,20.314,r,I11,486,616,313
0004,60874.384603,312.001128,-17.967306,K25N01U,20.337,r,I11,487,618,313
0005,60876.293360,310.978665,-19.743374,K25N01U,21.481,g,I11,578,780,313
0006,60876.294259,310.978130,-19.744223,K25N01U,21.531,g,I11,579,783,313
0007,60876.349528,310.945994,-19.796176,K25N01U,20.815,g,I11,580,795,313
0008,60876.349981,310.945732,-19.796602,K25N01U,20.816,g,I11,581,796,313
0009,60876.373001,310.932399,-19.818221,K25N01U,20.823,r,I11,582,806,313
0010,60876.373441,310.932174,-19.818625,K25N01U,20.820,r,I11,583,808,313
0000,60874.095231,312.157048,-17.703237,K25N01U,21.022,g,I11,437,540,314
0001,60874.118578,312.144674,-17.724632,K25N01U,20.483,r,I11,438,550,314
0002,60874.356519,312.016195,-17.941788,K25N01U,20.343,i,I11,485,605,314
0003,60874.378955,312.004154,-17.962175,K25N01U,20.314,r,I11,486,616,314
0004,60874.384603,312.001128,-17.967306,K25N01U,20.337,r,I11,487,618,314
0005,60876.293360,310.978665,-19.743374,K25N01U,21.481,g,I11,578,780,314
0006,60876.294259,310.978130,-19.744223,K25N01U,21.531,g,I11,579,783,314
0007,60876.349528,310.945994,-19.796176,K25N01U,20.815,g,I11,580,795,314
0008,60876.349981,310.945732,-19.796602,K25N01U,20.816,g,I11,581,796,314
0009,60876.373001,310.932399,-19.818221,K25N01U,20.823,r,I11,582,806,314
0010,60876.373441,310.932174,-19.818625,K25N01U,20.820,r,I11,583,808,314
0000,60874.095231,312.157048,-17.703237,K25N01U,21.022,g,I11,437,540,315
0001,60874.118578,312.144674,-17.724632,K25N01U,20.483,r,I11,438,550,315
0002,60874.356519,312.016195,-17.941788,K25N01U,20.343,i,I11,485,605,315
0003,60874.378955,312.004154,-17.962175,K25N01U,20.314,r,I11,486,616,315
0004,60874.384603,312.001128,-17.967306,K25N01U,20.337,r,I11,487,618,315
0005,60876.293360,310.978665,-19.743374,K25N01U,21.481,g,I11,578,780,315
0006,60876.294259,310.978130,-19.744223,K25N01U,21.531,g,I11,579,783,315
0007,60876.349528,310.945994,-19.796176,K25N01U,20.815,g,I11,580,795,315
0008,60876.349981,310.945732,-19.796602,K25N01U,20.816,g,I11,581,796,315
0009,60876.373001,310.932399,-19.818221,K25N01U,20.823,r,I11,582,806,315
0010,60876.373441,310.932174,-19.818625,K25N01U,20.820,r,I11,583,808,315
0000,60869.054115,281.959217,-26.547582,K00S01E,23.070,i,I11,190,264,316
0001,60869.077741,281.946905,-26.523749,K00S01E,15.832,z,I11,191,267,316
0002,60870.030180,281.487992,-25.560275,K00S01E,15.195,r,I11,248,332,316
0003,60870.052850,281.476708,-25.537716,K00S01E,15.476,g,I11,249,337,316
0004,60870.076294,281.464995,-25.514367,K00S01E,14.884,r,I11,250,344,316
0005,60870.223596,281.390755,-25.366812,K00S01E,15.560,i,I11,285,374,316
0006,60870.224998,281.390053,-25.365400,K00S01E,14.632,i,I11,286,375,316
0007,60870.244723,281.380182,-25.345528,K00S01E,15.976,z,I11,287,378,316
0008,60870.246114,281.379488,-25.344126,K00S01E,15.338,z,I11,288,379,316
0000,60869.054115,281.959217,-26.547582,K00S01E,23.070,i,I11,190,264,317
0001,60869.077741,281.946905,-26.523749,K00S01E,15.832,z,I11,191,267,317
0002,60870.030180,281.487992,-25.560275,K00S01E,15.195,r,I11,248,332,317
0003,60870.052850,281.476708,-25.537716,K00S01E,15.476,g,I11,249,337,317
0004,60870.076294,281.464995,-25.514367,K00S01E,14.884,r,I11,250,344,317
0005,60870.223596,281.390755,-25.366812,K00S01E,15.560,i,I11,285,374,317
0006,60870.224998,281.390053,-25.365400,K00S01E,14.632,i,I11,286,375,317
0007,60870.244723,281.380182,-25.345528,K00S01E,15.976,z,I11,287,378,317
0008,60870.246114,281.379488,-25.344126,K00S01E,15.338,z,I11,288,379,317
0000,60869.054115,281.959217,-26.547582,K00S01E,23.070,i,I11,190,264,318
0001,60869.077741,281.946905,-26.523749,K00S01E,15.832,z,I11,191,267,318
0002,60870.030180,281.487992,-25.560275,K00S01E,15.195,r,I11,248,332,318
0003,60870.052850,281.476708,-25.537716,K00S01E,15.476,g,I11,249,337,318
0004,60870.076294,281.464995,-25.514367,K00S01E,14.884,r,I11,250,344,318
0005,60870.223596,281.390755,-25.366812,K00S01E,15.560,i,I11,285,374,318
0006,60870.224998,281.390053,-25.365400,K00S01E,14.632,i,I11,286,375,318
0007,60870.244723,281.380182,-25.345528,K00S01E,15.976,z,I11,287,378,318
0008,60870.246114,281.379488,-25.344126,K00S01E,15.338,z,I11,288,379,318
0000,60869.054115,281.959217,-26.547582,K00S01E,23.070,i,I11,190,264,319
0001,60869.077741,281.946905,-26.523749,K00S01E,15.832,z,I11,191,267,319
0002,60870.030180,281.487992,-25.560275,K00S01E,15.195,r,I11,248,332,319
0003,60870.052850,281.476708,-25.537716,K00S01E,15.476,g,I11,249,337,319
0004,60870.076294,281.464995,-25.514367,K00S01E,14.884,r,I11,250,344,319
0005,60870.223596,281.390755,-25.366812,K00S01E,15.560,i,I11,285,374,319
0006,60870.224998,281.390053,-25.365400,K00S01E,14.632,i,I11,286,375,319
0007,60870.244723,281.380182,-25.345528,K00S01E,15.976,z,I11,287,378,319
0008,60870.246114,281.379488,-25.344126,K00S01E,15.338,z,I11,288,379,319
0000,60869.054115,281.959217,-26.547582,K00S01E,23.070,i,I11,190,264,320
0001,60869.077741,281.946905,-26.523749,K00S01E,15.832,z,I11,191,267,320
0002,60870.030180,281.487992,-25.560275,K00S01E,15.195,r,I11,248,332,320
0003,60870.052850,281.476708,-25.537716,K00S01E,15.476,g,I11,249,337,320
0004,60870.076294,281.464995,-25.514367,K00S01E,14.884,r,I11,250,344,320
0005,60870.223596,281.390755,-25.366812,K00S01E,15.560,i,I11,285,374,320
0006,60870.224998,281.390053,-25.365400,K00S01E,14.632,i,I11,286,375,320
0007,60870.244723,281.380182,-25.345528,K00S01E,15.976,z,I11,287,378,320
0008,60870.246114,281.379488,-25.344126,K00S01E,15.338,z,I11,288,379,320
0000,60869.054115,281.959217,-26.547582,K00S01E,23.070,i,I11,190,264,321
0001,60869.077741,281.946905,-26.523749,K00S01E,15.832,z,I11,191,267,321
0002,60870.030180,281.487992,-25.560275,K00S01E,15.195,r,I11,248,332,321
0003,60870.052850,281.476708,-25.537716,K00S01E,15.476,g,I11,249,337,321
0004,60870.076294,281.464995,-25.514367,K00S01E,14.884,r,I11,250,344,321
0005,60870.223596,281.390755,-25.366812,K00S01E,15.560,i,I11,285,374,321
0006,60870.224998,281.390053,-25.365400,K00S01E,14.632,i,I11,286,375,321
0007,60870.244723,281.380182,-25.345528,K00S01E,15.976,z,I11,287,378,321
0008,60870.246114,281.379488,-25.344126,K00S01E,15.338,z,I11,288,379,321
0000,60874.086080,303.084643,-24.630145,K25A02H,20.528,g,I11,426,533,322
0001,60874.109387,303.062306,-24.613002,K25A02H,19.616,r,I11,427,546,322
0002,60874.345196,302.835797,-24.437679,K25A02H,19.679,i,I11,479,600,322
0003,60874.373732,302.808736,-24.416247,K25A02H,19.757,r,I11,480,613,322
0004,60876.113105,301.237616,-23.136662,K25A02H,24.320,u,I11,554,724,322
0005,60876.113644,301.237126,-23.136272,K25A02H,24.324,u,I11,555,725,322
0006,60876.360900,301.012602,-22.955716,K25A02H,20.110,g,I11,602,800,322
0007,60876.384305,300.991705,-22.938481,K25A02H,19.631,r,I11,603,812,322
0000,60874.086080,303.084643,-24.630145,K25A02H,20.528,g,I11,426,533,323
0001,60874.109387,303.062306,-24.613002,K25A02H,19.616,r,I11,427,546,323
0002,60874.345196,302.835797,-24.437679,K25A02H,19.679,i,I11,479,600,323
0003,60874.373732,302.808736,-24.416247,K25A02H,19.757,r,I11,480,613,323
0004,60876.113105,301.237616,-23.136662,K25A02H,24.320,u,I11,554,724,323
0005,60876.113644,301.237126,-23.136272,K25A02H,24.324,u,I11,555,725,323
0006,60876.360900,301.012602,-22.955716,K25A02H,20.110,g,I11,602,800,323
0007,60876.384305,300.991705,-22.938481,K25A02H,19.631,r,I11,603,812,323
