detid,mjd,ra,dec,mag,band1,obscode,ObjID
0,60866.99720128285,241.86790019739163,-21.00909339854104,19.15654876400665,z,I11,K25M90A
1,60866.99811365454,239.3993648859233,-24.44402435150212,18.718264925964235,z,I11,K18B06Y
2,60866.99811365454,240.7955688563561,-22.796268383986767,21.5,z,I11,K24A01Q
3,60866.99811365454,239.1928005813924,-24.12923510516975,23.356862395796615,z,I11,K25M89G
4,60866.998584337925,242.86357744546865,-24.023621530780872,19.99942754145949,z,I11,K25J01G
5,60867.0434532144,260.1544288127021,-19.316348916571823,21.5,z,I11,K25O04L
6,60867.0439104197,260.1540813306925,-19.31562906764074,21.5,z,I11,K25O04L
7,60867.04438396735,260.1537224523549,-19.314885629123832,27.638453399162398,z,I11,K25O04L
8,60867.04484129885,260.15337569843143,-19.314167325340524,21.51248389805051,z,I11,K25O04L
9,60867.05052725336,257.86763126325684,-25.98481888803716,21.5,z,I11,K25O07Y
10,60867.050985048096,257.8688454767663,-25.984895098443765,21.5,z,I11,K25O07Y
11,60867.05371017553,245.69871767511648,-16.162317485791853,20.21187944716153,z,I11,K25M92E
12,60867.05659139965,257.2021588840296,-19.92260741377756,21.5,z,I11,K25O01N
13,60867.0996096235,241.26742280104423,-21.11366284400535,18.676156722020608,z,I11,K25M90A
14,60867.1133680498,240.636328195035,-22.68997419319374,24.164404042667737,z,I11,K24A01Q
15,60867.1133680498,239.06092462259417,-24.14272370861216,21.420527036296143,z,I11,K18B06Y
16,60867.1133680498,238.88991261797088,-24.052829720765622,21.5,z,I11,K25M89G
17,60867.12780902828,242.9866948739448,-24.19034836942585,19.774450813159923,z,I11,K25J01G
18,60867.142821631525,251.8445806675641,-27.42483366856536,19.227526806895337,z,I11,K25F23V
19,60867.14328051693,251.8455354669008,-27.42449202058897,19.07536998359727,z,I11,K25F23V
20,60867.16172493424,333.89956865997647,-12.895744230128871,18.362703069670147,z,I11,K12O00Q
21,60867.16435370475,343.05321076853016,-13.0163326656735,18.76100801210699,z,I11,K24A04W
22,60867.17244998134,329.4521134314619,-8.698663979337272,20.671230111256826,z,I11,K25O02D
23,60867.18700441221,258.2290116829015,-26.0027681429475,21.5,z,I11,K25O07Y
24,60867.19832381072,351.73071058027983,-5.425696407351768,24.919397947866315,z,I11,K25O13V
25,60867.19832381072,350.38412760861416,-6.810883959872305,19.52460060089978,z,I11,K02A31V
26,60867.19978978099,346.74312766604925,1.1383245246746208,20.81401683477821,z,I11,K25N01V
27,60867.20042877372,355.7034669904415,-14.075827119186464,19.19202229383628,z,I11,K22M03A
28,60867.20042877372,355.2406581622364,-12.63359039901047,20.38922148668968,z,I11,K05O00X
29,60867.20089050902,356.68025684310936,-9.953694777178466,19.21727733658154,z,I11,K08A04F
30,60867.20089050902,355.24122816041523,-12.633346715228924,20.278502616408296,z,I11,K05O00X
31,60867.20429257884,353.3319132256462,-3.056007458074207,21.739284924082494,z,I11,K20B05A
32,60867.20693667607,354.4530083181743,0.1698526172349438,21.5,z,I11,K18B01J
33,60867.20693667607,353.89217997890364,-0.8152007694719845,22.32099122773362,z,I11,K25N02Y
34,60867.20745065743,356.6885817714622,-9.953602814015545,19.224199164470203,z,I11,K08A04F
35,60867.207925342445,355.10938468996324,-1.4541294290336344,19.62838749239298,z,I11,K25L00F
36,60867.21190984493,346.7385259041427,1.1552035454288416,20.770012223923278,z,I11,K25N01V
37,60867.2123670789,346.738351393413,1.155840113581562,20.82070302650321,z,I11,K25N01V
38,60867.21419200119,339.2103605443227,-5.71942956756569,21.24532349660335,z,I11,K22Y06N
39,60867.214664708925,330.14396719907074,-13.136470773430124,20.352068402959336,z,I11,K25N00E
40,60867.21975088841,355.26446855984784,-12.623387340161807,19.722741457851452,z,I11,K05O00X
41,60867.21975088841,355.7644074564658,-13.967687909005674,19.203369786896506,z,I11,K22M03A
42,60867.2201879924,355.26500642073404,-12.623156297913138,19.80534549819413,z,I11,K05O00X
43,60867.2201879924,355.7657791990932,-13.96524102021046,19.63217385850604,z,I11,K22M03A
44,60867.220645200665,355.2655688681186,-12.62291466778414,19.626912801085965,z,I11,K05O00X
45,60867.220645200665,356.7053037411328,-9.953415573916573,19.001405449577405,z,I11,K08A04F
46,60867.22108158529,356.70585710650465,-9.953409315942556,18.989346260319817,z,I11,K08A04F
47,60867.22108158529,355.26610667216266,-12.622683599159592,19.787076729347334,z,I11,K05O00X
48,60867.228771514885,3.743555261774635,-0.3017613368969313,22.956560904162632,z,I11,K20X02O
49,60867.22981424252,353.9501785313288,-0.7901815393732272,22.84316925706865,z,I11,K25N02Y
50,60867.22981424252,354.52271481504783,0.2059130832160128,21.5,z,I11,K18B01J
51,60867.23033587259,356.717568239388,-9.9532758746697,19.40372744341806,z,I11,K08A04F
52,60867.23077773936,356.7181272686555,-9.953269455579443,19.429706414484265,z,I11,K08A04F
53,60867.23455750483,0.8840427081845588,4.620161214693901,21.5,z,I11,K21T13V
54,60867.23906225369,334.01875057339964,-12.772089324396775,18.74845039596084,z,I11,K12O00Q
55,60867.24192464088,330.1772673067236,-13.180066538984178,21.010929697183137,z,I11,K25N00E
56,60867.24300089078,339.1351665789184,-18.45292046286559,20.446553186237377,z,I11,K25M91V
57,60867.25462970081,350.4464043301736,-6.833015242304416,19.641879085559125,z,I11,K02A31V
58,60867.25462970081,351.75710269823264,-5.37321478982614,25.558285779948804,z,I11,K25O13V
59,60867.25508802342,351.7573134202432,-5.372787749095551,24.11908735363977,z,I11,K25O13V
60,60867.25508802342,350.4469086595923,-6.833195235102523,19.639392332393623,z,I11,K02A31V
61,60867.25554947891,355.2370305441338,-1.4699786020486094,19.91188925884255,z,I11,K25L00F
62,60867.25600776806,355.2382453067575,-1.470130671946189,20.032453071874805,z,I11,K25L00F
63,60867.25647144779,353.35873047090814,-3.010018935927892,22.039392670578103,z,I11,K20B05A
64,60867.25692885797,353.35896104337,-3.0096157629167,22.964824410565285,z,I11,K20B05A
65,60867.25738953833,354.0196342038976,-0.76003365812065,21.5,z,I11,K25N02Y
66,60867.25738953833,354.6066458240669,0.2494650592069973,21.5,z,I11,K18B01J
67,60867.25784694459,354.02078137921865,-0.75953413089719,21.5,z,I11,K25N02Y
68,60867.25784694459,354.6080360940835,0.2501875938421206,21.5,z,I11,K18B01J
69,60867.25834255485,3.8071773392203214,-0.2809380965134608,21.5,z,I11,K20X02O
70,60867.26036123876,355.24977970087565,-1.4715756413680603,20.46209730316156,z,I11,K25L00F
71,60867.260819561336,355.2509947737005,-1.4717279672610133,20.61806707600745,z,I11,K25L00F
72,60867.26222001844,355.25469952042016,-1.4721925324147604,20.871659029408896,z,I11,K25L00F
73,60867.26267733583,355.25590841491487,-1.4723441649020894,25.342319371191262,z,I11,K25L00F
74,60867.26313888251,0.9183934313721216,4.634877950475207,21.5,z,I11,K21T13V
75,60867.26313888251,359.72702410212594,2.9055479598466625,18.805020179352997,z,I11,K20B01Y
76,60867.2635973374,359.72754787854115,2.905863942959102,17.06691745881603,z,I11,K20B01Y
77,60867.2635973374,0.9189431651835084,4.6351137655668815,23.538850637633992,z,I11,K21T13V
78,60867.27308537573,329.2371103545853,-8.67419924958989,21.5,z,I11,K25O02D
79,60867.27355580979,326.59929165603745,-11.76140297958764,20.23384047080657,z,I11,K25M01G
80,60867.279365956536,353.1517701484822,1.9800404564708467,19.893967587667483,z,I11,K19O00J
81,60867.28160204416,346.71118608097385,1.2523789332557196,20.291986802157204,z,I11,K25N01V
82,60867.28205835004,346.7110030689706,1.253015396021022,20.341868091143525,z,I11,K25N01V
83,60867.293837315694,355.3553210270588,-12.584016569460898,21.00547078810795,z,I11,K05O00X
84,60867.29429681023,355.35588350745223,-12.583770750548709,20.91662939208944,z,I11,K05O00X
85,60867.29476169351,355.99614410991967,-13.54682294993638,19.456116503199222,z,I11,K22M03A
86,60867.29476169351,355.3564520877961,-12.583522241556054,20.964214733210508,z,I11,K05O00X
87,60867.29522016187,355.99753898818943,-13.54424748273016,19.800592088562897,z,I11,K22M03A
88,60867.29522016187,355.35701209515906,-12.583277455766776,21.06971246775693,z,I11,K05O00X
89,60867.2956937506,356.7999513841452,-9.952271621449512,19.315009916570148,z,I11,K08A04F
90,60867.29615096907,356.80052578487783,-9.952264153228352,19.210292723048227,z,I11,K08A04F
91,60867.29662125088,356.80111650732823,-9.952256465364655,19.284812655573788,z,I11,K08A04F
92,60867.2970797185,356.80169338616054,-9.9522489503805,19.22723779566431,z,I11,K08A04F
93,60867.297906824606,339.31550074625585,-5.6731957589575694,21.5,z,I11,K22Y06N
94,60867.30298011372,3.902775197164062,-0.2494746111847382,28.22686534448419,z,I11,K20X02O
95,60867.30343849526,3.903755929792714,-0.2491508813940782,25.74570484210534,z,I11,K20X02O
96,60867.304823184415,0.96834711837678,4.656336875419228,21.5,z,I11,K21T13V
97,60867.30528046232,0.9688951965957882,4.656572608207324,21.5,z,I11,K21T13V
98,60867.3185426501,4.08035708544424,5.122990359957366,23.57165232061196,z,I11,K23Y01O
99,60867.31899768378,7.108381215822293,6.219024250447861,24.49394566207814,z,I11,K14QT5O
100,60867.319439577725,6.051481455037965,3.465080580005443,26.403841430101693,z,I11,K22O02O
101,60867.319439577725,7.342720975951868,3.528812899412744,21.5,z,I11,K16C29N
102,60867.319895617096,8.696364281532666,2.942275874303004,21.836354966335023,z,I11,K18B05J
103,60867.319895617096,7.34325802571645,3.5291169113165983,27.1522759842548,z,I11,K16C29N
104,60867.32035066445,10.46880508876614,3.802729652171657,21.5,z,I11,K06D00L
105,60867.32216867061,7.362103834363181,14.239688760644247,21.5,z,I11,K11Q08X
106,60867.32261048703,4.691977528612768,14.597154340503389,21.5,z,I11,K18B01V
107,60867.32261048703,5.250086645519162,15.067078711574414,21.5,z,I11,K21P23L
108,60867.326527629935,334.15196031897244,-12.629607055876304,18.680663633010603,z,I11,K12O00Q
109,60867.32970165221,330.2840108193096,-13.320310763257677,19.657316682255026,z,I11,K25N00E
110,60867.3351708414,17.54871702093019,1.1745713872036132,23.87685011519899,z,I11,K18M04X
111,60867.3351708414,16.514498764151874,1.309449785684828,25.979302763941355,z,I11,K08T10S
112,60867.33562925777,15.566488849788044,4.057806281621748,21.5,z,I11,K19F01C
113,60867.33607985517,15.73099163253085,8.657251645457642,21.5,z,I11,K23O03R
114,60867.33607985517,15.499361677029082,6.846775001121789,21.5,z,I11,K22U01C
115,60867.33607985517,15.169321107687852,8.192280654950652,21.5,z,I11,K16AG4H
116,60867.33607985517,14.697644726961329,7.378234808869612,21.5,z,I11,K20Q03E
117,60867.33607985517,13.574502967376828,7.928874321049475,21.776268511874,z,I11,K20M02P
118,60867.33607985517,16.85620941778717,7.831565742792115,22.278879150490752,z,I11,K17W13W
119,60867.336535968345,16.856644466503422,7.831752816402866,24.34030403807816,z,I11,K17W13W
120,60867.336535968345,15.153902269835202,9.312911102195692,25.4512824097746,z,I11,K19R01H
121,60867.336535968345,15.73113750571606,8.658237450517316,23.803685557575577,z,I11,K23O03R
122,60867.336535968345,17.136807498660936,7.932745709325333,27.910873447177188,z,I11,K20U04X
123,60867.336535968345,16.398956788466492,10.666929866446765,21.5,z,I11,K18S03J
124,60867.33697812162,16.399473681264283,10.66713615508482,21.5,z,I11,K18S03J
125,60867.33922846678,15.156520626392371,9.313941798430267,23.56634082389828,z,I11,K19R01H
126,60867.33967172839,12.56447906772554,6.883675429125656,24.29493882119064,z,I11,K16R17Y
127,60867.34149082658,353.40070670521584,-2.934884189273121,22.330888955290355,z,I11,K20B05A
128,60867.34195675317,354.23025743379355,-0.6676513059046244,22.84425912071504,z,I11,K25N02Y
129,60867.34195675317,354.863835249139,0.383593064274285,21.5,z,I11,K18B01J
130,60867.34240200433,350.5426401530527,-6.86747891462492,19.5501074336844,z,I11,K02A31V
131,60867.34240200433,351.79665689003986,-5.291310098984286,21.5,z,I11,K25O13V
132,60867.3440490917,19.198510632973075,7.933258329625649,21.5,z,I11,K23T09A
133,60867.344701140406,355.47000213375486,-1.499429457338436,19.6140778884988,z,I11,K25L00F
134,60867.34780108692,354.8816223681855,0.3928931315401828,24.39382506131965,z,I11,K18B01J
135,60867.348245330526,354.8829739372874,0.3935998695779075,25.03191197374096,z,I11,K18B01J
136,60867.35165539942,17.563411387153927,1.1894162516862334,21.5,z,I11,K18M04X
137,60867.35335517926,18.95175367843798,-2.741581765970223,23.488333670723463,z,I11,K20T02H
138,60867.35383649688,20.805205265661805,5.56050894704723,21.5,z,I11,K24A04R
139,60867.35383649688,20.29503401369556,5.973052822867616,21.5,z,I11,K16P08C
140,60867.97476421378,255.94591747558465,-27.794749466924333,21.5,i,I11,K25O01Y
141,60867.97611405618,257.98162866769644,-18.907299185280547,19.332097903616443,i,I11,K25O01N
142,60867.978828967214,253.6412471490441,-26.81138731586841,18.92539320097833,i,I11,K25F23V
143,60867.98582144045,255.9704992173787,-27.79110431578827,21.5,r,I11,K25O01Y
144,60868.00736131608,253.69862512106835,-26.791167969230205,18.85314942587018,r,I11,K25F23V
145,60868.01041125521,245.94213242217364,-20.60808822734868,19.44344311703544,r,I11,K25N01W
146,60868.01261241672,258.0056115337365,-18.86810091141664,22.42190734844681,r,I11,K25O01N
147,60868.01305321577,260.4618132609053,-14.448057698166092,20.58595401437014,r,I11,K25H06V
148,60868.01446100362,254.1039350197497,-13.078211589176403,20.05921634227572,r,I11,K25D49K
149,60868.01677753034,245.0272460797549,-9.511187445508616,21.5,r,I11,K20O03O
150,60868.020598745614,248.2231582759902,-17.77587201167527,19.64967871267006,r,I11,K25M92E
151,60868.0210856312,248.22434979175125,-17.776729688527347,19.901202986943822,r,I11,K25M92E
152,60868.0230767473,259.45581667169154,-17.772851086179593,24.342414566446912,y,I11,K25O04L
153,60868.02406101499,260.65566948866683,-26.09315543679609,21.5,y,I11,K25O07Y
154,60868.025993758914,264.1395183939873,-27.801293133773704,23.77652204811963,y,I11,K16A09M
155,60868.02749569036,262.3470499746818,-14.052836196626426,22.063047408129652,y,I11,K25M01T
156,60868.03005137948,262.34324864706946,-14.05142020192524,20.12582370552017,i,I11,K25M01T
157,60868.03050752108,259.45038706629794,-17.76119591664312,21.5,i,I11,K25O04L
158,60868.030963837904,258.0172001278696,-18.84816182758828,24.18182470190666,i,I11,K25O01N
159,60868.03140586958,260.4765040099185,-14.461947596460549,20.76060154469391,i,I11,K25H06V
160,60868.03320986207,254.1109029416445,-13.105839848404418,20.033326388403434,i,I11,K25D49K
161,60868.05346314634,259.4335881222298,-17.725173575446853,21.5,z,I11,K25O04L
162,60868.053937816265,258.03137106838875,-18.8229617682636,22.857762098328763,z,I11,K25O01N
163,60868.054400611305,260.4948336135046,-14.479309855196943,21.22595280059285,z,I11,K25H06V
164,60868.05627051322,254.1194130122022,-13.139760471380225,20.574154029623543,z,I11,K25D49K
165,60868.058228455455,245.04195160978568,-9.56096485283192,21.5,z,I11,K20O03O
166,60868.06123416222,258.0358096278889,-18.814901233277023,23.32157891566256,z,I11,K25O01N
167,60868.080096944,245.0496822752928,-9.587167528412248,26.886800993403995,y,I11,K20O03O
168,60868.083650168446,254.1294619366059,-13.179941504016991,22.41529095540304,y,I11,K25D49K
169,60868.08928635512,245.05293394860865,-9.59816584395813,21.5,y,I11,K20O03O
170,60868.09285438091,254.13283368958164,-13.19342663251924,21.975839577249943,y,I11,K25D49K
171,60868.09516221703,254.1336790487032,-13.196806382282263,20.15558472877196,r,I11,K25D49K
172,60868.09623200953,260.52802823366903,-14.510770104408644,20.63021204711804,r,I11,K25H06V
173,60868.09675923505,262.2423703587338,-14.013564994703414,19.95477436805561,r,I11,K25M01T
174,60868.10007333001,245.0567574111327,-9.61106765933158,26.617497543657624,r,I11,K20O03O
175,60868.10624845521,254.1377402991966,-13.21303176784816,20.204227368121437,i,I11,K25D49K
176,60868.10731500834,260.5368052600118,-14.519077568608363,20.663071049244586,i,I11,K25H06V
177,60868.10785432764,262.2254166358721,-14.007093703424871,20.04729090152921,i,I11,K25M01T
178,60868.1169022657,239.30619629610808,-21.741895732623647,25.557651488348736,i,I11,K24A01Q
179,60868.11787676494,236.50320412039588,-23.39804320219491,23.313096444135205,i,I11,K25M89G
180,60868.11787676494,236.2865996978746,-21.30101498725924,20.78433779878283,i,I11,K18B06Y
181,60868.12407286624,245.94638342067407,-20.36260064678681,20.703284717261525,z,I11,K25N01W
182,60868.12459791452,248.4773649678016,-17.956578140409206,20.82272233067454,z,I11,K25M92E
183,60868.15092921988,254.154163699862,-13.278251906864252,21.119940966608123,z,I11,K25D49K
184,60868.15637567097,239.25165550532807,-21.703407402393232,29.408486032675,z,I11,K24A01Q
185,60868.157340406586,236.16332120434453,-21.17900885212292,19.560347871853608,z,I11,K18B06Y
186,60868.157340406586,236.4109333537895,-23.37198757464017,24.95363889338561,z,I11,K25M89G
187,60868.16100896652,244.06804404000923,-25.50762864812577,19.963149072286026,z,I11,K25J01G
188,60868.16317270641,245.94816946789408,-20.2772964551128,21.34230710785141,y,I11,K25N01W
189,60868.163649297465,248.57435029629465,-18.023134223082867,21.74265639846095,y,I11,K25M92E
190,60868.17131300285,254.16172112020223,-13.30791915898421,21.885008912739952,y,I11,K25D49K
191,60868.17657482922,239.2238745114514,-21.6836229299684,21.5,y,I11,K24A01Q
192,60868.17747722736,236.10099630487733,-21.11619984367752,22.05363116673513,y,I11,K18B06Y
193,60868.17747722736,236.36424435624448,-23.358591790300245,26.632444284423748,y,I11,K25M89G
194,60868.18116244382,244.08813037895544,-25.532677886500185,21.313513908925675,y,I11,K25J01G
195,60868.18652444839,254.05451628813967,-26.66005795445608,18.51788907138813,i,I11,K25F23V
196,60868.19979291533,259.32654366510434,-17.494838438797117,21.5,i,I11,K25O04L
197,60868.20030295369,258.12046419091143,-18.655746018571893,21.5,i,I11,K25O01N
198,60868.200749345415,258.12075108799564,-18.65521946128657,23.489942613556835,i,I11,K25O01N
199,60868.204419440604,254.09012515268097,-26.646571684427123,18.744293402345527,i,I11,K25F23V
200,60868.210917565535,256.4662467541912,-27.70383354594613,21.5,z,I11,K25O01Y
201,60868.210917565535,254.10307567879508,-26.641660235725443,19.039426192300997,z,I11,K25F23V
202,60868.224420208135,258.1362647004783,-18.627144516164314,21.5,z,I11,K25O01N
203,60868.22486311238,258.1365607622173,-18.62661677984884,21.5,z,I11,K25O01N
204,60868.22849630834,254.1381731983045,-26.62833801576441,19.08254268417113,z,I11,K25F23V
205,60868.23828008401,345.5064676305136,-13.794503586460616,19.810367871828483,y,I11,K24A04W
206,60868.24952714378,358.0485931905849,-9.933270353604112,20.30662731072073,y,I11,K08A04F
207,60868.249976207386,359.0353566089075,-8.154078072248446,20.71708169419072,y,I11,K22M03A
208,60868.27152111049,340.6366165936837,-5.115663081381573,21.5,y,I11,K22Y06N
209,60868.27903715089,344.98005721479217,-19.272271582597817,21.5,y,I11,K25O00D
210,60868.27949597237,345.6006085371108,-13.825253015950766,19.82377345288998,y,I11,K24A04W
211,60868.28044000891,351.6239183281004,-7.2428470503689635,20.596740805374807,y,I11,K02A31V
212,60868.28186084732,358.0906469168905,-9.932767770642434,20.25473850553964,y,I11,K08A04F
213,60868.28230769726,359.129522180245,-7.973440915358016,20.937758575228656,y,I11,K22M03A
214,60868.28552215035,352.264269592918,-4.415288905293585,21.5,y,I11,K25O13V
215,60868.28646656273,357.9170846833605,1.9392186761306525,24.661280730230377,y,I11,K18B01J
216,60868.28691385544,356.65812757425994,0.3523193255318522,21.5,y,I11,K25N02Y
217,60868.28736393049,353.9313898884373,-2.089839431984179,21.5,y,I11,K20B05A
218,60868.28824317141,353.5116021557033,3.1193995561482866,20.74618366087148,y,I11,K19O00J
219,60868.29052492406,346.345343818602,2.6831097287091352,21.134308158982595,y,I11,K25N01V
220,60868.29371943694,340.66588212705346,-5.102635294265589,21.5,y,I11,K22Y06N
221,60868.30692939673,345.66315875247585,-13.845646023933206,18.10818521660173,i,I11,K24A04W
222,60868.30834165321,351.6552935033825,-7.254338678326991,19.225146797051952,i,I11,K02A31V
223,60868.30879703889,352.274238763373,-4.393866704090599,24.180597909512983,i,I11,K25O13V
224,60868.30925148678,353.94208277687346,-2.070148490664547,21.53242215695973,i,I11,K20B05A
225,60868.30971697021,356.71347633651743,0.3766303972870433,21.5,i,I11,K25N02Y
226,60868.31195930536,356.6714662855934,-12.014408963627076,19.291541292466604,i,I11,K05O00X
227,60868.312407986574,359.2161516208611,-7.805212836267987,25.01086379113677,i,I11,K22M03A
228,60868.31329827896,358.0996826161654,-1.8097287835144635,19.478184635429027,i,I11,K25L00F
229,60868.31797456741,0.9729977897927896,3.645171408603026,21.5,i,I11,K20B01Y
230,60868.31797456741,2.2143177838143866,5.179556858308174,21.5,i,I11,K21T13V
231,60868.32111726908,353.9103850044313,10.777806264649882,28.25323900757296,i,I11,K21R04R
232,60868.32111726908,355.70371750177145,9.465280071278508,16.805262965798104,i,I11,K05J21F
233,60868.321996621664,353.52309685742784,3.158383963858027,19.615837143882956,i,I11,K19O00J
234,60868.324265053045,346.3305331752781,2.731793255389716,20.46068602425921,i,I11,K25N01V
235,60868.32597070037,61.41427336858794,-50.28759929563484,13.330871036217705,i,I11,K00EE8Z
236,60868.32897769913,61.41316295384608,-50.2827579785544,14.004879373673148,g,I11,K00EE8Z
237,60868.32941187395,61.413002219070535,-50.28205920657816,14.069492366445887,g,I11,K00EE8Z
238,60868.33729991883,63.74724046877761,-47.7783532717861,18.96170883222921,i,I11,K16L00T
239,60868.337733245775,63.74798900447693,-47.77740549319686,18.861709252374546,i,I11,K16L00T
240,60868.33986336714,63.75166664979193,-47.77274333638237,19.589884604219115,g,I11,K16L00T
241,60868.340297858405,63.75241679267691,-47.771791230275575,19.657701955785495,g,I11,K16L00T
242,60868.34408434911,17.83935108622712,1.907575961347162,21.5,y,I11,K08T10S
243,60868.344537590834,14.483400393093342,3.8392655377088274,21.5,y,I11,K23Q02D
244,60868.34633897156,5.579123108721048,2.406409596964345,21.5,y,I11,K22O02O
245,60868.34633897156,6.214542689939771,0.4953129811944571,21.5,y,I11,K20X02O
246,60868.34684252306,5.578863450790923,2.405897708871114,24.67931278236967,y,I11,K22O02O
247,60868.98782752191,255.6973507032676,-26.075003842694333,22.661402668173174,g,I11,K25F23V
248,60868.98827403176,258.4050339811845,-27.37433087247312,21.5,g,I11,K25O01Y
249,60868.9887214605,263.4662837717722,-26.14616095302987,29.076157973923323,g,I11,K25O07Y
250,60868.98961179071,258.40819663686017,-27.37379712774377,21.5,g,I11,K25O01Y
251,60869.00483202619,258.87737039329767,-17.723117008237868,22.670007621978183,g,I11,K25O01N
252,60869.00530271976,258.7812150116944,-16.230332911433972,21.5,g,I11,K25O04L
253,60869.0075881276,251.0965418569696,-19.53491130814008,20.176935083683997,g,I11,K25M92E
254,60869.01123975751,255.74211248594727,-26.058480513466844,18.87325059355293,r,I11,K25F23V
255,60869.01168697384,258.4602175757381,-27.364877292187742,23.590423272907827,r,I11,K25O01Y
256,60869.01213022754,263.53152280080474,-26.14803138817922,21.5,r,I11,K25O07Y
257,60869.018713403726,263.5497974358948,-26.14851607342106,21.5,r,I11,K25O07Y
258,60869.02857694296,258.8935278842951,-17.696042646262182,22.67758638073552,r,I11,K25O01N
259,60869.029059303495,258.7645155070319,-16.19324465520953,21.5,r,I11,K25O04L
260,60869.02951673205,254.5298604123104,-14.53851722353678,20.54156899480707,r,I11,K25D49K
261,60869.04572943804,261.3299964142083,-15.213349884676402,20.65398700051873,i,I11,K25H06V
262,60869.05411529021,281.95921706885656,-26.54758194243616,23.0700154254641,i,I11,K00S01E
263,60869.06735006382,261.0836696975578,-13.450524450873552,20.01758289727977,i,I11,K25M01T
264,60869.07446677316,275.888092478486,-34.31818973427535,21.5,z,I11,K08C74M
265,60869.07774056456,281.9469045928645,-26.523748831480454,15.831522863999892,z,I11,K00S01E
266,60869.09122440398,261.0490429388457,-13.4372732776499,20.57779708223496,z,I11,K25M01T
267,60869.09353130657,261.0456904337807,-13.435981680794974,19.886069150090872,r,I11,K25M01T
268,60869.09405093687,261.0449343281974,-13.43569014012445,19.98253993973728,r,I11,K25M01T
269,60869.09577554517,245.48063476823503,-10.79479250947668,21.5,r,I11,K20O03O
270,60869.09577554517,244.707987054491,-10.133086673625307,20.97257855288361,r,I11,K25M89U
271,60869.09625913583,244.707936089228,-10.133779755108332,20.910028240473423,r,I11,K25M89U
272,60869.10152751158,261.37416662232647,-15.254311544877798,20.495663699312388,r,I11,K25H06V
273,60869.1058251404,261.0278065522063,-13.429060602753822,20.09259716933125,i,I11,K25M01T
274,60869.10634152494,261.0270542814348,-13.428768250050284,20.06350566302432,i,I11,K25M01T
275,60869.10801522969,244.23838079660192,-10.171537096303474,20.37858171394088,i,I11,K25O00M
276,60869.10801522969,245.48514278214748,-10.809200615964205,25.6836304401656,i,I11,K20O03O
277,60869.10801522969,244.7067022488564,-10.15064243902959,20.897655429885216,i,I11,K25M89U
278,60869.10849323425,244.7066523786013,-10.151327809780486,20.77203587203045,i,I11,K25M89U
279,60869.117614497,246.08598308833416,-18.15852075195879,21.495862541118413,i,I11,K25N01W
280,60869.1186064597,237.97391065142065,-20.757377345197067,21.5,i,I11,K24A01Q
281,60869.12548848582,245.1082011220048,-26.713342225203647,19.38103933131282,i,I11,K25J01G
282,60869.12660292998,245.10932676211056,-26.71470620780201,19.37634591918316,i,I11,K25J01G
283,60869.29035708895,9.619091390122096,-0.1687819321198204,21.5,i,I11,K22Q01P
284,60869.29035708895,8.360675266753796,1.1829639891205974,23.021994104213448,i,I11,K20X02O
285,60869.2912739019,5.151822510197295,1.4577363598426365,21.5,i,I11,K22O02O
286,60869.291720430985,5.1515982622495615,1.4572937470568328,21.5,i,I11,K22O02O
287,60869.292171163324,1.4048929338235636,3.708939288437457,24.02742069886504,i,I11,K18B01J
288,60869.29261507311,359.16747202427075,1.4081337075825084,23.720941514879865,i,I11,K25N02Y
289,60869.29491134465,3.437970444360944,5.689346337230008,21.5,i,I11,K21T13V
290,60869.29491134465,2.169320932297654,4.353460046071965,21.5,i,I11,K20B01Y
291,60869.29535762122,3.821234732669502,7.135465139184428,21.6956878616924,i,I11,K23Y01O
292,60869.295802700566,2.5026194402573725,11.081352412704982,21.5,i,I11,K16X18H
293,60869.296697599886,357.78780936978023,9.463553668157688,19.382903757224845,i,I11,K05J21F
294,60869.29896331317,353.8771895688512,4.31084207942413,19.57800438827494,i,I11,K19O00J
295,60869.300831753935,348.8511684871357,3.2377830522480635,20.141697157660357,i,I11,K24P03R
296,60869.30129327139,345.94577910495207,4.163392813993807,20.289702226716635,i,I11,K25N01V
297,60869.302753428245,354.492487347521,-1.1674901515574163,21.60056899351057,i,I11,K20B05A
298,60869.30871918995,358.0370445201391,-11.41272470930146,20.882427114607577,z,I11,K05O00X
299,60869.3138207817,8.413275583592872,1.2002286290893087,21.5,z,I11,K20X02O
300,60869.314741088805,5.139986568211558,1.4345040484134517,23.5978548544547,z,I11,K22O02O
301,60869.31519324006,5.139757416023071,1.434056655010201,21.5,z,I11,K22O02O
302,60869.3156472295,1.4877481068136524,3.751643228834292,21.5,z,I11,K18B01J
303,60869.31609022063,359.22276402292835,1.4324087316211205,21.5,z,I11,K25N02Y
304,60869.31842325837,3.467127527232046,5.701712278234681,24.84919962998868,z,I11,K21T13V
305,60869.31842325837,2.1980573194670314,4.370814148798921,27.49364959985257,z,I11,K20B01Y
306,60869.31887164501,3.814395249631512,7.159784317587063,22.19294001096142,z,I11,K23Y01O
307,60869.31931701081,2.5225083821080547,11.095068912882589,22.70491035315525,z,I11,K16X18H
308,60869.32021494921,357.8370958985009,9.463378861618462,19.08521038186172,z,I11,K05J21F
309,60869.321121838366,353.88483560053123,4.337556485824556,19.83909066781295,z,I11,K19O00J
310,60869.32247860959,353.885303161483,4.339193126810427,19.961297488552237,z,I11,K19O00J
311,60869.32436857897,348.84146415439204,3.216209020474809,20.8900817389651,z,I11,K24P03R
312,60869.32483567648,345.1955372268651,5.8869803232341615,22.111081067981587,z,I11,K18X06T
313,60869.32483567648,345.93460723625674,4.198460421374134,20.18086464568275,z,I11,K25N01V
314,60869.32630240977,354.50380609860656,-1.145922175662269,21.887053632401084,z,I11,K20B05A
315,60869.328250700906,352.85748896764983,-7.682228648361993,20.20992584087853,z,I11,K02A31V
316,60869.354316539626,61.057907340155566,-48.582338971974096,14.472428116991631,r,I11,K00EE8Z
317,60869.35910621908,61.05616553848822,-48.57462520689349,16.437139578005926,z,I11,K00EE8Z
318,60869.35954153868,61.05600630313551,-48.57392282189492,15.77046254370158,z,I11,K00EE8Z
319,60869.35997580036,61.055847689588894,-48.57322364022018,14.96826058458359,z,I11,K00EE8Z
320,60869.36042637218,61.05568311414728,-48.572498662246616,14.76720650938988,z,I11,K00EE8Z
321,60869.36086173591,61.05552354795434,-48.57179621990912,16.400592991164718,z,I11,K00EE8Z
322,60869.36129812508,61.05536387270024,-48.57109375831338,15.48966564140417,z,I11,K00EE8Z
323,60869.976166156455,260.94996118312486,-26.892068519661272,21.5,r,I11,K25O01Y
324,60869.97753407529,257.61841242351244,-25.35892386427836,18.320611486929604,r,I11,K25F23V
325,60869.97846212849,254.25857116040825,-21.36340248018775,19.218430946273106,r,I11,K25M92E
326,60869.98760764829,260.9787311906183,-26.886693140754897,21.5,i,I11,K25O01Y
327,60869.98898069146,257.6393117574112,-25.350970532036545,18.472585174241257,i,I11,K25F23V
328,60869.989898325104,254.29461923498,-21.386357010239813,19.66494740355642,i,I11,K25M92E
329,60870.019631121184,276.85412681602065,-33.358963259327695,21.5,r,I11,K08C74M
330,60870.03017966804,281.4879805941031,-25.560270963290584,15.194864391113684,r,I11,K00S01E
331,60870.04243088271,264.4509800131018,-17.56868482410485,21.15762308701602,y,I11,K25O00M
332,60870.043408761805,262.1673289917819,-15.933729883080904,22.3011795213128,y,I11,K25H06V
333,60870.043408761805,259.8309679069416,-16.468395339603713,23.394607987910625,y,I11,K25O01N
334,60870.04391406891,258.094633830852,-14.60972313330454,21.5,y,I11,K25O04L
335,60870.05284965613,281.4767081891589,-25.53771569398581,15.476269178078685,g,I11,K00S01E
336,60870.05516085497,300.4888810642321,-29.60010749914248,22.934252762841968,g,I11,K25O09V
337,60870.05834804871,296.16199793862444,-16.3613552993375,21.026493866680987,g,I11,K18P22D
338,60870.05879109084,296.16111643527165,-16.361628098184394,20.99706721130069,g,I11,K18P22D
339,60870.066665766375,259.9483348636041,-12.89350382786327,20.6316694590168,g,I11,K25M01T
340,60870.069198427605,244.6719410082548,-11.518302312778063,21.729660026747357,g,I11,K25M89U
341,60870.069198427605,245.9086431202632,-11.934283806264162,21.5,g,I11,K20O03O
342,60870.076294048566,281.4649840135028,-25.51436267700292,14.883949070263458,r,I11,K00S01E
343,60870.07861367667,300.52605277249614,-29.566450984431764,22.62499089318765,r,I11,K25O09V
344,60870.07999386575,297.9876548466495,-23.685775828245035,20.221360340714877,r,I11,K21N00X
345,60870.08177656986,296.1152844639012,-16.37575455541489,21.68176992948129,r,I11,K18P22D
346,60870.09319051043,245.917762976732,-11.96210913884164,21.5,r,I11,K20O03O
347,60870.104418822986,296.0699753813743,-16.389610564094767,22.71104546324746,y,I11,K18P22D
348,60870.11305568343,296.05265456646765,-16.39487927430498,23.74790234937151,y,I11,K18P22D
349,60870.12221498528,258.041504078108,-14.488162230364848,21.740208333454493,r,I11,K25O04L
350,60870.12562228623,245.93016479547344,-11.999629074466606,24.755266208606518,r,I11,K20O03O
351,60870.127570723766,244.66693842871248,-11.600351628800462,21.387560626330064,r,I11,K25M89U
352,60870.127570723766,245.930914439893,-12.00188057016439,21.5,r,I11,K20O03O
353,60870.12990818059,237.604658515347,-14.72914332018902,16.811149621711376,r,I11,K14Qh2X
354,60870.14646514954,259.8382103501216,-12.850004834879906,20.038835320053906,i,I11,K25M01T
355,60870.150365424815,245.93973144679424,-12.028186285218345,21.5,i,I11,K20O03O
356,60870.15229246705,245.94048145939544,-12.030407814244816,21.5,i,I11,K20O03O
357,60870.15229246705,244.66495719809805,-11.635000226535476,21.10711834301385,i,I11,K25M89U
358,60870.15466595369,237.69954340666624,-14.784097767695812,16.770673477322568,i,I11,K14Qh2X
359,60870.17124678206,246.2571247652073,-27.989068704976543,19.331465374908564,i,I11,K25J01G
360,60870.18312363741,262.2774934718308,-16.033103141381872,21.208138093537144,i,I11,K25H06V
361,60870.18406659446,259.92881679423016,-16.29319706194958,21.49012036630354,i,I11,K25O01N
362,60870.1855301375,255.0110817220641,-16.126885040906924,20.205888578761822,i,I11,K25D49K
363,60870.18648734717,254.91006414760693,-21.76838041400933,19.55411481853816,i,I11,K25M92E
364,60870.18695773787,254.911572388587,-21.769265554557048,19.655827717865616,i,I11,K25M92E
365,60870.195438670766,246.28258513693552,-28.017651602934954,20.118666530664548,z,I11,K25J01G
366,60870.19817599308,258.01549285927365,-25.201265854976707,21.5,z,I11,K25F23V
367,60870.20713598918,262.296536506695,-16.049985667422558,20.70419897304464,z,I11,K25H06V
368,60870.20808119146,259.9463627917328,-16.262323256761913,22.1373621309076,z,I11,K25O01N
369,60870.20952819983,255.0202884309544,-16.158830812984007,21.04072753151289,z,I11,K25D49K
370,60870.2104731678,254.98734822194683,-21.813298494363423,20.396644276379156,z,I11,K25M92E
371,60870.21094793753,254.98888902469432,-21.814184882756816,19.98909842602677,z,I11,K25M92E
372,60870.223596134594,281.3907558845385,-25.366812074383304,15.560321104879224,i,I11,K00S01E
373,60870.22499771346,281.3900527393645,-25.3654005412718,14.631923529528724,i,I11,K00S01E
374,60870.23516199002,267.0920530816592,-26.13567597599442,21.5,i,I11,K25O07Y
375,60870.23977209598,276.9853029439232,-33.15553132068237,21.5,i,I11,K08C74M
376,60870.244722903386,281.38018247608073,-25.34552823593686,15.976457774538083,z,I11,K00S01E
377,60870.24611409451,281.3794881474138,-25.34412594472833,15.33806418428368,z,I11,K00S01E
378,60870.25603768712,267.15075252079777,-26.13358949043736,22.394343561782808,z,I11,K25O07Y
379,60870.25648287835,261.64968287281806,-26.740998553983843,24.00224030139081,z,I11,K25O01Y
380,60870.26066164594,276.9982119388592,-33.1339772716877,23.696375327934987,z,I11,K08C74M
381,60870.27242703572,10.637166224560346,1.9099104120366768,21.5,y,I11,K20X02O
382,60870.28108841968,12.034218821914406,-0.2106224682489235,22.132087309442827,y,I11,K18B05J
383,60870.28332377657,10.66217989920846,1.9180536639765693,21.5,y,I11,K20X02O
384,60870.298889655285,300.8616685940815,-29.24030232840054,23.27250304999101,r,I11,K25O09V
385,60870.29985810839,306.78995543088394,-27.471509176305247,19.67538398142339,r,I11,K25A02H
386,60870.30259403819,3.6676289284406174,8.167100132837627,22.460298859916666,r,I11,K23Y01O
387,60870.3030510607,4.722147519741623,6.2204690136102645,22.950177839005523,r,I11,K21T13V
388,60870.3030510607,3.44650631138142,5.1084500959349,22.829001355076795,r,I11,K20B01Y
389,60870.3030510607,5.166255069998478,5.59501173158494,22.57619231694462,r,I11,K18B01J
390,60870.30396650007,5.761383419344284,12.005153299048729,21.5,r,I11,K18R01S
391,60870.31935794238,295.4993470654852,-8.998976685134295,27.96428337630822,i,I11,K25O11L
392,60870.32075616172,298.02875360776005,-16.916312260524137,23.8188203986357,i,I11,K25O03Z
393,60870.33272388912,300.9133575253447,-29.188441987692507,22.79002359679078,i,I11,K25O09V
394,60870.33459489048,306.753493638708,-27.4451192432661,19.629377964446427,i,I11,K25A02H
395,60870.3350651969,309.13090043799747,-23.886648501398664,20.04669721787723,i,I11,K25M00V
396,60870.35737535657,300.9514221079811,-29.15041511368263,22.962114371324983,z,I11,K25O09V
397,60870.35927660022,306.72768491785,-27.426317371593125,20.213496208027514,z,I11,K25A02H
398,60870.359736042505,309.17503652021554,-23.9036648307502,20.6632407565626,z,I11,K25M00V
399,60870.3755868193,306.7106840230972,-27.4138726418051,19.641433976535065,i,I11,K25A02H
400,60870.376497457735,309.2053383374454,-23.915061631120352,20.157630177476648,i,I11,K25M00V
401,60870.38152112459,298.08732013596097,-16.886014163604738,21.48649026530776,i,I11,K25O03Z
402,60870.38199475337,298.26285874027826,-23.838181109228792,20.48776894071439,i,I11,K21N00X
403,60870.38788081351,300.9991101436573,-29.103121238921656,22.370996814674868,i,I11,K25O09V
404,60870.3925957784,306.6930048861465,-27.400879446757862,20.141227378586077,z,I11,K25A02H
405,60870.39352871119,309.2364248158072,-23.926518515532425,20.323665045824903,z,I11,K25M00V
406,60870.97718793001,247.17909409824512,-28.94960981291039,21.21812982009141,r,I11,K25J01G
407,60870.98133662295,263.68082821511393,-26.322290112032448,21.5,r,I11,K25O01Y
408,60870.98179515384,259.4716113908429,-24.643416939070413,21.20356927629585,r,I11,K25F23V
409,60870.98655834957,247.18906700129844,-28.96082315728181,21.571588371020315,r,I11,K25J01G
410,60870.98837348755,247.1909973498303,-28.962994148354344,21.58828045783232,i,I11,K25J01G
411,60870.992986869394,259.4910123000888,-24.635764903383617,23.008829863182005,i,I11,K25F23V
412,60870.99777106704,247.20097411064947,-28.97421604794405,22.846217307233346,i,I11,K25J01G
413,60871.000068990776,259.5032598565361,-24.63091338779858,22.408981351559888,g,I11,K25F23V
414,60871.00143333261,255.36705572717608,-17.2012053664223,25.503904607408582,g,I11,K25D49K
415,60871.002384913925,257.4893509076304,-13.127175849677768,25.35826514560564,g,I11,K25O04L
416,60871.00560115921,246.4249777273716,-13.691468770846155,26.302133099439903,g,I11,K25N01W
417,60871.009667098464,240.87875196406333,-16.539123854640863,21.91609726482092,g,I11,K14Qh2X
418,60871.01535560134,269.4383315271538,-26.079435310834423,23.77581657261583,g,I11,K25O07Y
419,60871.02219363958,281.02909385613265,-24.570654150759665,19.400066220412704,g,I11,K00S01E
420,60871.03232416787,262.99433214204805,-16.62891229513087,26.40467043505556,g,I11,K25H06V
421,60871.033743878455,255.37938098335343,-17.243171071267636,25.486850898181974,g,I11,K25D49K
422,60871.0389055526,269.5043689257406,-26.07825693341581,23.9757005958177,r,I11,K25O07Y
423,60871.03981456637,266.5262904205613,-29.50886958064608,24.296486367837737,r,I11,K07A02C
424,60871.04025655575,266.5253583576188,-29.5086374139635,24.87492843563208,r,I11,K07A02C
425,60871.058536580334,260.8197595983245,-15.182476320325003,26.46367017032543,r,I11,K25O01N
426,60872.00289522409,221.6418202931307,-39.31053581730432,22.551531917602787,r,I11,K22P20K
427,60872.01016848745,221.6514903720827,-39.310327398346224,20.280937315161328,r,I11,K22P20K
428,60872.97539740044,223.04626515405545,-39.27780695352369,19.06994332810861,r,I11,K22P20K
429,60872.976320514106,223.047534867346,-39.27777404728842,19.031318929813608,r,I11,K22P20K
430,60872.97678056924,223.04816765123388,-39.27775755482995,19.025909112654908,r,I11,K22P20K
431,60872.97774140938,223.0494895990153,-39.27772290062093,19.081462914323385,r,I11,K22P20K
432,60872.97820081768,223.050120989444,-39.27770625362344,19.14742798316202,r,I11,K22P20K
433,60872.97865722337,223.0507482485076,-39.277689654455735,19.10600394386914,r,I11,K22P20K
434,60872.97911224615,223.05137412712008,-39.27767303110933,19.09647930771376,r,I11,K22P20K
435,60872.98192747536,223.0552476160036,-39.27756880150441,19.061489982484684,r,I11,K22P20K
436,60872.98237955251,223.05586934546665,-39.27755185518552,19.142396844523148,r,I11,K22P20K
437,60872.98626371632,223.0612117742624,-39.277403767662285,19.14323123488095,r,I11,K22P20K
438,60872.99007103499,223.06644835981515,-39.27725431723331,19.750766399811926,g,I11,K22P20K
439,60872.99156337592,223.0685020654049,-39.27719454375844,19.657471643729973,g,I11,K22P20K
440,60872.99400238824,223.0718557908261,-39.27709552657828,19.730985533692778,g,I11,K22P20K
441,60872.99541423975,223.07379822878312,-39.2770373795063,19.80598501347593,g,I11,K22P20K
442,60872.99589228521,223.074455813356,-39.27701756216131,19.74202516938572,g,I11,K22P20K
443,60873.00180590533,223.0825925535308,-39.27676680951573,19.823010665038375,g,I11,K22P20K
444,60873.00282468571,223.0839947296484,-39.27672256411572,19.82203869149725,g,I11,K22P20K
445,60873.00329389751,223.08464011042497,-39.27670209723531,19.793983134149585,g,I11,K22P20K
446,60873.14166531446,223.27717210623075,-39.26802277055855,19.10667189532001,i,I11,K22P20K
447,60873.14395545456,223.28041898833447,-39.26784061949124,19.06298033808268,i,I11,K22P20K
448,60873.14441279354,223.281066973988,-39.26780416720505,19.122453738208776,i,I11,K22P20K
449,60873.14487017262,223.2817150632656,-39.26776767615673,19.07126350826107,i,I11,K22P20K
450,60873.14532845619,223.28236609334087,-39.26773098651623,19.07034867619596,i,I11,K22P20K
451,60873.14762014261,223.28561714334884,-39.26754727997887,19.11816520110261,i,I11,K22P20K
452,60873.14807644411,223.2862659654758,-39.26751052060517,19.17368802454895,i,I11,K22P20K
453,60873.14853263344,223.2869134724104,-39.2674738041073,19.110507055833143,i,I11,K22P20K
454,60873.152183515725,223.2921015924893,-39.26717849315151,19.14376416422117,i,I11,K22P20K
455,60873.15514737979,223.296317070866,-39.26693711622717,19.6227895383676,g,I11,K22P20K
456,60873.15560602791,223.29697049872524,-39.26689958961419,19.62947658036677,g,I11,K22P20K
457,60873.15606590657,223.29762546025253,-39.26686194534511,19.63898201171599,g,I11,K22P20K
458,60873.15744064521,223.2995838814632,-39.26674920903624,19.64602916695788,g,I11,K22P20K
459,60873.15972467338,223.302839183332,-39.2665612475722,19.645869669799083,g,I11,K22P20K
460,60873.161096252064,223.30479453891388,-39.26644801002662,19.667151834947013,g,I11,K22P20K
461,60873.16155352765,223.3054479722689,-39.26641011366297,19.66896732383418,g,I11,K22P20K
462,60873.16201303399,223.30610294364783,-39.26637210069452,19.695415482760623,g,I11,K22P20K
463,60873.16246597684,223.30674946298564,-39.26633455150964,19.65947309244038,g,I11,K22P20K
464,60873.16429620897,223.3093623434137,-39.26618253073789,19.641467566276788,g,I11,K22P20K
465,60873.16658076435,223.3126273929968,-39.26599197595291,19.692395555497168,g,I11,K22P20K
466,60873.16703584885,223.3132778807033,-39.26595393556585,19.69554287696101,g,I11,K22P20K
467,60873.16795061381,223.3145863435281,-39.26587734115702,19.660842807334205,g,I11,K22P20K
468,60873.168409642574,223.31524289059075,-39.26583887059488,19.65026862320746,g,I11,K22P20K
469,60873.1705832555,223.3183526734604,-39.26565631477149,19.066360648925205,r,I11,K22P20K
470,60873.17104054775,223.31900844604107,-39.26561774848008,19.066051836399676,r,I11,K22P20K
471,60873.171497593765,223.3196629015131,-39.26557923572374,19.050984087269093,r,I11,K22P20K
472,60873.1719582736,223.32032176909985,-39.26554043934999,19.085495408657767,r,I11,K22P20K
473,60873.17241441244,223.32097502127323,-39.26550195005305,19.04923479646808,r,I11,K22P20K
474,60873.17287485469,223.3216355528104,-39.26546300816086,19.09050394685898,r,I11,K22P20K
475,60873.17333449959,223.3222947683685,-39.26542412025947,19.09619812421656,r,I11,K22P20K
476,60873.17379164815,223.3229497997596,-39.26538545602268,19.107630353706146,r,I11,K22P20K
477,60873.17471527954,223.32427311370915,-39.26530727560809,19.08376048567618,r,I11,K22P20K
478,60873.17517138898,223.3249284934296,-39.265268522043165,19.070705358437174,r,I11,K22P20K
479,60873.17654421207,223.32689676244763,-39.26515200119574,19.07765895207735,r,I11,K22P20K
480,60873.17792113291,223.328873256374,-39.26503479441112,19.05244510224896,r,I11,K22P20K
481,60873.17838279411,223.3295366303384,-39.264995412214894,19.13274275256252,r,I11,K22P20K
482,60873.18067281686,223.3328265479653,-39.264799783058535,19.10070634658358,r,I11,K22P20K
483,60873.18112906058,223.33348200917607,-39.26476074513605,19.078539044301728,r,I11,K22P20K
484,60873.18250323623,223.33545772686887,-39.26464295375902,19.09992017497138,r,I11,K22P20K
485,60873.18386844436,223.3374229973469,-39.2645256074936,19.081656994087997,r,I11,K22P20K
486,60873.18704275743,223.3419935361664,-39.2642520406962,23.916912869361763,u,I11,K22P20K
487,60873.187596011805,223.3427904401593,-39.26420425112973,23.51179344060892,u,I11,K22P20K
488,60873.18925306136,223.34517931659792,-39.26406083587245,23.84994768239333,u,I11,K22P20K
489,60873.19090866932,223.34756832626744,-39.26391718404204,23.385265547429984,u,I11,K22P20K
490,60873.192556169175,223.34994591946784,-39.26377399984401,23.17854794995843,u,I11,K22P20K
491,60873.194753083626,223.35311992885715,-39.26358252731536,23.810516583914925,u,I11,K22P20K
492,60873.19529908665,223.3539091704073,-39.26353486027084,23.13149011873769,u,I11,K22P20K
493,60873.195845679074,223.3547000316216,-39.263487073646665,23.21012220779278,u,I11,K22P20K
494,60873.19694461605,223.3562895095085,-39.26339096710119,23.49711001629269,u,I11,K22P20K
495,60873.19804334804,223.3578782443366,-39.26329482114485,24.088973134371155,u,I11,K22P20K
496,60873.19859990474,223.3586844563285,-39.263245999879935,23.473451036687564,u,I11,K22P20K
497,60873.19914567351,223.3594749231323,-39.2631981118998,23.533053320983097,u,I11,K22P20K
498,60873.20080402108,223.3618763496065,-39.26305250939837,23.88790073458597,u,I11,K22P20K
499,60873.2044163522,223.3671135234792,-39.26273438027532,19.952215165574597,z,I11,K22P20K
500,60873.204866400345,223.3677679858568,-39.262694571575686,19.942571569368678,z,I11,K22P20K
501,60873.206245054505,223.3697683972527,-39.26257282348465,20.096467054182504,z,I11,K22P20K
502,60873.20670004632,223.37042915832768,-39.26253258597791,20.056235065706492,z,I11,K22P20K
503,60873.207152874966,223.37108713629888,-39.26249250709744,19.998500919025872,z,I11,K22P20K
504,60873.2076113134,223.3717525003092,-39.26245196746645,19.976452237376375,z,I11,K22P20K
505,60873.21036872236,223.3757618522889,-39.26220746254638,20.04303237990067,z,I11,K22P20K
506,60873.21174390299,223.37776240744063,-39.26208532738701,19.986001258779403,z,I11,K22P20K
507,60873.212204461415,223.37843339190565,-39.262044344546354,20.009982421787413,z,I11,K22P20K
508,60873.21311726023,223.379761180306,-39.2619632181814,19.862906324247824,z,I11,K22P20K
509,60873.21357783287,223.38043254358143,-39.26192218542808,20.08789084696998,z,I11,K22P20K
510,60873.21404055965,223.3811069476933,-39.26188095812655,20.024404035315552,z,I11,K22P20K
511,60873.21495980236,223.3824459401401,-39.26179907843541,19.99526023972891,z,I11,K22P20K
512,60873.2158746037,223.3837796088169,-39.26171749220277,20.0675384846031,z,I11,K22P20K
513,60873.21678582323,223.38510794701216,-39.261636201588175,19.985836322838733,z,I11,K22P20K
514,60873.983050890194,272.6227645654344,-24.07061951594705,24.216119171038542,i,I11,K25O01Y
515,60873.9947439665,272.65810208179465,-24.06082753448691,23.43396970662736,z,I11,K25O01Y
516,60874.00949156808,281.59525751053724,-33.220146946368125,23.964188787786345,g,I11,K11C03Z
517,60874.01243835797,289.8023122785307,-25.52825068617265,18.798980244230915,g,I11,K25O00O
518,60874.016762183295,291.73037092478705,-24.498967017649907,23.93089956017624,g,I11,K25O07X
519,60874.02493080098,279.63605429806023,-11.80386069107224,21.5,g,I11,K11A37L
520,60874.027397474085,279.76338099378245,-21.671630795319924,15.92029147753478,g,I11,K00S01E
521,60874.030175292624,278.2441491339724,-25.52158417622801,21.5,g,I11,K25O07Y
522,60874.037020718286,289.88528832693936,-25.454249496369645,18.00880856698136,r,I11,K25O00O
523,60874.04136181613,291.75642437368265,-24.50860058232241,23.961464390588787,r,I11,K25O07X
524,60874.04281797073,295.0145359968945,-25.223371583510826,20.292657300183407,r,I11,K25O01U
525,60874.04751356392,288.642669520219,-18.534178056784008,21.02799247467209,r,I11,K18P22D
526,60874.05039347085,279.6661073931296,-11.852314499465113,21.5,r,I11,K11A37L
527,60874.052935466345,279.7527942778677,-21.647879789596743,15.57399180378573,r,I11,K00S01E
528,60874.06258555604,273.20152356152954,-18.480143270691297,21.5,u,I11,K25M02D
529,60874.08472908415,302.29165423886434,-14.914115005002524,21.52679596288428,g,I11,K25O03Z
530,60874.08472908415,302.692832256871,-14.891657346799043,21.81814113391362,g,I11,K25O11L
531,60874.0860801468,303.08464321865176,-24.63014540913262,20.52779361508204,g,I11,K25A02H
532,60874.089200062255,306.6913923316039,-23.55032390134065,21.33717553402092,g,I11,K25O09V
533,60874.09071190367,310.1117054865943,-24.981382323187447,19.235624014912183,g,I11,K25O00M
534,60874.09071190367,308.7716881702788,-25.98422111706525,18.7521170382168,g,I11,K25O00F
535,60874.09122155867,308.77303965168613,-25.98518150100629,19.461671614940634,g,I11,K25O00F
536,60874.09172368786,310.1164955381236,-24.981564718587297,19.830826700590208,g,I11,K25O00M
537,60874.09269289411,316.09154021111203,-26.29483861170517,29.314124463081228,g,I11,K25M00V
538,60874.09523144609,312.15704844509537,-17.703237394474176,21.021638022585687,g,I11,K25N01U
539,60874.096706183846,314.9770496848478,-8.696379568632702,19.881021606602232,g,I11,K03B01N
540,60874.100469236335,302.3096363525352,-14.905105188787577,24.639651308670004,g,I11,K25O03Z
541,60874.10137537095,296.9916563042109,-11.931646368156647,21.5,g,I11,K25O09W
542,60874.10787045439,302.73995480420234,-14.931851303308582,20.88604064224498,r,I11,K25O11L
543,60874.10787045439,302.3180549746652,-14.900853663955154,21.464466011533677,r,I11,K25O03Z
544,60874.10938706565,303.0623060802775,-24.61300162761991,19.615814792344857,r,I11,K25A02H
545,60874.11258085765,306.7216939614967,-23.51644576712571,20.702357694032365,r,I11,K25O09V
546,60874.115138389214,310.2262981710429,-24.98552949059265,18.70851392214892,r,I11,K25O00M
547,60874.11609233988,316.1280018591997,-26.30925220003912,23.540788213026616,r,I11,K25M00V
548,60874.11857828892,312.1446741732971,-17.72463167066985,20.48282926466868,r,I11,K25N01U
549,60874.12004881803,314.92857564567385,-8.648130719754809,20.301432206296177,r,I11,K03B01N
550,60874.121513535865,309.49981404344413,-10.705065800345828,18.035157993882564,r,I11,K25O00J
551,60874.20460735143,329.6276563172114,-19.867659746158825,18.95346407798573,r,I11,K18L15U
552,60874.20460735143,327.78392297212685,-20.41253317522888,20.944196346737648,r,I11,K25O01D
553,60874.20512030079,332.5235681105461,-22.60697776253538,20.863779056611627,r,I11,K15N13Y
554,60874.20706134962,329.6603607673796,-13.22854419076605,21.42578750273956,r,I11,K25O04Q
555,60874.207524050566,332.8283101232179,-12.34306158547961,21.5,r,I11,K25P00P
556,60874.20803211637,329.66182177904693,-13.229778968759309,21.324029569545186,r,I11,K25O04Q
557,60874.20849772209,332.82916136187714,-12.34182285867984,25.33799575710189,r,I11,K25P00P
558,60874.20991357403,329.7999020168462,-4.68129522147104,21.97413730142701,r,I11,K25O17H
559,60874.21684845351,337.4522973074634,-21.8865592493532,26.322042073965758,r,I11,K25N00W
560,60874.21735610878,338.15818448634934,-17.214804106224932,23.223289615448,r,I11,K25O02E
561,60874.23274068955,329.82429798688355,-4.68871208700539,22.10839217479812,r,I11,K25O17H
562,60874.24065506744,329.71078767639773,-13.271229436922432,20.93232528451347,r,I11,K25O04Q
563,60874.24122157935,329.7116370921036,-13.271949216667126,20.95462488914309,r,I11,K25O04Q
564,60874.24169515447,332.8580079109544,-12.29951850717634,21.5,r,I11,K25P00P
565,60874.24215240082,332.8584039320157,-12.29893368012523,21.5,r,I11,K25P00P
566,60874.24407811608,338.1961642621497,-17.22480746626387,20.75321207968924,r,I11,K25O02E
567,60874.2445879297,337.5011481021015,-22.001661822317367,21.17035227850161,r,I11,K25N00W
568,60874.25334514737,329.8462715824552,-4.695403327903799,21.890316262569925,i,I11,K25O17H
569,60874.25614440253,324.6686554797788,-6.151108680333465,20.9229803378354,i,I11,K25P00H
570,60874.26135257246,329.74177454394874,-13.297488920988176,21.158797556678543,i,I11,K25O04Q
571,60874.261924720086,329.74263046331447,-13.298214146257656,21.16945068947604,i,I11,K25O04Q
572,60874.26241585196,332.87588485472725,-12.273026467393947,21.5,i,I11,K25P00P
573,60874.26287743707,332.8762826345277,-12.27243501731089,21.5,i,I11,K25P00P
574,60874.264966795454,338.2258698483837,-17.232602800281484,20.69926218641267,i,I11,K25O02E
575,60874.2689882166,345.7297074975851,-15.290884108459196,22.33041761078893,r,I11,K25O12U
576,60874.26945435279,345.729076158496,-15.290930148103511,22.59136614952493,r,I11,K25O12U
577,60874.27581884987,357.7467876849044,-12.767316323292407,21.5,r,I11,K19U03Y
578,60874.279762034894,355.6682099858665,2.959358492441986,18.575784247896223,r,I11,K25F02V
579,60874.279762034894,357.1951615334456,3.578149347874533,21.86504639439604,r,I11,K20B05A
580,60874.280712745385,350.485927003828,-0.8769337494491153,25.03458242962663,r,I11,K22Y06N
581,60874.28323312041,350.4905757500123,-0.8748245926430008,21.5,r,I11,K22Y06N
582,60874.28367714274,346.7119814463771,-1.5973520619528494,19.92841235787724,r,I11,K24P03R
583,60874.286564977,346.0242487646072,-10.952984610703924,21.091292978391795,r,I11,K25O10K
584,60874.28873440025,359.17788456542587,-10.051477370237093,19.785421137098588,r,I11,K02A31V
585,60874.28923897253,6.890638351132144,-9.7912752983938,21.5,r,I11,K08A04F
586,60874.28923897253,6.281661596655698,-7.573289443548172,19.48486375240145,r,I11,K05O00X
587,60874.29020168609,2.882278581009009,-3.193223362561997,21.5,r,I11,K22O02O
588,60874.29179746256,356.627670466519,6.379996956828797,26.93481173854037,r,I11,K24O02N
589,60874.29179746256,357.19697042191376,6.6996464804672025,21.5,r,I11,K16S00C
590,60874.29416546133,352.2657229794174,6.80455691330066,18.241024308477243,r,I11,K12O00Q
591,60874.29460991299,352.2674191256634,6.806491212938922,18.20083618621104,r,I11,K12O00Q
592,60874.29706871907,346.705019679823,-1.6110409378608397,19.805975688331323,r,I11,K24P03R
593,60874.30957776167,346.69850337129924,-1.6238294796476316,19.73105528145516,i,I11,K24P03R
594,60874.311971783405,345.9979610953517,-10.89822934496607,20.967496642961205,i,I11,K25O10K
595,60874.34081128807,290.86693450772344,-24.51768138210482,18.579525005047834,i,I11,K25O00O
596,60874.34081128807,292.05978918044906,-24.6082570596997,22.79096359899203,i,I11,K25O07X
597,60874.34227139538,294.8285898191255,-25.6319423378722,20.173692558425067,i,I11,K25O01U
598,60874.34519579767,302.8357968471859,-24.43767885873476,19.67946313540682,i,I11,K25A02H
599,60874.347671249634,307.01718346455823,-23.16712499780801,17.326969255764453,i,I11,K25O09V
600,60874.34817150039,302.7813675856049,-25.96720482650543,20.19084253238865,i,I11,K21N00X
601,60874.34952733537,309.34064905916586,-26.37049634034516,18.584484723601825,i,I11,K25O00F
602,60874.35300679999,316.47843608481327,-26.439081818685832,20.418527205478583,i,I11,K25M00V
603,60874.35651940672,312.01619578698444,-17.941788315915787,20.342543853509945,i,I11,K25N01U
604,60874.35788915606,308.54410984957445,-12.070395237020117,18.125491909427957,i,I11,K25O00J
605,60874.3588738247,302.601456539371,-14.750184875762724,21.54204073676673,i,I11,K25O03Z
606,60874.3598606166,302.602609288061,-14.749568839984894,21.12924728212497,i,I11,K25O03Z
607,60874.368465253545,294.81311271831225,-25.66758664358673,19.919819109320468,r,I11,K25O01U
608,60874.36891056768,292.0905143998828,-24.61597207908565,22.961711948176923,r,I11,K25O07X
609,60874.36891056768,290.9589214005564,-24.42926209094098,18.78640321652552,r,I11,K25O00O
610,60874.37033828076,294.8120265418535,-25.670138502193936,20.527577477432477,r,I11,K25O01U
611,60874.37373208678,302.808736408363,-24.41624743800929,19.75666159796574,r,I11,K25A02H
612,60874.37611314052,307.0537357130653,-23.123838212752016,20.683337712036455,r,I11,K25O09V
613,60874.37662062406,302.8142199652869,-25.98170437265629,20.231922942949428,r,I11,K21N00X
614,60874.37895512252,312.004153659992,-17.962175067757663,20.31381405147008,r,I11,K25N01U
615,60874.37991231756,311.387453971711,-24.98914804680944,18.88897714318945,r,I11,K25O00M
616,60874.38460251788,312.0011309632273,-17.96730590197722,20.337202855088567,r,I11,K25N01U
617,60874.38597976134,308.4326678076379,-12.229703708604298,17.754086887057174,r,I11,K25O00J
618,60874.38687805849,302.63441185915565,-14.732655062901095,21.02692368085971,r,I11,K25O03Z
619,60874.38687805849,303.3079254455457,-15.410453496947868,20.86096775235172,r,I11,K25O11L
620,60874.387833008586,302.6355451269071,-14.7320555110013,21.000046753683737,r,I11,K25O03Z
621,60874.98586678455,251.91133363616387,-33.38120370910197,19.72288264734349,g,I11,K25J01G
622,60874.99487956883,244.75602752720243,-18.081082627955524,22.699917225287194,g,I11,K25M89U
623,60874.99842622217,248.25326767348488,-17.395405450375982,26.638781497842896,g,I11,K20O03O
624,60875.00037078853,256.9492695613027,-26.48271501966752,16.479696419263576,g,I11,K07A02C
625,60875.06258822716,265.95476922226146,-14.083000893314717,21.19616913080355,u,I11,K12M06L
626,60875.07168776213,276.0914437173777,-23.037999101167657,24.46402352268477,u,I11,K25O01Y
627,60875.07281685547,281.18385351262856,-25.214540776563783,27.689527952383315,u,I11,K25O07Y
628,60875.07452765919,277.0586715112898,-31.37037575420527,22.975072772440413,u,I11,K25M92E
629,60875.07682468472,281.1943775024412,-25.2133874624473,27.559139785382104,u,I11,K25O07Y
630,60875.120646279,293.043569568717,-24.87683207367129,21.5,u,I11,K25O07X
631,60875.12179074602,293.45979442587,-22.17779573975425,22.24963681069277,u,I11,K25O00O
632,60875.14546914624,239.44092208907028,-22.403606919902685,25.388464136476827,g,I11,K25O04E
633,60875.15846005057,310.98744690410365,-27.15800197758724,22.40130884775553,u,I11,K25O00F
634,60875.15910283492,308.1426183167588,-21.97213819205606,29.396052216190693,u,I11,K25O09V
635,60875.1602440291,314.6344385764765,-24.9620742696476,21.5,u,I11,K25O00M
636,60875.16139082787,314.6381973368098,-24.962069144347588,22.77316683165909,u,I11,K25O00M
637,60875.16421655517,311.5974154223938,-18.68605068293334,24.601987183771435,u,I11,K25N01U
638,60875.17459690287,303.6515302785325,-14.24970119385232,25.7039333743154,u,I11,K25O03Z
639,60875.17518517439,305.4875983743222,-16.529919422829327,21.747114475697387,u,I11,K25O00J
640,60875.17634206978,305.10237914173484,-16.80012943859241,25.17479983351157,u,I11,K25O11L
641,60875.17634206978,305.483138978486,-16.535941984825175,22.381611015027072,u,I11,K25O00J
642,60875.17815336284,298.2696423146608,-11.78055929029063,21.5,u,I11,K25O09W
643,60875.20397097145,319.6294815679244,-20.26334952153112,31.365222377066058,u,I11,K18B05E
644,60875.20739355136,328.7521433342455,-21.22687055176035,24.813869721696975,u,I11,K25O01D
645,60875.207949996446,331.82110551117177,-21.642857101367248,21.5,u,I11,K15N13Y
646,60875.20851849143,331.44906469711486,-18.222234799187483,21.5,u,I11,K18L15U
647,60875.210842334265,331.31994966462656,-14.530547256376884,31.181447057352862,u,I11,K25O04Q
648,60875.21138343857,331.3208186379165,-14.531278211786924,26.323847376470408,u,I11,K25O04Q
649,60875.21192018794,333.7882569453758,-11.036360624200835,21.5,u,I11,K25P00P
650,60875.2155008838,325.1452600640859,-4.798187344652838,24.08368393488181,u,I11,K25P00H
651,60875.23115905389,344.645335538238,-15.358011812276438,22.203580109969856,r,I11,K25O12U
652,60875.231643757936,345.13433459492325,-8.895489271360946,20.9449444836035,r,I11,K25O10K
653,60875.23257390477,345.1333646337148,-8.893457866545937,20.963694366674662,r,I11,K25O10K
654,60875.23363034497,339.7724462206816,1.6236228288973424,21.5,r,I11,K25P01B
655,60875.23427470702,324.67825629283186,-14.969355248463229,21.029902040969,r,I11,K13T04M
656,60875.240284342384,339.7859251251223,-17.615697094531374,21.54234935848892,g,I11,K25O02E
657,60875.25161811541,332.4246202623712,1.0280791304397692,21.5,g,I11,K25P00K
658,60875.25300302515,330.98113724702847,-5.0284382955927285,23.38017653236181,g,I11,K25O17H
659,60875.26251025888,352.43590189098325,-0.0310659130481014,24.776370647233087,r,I11,K22Y06N
660,60875.27270444599,355.81972212422335,1.1044407153116147,18.832047726489883,r,I11,K25F02V
661,60875.2736297929,358.20874509216225,7.158285371938414,25.742035016511,r,I11,K16S00C
662,60875.2736297929,357.7238362478337,4.569082941089609,21.53710747308861,r,I11,K20B05A
663,60875.27762057325,0.5365220981484462,-10.580818921810785,19.11331408860128,r,I11,K02A31V
664,60875.28153289126,0.1769970364266797,11.613764308039682,22.58431321926905,r,I11,K22P00J
665,60875.28726137246,358.90936485768003,2.0478307687287174,29.290577547815197,r,I11,K16P08B
666,60875.28772081661,357.73030305011616,4.583280782109386,21.645065640135712,r,I11,K20B05A
667,60875.28816514354,355.8206826701572,1.0763308782193777,19.342855673567183,r,I11,K25F02V
668,60875.28907017215,352.487901148127,-0.0075113903969346,25.77350820588389,r,I11,K22Y06N
669,60875.29133651854,346.21324486203366,-2.636691952159035,19.840611674648585,r,I11,K24P03R
670,60875.293650801934,339.7797514348495,1.5334197134978964,21.5,r,I11,K25P01B
671,60875.298344285606,345.0640507556485,-8.749527673611325,20.738358386645967,r,I11,K25O10K
672,60875.313264738,358.93486462198103,2.0533356244765537,25.446731649567653,i,I11,K16P08B
673,60875.314835872494,352.5382681264533,0.0153729566050038,21.5,i,I11,K22Y06N
674,60875.31714917508,346.19921237887155,-2.6635738554034094,20.141464834472124,i,I11,K24P03R
675,60875.31948693647,339.7827772037304,1.4944953159774232,21.5,i,I11,K25P01B
676,60875.32450946026,345.03622368303223,-8.692113815360942,21.50211945067321,i,I11,K25O10K
677,60875.36225547886,58.06537013953072,-48.5760233007367,21.5,r,I11,K21R03Y
678,60875.36269103804,58.06513883709731,-48.57656471748362,24.31882768994689,r,I11,K21R03Y
679,60875.3631274557,58.06490634638669,-48.57710860098748,21.5,r,I11,K21R03Y
680,60875.36910129772,320.61053442685284,-16.05077133838222,21.326572480908315,r,I11,K25N01J
681,60875.37139028589,328.8995200931216,-21.371713012069456,20.400486357358854,r,I11,K25O01D
682,60875.37923282415,328.9067961900258,-21.378516483982885,20.26608889787129,i,I11,K25O01D
683,60875.3815829029,331.69035681626855,-21.47242683718285,20.058243920612902,i,I11,K15N13Y
684,60875.38209487512,324.9180382372357,-14.90479639315041,21.12219629949297,i,I11,K13T04M
685,60875.38257169135,331.7355027180212,-17.931155480257456,18.885859689664947,i,I11,K18L15U
686,60875.38695327711,331.6863219931796,-21.467102449686674,20.08672056521284,i,I11,K15N13Y
687,60875.38811482556,324.92793748844315,-14.902091384871534,21.109134619698644,i,I11,K13T04M
688,60875.38999481389,331.74785839377523,-17.91850871558326,19.120942450370592,i,I11,K18L15U
689,60875.39079976901,324.93235802049384,-14.900883245060411,21.373731580361227,i,I11,K13T04M
690,60875.97801030528,253.4054998629161,-22.614016408571352,16.98439863098062,r,I11,K14Qh2X
691,60875.97801030528,252.69783496287272,-23.07122105862789,22.920225846928425,r,I11,K25O04E
692,60875.985908480565,254.03092555281623,-25.372865641444463,24.06816567392599,i,I11,K07A02C
693,60875.98955250421,253.4255929853203,-22.62308156641605,16.832537722394648,i,I11,K14Qh2X
694,60875.98955250421,252.8607887283156,-23.0737199177051,22.318930271662676,i,I11,K25O04E
695,60875.99649876828,248.76366169087493,-18.432106894903253,25.001907093167027,g,I11,K20O03O
696,60875.996945121486,244.82729796629351,-19.319633835544952,22.224004399209072,g,I11,K25M89U
697,60876.01561150796,267.45618879311246,-21.31753343120701,22.561537954882336,u,I11,K25F23V
698,60876.01620388744,266.72336893594434,-15.14310359137786,21.423929792857045,u,I11,K12M06L
699,60876.01674163506,266.72375914244674,-15.143684816036702,21.32876681752669,u,I11,K12M06L
700,60876.01947412863,266.7257393874376,-15.146635522385443,18.440996707694858,g,I11,K12M06L
701,60876.022249861984,267.4650150840806,-21.31358739043483,19.07426972681499,g,I11,K25F23V
702,60876.02449414461,273.5313011263364,-21.76902034965843,25.056904693071036,g,I11,K25M02D
703,60876.03038925471,282.48323455560126,-32.926298592621414,28.11516628442676,g,I11,K25M92E
704,60876.03406278179,283.8352228297821,-24.88333816982824,21.5,g,I11,K25O07Y
705,60876.03635748465,279.25878654353147,-22.01877373933552,20.240956132243795,g,I11,K25O01Y
706,60876.04088257157,266.7411901303607,-15.169711817683966,17.855089123943213,g,I11,K12M06L
707,60876.04305400453,266.7427508207615,-15.17204720280728,17.408126905890175,r,I11,K12M06L
708,60876.04827472151,273.53435051161915,-21.807272998686475,24.158607197883494,r,I11,K25M02D
709,60876.07284136361,283.9347569520013,-24.87086479238234,25.890256397097403,r,I11,K25O07Y
710,60876.075155731545,279.3801368626808,-21.977446535873728,20.28853466670364,r,I11,K25O01Y
711,60876.080178313525,266.7693024305806,-15.211844535039395,17.672383808349903,r,I11,K12M06L
712,60876.08294959899,281.91017851846914,-15.031396068614114,28.552494733257845,u,I11,K11A37L
713,60876.084058777866,285.06493533505056,-19.465149199046248,25.70534048738797,u,I11,K18P22D
714,60876.085749252336,293.74606370842525,-28.751672207005463,24.094161394551527,u,I11,K25O01U
715,60876.08628911855,294.2902429163796,-25.20842184989145,25.892472115251906,u,I11,K25O07X
716,60876.09295600329,294.1754010132311,-11.45268769796519,21.5,u,I11,K25O07W
717,60876.09409842435,296.3202025551416,-19.39676528922776,22.936459942075945,u,I11,K25O00O
718,60876.09574330669,293.7358458488232,-28.774798502869825,23.84474763014784,u,I11,K25O01U
719,60876.09795208791,296.33010466112904,-19.38625999707255,22.48221660417289,u,I11,K25O00O
720,60876.103066498414,242.1821087753234,-19.093487369984217,24.541231814704418,g,I11,K22M02B
721,60876.103066498414,244.83015513514783,-19.44882198618396,22.84676769927953,g,I11,K25M89U
722,60876.11310518923,301.23761644927464,-23.13666200567676,24.319658187223585,u,I11,K25A02H
723,60876.113644096,301.2371260223379,-23.13627207023315,24.323658782717448,u,I11,K25A02H
724,60876.113644096,302.13208643672016,-21.11108404416405,22.33683223297649,u,I11,K25O00J
725,60876.11526597079,304.8935048850507,-13.640612345837695,24.7097032791309,u,I11,K25O03Z
726,60876.11633288579,299.5112701478506,-11.635718641695238,24.88317118377606,u,I11,K25O09W
727,60876.12160241553,305.1152049497542,-26.968939580961305,20.70197427241154,g,I11,K21N00X
728,60876.12349066649,304.9037093144575,-13.63528093750187,21.94856103351708,g,I11,K25O03Z
729,60876.12489082851,307.3475223548991,-18.51113759644511,20.795500596037783,g,I11,K25O11L
730,60876.1274926115,248.82368419061456,-18.566302566156537,26.2389049191654,g,I11,K20O03O
731,60876.13029036952,242.21143819582343,-19.104880607989514,21.5,g,I11,K22M02B
732,60876.13029036952,244.8310289580992,-19.481706621437155,22.42284357230208,g,I11,K25M89U
733,60876.14525853912,255.00773840599152,-23.07744400188504,21.5031675496696,g,I11,K25O04E
734,60876.14525853912,253.52079234881265,-25.17655166236528,21.5,g,I11,K07A02C
735,60876.14585444552,257.5909080446825,-23.134548587948057,21.91472681997315,g,I11,K25D49K
736,60876.14585444552,255.0158163801385,-23.077353281948167,21.80914060250983,g,I11,K25O04E
737,60876.14642848019,253.6944813954053,-22.74216477962924,17.267385800503448,g,I11,K14Qh2X
738,60876.1561801857,248.83703566074536,-18.595375875267543,27.43502794186173,u,I11,K20O03O
739,60876.15896325423,242.2424115481068,-19.1168126711694,21.5,u,I11,K22M02B
740,60876.15896325423,244.83210159841525,-19.51623838242972,26.802464250694022,u,I11,K25M89U
741,60876.174051127775,253.42820170413088,-25.13989509665279,26.05578812911408,u,I11,K07A02C
742,60876.17461504154,257.60241074747273,-23.16366324069545,25.00586052062413,u,I11,K25D49K
743,60876.17461504154,255.40476537076069,-23.07209510099099,21.5,u,I11,K25O04E
744,60876.17519660708,253.7435484902848,-22.76317667891783,21.46313887789992,u,I11,K14Qh2X
745,60876.20633056539,333.2481826714695,-16.533841044522948,20.559070228503728,g,I11,K18L15U
746,60876.20633056539,333.0726287751527,-15.896439676021227,22.23039563557403,g,I11,K25O04Q
747,60876.20677246821,333.07338547905164,-15.897069927306068,22.24804183916023,g,I11,K25O04Q
748,60876.20768568674,334.74199776056554,-9.705454120972634,21.5,g,I11,K25P00P
749,60876.2108004338,325.6444390943224,-3.340124621353338,23.30770756845191,g,I11,K25P00H
750,60876.22103431666,321.4777525760126,-16.540932994024423,28.19937594181058,g,I11,K25N01J
751,60876.22296625596,326.40454447021915,-14.527329764345358,30.031524353009008,g,I11,K13T04M
752,60876.22440166129,321.6681192167806,-21.58549811449508,26.501550681502515,g,I11,K18B05E
753,60876.2258547317,329.8926307748751,-22.190533253193323,27.79220577223961,g,I11,K25O01D
754,60876.22726496085,331.07771343614485,-20.6279104680932,21.35046459076238,g,I11,K15N13Y
755,60876.23658445032,339.52087780158985,-6.886805649986996,30.952374837025754,u,I11,K21S01O
756,60876.23823739707,344.1552422966636,-6.6727688580937095,30.40908111783372,u,I11,K25O10K
757,60876.23879717862,344.1546425025413,-6.671530281393351,25.607190119832765,u,I11,K25O10K
758,60876.23879717862,346.5178504873464,-8.162617701385997,27.15814112720986,u,I11,K17D15S
759,60876.23933153007,345.7254392027156,-3.631579789114433,21.5,u,I11,K24P03R
760,60876.24256968559,339.9580273367744,0.071236572676458,31.77934331024887,u,I11,K25P01B
761,60876.24311076461,338.42508375350434,3.192809667813205,30.731949167592507,u,I11,K25O02G
762,60876.2458508518,332.48066850223967,-0.0776772551680443,30.92047113939076,u,I11,K25P00K
763,60876.24638669069,332.13701292687097,-5.378209490211657,26.05015694404469,u,I11,K25O17H
764,60876.247512554495,334.77661190598144,-9.65179674720654,26.25774268834573,u,I11,K25P00P
765,60876.24805434971,332.1388802918124,-5.378814653186816,26.21368825080706,u,I11,K25O17H
766,60876.25932506584,346.5381326049327,-8.154718570200197,23.940690678588744,g,I11,K17D15S
767,60876.2620189776,354.53621720844404,0.8799754130846165,25.39926155693098,g,I11,K22Y06N
768,60876.27128164808,0.6403600428187913,-10.74648411960548,21.5,u,I11,K19U03Y
769,60876.27128164808,1.9361694078870475,-11.131269438967626,21.5,u,I11,K02A31V
770,60876.27508181551,359.9098983501047,2.2563840572155387,28.43646851861881,u,I11,K16P08B
771,60876.275617397085,359.91043474876426,2.256497443634793,25.88702257403689,u,I11,K16P08B
772,60876.28167846886,3.069811219216266,14.082622550223736,21.5,r,I11,K21R04R
773,60876.282114867965,1.5222262161004252,11.201041176506386,23.32990314894284,r,I11,K22P00J
774,60876.28255146945,357.63861396561856,9.087502276038911,19.254827089447467,r,I11,K24Y13C
775,60876.28255146945,359.2693773880145,7.635350518094095,25.8286033541052,r,I11,K16S00C
776,60876.28300968277,359.4242121979105,6.332664912157116,25.514415176937188,r,I11,K24O02N
777,60876.28756964854,8.230003865045486,1.534556860402842,30.84743457060132,r,I11,K16GD4J
778,60876.29336009135,310.9786650926553,-19.743373529921605,21.48083498232139,g,I11,K25N01U
779,60876.2938227049,307.7335735005741,-18.82113236431619,21.711932889696648,g,I11,K25O11L
780,60876.2938227049,309.588734113695,-20.32579295114826,21.58922934319282,g,I11,K25O09V
781,60876.29425917361,310.9781404919935,-19.744219604440524,21.53143694195913,g,I11,K25N01U
782,60876.29425917361,309.58922461242804,-20.325159363829314,21.86682414421155,g,I11,K25O09V
783,60876.30377557239,59.13141214061887,-49.571955947752926,21.5,g,I11,K23B08P
784,60876.30377557239,57.59693161913667,-49.71768294053417,21.5,g,I11,K21R03Y
785,60876.30421196853,59.13276583374528,-49.57144244459853,21.5,g,I11,K23B08P
786,60876.30421196853,57.596696676107655,-49.71824547563767,27.423742788864804,g,I11,K21R03Y
787,60876.31211551184,59.15729090658553,-49.56212905001477,21.5,i,I11,K23B08P
788,60876.31211551184,57.59241249157653,-49.728442849194494,21.5,i,I11,K21R03Y
789,60876.312552213945,59.15864291709084,-49.56161505711766,23.52892169114575,i,I11,K23B08P
790,60876.312552213945,57.5921747905014,-49.7290053163676,24.11247670999281,i,I11,K21R03Y
791,60876.31298865109,59.15999793989244,-49.56109985896833,21.5,i,I11,K23B08P
792,60876.31298865109,57.59193640031774,-49.72956906789895,24.86942147579349,i,I11,K21R03Y
793,60876.34952796242,310.9459938837132,-19.796176129836425,20.815350213592563,g,I11,K25N01U
794,60876.34998074651,310.94573149202114,-19.79660154743023,20.815782708887205,g,I11,K25N01U
795,60876.354061505845,309.65719888814783,-20.23787705382741,20.877439108368,g,I11,K25O09V
796,60876.354061505845,307.87354257061554,-18.92999185338279,21.855115744455617,g,I11,K25O11L
797,60876.35768445584,299.8102035651251,-11.59490619227448,22.178816017464147,g,I11,K25O09W
798,60876.36089951878,301.0126017002383,-22.9557162112864,20.1096254619998,g,I11,K25A02H
799,60876.362264954514,305.40715537039034,-27.10382679819191,20.614791189755643,g,I11,K21N00X
800,60876.36685756322,318.2572925700976,-24.83530912749224,19.924768022697563,g,I11,K25O00M
801,60876.36730276031,319.6814442721383,-27.41988362909096,29.36453113214541,g,I11,K25M00V
802,60876.36730276031,318.25833948693,-24.835220407485952,19.50004112501345,g,I11,K25O00M
803,60876.370753040086,321.9717798488999,-21.794440547701456,23.085795120732413,r,I11,K18B05E
804,60876.37300115056,310.93242740684724,-19.818212254420672,20.823111617348644,r,I11,K25N01U
805,60876.37300115056,309.6791008764507,-20.210101200421384,20.646001127197867,r,I11,K25O09V
806,60876.37344100715,310.93217371839967,-19.81862518185699,20.820309616972903,r,I11,K25N01U
807,60876.37755840234,309.6844036366813,-20.20341018311913,20.567642213927684,r,I11,K25O09V
808,60876.37755840234,307.92892840596386,-18.9722641250002,20.82226494862825,r,I11,K25O11L
809,60876.38028544978,305.22240362078264,-13.462073066880732,21.046926783418943,r,I11,K25O03Z
810,60876.38430470173,300.9917049329034,-22.938480723871155,19.631397385425444,r,I11,K25A02H
811,60876.38566546557,305.43699636003083,-27.115903641563765,20.28454585757988,r,I11,K21N00X
812,60876.39021738281,318.31245002726405,-24.830509567577405,19.05614400321876,r,I11,K25O00M
813,60876.390652769245,318.31348381656653,-24.83041736562046,19.20949140599432,r,I11,K25O00M
814,60876.390652769245,319.713096984029,-27.428809193645908,21.345847591408603,r,I11,K25M00V
815,60876.39294843764,326.6945529309025,-14.44699023906073,21.18470809248497,r,I11,K13T04M
816,60876.39433219548,330.07285583424,-22.36374299948592,20.235904307408383,r,I11,K25O01D
817,60876.394804969335,330.9468171004955,-20.45737990983437,20.14858922722205,r,I11,K15N13Y
818,60876.39570089913,341.96543204678835,-18.142770545246726,20.992148343372406,r,I11,K25O02E
819,60876.39615927007,333.5579841296143,-16.207004968640465,19.40232175178944,r,I11,K18L15U
820,60876.39615927007,333.3974325314021,-16.16503167745518,21.72918186795782,r,I11,K25O04Q
821,60877.02094860216,268.821087749613,-20.71729822279056,19.02807613191213,g,I11,K25F23V
822,60877.03156299674,286.4973128107427,-24.50167371894972,21.5,g,I11,K25O07Y
823,60877.04270974014,267.5063662359392,-16.19926412730702,17.80215920253427,g,I11,K12M06L
824,60877.04878375647,266.28446504368367,-22.61746125123381,25.16136828721464,u,I11,K25O04E
825,60877.04931941282,268.8568172447329,-20.70101461198849,23.442426150362092,u,I11,K25F23V
826,60877.0528241119,273.71431190517745,-23.37222053489221,21.5,u,I11,K25M02D
827,60877.06009621634,286.5683021177333,-24.49152060947612,21.5,u,I11,K25O07Y
828,60877.06181376573,282.66625179083,-20.840252689402543,23.23566379901485,u,I11,K25O01Y
829,60877.071502065344,267.5259817369512,-16.227848038185854,21.58645360832809,u,I11,K12M06L
830,60877.0721020948,267.5263891184235,-16.228442064042373,21.611335420164497,u,I11,K12M06L
831,60877.082221167686,292.7410476226884,-31.39396866934268,23.59970951322669,u,I11,K25O01U
832,60877.08450761095,286.6285393083637,-24.48259374321164,31.042120225453797,u,I11,K25O07Y
833,60877.09008248038,283.3815210024286,-19.880168850439045,25.721692764917613,u,I11,K18P22D
834,60877.09470062354,300.3818902608575,-22.42489500210793,24.295781036040147,u,I11,K25A02H
835,60877.09637194569,298.9410211483868,-16.718497086912958,23.02349586442688,u,I11,K25O00O
836,60877.100807036,295.6768675516607,-25.563465805958096,26.74270401138228,u,I11,K25O07X
837,60877.10680877036,322.38464309854,-17.055541736212636,21.88836985602072,r,I11,K25N01J
838,60877.10861019888,328.0304122690866,-14.098848749956778,22.396589764791557,r,I11,K13T04M
839,60877.109966020624,331.067931224582,-23.158057079016075,22.531949824060785,r,I11,K25O01D
840,60877.11177766432,334.7722737179305,-17.199929383587083,24.382175769461863,r,I11,K25O04Q
841,60877.11222535664,334.7731108370287,-17.200603118033673,24.66819522004191,r,I11,K25O04Q
842,60877.11222535664,334.8771186207655,-14.959151834273062,22.30525576949743,r,I11,K18L15U
843,60877.13189944197,312.1325903294497,-8.778138562668488,19.7822495379996,r,I11,K25O00V
844,60877.13422441522,306.2879437467304,-12.945183932927424,21.74692606129164,r,I11,K25O03Z
845,60877.14034710216,322.4172752349701,-17.075739674087362,21.179390105866027,i,I11,K25N01J
846,60877.14219723732,328.0912647618692,-14.082680874825584,22.087606783668942,i,I11,K13T04M
847,60877.14357937907,331.1123838998436,-23.199777203070603,21.169536645276,i,I11,K25O01D
848,60877.144498219466,330.38750720633874,-19.683560812018943,20.92588301129145,i,I11,K15N13Y
849,60877.14543014202,334.83497033121785,-17.25063737958299,22.15241574892577,i,I11,K25O04Q
850,60877.145875157774,334.9340936963948,-14.901388609106071,19.684702952075003,i,I11,K18L15U
851,60877.145875157774,334.83579519120894,-17.251307631907665,22.03076813326083,i,I11,K25O04Q
852,60877.14676686791,328.0995102054476,-14.080469923823062,21.73226643967124,i,I11,K13T04M
853,60877.15534712221,312.16131653948463,-9.015673486443122,19.384917868156776,i,I11,K25O00V
854,60877.157736244,306.3182351089737,-12.928943992367298,21.541391311664764,i,I11,K25O03Z
855,60877.15991668568,301.00992752131583,-11.460127092559038,24.04844586126204,g,I11,K25O09W
856,60877.16309138284,258.0408357648595,-24.148024651966463,22.39249214953685,g,I11,K25D49K
857,60877.183261701895,306.3509774928109,-12.91118870679484,27.17151377393809,u,I11,K25O03Z
858,60877.18456269887,310.6948299923945,-19.060565763174665,25.126991972688344,u,I11,K25O09V
859,60877.18911898845,324.08158829476315,-23.09225512746213,24.098065480067888,u,I11,K18B05E
860,60877.197893963945,347.5340197184009,-7.777467724004951,21.5,r,I11,K17D15S
861,60877.20011925454,345.2098855872188,-4.655733535885173,20.62156070202769,r,I11,K24P03R
862,60877.20415491094,339.62389436854323,2.474450709938598,22.013229115677603,r,I11,K25O02G
863,60877.20461871241,340.12801651164693,-1.4797237586243224,24.017001643855373,r,I11,K25P01B
864,60877.20554755187,340.4725678647508,-6.48037250843407,26.666489921984244,r,I11,K21S01O
865,60877.20926758413,333.28565207916625,-5.73510985325501,22.033127746326407,r,I11,K25O17H
866,60877.20973937491,335.7018584446175,-8.332853636068196,25.858464237200863,r,I11,K25P00P
867,60877.21065408088,335.0410772274801,-14.78952079320112,19.46323112390518,r,I11,K18L15U
868,60877.21433271744,341.863916402089,-15.525001127628984,22.475275980066137,r,I11,K25O12U
869,60877.22137873467,347.55889912072246,-7.767791840849017,21.5,i,I11,K17D15S
870,60877.228989528994,339.65604341589034,2.45422572823074,21.32076379424785,i,I11,K25O02G
871,60877.22943042746,339.65661437880715,2.4538656791897413,21.00736392374535,i,I11,K25O02G
872,60877.22990282901,340.13072158732166,-1.5214480822751435,24.55666822638961,i,I11,K25P01B
873,60877.23465163915,333.314849986508,-5.744821621806816,22.866221947045663,i,I11,K25O17H
874,60877.235138502285,335.723950279201,-8.297811558441628,21.5,i,I11,K25P00P
875,60877.23606070684,335.0822957436055,-14.745354710843014,21.00212575700437,i,I11,K18L15U
876,60877.23977912395,341.8144985396516,-15.528668375874547,22.544960681157807,i,I11,K25O12U
877,60877.24613782092,343.14950747885433,-4.423185758062984,23.310413280935688,g,I11,K25O10K
878,60877.249468056834,332.5233240498181,-1.274707256998833,23.478898449878976,g,I11,K25P00K
879,60877.261240902255,356.7607392065317,1.8423108148862704,24.931199125617884,r,I11,K22Y06N
880,60877.28067170705,9.424498641886151,2.0205952172067407,21.5,r,I11,K16GD4J
881,60877.282008630296,0.9486782372176072,2.4685521665161843,25.811790545162715,r,I11,K16P08B
882,60877.282460283575,356.8075215059628,1.863349460205901,21.5,r,I11,K22Y06N
883,60877.283375896775,0.968899511831334,6.286671471777224,21.5,r,I11,K24O02N
884,60877.283375896775,358.779545926228,6.614652864613822,23.963077013187743,r,I11,K20B05A
885,60877.28383882485,358.1964300560644,11.428133950104431,19.18115438937498,r,I11,K12K42U
886,60877.28476519888,357.69523643404875,7.553107643241611,23.461813517992724,r,I11,K24Y13C
887,60877.2898820517,356.8238659285899,1.8707120383663367,21.5,i,I11,K22Y06N
888,60877.296437999816,356.0460557862209,-2.3895138735092045,19.93939658502776,i,I11,K25F02V
889,60877.30302560578,12.798741423616017,-4.344118804127134,20.62752980002818,i,I11,K05O00X
890,60877.30483953648,9.453678232757614,2.032692262145265,21.5,i,I11,K16GD4J
891,60877.30619142158,0.973312273910903,2.473653980068396,25.86197767992909,i,I11,K16P08B
892,60877.30665087451,356.8607683550205,1.887353486572336,25.98563457197475,i,I11,K22Y06N
893,60877.30757310415,358.79031219046186,6.639709884676157,22.663495202574367,i,I11,K20B05A
894,60877.30757310415,1.0062356206272889,6.285426487884126,24.753847710869493,i,I11,K24O02N
895,60877.30896285776,357.6956960821054,7.515637305647749,21.720695115313177,i,I11,K24Y13C
896,60877.381487107545,322.6473829707052,-17.217385106471866,23.80617837176712,r,I11,K25N01J
897,60878.01513272712,299.6036975815713,-21.76538511043153,23.527548179710102,r,I11,K25A02H
898,60878.03631836739,285.93682376176685,-19.63278407151412,20.3868829109554,r,I11,K25O01Y
899,60878.0372585242,289.08435691296404,-24.08296507856185,21.5,r,I11,K25O07Y
900,60878.10564417341,305.58963548047865,-8.808453423518353,21.76087286349817,i,I11,K25O04S
901,60878.106114568494,307.68005383777404,-12.244527001892346,21.024921613010655,i,I11,K25O03Z
902,60878.10658400849,307.6806922436707,-12.244188249597531,21.147174391097927,i,I11,K25O03Z
903,60878.11313102624,312.44949765550865,-22.206410414668312,21.928051298842558,z,I11,K25O11L
904,60878.11631455734,323.4205746850941,-17.651129685208993,21.9929332749732,z,I11,K25N01J
905,60878.11723353121,323.4214802956978,-17.651690834539004,21.94651889766102,z,I11,K25N01J
906,60878.1199664059,324.5149755126583,-12.434878148384657,22.26397854908956,z,I11,K25O09S
907,60878.12641814415,307.7076018527863,-12.229828041258468,21.9901373671456,z,I11,K25O03Z
908,60878.12689405192,307.7082456699945,-12.22948256193941,22.48024799706935,z,I11,K25O03Z
909,60878.12877901531,311.80354679570587,-17.748204388779683,21.18596012014248,z,I11,K25O09V
910,60878.13115710688,309.92686279829434,-21.50134955234481,24.93909967854135,u,I11,K25N01U
911,60878.1334477252,302.5629925879208,-11.277382541688926,26.04524941005427,u,I11,K25O09W
912,60878.14094004663,307.96096883794354,-28.124811993285583,24.71658553891086,u,I11,K21N00X
913,60878.14525541844,256.9039258414033,-24.03055644772365,17.088587296660094,r,I11,K14Qh2X
914,60878.15622562007,268.30865102008454,-17.253711406489018,21.46088078216712,u,I11,K12M06L
915,60878.16530260159,249.90461703103023,-20.597917872081915,21.5,u,I11,K20O03O
916,60878.16642191101,245.037027362018,-21.8852856729245,21.5,u,I11,K25M89U
917,60878.16696310515,246.66197196710303,-22.19782205018455,21.5,u,I11,K07A02C
918,60878.182133390575,9.268478365668749,-42.49434633419455,19.00449853755396,g,I11,K05M13M
919,60878.184128357374,9.27154234722483,-42.49579909459968,18.430195643134645,i,I11,K05M13M
920,60878.18456389431,9.272212158989475,-42.49611671897414,18.322898537611007,i,I11,K05M13M
921,60878.18500032034,9.272881917708252,-42.496434331952585,18.338351035442223,i,I11,K05M13M
922,60878.18543681693,9.273553161191815,-42.49675266273748,18.388552195058384,i,I11,K05M13M
923,60878.18735724594,9.276501707928103,-42.49815114289081,22.541129891127397,u,I11,K05M13M
924,60878.18788637458,9.277313916695832,-42.498536414342105,22.44282753415052,u,I11,K05M13M
925,60878.18841551832,9.2781275844448,-42.4989223970902,22.5218396771497,u,I11,K05M13M
926,60878.18894463511,9.278939639364362,-42.49930763376853,22.36121127592179,u,I11,K05M13M
927,60878.19369840684,329.56593689089885,-18.56919581209533,23.57089355398984,u,I11,K15N13Y
928,60878.19760403028,334.49042812509424,-6.119775750383893,25.344337205856817,u,I11,K25O17H
929,60878.19815384013,332.55492441843194,-2.4856276187231496,25.14789779614938,u,I11,K25P00K
930,60878.20144500223,323.6236127937534,-6.063480659529123,24.409070688804483,u,I11,K25O00E
931,60878.203719041805,324.5869956879728,-12.38710593824611,32.32573713461308,u,I11,K25O09S
932,60878.20723246866,322.13718378840827,-24.607157587013184,21.5,u,I11,K25O00M
933,60878.207801085344,327.32750258855964,-25.03178216189248,21.5,u,I11,K18B05E
934,60878.21168616555,335.3403258918477,-19.020360704443405,21.098364708825805,g,I11,K25O01A
935,60878.21168616555,336.95447363873666,-18.86724660837077,21.746122118121576,g,I11,K25O04Q
936,60878.21312413295,340.12239981425563,-15.62056661665486,22.270527088788164,g,I11,K25O12U
937,60878.21359390208,336.8101155642894,-13.011426559239428,20.501389917139903,g,I11,K18L15U
938,60878.217275414165,340.29277488964703,-3.187655698435285,25.06861526991795,g,I11,K25P01B
939,60878.217275414165,342.16105088224225,-2.2422341294256776,21.78342615275622,g,I11,K25O10K
940,60878.22001266936,336.6687823963165,-6.91774498034694,21.5,g,I11,K25P00P
941,60878.22934346414,342.1475516596062,-2.215115427974675,22.478806680677287,g,I11,K25O10K
942,60878.23024940374,341.50871856135467,-6.034544408484784,24.740645336494357,g,I11,K21S01O
943,60878.23024940374,344.6320177067035,-5.770275867197058,20.98936558938834,g,I11,K24P03R
944,60878.23266293351,341.5111039927714,-6.033479636744275,21.5,r,I11,K21S01O
945,60878.23266293351,344.6305592439845,-5.772909847897775,19.95201788175044,r,I11,K24P03R
946,60878.23312372296,340.29422926770064,-3.215032037873039,25.81735184023941,r,I11,K25P01B
947,60878.2344765627,336.6813232921593,-6.897342738098407,27.163596649191405,r,I11,K25P00P
948,60878.23538995118,334.5349580075772,-6.134958665622615,21.915037690196,r,I11,K25O17H
949,60878.23724192324,332.5528826300368,-2.5373010958454376,22.91073645984877,r,I11,K25P00K
950,60878.23954118251,323.6456778467871,-6.156582255412824,19.32182216708017,r,I11,K25O00E
951,60878.24310333576,330.1949923822241,-13.508073128571656,21.310073169973503,r,I11,K13T04M
952,60878.2445285235,336.85952024701186,-12.956595729239348,19.414896122233888,r,I11,K18L15U
953,60878.25015075128,348.72247237264946,-7.322053013886172,24.75790036190853,r,I11,K17D15S
954,60878.25393245378,341.5321063758454,-6.024083060431218,21.5,i,I11,K21S01O
955,60878.25393245378,344.6176669583577,-5.796126238620864,19.91403090700976,i,I11,K24P03R
956,60878.25439736847,340.2960904174286,-3.2518011634751347,21.5,i,I11,K25P01B
957,60878.25439736847,342.11936877490695,-2.158804180452766,21.260237450123117,i,I11,K25O10K
958,60878.255304515245,340.2961678836693,-3.253371121609474,21.5,i,I11,K25P01B
959,60878.25574983272,336.69967500491884,-6.867298697653699,21.5,i,I11,K25P00P
960,60878.25670136678,334.55999513435444,-6.143510439335763,21.958535521593376,i,I11,K25O17H
961,60878.25862711589,332.55163644651884,-2.565618110724224,22.03383476633481,i,I11,K25P00K
962,60878.26099322609,323.65788903634245,-6.208667540375141,20.5458985843563,i,I11,K25O00E
963,60878.26452145911,330.2350645892861,-13.496449605133646,21.441395483456542,i,I11,K13T04M
964,60878.26602224903,336.89361544133686,-12.91836167078465,19.41210550531405,i,I11,K18L15U
965,60878.27176473447,348.74689962839585,-7.312354615779126,21.5,i,I11,K17D15S
966,60878.279328182296,3.609576344200884,-8.584263717381264,22.943335573204653,g,I11,K19U03Y
967,60878.27978971484,3.6102345152100814,-8.583755211472754,21.57837218863645,g,I11,K19U03Y
968,60878.28300209552,2.0011777786838176,2.6788723064131843,25.39505474315874,g,I11,K16P08B
969,60878.28345617663,359.1706465594786,2.8806221590242744,29.086630478221178,g,I11,K22Y06N
970,60878.283914543776,2.299783170364301,4.398517184226893,21.5,g,I11,K04S55U
971,60878.284377335294,2.300209528818909,4.398706272396188,27.739196187107268,g,I11,K04S55U
972,60878.285285264414,2.6228737542427325,6.223390592562911,23.092601107883667,g,I11,K24O02N
973,60878.285285264414,1.4437340877253328,8.598677865003198,25.037439024574592,g,I11,K16S00C
974,60878.28574609105,4.324448476522718,10.279179912778096,23.05865547789901,g,I11,K22P00J
975,60878.286643348125,1.4451924490868444,8.599342227964462,21.5,g,I11,K16S00C
976,60878.286643348125,0.2004727403235875,10.791079795144276,19.997776981971043,g,I11,K12K42U
977,60878.28755351008,359.30109140861083,7.656856469697321,22.075740777530257,g,I11,K20B05A
978,60878.288465981575,357.7371153018636,5.979328458688189,19.367258983258505,g,I11,K24Y13C
979,60878.29074546564,356.12185832699174,-3.974825806861991,19.149936336236856,g,I11,K25F02V
980,60878.31083214376,65.17814897431397,-46.94250468730198,24.38875160098816,i,I11,K23B08P
981,60878.31126988751,65.17941989125855,-46.94190007708603,24.02288779070988,i,I11,K23B08P
982,60878.31319690726,65.18501027438805,-46.939239808410896,21.5,g,I11,K23B08P
983,60878.313635890176,65.18628360475034,-46.93863369896622,25.030672696471957,g,I11,K23B08P
984,60878.31407250134,65.18755104421984,-46.938030328601975,26.47676037583569,g,I11,K23B08P
985,60878.32318472535,65.2139583980809,-46.925444071443486,21.5,i,I11,K23B08P
986,60878.32849781411,21.958883074931013,11.375070968253144,20.694788448133224,r,I11,K19N01C
987,60878.32849781411,23.080089719004384,11.251873707218069,21.5,r,I11,K14QT5O
988,60878.32849781411,23.13083692077737,12.034717418659982,21.5,r,I11,K16C29N
989,60878.33075535557,18.26526138611212,18.71067823082204,26.291467290184045,r,I11,K15Bp5P
990,60878.33121058655,15.047547371600476,15.606206251724348,21.5,r,I11,K18R01S
991,60878.33212284333,18.038773238964183,9.034972694242189,29.48679219108078,r,I11,K25N02Y
992,60878.33212284333,17.60541814245699,8.534996819917396,18.017009519699595,r,I11,K05J21F
993,60878.33256367907,17.606350055061,8.534916115581842,15.872204276478085,r,I11,K05J21F
994,60878.33301763325,15.74906973176967,10.555897018986922,28.97461472343561,r,I11,K21T13V
995,60878.33844242526,10.755073592836055,2.561168524582708,29.197440155785056,r,I11,K16GD4J
996,60878.34676158512,21.95465463295817,0.3735905022287528,21.5,r,I11,K21V00L
997,60878.34855123349,323.644544524,-17.78994628461214,20.14741083897982,r,I11,K25N01J
998,60878.35357562681,305.4694211457087,-9.39185480979769,22.47306450559599,r,I11,K25O04S
999,60878.3673666414,313.836352920394,-19.784928986517865,18.788838848734137,r,I11,K25O00V
1000,60878.367826011934,313.1037623419724,-22.684109972350708,20.871287832642388,r,I11,K25O11L
1001,60878.36828864397,309.77922734845646,-21.73075530620933,20.603110619026065,r,I11,K25N01U
1002,60878.37192191645,308.2679371646072,-28.253713111352788,20.61419299161531,r,I11,K21N00X
1003,60878.3723650708,308.2685521181534,-28.253941401573137,20.57588718855673,r,I11,K21N00X
1004,60878.37330654554,313.1181621285153,-22.69415604662513,21.108916030644544,r,I11,K25O11L
1005,60878.37647809955,322.37477908328344,-24.582924875639225,19.847412355038585,r,I11,K25O00M
1006,60878.379749191954,323.6748938954505,-17.80809196668158,21.47319139649248,g,I11,K25N01J
1007,60878.38479265254,305.454981876601,-9.465404053568358,21.30496773244621,g,I11,K25O04S
1008,60878.38658326941,301.8453524279633,-13.566024482701932,19.6093918899738,g,I11,K25O00O
1009,60878.38796597207,312.0659528215627,-17.392555029138283,21.17518651033772,g,I11,K25O09V
1010,60878.3929471854,308.2973276605789,-28.26449571563346,21.24655668639816,g,I11,K21N00X
1011,60878.39339044654,308.29795294170367,-28.26472234819409,21.48568819384274,g,I11,K21N00X
1012,60878.39435260063,313.1737248694532,-22.73266498071831,21.50794149129044,g,I11,K25O11L
1013,60879.07795904504,291.6475423723102,-23.621906088509096,21.5,i,I11,K25O07Y
1014,60879.07894016126,289.4211254214828,-18.264062704777395,19.859193144098786,i,I11,K25O01Y
1015,60879.082347821546,296.932924861376,-13.888915149541257,22.80308687166868,i,I11,K25O07W
1016,60879.10100737699,328.835976932343,-17.57442526841855,21.037439342960862,g,I11,K15N13Y
1017,60879.10190569147,331.9303947173941,-13.02128321704468,21.374931912580514,g,I11,K13T04M
1018,60879.10281260357,325.4296458582523,-11.855235427189838,21.981600633075185,g,I11,K25O09S
1019,60879.11674971717,304.28974348996,-11.071204076012071,22.50117118452715,g,I11,K25O09W
1020,60879.1172147437,304.2905237792767,-11.071109723441689,23.23409616236974,g,I11,K25O09W
1021,60879.1172147437,303.385919087972,-11.93603361782307,20.587659562054306,g,I11,K25O00O
1022,60879.1172147437,305.15729582459795,-11.22230832942859,21.6696942638298,g,I11,K25O04S
1023,60879.14811487324,309.2280375920033,-11.45361332253763,21.57612955447082,r,I11,K25O03Z
1024,60879.149089547696,304.3438012153706,-11.06452531353378,22.253502317447605,r,I11,K25O09W
1025,60879.14953591779,303.4431594857904,-11.866787455212124,19.72284826363744,r,I11,K25O00O
1026,60879.14953591779,305.140952084429,-11.301006365454636,22.01553458780124,r,I11,K25O04S
1027,60879.157096512165,309.3073112494363,-22.499681481586045,25.205440560180985,u,I11,K25N01U
1028,60879.159425943406,314.90063415461566,-25.389201762699464,22.628854225805625,u,I11,K25O00V
1029,60879.15998900737,315.3477445895538,-24.17296859148293,25.49486937777681,u,I11,K25O11L
1030,60879.16691200431,312.94806230155746,-16.347046429781017,25.229673359088395,u,I11,K25O09V
1031,60879.16810905265,312.94920524786534,-16.345471722538008,25.639001382330317,u,I11,K25O09V
1032,60879.17118890343,10.619810264043888,-44.87049822621917,26.38306706250567,u,I11,K19J00M
1033,60879.17118890343,10.81028194757358,-43.183113166174,22.653272436387105,u,I11,K05M13M
1034,60879.17171797935,10.618447279978936,-44.86985321232942,25.83172780576284,u,I11,K19J00M
1035,60879.17171797935,10.811106256876416,-43.18348981417724,22.61960462026248,u,I11,K05M13M
1036,60879.1722459795,10.61708647241994,-44.86920938373796,21.5,u,I11,K19J00M
1037,60879.1722459795,10.81192892743556,-43.18386573696934,22.58022268456657,u,I11,K05M13M
1038,60879.17277509956,10.615722685906276,-44.86856430033196,25.96281020508277,u,I11,K19J00M
1039,60879.17277509956,10.812753076235266,-43.18424235870189,22.694752531985664,u,I11,K05M13M
1040,60879.17496267021,10.816160990572191,-43.185799962292506,18.31890547334301,r,I11,K05M13M
1041,60879.17496267021,10.610077666090357,-44.865895775695655,25.824587135950622,r,I11,K19J00M
1042,60879.17539936708,10.608951972531845,-44.86536394333808,24.92658002076488,r,I11,K19J00M
1043,60879.17539936708,10.816839917803264,-43.186110315868014,18.280354660301068,r,I11,K05M13M
1044,60879.17583606685,10.60782342563807,-44.864830864157454,26.81688016610104,r,I11,K19J00M
1045,60879.17583606685,10.817520347343724,-43.186421371526336,18.43754704912449,r,I11,K05M13M
1046,60879.17627140129,10.60669718946856,-44.86429897684971,26.54991545867388,r,I11,K19J00M
1047,60879.17627140129,10.818199165845314,-43.18673170590031,18.509189202290425,r,I11,K05M13M
1048,60879.17670789904,10.818877930089872,-43.18704203056918,18.37802869922461,r,I11,K05M13M
1049,60879.17670789904,10.60557068265223,-44.86376706140354,21.5,r,I11,K19J00M
1050,60879.17906434412,10.822544809830232,-43.18871875091272,22.6041468852272,u,I11,K05M13M
1051,60879.1812109476,10.825885028603304,-43.19024647099931,18.96649796174615,z,I11,K05M13M
1052,60879.18164635448,10.826561625043324,-43.19055596859205,18.855290290052963,z,I11,K05M13M
1053,60879.18208164944,10.827239723504354,-43.1908661671871,18.759111186030868,z,I11,K05M13M
1054,60879.18251917517,10.590530898670568,-44.856674795835126,28.00631098521016,z,I11,K19J00M
1055,60879.18251917517,10.827919322938865,-43.19117706630093,18.879491598364773,z,I11,K05M13M
1056,60879.18295571336,10.828598869126932,-43.19148795487023,19.87456285327645,z,I11,K05M13M
1057,60879.18295571336,10.589397947328624,-44.85614120618244,21.5,z,I11,K19J00M
1058,60879.18598979348,332.0974894281392,-12.97348233016038,24.89743358999421,u,I11,K13T04M
1059,60879.1881803516,332.5707127462369,-3.8367452202896506,26.09062115313168,u,I11,K25P00K
1060,60879.19438639464,335.73295325327985,-6.526317317317051,21.5,u,I11,K25O17H
1061,60879.19438639464,337.6036268944401,-5.525699414448618,27.390176574022465,u,I11,K25P00P
1062,60879.20575893261,258.3568455330711,-24.574197822166777,18.85205494107557,g,I11,K14Qh2X
1063,60879.26176777868,342.5860614981082,-5.568192449580509,21.5,u,I11,K21S01O
1064,60879.26233064075,344.0291331444275,-6.90215010325747,25.147082906794157,u,I11,K24P03R
1065,60879.28551360414,342.9456585632853,0.3952646914873691,24.628028199563538,u,I11,K25O02G
1066,60879.28551360414,341.04032257232615,0.1602716484749729,24.863906124287748,u,I11,K25O10K
1067,60879.29052697372,5.239619780677061,-3.692512880226378,23.47480080745391,i,I11,K14A16B
1068,60879.29147639974,12.013296131753348,3.069463029377955,21.5,i,I11,K16GD4J
1069,60879.29193040165,8.58405098587289,4.788658948180409,21.5,i,I11,K11E40M
1070,60879.29284099089,5.788888651637565,9.765478317580731,22.921585096633137,i,I11,K22P00J
1071,60879.29420940374,9.931806221179349,15.566436477319431,21.5,i,I11,K18R01P
1072,60879.29420940374,8.898164812357582,15.255430176162236,25.486877114511675,i,I11,K16R20K
1073,60879.29509237121,5.792111495884901,9.764300246399646,22.850331195046472,i,I11,K22P00J
1074,60879.29509237121,5.289152449998086,12.831814377645156,21.5,i,I11,K17Q03H
1075,60879.29554086947,5.289721087272428,12.831820655919682,23.82786113297972,i,I11,K17Q03H
1076,60879.296438583,2.256380269217927,10.10680648419966,17.21915970053604,i,I11,K12K42U
1077,60879.29689594275,4.412376560215208,6.139961517336821,21.5,i,I11,K24O02N
1078,60879.32337347472,17.203684747900308,11.091844203891082,26.4525231045688,z,I11,K21T13V
1079,60879.32811351921,11.801813529318869,-6.771691260920678,21.089340039324327,z,I11,K08C00H
1080,60879.329507209695,19.034885651121467,-1.191689921567271,20.17804083971824,z,I11,K05N44W
1081,60879.33042696059,19.035843095389648,-1.1917541781867576,20.168785450180412,z,I11,K05N44W
1082,60879.33042696059,18.04665754227687,-1.6679377436922072,21.21069044324572,z,I11,K05O00X
1083,60879.3321446319,18.92827198476993,4.569979319398565,21.83720872540828,z,I11,K25N02A
1084,60879.33420296586,23.71731821836241,4.760144744570648,26.51615433193524,r,I11,K18T04S
1085,60879.335107277846,24.715414152966773,11.71030852692582,21.5,r,I11,K14QT5O
1086,60879.33555589104,24.878799823764776,12.916838124639472,21.5,r,I11,K16C29N
1087,60879.34130706251,12.079280799309888,3.096655622319542,26.82235006683036,r,I11,K16GD4J
1088,60879.34256314018,13.4478816692145,-1.1884901316602254,26.652575070914253,r,I11,K14Y43S
1089,60879.34380958184,22.973732839598547,0.7571694150452686,24.657541452082015,r,I11,K21V00L
1090,60879.34427008245,24.5262218579813,0.2209889377425335,26.847843501771763,r,I11,K24J01F
1091,60879.34654326532,26.83460699073452,9.017918454328573,21.5,r,I11,K23Q02D
1092,60879.35038070437,313.1221596652877,-16.1028467055511,21.236046381302195,i,I11,K25O09V
1093,60879.35404791644,305.03675259240435,-11.798713427441578,21.33760590143068,i,I11,K25O04S
1094,60879.354511999045,304.6912362840195,-11.016171008671176,21.678021674383544,i,I11,K25O09W
1095,60879.382170396006,10.053238588526694,-44.60330159665099,30.616992567386177,g,I11,K19J00M
1096,60879.382170396006,11.134097740767576,-43.33102276994229,18.833844415143677,g,I11,K05M13M
1097,60879.38260602716,11.134759633192669,-43.331320946680165,18.79849601228549,g,I11,K05M13M
1098,60879.38260602716,10.052049884286957,-44.60271916954288,21.5,g,I11,K19J00M
1099,60879.383043704045,10.050853033900662,-44.60213256986776,26.662248295942028,g,I11,K19J00M
1100,60879.383043704045,11.135426090379012,-43.331621146913776,18.809421782634487,g,I11,K05M13M
1101,60879.383480416094,11.136091025368165,-43.331920628516535,18.8766913570784,g,I11,K05M13M
1102,60879.383480416094,10.049658970160085,-44.60154715427223,27.703365171379318,g,I11,K19J00M
1103,60879.38565583062,10.04371679960394,-44.59863116134107,26.877535473463404,u,I11,K19J00M
1104,60879.38565583062,11.1394004877687,-43.333410692370286,22.271992395997454,u,I11,K05M13M
1105,60879.3861850015,11.140205411957105,-43.33377297952779,22.32890788213931,u,I11,K05M13M
1106,60879.3861850015,10.04227177070309,-44.59792135655256,26.78957534495964,u,I11,K19J00M
1107,60879.38834544025,11.143493597170457,-43.33525244288423,18.3354828104046,i,I11,K05M13M
1108,60879.38878200232,11.144157020919984,-43.33555083908864,18.299158408775178,i,I11,K05M13M
1109,60879.38878200232,10.03517905368176,-44.59443343853568,21.5,i,I11,K19J00M
1110,60879.38921975628,10.033983046285586,-44.59384463932354,27.544951378788284,i,I11,K19J00M
1111,60879.38965506681,11.145485395519731,-43.336148216732816,18.45422254933308,i,I11,K05M13M
1112,60879.38965506681,10.032795297586674,-44.59325971905137,21.5,i,I11,K19J00M
1113,60879.3923632811,10.025402757317469,-44.5896149633784,25.790307157477034,u,I11,K19J00M
1114,60879.3923632811,11.149606006302788,-43.3380004107858,22.42932401908992,u,I11,K05M13M
1115,60879.3928922616,11.150410969069316,-43.33836208319964,22.45124122446513,u,I11,K05M13M
1116,60879.3928922616,10.02395896729527,-44.58890227553412,21.5,u,I11,K19J00M
1117,60879.39342209602,11.151217458188244,-43.338724390515,22.34060334671826,u,I11,K05M13M
1118,60879.39342209602,10.022512557915732,-44.58818801300957,21.5,u,I11,K19J00M
