Checking out argv[1] = -dets.
Checking out argv[3] = -pairs.
Checking out argv[5] = -mjd.
Checking out argv[7] = -obspos.
Checking out argv[9] = -heliodist.
Checking out argv[11] = -minobsnights.
Checking out argv[13] = -mintimespan.
Checking out argv[15] = -out.
Checking out argv[17] = -outsum.
input detection file pairdets.csv
input pair file pairs.txt
input observer position file Earth1day2020s_02a.txt
input heliocentric hypothesis file heliohypo_neo01
input reference MJD 60867
Defaulting to cluster radius = 100000km
Defaulting to DBSCAN npt (min. no. of tracklets in a linkage) = 3
minimum number of unique nights is 2
minimum time span for a linkage is 0.5 days
Defaulting to minimum geocentric distance = 0.10000000000000001 AU
Defaulting to maximum geocentric distance = 100 AU
Defaulting to logarithmic step size for geocentric distance bins = 1.5
Defaulting to minimum geocentric distance at observation = 0 AU
Defaulting to minimum impact parameter = 0 km
comprehensive output file hl_clusters.csv
summary output file hl_summary.csv
Heliocentric ephemeris for Earth is named Earth1day2020s_02a.txt
Finished reading ephemeris file Earth1day2020s_02a.txt
File with averaged accelerations is named heliohypo_neo01
Header line from input paired detection file pairdets.csv:
#MJD,RA,Dec,observerX,observerY,observerZ,stringID,mag,band,obscode,origindex
1702 detection records read from pairdets.csv.
Writing to hl_clusters.csv
Read 1702 detections and 367 pairs.
Working on grid point 0: r = 1.0500 AU, v = -34.6291 km/sec, dv/dt = -0.8000 GMsun/r^2
Working on grid point 1: r = 1.0500 AU, v = -31.1662 km/sec, dv/dt = -0.4000 GMsun/r^2
Working on grid point 2: r = 1.0500 AU, v = -31.1662 km/sec, dv/dt = -0.8000 GMsun/r^2
Working on grid point 3: r = 1.0500 AU, v = -27.7033 km/sec, dv/dt = -0.4000 GMsun/r^2
Working on grid point 4: r = 1.0500 AU, v = -27.7033 km/sec, dv/dt = -0.8000 GMsun/r^2
Working on grid point 5: r = 1.0500 AU, v = -24.2404 km/sec, dv/dt = -0.0000 GMsun/r^2
367 input pairs/tracklets led to 64 physically reasonable state vectors
Identified 0 candidate linkages
Working on grid point 6: r = 1.0500 AU, v = -24.2404 km/sec, dv/dt = -0.4000 GMsun/r^2
Working on grid point 7: r = 1.0500 AU, v = -24.2404 km/sec, dv/dt = -0.8000 GMsun/r^2
Working on grid point 8: r = 1.0500 AU, v = -20.7775 km/sec, dv/dt = -0.0000 GMsun/r^2
367 input pairs/tracklets led to 72 physically reasonable state vectors
Identified 0 candidate linkages
Working on grid point 9: r = 1.0500 AU, v = -20.7775 km/sec, dv/dt = -0.4000 GMsun/r^2
Working on grid point 10: r = 1.0500 AU, v = -17.3146 km/sec, dv/dt = 0.4000 GMsun/r^2
367 input pairs/tracklets led to 94 physically reasonable state vectors
Identified 0 candidate linkages
Working on grid point 11: r = 1.0500 AU, v = -17.3146 km/sec, dv/dt = -0.0000 GMsun/r^2
367 input pairs/tracklets led to 95 physically reasonable state vectors
Identified 0 candidate linkages
Working on grid point 12: r = 1.0500 AU, v = -17.3146 km/sec, dv/dt = -0.4000 GMsun/r^2
367 input pairs/tracklets led to 101 physically reasonable state vectors
Identified 0 candidate linkages
Working on grid point 13: r = 1.0500 AU, v = -13.8517 km/sec, dv/dt = 0.4000 GMsun/r^2
367 input pairs/tracklets led to 122 physically reasonable state vectors
Identified 0 candidate linkages
Working on grid point 14: r = 1.0500 AU, v = -13.8517 km/sec, dv/dt = -0.0000 GMsun/r^2
367 input pairs/tracklets led to 124 physically reasonable state vectors
Identified 0 candidate linkages
Working on grid point 15: r = 1.0500 AU, v = -13.8517 km/sec, dv/dt = -0.4000 GMsun/r^2
367 input pairs/tracklets led to 125 physically reasonable state vectors
Identified 0 candidate linkages
Working on grid point 16: r = 1.0500 AU, v = -10.3887 km/sec, dv/dt = 0.4000 GMsun/r^2
367 input pairs/tracklets led to 147 physically reasonable state vectors
Identified 0 candidate linkages
Working on grid point 17: r = 1.0500 AU, v = -10.3887 km/sec, dv/dt = -0.0000 GMsun/r^2
367 input pairs/tracklets led to 150 physically reasonable state vectors
Identified 0 candidate linkages
Working on grid point 18: r = 1.0500 AU, v = -10.3887 km/sec, dv/dt = -0.4000 GMsun/r^2
367 input pairs/tracklets led to 152 physically reasonable state vectors
Identified 0 candidate linkages
Working on grid point 19: r = 1.0500 AU, v = -6.9258 km/sec, dv/dt = 0.4000 GMsun/r^2
367 input pairs/tracklets led to 245 physically reasonable state vectors
Identified 0 candidate linkages
Working on grid point 20: r = 1.0500 AU, v = -6.9258 km/sec, dv/dt = -0.0000 GMsun/r^2
367 input pairs/tracklets led to 207 physically reasonable state vectors
Identified 0 candidate linkages
Working on grid point 21: r = 1.0500 AU, v = -6.9258 km/sec, dv/dt = -0.4000 GMsun/r^2
367 input pairs/tracklets led to 198 physically reasonable state vectors
Identified 0 candidate linkages
Working on grid point 22: r = 1.0500 AU, v = -3.4629 km/sec, dv/dt = 0.4000 GMsun/r^2
367 input pairs/tracklets led to 343 physically reasonable state vectors
Identified 0 candidate linkages
Working on grid point 23: r = 1.0500 AU, v = -3.4629 km/sec, dv/dt = -0.0000 GMsun/r^2
367 input pairs/tracklets led to 304 physically reasonable state vectors
Identified 0 candidate linkages
Working on grid point 24: r = 1.0500 AU, v = -3.4629 km/sec, dv/dt = -0.4000 GMsun/r^2
367 input pairs/tracklets led to 292 physically reasonable state vectors
Identified 0 candidate linkages
Working on grid point 25: r = 1.0500 AU, v = 0.0000 km/sec, dv/dt = 0.4000 GMsun/r^2
367 input pairs/tracklets led to 338 physically reasonable state vectors
Identified 0 candidate linkages
Working on grid point 26: r = 1.0500 AU, v = 0.0000 km/sec, dv/dt = -0.0000 GMsun/r^2
367 input pairs/tracklets led to 349 physically reasonable state vectors
Identified 0 candidate linkages
Working on grid point 27: r = 1.0500 AU, v = 0.0000 km/sec, dv/dt = -0.4000 GMsun/r^2
367 input pairs/tracklets led to 296 physically reasonable state vectors
Identified 0 candidate linkages
Working on grid point 28: r = 1.0500 AU, v = 3.4629 km/sec, dv/dt = 0.4000 GMsun/r^2
367 input pairs/tracklets led to 303 physically reasonable state vectors
Identified 0 candidate linkages
Working on grid point 29: r = 1.0500 AU, v = 3.4629 km/sec, dv/dt = -0.0000 GMsun/r^2
367 input pairs/tracklets led to 290 physically reasonable state vectors
Identified 0 candidate linkages
Working on grid point 30: r = 1.0500 AU, v = 3.4629 km/sec, dv/dt = -0.4000 GMsun/r^2
367 input pairs/tracklets led to 290 physically reasonable state vectors
Identified 0 candidate linkages
Working on grid point 31: r = 1.0500 AU, v = 6.9258 km/sec, dv/dt = 0.4000 GMsun/r^2
367 input pairs/tracklets led to 235 physically reasonable state vectors
Identified 0 candidate linkages
Working on grid point 32: r = 1.0500 AU, v = 6.9258 km/sec, dv/dt = -0.0000 GMsun/r^2
367 input pairs/tracklets led to 237 physically reasonable state vectors
Identified 0 candidate linkages
Working on grid point 33: r = 1.0500 AU, v = 6.9258 km/sec, dv/dt = -0.4000 GMsun/r^2
367 input pairs/tracklets led to 246 physically reasonable state vectors
Identified 0 candidate linkages
Working on grid point 34: r = 1.0500 AU, v = 10.3887 km/sec, dv/dt = 0.4000 GMsun/r^2
367 input pairs/tracklets led to 173 physically reasonable state vectors
Identified 0 candidate linkages
Working on grid point 35: r = 1.0500 AU, v = 10.3887 km/sec, dv/dt = -0.0000 GMsun/r^2
367 input pairs/tracklets led to 194 physically reasonable state vectors
Identified 0 candidate linkages
Working on grid point 36: r = 1.0500 AU, v = 10.3887 km/sec, dv/dt = -0.4000 GMsun/r^2
367 input pairs/tracklets led to 209 physically reasonable state vectors
Identified 0 candidate linkages
Working on grid point 37: r = 1.0500 AU, v = 13.8517 km/sec, dv/dt = 0.4000 GMsun/r^2
367 input pairs/tracklets led to 142 physically reasonable state vectors
Identified 0 candidate linkages
Working on grid point 38: r = 1.0500 AU, v = 13.8517 km/sec, dv/dt = -0.0000 GMsun/r^2
367 input pairs/tracklets led to 161 physically reasonable state vectors
Identified 0 candidate linkages
Working on grid point 39: r = 1.0500 AU, v = 13.8517 km/sec, dv/dt = -0.4000 GMsun/r^2
367 input pairs/tracklets led to 178 physically reasonable state vectors
Identified 0 candidate linkages
Working on grid point 40: r = 1.0500 AU, v = 17.3146 km/sec, dv/dt = 0.4000 GMsun/r^2
367 input pairs/tracklets led to 112 physically reasonable state vectors
Identified 0 candidate linkages
Working on grid point 41: r = 1.0500 AU, v = 17.3146 km/sec, dv/dt = -0.0000 GMsun/r^2
367 input pairs/tracklets led to 122 physically reasonable state vectors
Identified 0 candidate linkages
Working on grid point 42: r = 1.0500 AU, v = 17.3146 km/sec, dv/dt = -0.4000 GMsun/r^2
367 input pairs/tracklets led to 144 physically reasonable state vectors
Identified 0 candidate linkages
Working on grid point 43: r = 1.0500 AU, v = 20.7775 km/sec, dv/dt = -0.0000 GMsun/r^2
367 input pairs/tracklets led to 109 physically reasonable state vectors
Identified 0 candidate linkages
Working on grid point 44: r = 1.0500 AU, v = 20.7775 km/sec, dv/dt = -0.4000 GMsun/r^2
Working on grid point 45: r = 1.0500 AU, v = 24.2404 km/sec, dv/dt = -0.0000 GMsun/r^2
367 input pairs/tracklets led to 100 physically reasonable state vectors
Identified 0 candidate linkages
Working on grid point 46: r = 1.0500 AU, v = 24.2404 km/sec, dv/dt = -0.4000 GMsun/r^2
Working on grid point 47: r = 1.0500 AU, v = 24.2404 km/sec, dv/dt = -0.8000 GMsun/r^2
Working on grid point 48: r = 1.0500 AU, v = 27.7033 km/sec, dv/dt = -0.4000 GMsun/r^2
Working on grid point 49: r = 1.0500 AU, v = 27.7033 km/sec, dv/dt = -0.8000 GMsun/r^2
Working on grid point 50: r = 1.0500 AU, v = 31.1662 km/sec, dv/dt = -0.4000 GMsun/r^2
Working on grid point 51: r = 1.0500 AU, v = 31.1662 km/sec, dv/dt = -0.8000 GMsun/r^2
Working on grid point 52: r = 1.0500 AU, v = 34.6291 km/sec, dv/dt = -0.8000 GMsun/r^2
Working on grid point 53: r = 1.0600 AU, v = -34.6291 km/sec, dv/dt = -0.8000 GMsun/r^2
Working on grid point 54: r = 1.0600 AU, v = -31.1662 km/sec, dv/dt = -0.4000 GMsun/r^2
Working on grid point 55: r = 1.0600 AU, v = -31.1662 km/sec, dv/dt = -0.8000 GMsun/r^2
Working on grid point 56: r = 1.0600 AU, v = -27.7033 km/sec, dv/dt = -0.4000 GMsun/r^2
Working on grid point 57: r = 1.0600 AU, v = -27.7033 km/sec, dv/dt = -0.8000 GMsun/r^2
Working on grid point 58: r = 1.0600 AU, v = -24.2404 km/sec, dv/dt = -0.0000 GMsun/r^2
367 input pairs/tracklets led to 65 physically reasonable state vectors
Identified 0 candidate linkages
Working on grid point 59: r = 1.0600 AU, v = -24.2404 km/sec, dv/dt = -0.4000 GMsun/r^2
Working on grid point 60: r = 1.0600 AU, v = -24.2404 km/sec, dv/dt = -0.8000 GMsun/r^2
Working on grid point 61: r = 1.0600 AU, v = -20.7775 km/sec, dv/dt = -0.0000 GMsun/r^2
367 input pairs/tracklets led to 84 physically reasonable state vectors
Identified 0 candidate linkages
Working on grid point 62: r = 1.0600 AU, v = -20.7775 km/sec, dv/dt = -0.4000 GMsun/r^2
Working on grid point 63: r = 1.0600 AU, v = -17.3146 km/sec, dv/dt = 0.4000 GMsun/r^2
367 input pairs/tracklets led to 97 physically reasonable state vectors
Identified 0 candidate linkages
Working on grid point 64: r = 1.0600 AU, v = -17.3146 km/sec, dv/dt = -0.0000 GMsun/r^2
367 input pairs/tracklets led to 101 physically reasonable state vectors
Identified 0 candidate linkages
Working on grid point 65: r = 1.0600 AU, v = -17.3146 km/sec, dv/dt = -0.4000 GMsun/r^2
367 input pairs/tracklets led to 105 physically reasonable state vectors
Identified 0 candidate linkages
Working on grid point 66: r = 1.0600 AU, v = -13.8517 km/sec, dv/dt = 0.4000 GMsun/r^2
367 input pairs/tracklets led to 120 physically reasonable state vectors
Identified 0 candidate linkages
Working on grid point 67: r = 1.0600 AU, v = -13.8517 km/sec, dv/dt = -0.0000 GMsun/r^2
367 input pairs/tracklets led to 122 physically reasonable state vectors
Identified 0 candidate linkages
Working on grid point 68: r = 1.0600 AU, v = -13.8517 km/sec, dv/dt = -0.4000 GMsun/r^2
367 input pairs/tracklets led to 123 physically reasonable state vectors
Identified 0 candidate linkages
Working on grid point 69: r = 1.0600 AU, v = -10.3887 km/sec, dv/dt = 0.4000 GMsun/r^2
367 input pairs/tracklets led to 177 physically reasonable state vectors
Identified 0 candidate linkages
Working on grid point 70: r = 1.0600 AU, v = -10.3887 km/sec, dv/dt = -0.0000 GMsun/r^2
367 input pairs/tracklets led to 167 physically reasonable state vectors
Identified 0 candidate linkages
Working on grid point 71: r = 1.0600 AU, v = -10.3887 km/sec, dv/dt = -0.4000 GMsun/r^2
367 input pairs/tracklets led to 146 physically reasonable state vectors
Identified 0 candidate linkages
Working on grid point 72: r = 1.0600 AU, v = -6.9258 km/sec, dv/dt = 0.4000 GMsun/r^2
367 input pairs/tracklets led to 304 physically reasonable state vectors
Identified 0 candidate linkages
Working on grid point 73: r = 1.0600 AU, v = -6.9258 km/sec, dv/dt = -0.0000 GMsun/r^2
367 input pairs/tracklets led to 258 physically reasonable state vectors
Identified 0 candidate linkages
Working on grid point 74: r = 1.0600 AU, v = -6.9258 km/sec, dv/dt = -0.4000 GMsun/r^2
367 input pairs/tracklets led to 240 physically reasonable state vectors
Identified 0 candidate linkages
Working on grid point 75: r = 1.0600 AU, v = -3.4629 km/sec, dv/dt = 0.4000 GMsun/r^2
367 input pairs/tracklets led to 340 physically reasonable state vectors
Identified 0 candidate linkages
Working on grid point 76: r = 1.0600 AU, v = -3.4629 km/sec, dv/dt = -0.0000 GMsun/r^2
367 input pairs/tracklets led to 311 physically reasonable state vectors
Identified 0 candidate linkages
Working on grid point 77: r = 1.0600 AU, v = -3.4629 km/sec, dv/dt = -0.4000 GMsun/r^2
367 input pairs/tracklets led to 299 physically reasonable state vectors
Identified 0 candidate linkages
Working on grid point 78: r = 1.0600 AU, v = 0.0000 km/sec, dv/dt = 0.4000 GMsun/r^2
367 input pairs/tracklets led to 332 physically reasonable state vectors
Identified 0 candidate linkages
Working on grid point 79: r = 1.0600 AU, v = 0.0000 km/sec, dv/dt = -0.0000 GMsun/r^2
367 input pairs/tracklets led to 345 physically reasonable state vectors
Identified 0 candidate linkages
Working on grid point 80: r = 1.0600 AU, v = 0.0000 km/sec, dv/dt = -0.4000 GMsun/r^2
367 input pairs/tracklets led to 295 physically reasonable state vectors
Identified 0 candidate linkages
Working on grid point 81: r = 1.0600 AU, v = 3.4629 km/sec, dv/dt = 0.4000 GMsun/r^2
367 input pairs/tracklets led to 301 physically reasonable state vectors
Identified 0 candidate linkages
Working on grid point 82: r = 1.0600 AU, v = 3.4629 km/sec, dv/dt = -0.0000 GMsun/r^2
367 input pairs/tracklets led to 306 physically reasonable state vectors
Identified 0 candidate linkages
Working on grid point 83: r = 1.0600 AU, v = 3.4629 km/sec, dv/dt = -0.4000 GMsun/r^2
367 input pairs/tracklets led to 288 physically reasonable state vectors
Identified 0 candidate linkages
Working on grid point 84: r = 1.0600 AU, v = 6.9258 km/sec, dv/dt = 0.4000 GMsun/r^2
367 input pairs/tracklets led to 235 physically reasonable state vectors
Identified 0 candidate linkages
Working on grid point 85: r = 1.0600 AU, v = 6.9258 km/sec, dv/dt = -0.0000 GMsun/r^2
367 input pairs/tracklets led to 243 physically reasonable state vectors
Identified 0 candidate linkages
Working on grid point 86: r = 1.0600 AU, v = 6.9258 km/sec, dv/dt = -0.4000 GMsun/r^2
367 input pairs/tracklets led to 257 physically reasonable state vectors
Identified 0 candidate linkages
Working on grid point 87: r = 1.0600 AU, v = 10.3887 km/sec, dv/dt = 0.4000 GMsun/r^2
367 input pairs/tracklets led to 174 physically reasonable state vectors
Identified 0 candidate linkages
Working on grid point 88: r = 1.0600 AU, v = 10.3887 km/sec, dv/dt = -0.0000 GMsun/r^2
367 input pairs/tracklets led to 192 physically reasonable state vectors
Identified 0 candidate linkages
Working on grid point 89: r = 1.0600 AU, v = 10.3887 km/sec, dv/dt = -0.4000 GMsun/r^2
367 input pairs/tracklets led to 207 physically reasonable state vectors
Identified 0 candidate linkages
Working on grid point 90: r = 1.0600 AU, v = 13.8517 km/sec, dv/dt = 0.4000 GMsun/r^2
367 input pairs/tracklets led to 142 physically reasonable state vectors
Identified 0 candidate linkages
Working on grid point 91: r = 1.0600 AU, v = 13.8517 km/sec, dv/dt = -0.0000 GMsun/r^2
367 input pairs/tracklets led to 159 physically reasonable state vectors
Identified 0 candidate linkages
Working on grid point 92: r = 1.0600 AU, v = 13.8517 km/sec, dv/dt = -0.4000 GMsun/r^2
367 input pairs/tracklets led to 174 physically reasonable state vectors
Identified 0 candidate linkages
Working on grid point 93: r = 1.0600 AU, v = 17.3146 km/sec, dv/dt = 0.4000 GMsun/r^2
367 input pairs/tracklets led to 119 physically reasonable state vectors
Identified 0 candidate linkages
Working on grid point 94: r = 1.0600 AU, v = 17.3146 km/sec, dv/dt = -0.0000 GMsun/r^2
367 input pairs/tracklets led to 126 physically reasonable state vectors
Identified 0 candidate linkages
Working on grid point 95: r = 1.0600 AU, v = 17.3146 km/sec, dv/dt = -0.4000 GMsun/r^2
367 input pairs/tracklets led to 147 physically reasonable state vectors
Identified 0 candidate linkages
Working on grid point 96: r = 1.0600 AU, v = 20.7775 km/sec, dv/dt = -0.0000 GMsun/r^2
367 input pairs/tracklets led to 108 physically reasonable state vectors
Identified 0 candidate linkages
Working on grid point 97: r = 1.0600 AU, v = 20.7775 km/sec, dv/dt = -0.4000 GMsun/r^2
Working on grid point 98: r = 1.0600 AU, v = 24.2404 km/sec, dv/dt = -0.0000 GMsun/r^2
367 input pairs/tracklets led to 100 physically reasonable state vectors
Identified 0 candidate linkages
Working on grid point 99: r = 1.0600 AU, v = 24.2404 km/sec, dv/dt = -0.4000 GMsun/r^2
Working on grid point 100: r = 1.0600 AU, v = 24.2404 km/sec, dv/dt = -0.8000 GMsun/r^2
Working on grid point 101: r = 1.0600 AU, v = 27.7033 km/sec, dv/dt = -0.4000 GMsun/r^2
Working on grid point 102: r = 1.0600 AU, v = 27.7033 km/sec, dv/dt = -0.8000 GMsun/r^2
Working on grid point 103: r = 1.0600 AU, v = 31.1662 km/sec, dv/dt = -0.4000 GMsun/r^2
Working on grid point 104: r = 1.0600 AU, v = 31.1662 km/sec, dv/dt = -0.8000 GMsun/r^2
Working on grid point 105: r = 1.0600 AU, v = 34.6291 km/sec, dv/dt = -0.8000 GMsun/r^2
Working on grid point 106: r = 1.0700 AU, v = -34.6291 km/sec, dv/dt = -0.8000 GMsun/r^2
Working on grid point 107: r = 1.0700 AU, v = -31.1662 km/sec, dv/dt = -0.4000 GMsun/r^2
Working on grid point 108: r = 1.0700 AU, v = -31.1662 km/sec, dv/dt = -0.8000 GMsun/r^2
Working on grid point 109: r = 1.0700 AU, v = -27.7033 km/sec, dv/dt = -0.4000 GMsun/r^2
Working on grid point 110: r = 1.0700 AU, v = -27.7033 km/sec, dv/dt = -0.8000 GMsun/r^2
Working on grid point 111: r = 1.0700 AU, v = -24.2404 km/sec, dv/dt = -0.0000 GMsun/r^2
367 input pairs/tracklets led to 70 physically reasonable state vectors
Identified 0 candidate linkages
Working on grid point 112: r = 1.0700 AU, v = -24.2404 km/sec, dv/dt = -0.4000 GMsun/r^2
Working on grid point 113: r = 1.0700 AU, v = -24.2404 km/sec, dv/dt = -0.8000 GMsun/r^2
Working on grid point 114: r = 1.0700 AU, v = -20.7775 km/sec, dv/dt = -0.0000 GMsun/r^2
367 input pairs/tracklets led to 90 physically reasonable state vectors
Identified 0 candidate linkages
Working on grid point 115: r = 1.0700 AU, v = -20.7775 km/sec, dv/dt = -0.4000 GMsun/r^2
Working on grid point 116: r = 1.0700 AU, v = -17.3146 km/sec, dv/dt = 0.4000 GMsun/r^2
367 input pairs/tracklets led to 97 physically reasonable state vectors
Identified 0 candidate linkages
Working on grid point 117: r = 1.0700 AU, v = -17.3146 km/sec, dv/dt = -0.0000 GMsun/r^2
367 input pairs/tracklets led to 101 physically reasonable state vectors
Identified 0 candidate linkages
Working on grid point 118: r = 1.0700 AU, v = -17.3146 km/sec, dv/dt = -0.4000 GMsun/r^2
367 input pairs/tracklets led to 105 physically reasonable state vectors
Identified 0 candidate linkages
Working on grid point 119: r = 1.0700 AU, v = -13.8517 km/sec, dv/dt = 0.4000 GMsun/r^2
367 input pairs/tracklets led to 117 physically reasonable state vectors
Identified 0 candidate linkages
Working on grid point 120: r = 1.0700 AU, v = -13.8517 km/sec, dv/dt = -0.0000 GMsun/r^2
367 input pairs/tracklets led to 119 physically reasonable state vectors
Identified 0 candidate linkages
Working on grid point 121: r = 1.0700 AU, v = -13.8517 km/sec, dv/dt = -0.4000 GMsun/r^2
367 input pairs/tracklets led to 123 physically reasonable state vectors
Identified 0 candidate linkages
Working on grid point 122: r = 1.0700 AU, v = -10.3887 km/sec, dv/dt = 0.4000 GMsun/r^2
367 input pairs/tracklets led to 214 physically reasonable state vectors
Identified 0 candidate linkages
Working on grid point 123: r = 1.0700 AU, v = -10.3887 km/sec, dv/dt = -0.0000 GMsun/r^2
367 input pairs/tracklets led to 187 physically reasonable state vectors
Identified 0 candidate linkages
Working on grid point 124: r = 1.0700 AU, v = -10.3887 km/sec, dv/dt = -0.4000 GMsun/r^2
367 input pairs/tracklets led to 185 physically reasonable state vectors
Identified 0 candidate linkages
Working on grid point 125: r = 1.0700 AU, v = -6.9258 km/sec, dv/dt = 0.4000 GMsun/r^2
367 input pairs/tracklets led to 299 physically reasonable state vectors
Identified 0 candidate linkages
Working on grid point 126: r = 1.0700 AU, v = -6.9258 km/sec, dv/dt = -0.0000 GMsun/r^2
367 input pairs/tracklets led to 296 physically reasonable state vectors
Identified 0 candidate linkages
Working on grid point 127: r = 1.0700 AU, v = -6.9258 km/sec, dv/dt = -0.4000 GMsun/r^2
367 input pairs/tracklets led to 280 physically reasonable state vectors
Identified 0 candidate linkages
Working on grid point 128: r = 1.0700 AU, v = -3.4629 km/sec, dv/dt = 0.4000 GMsun/r^2
367 input pairs/tracklets led to 336 physically reasonable state vectors
Identified 0 candidate linkages
Working on grid point 129: r = 1.0700 AU, v = -3.4629 km/sec, dv/dt = -0.0000 GMsun/r^2
367 input pairs/tracklets led to 309 physically reasonable state vectors
Identified 0 candidate linkages
Working on grid point 130: r = 1.0700 AU, v = -3.4629 km/sec, dv/dt = -0.4000 GMsun/r^2
367 input pairs/tracklets led to 299 physically reasonable state vectors
Identified 0 candidate linkages
Working on grid point 131: r = 1.0700 AU, v = 0.0000 km/sec, dv/dt = 0.4000 GMsun/r^2
367 input pairs/tracklets led to 327 physically reasonable state vectors
Identified 0 candidate linkages
Working on grid point 132: r = 1.0700 AU, v = 0.0000 km/sec, dv/dt = -0.0000 GMsun/r^2
367 input pairs/tracklets led to 341 physically reasonable state vectors
Identified 0 candidate linkages
Working on grid point 133: r = 1.0700 AU, v = 0.0000 km/sec, dv/dt = -0.4000 GMsun/r^2
367 input pairs/tracklets led to 298 physically reasonable state vectors
Identified 0 candidate linkages
Working on grid point 134: r = 1.0700 AU, v = 3.4629 km/sec, dv/dt = 0.4000 GMsun/r^2
367 input pairs/tracklets led to 298 physically reasonable state vectors
Identified 0 candidate linkages
Working on grid point 135: r = 1.0700 AU, v = 3.4629 km/sec, dv/dt = -0.0000 GMsun/r^2
367 input pairs/tracklets led to 303 physically reasonable state vectors
Identified 0 candidate linkages
Working on grid point 136: r = 1.0700 AU, v = 3.4629 km/sec, dv/dt = -0.4000 GMsun/r^2
367 input pairs/tracklets led to 287 physically reasonable state vectors
Identified 0 candidate linkages
Working on grid point 137: r = 1.0700 AU, v = 6.9258 km/sec, dv/dt = 0.4000 GMsun/r^2
367 input pairs/tracklets led to 235 physically reasonable state vectors
Identified 0 candidate linkages
Working on grid point 138: r = 1.0700 AU, v = 6.9258 km/sec, dv/dt = -0.0000 GMsun/r^2
367 input pairs/tracklets led to 238 physically reasonable state vectors
Identified 0 candidate linkages
Working on grid point 139: r = 1.0700 AU, v = 6.9258 km/sec, dv/dt = -0.4000 GMsun/r^2
367 input pairs/tracklets led to 257 physically reasonable state vectors
Identified 0 candidate linkages
Working on grid point 140: r = 1.0700 AU, v = 10.3887 km/sec, dv/dt = 0.4000 GMsun/r^2
367 input pairs/tracklets led to 184 physically reasonable state vectors
Identified 0 candidate linkages
Working on grid point 141: r = 1.0700 AU, v = 10.3887 km/sec, dv/dt = -0.0000 GMsun/r^2
367 input pairs/tracklets led to 195 physically reasonable state vectors
Identified 0 candidate linkages
Working on grid point 142: r = 1.0700 AU, v = 10.3887 km/sec, dv/dt = -0.4000 GMsun/r^2
367 input pairs/tracklets led to 207 physically reasonable state vectors
Identified 0 candidate linkages
Working on grid point 143: r = 1.0700 AU, v = 13.8517 km/sec, dv/dt = 0.4000 GMsun/r^2
367 input pairs/tracklets led to 138 physically reasonable state vectors
Identified 0 candidate linkages
Working on grid point 144: r = 1.0700 AU, v = 13.8517 km/sec, dv/dt = -0.0000 GMsun/r^2
367 input pairs/tracklets led to 157 physically reasonable state vectors
Identified 0 candidate linkages
Working on grid point 145: r = 1.0700 AU, v = 13.8517 km/sec, dv/dt = -0.4000 GMsun/r^2
367 input pairs/tracklets led to 172 physically reasonable state vectors
Identified 0 candidate linkages
Working on grid point 146: r = 1.0700 AU, v = 17.3146 km/sec, dv/dt = 0.4000 GMsun/r^2
367 input pairs/tracklets led to 119 physically reasonable state vectors
Identified 0 candidate linkages
Working on grid point 147: r = 1.0700 AU, v = 17.3146 km/sec, dv/dt = -0.0000 GMsun/r^2
367 input pairs/tracklets led to 124 physically reasonable state vectors
Identified 0 candidate linkages
Working on grid point 148: r = 1.0700 AU, v = 17.3146 km/sec, dv/dt = -0.4000 GMsun/r^2
367 input pairs/tracklets led to 145 physically reasonable state vectors
Identified 0 candidate linkages
Working on grid point 149: r = 1.0700 AU, v = 20.7775 km/sec, dv/dt = -0.0000 GMsun/r^2
367 input pairs/tracklets led to 112 physically reasonable state vectors
Identified 0 candidate linkages
Working on grid point 150: r = 1.0700 AU, v = 20.7775 km/sec, dv/dt = -0.4000 GMsun/r^2
Working on grid point 151: r = 1.0700 AU, v = 20.7775 km/sec, dv/dt = -0.8000 GMsun/r^2
Working on grid point 152: r = 1.0700 AU, v = 24.2404 km/sec, dv/dt = -0.0000 GMsun/r^2
367 input pairs/tracklets led to 100 physically reasonable state vectors
Identified 0 candidate linkages
Working on grid point 153: r = 1.0700 AU, v = 24.2404 km/sec, dv/dt = -0.4000 GMsun/r^2
Working on grid point 154: r = 1.0700 AU, v = 24.2404 km/sec, dv/dt = -0.8000 GMsun/r^2
Working on grid point 155: r = 1.0700 AU, v = 27.7033 km/sec, dv/dt = -0.4000 GMsun/r^2
Working on grid point 156: r = 1.0700 AU, v = 27.7033 km/sec, dv/dt = -0.8000 GMsun/r^2
Working on grid point 157: r = 1.0700 AU, v = 31.1662 km/sec, dv/dt = -0.4000 GMsun/r^2
Working on grid point 158: r = 1.0700 AU, v = 31.1662 km/sec, dv/dt = -0.8000 GMsun/r^2
Working on grid point 159: r = 1.0700 AU, v = 34.6291 km/sec, dv/dt = -0.8000 GMsun/r^2
Working on grid point 160: r = 1.0800 AU, v = -34.6291 km/sec, dv/dt = -0.8000 GMsun/r^2
Working on grid point 161: r = 1.0800 AU, v = -31.1662 km/sec, dv/dt = -0.4000 GMsun/r^2
Working on grid point 162: r = 1.0800 AU, v = -31.1662 km/sec, dv/dt = -0.8000 GMsun/r^2
Working on grid point 163: r = 1.0800 AU, v = -27.7033 km/sec, dv/dt = -0.4000 GMsun/r^2
Working on grid point 164: r = 1.0800 AU, v = -27.7033 km/sec, dv/dt = -0.8000 GMsun/r^2
Working on grid point 165: r = 1.0800 AU, v = -24.2404 km/sec, dv/dt = -0.0000 GMsun/r^2
367 input pairs/tracklets led to 73 physically reasonable state vectors
Identified 0 candidate linkages
Working on grid point 166: r = 1.0800 AU, v = -24.2404 km/sec, dv/dt = -0.4000 GMsun/r^2
Working on grid point 167: r = 1.0800 AU, v = -24.2404 km/sec, dv/dt = -0.8000 GMsun/r^2
Working on grid point 168: r = 1.0800 AU, v = -20.7775 km/sec, dv/dt = -0.0000 GMsun/r^2
367 input pairs/tracklets led to 88 physically reasonable state vectors
Identified 0 candidate linkages
Working on grid point 169: r = 1.0800 AU, v = -20.7775 km/sec, dv/dt = -0.4000 GMsun/r^2
Working on grid point 170: r = 1.0800 AU, v = -20.7775 km/sec, dv/dt = -0.8000 GMsun/r^2
Working on grid point 171: r = 1.0800 AU, v = -17.3146 km/sec, dv/dt = 0.4000 GMsun/r^2
367 input pairs/tracklets led to 99 physically reasonable state vectors
Identified 0 candidate linkages
Working on grid point 172: r = 1.0800 AU, v = -17.3146 km/sec, dv/dt = -0.0000 GMsun/r^2
367 input pairs/tracklets led to 103 physically reasonable state vectors
Identified 0 candidate linkages
Working on grid point 173: r = 1.0800 AU, v = -17.3146 km/sec, dv/dt = -0.4000 GMsun/r^2
367 input pairs/tracklets led to 107 physically reasonable state vectors
Identified 0 candidate linkages
Working on grid point 174: r = 1.0800 AU, v = -13.8517 km/sec, dv/dt = 0.4000 GMsun/r^2
367 input pairs/tracklets led to 160 physically reasonable state vectors
Identified 0 candidate linkages
Working on grid point 175: r = 1.0800 AU, v = -13.8517 km/sec, dv/dt = -0.0000 GMsun/r^2
367 input pairs/tracklets led to 148 physically reasonable state vectors
Identified 0 candidate linkages
Working on grid point 176: r = 1.0800 AU, v = -13.8517 km/sec, dv/dt = -0.4000 GMsun/r^2
367 input pairs/tracklets led to 151 physically reasonable state vectors
Identified 0 candidate linkages
Working on grid point 177: r = 1.0800 AU, v = -10.3887 km/sec, dv/dt = 0.4000 GMsun/r^2
367 input pairs/tracklets led to 252 physically reasonable state vectors
Identified 0 candidate linkages
Working on grid point 178: r = 1.0800 AU, v = -10.3887 km/sec, dv/dt = -0.0000 GMsun/r^2
367 input pairs/tracklets led to 233 physically reasonable state vectors
Identified 0 candidate linkages
Working on grid point 179: r = 1.0800 AU, v = -10.3887 km/sec, dv/dt = -0.4000 GMsun/r^2
367 input pairs/tracklets led to 210 physically reasonable state vectors
Identified 0 candidate linkages
Working on grid point 180: r = 1.0800 AU, v = -6.9258 km/sec, dv/dt = 0.4000 GMsun/r^2
367 input pairs/tracklets led to 301 physically reasonable state vectors
Identified 0 candidate linkages
Working on grid point 181: r = 1.0800 AU, v = -6.9258 km/sec, dv/dt = -0.0000 GMsun/r^2
367 input pairs/tracklets led to 290 physically reasonable state vectors
Identified 0 candidate linkages
Working on grid point 182: r = 1.0800 AU, v = -6.9258 km/sec, dv/dt = -0.4000 GMsun/r^2
367 input pairs/tracklets led to 295 physically reasonable state vectors
Identified 0 candidate linkages
Working on grid point 183: r = 1.0800 AU, v = -3.4629 km/sec, dv/dt = 0.4000 GMsun/r^2
367 input pairs/tracklets led to 333 physically reasonable state vectors
Identified 0 candidate linkages
Working on grid point 184: r = 1.0800 AU, v = -3.4629 km/sec, dv/dt = -0.0000 GMsun/r^2
367 input pairs/tracklets led to 314 physically reasonable state vectors
Identified 0 candidate linkages
Working on grid point 185: r = 1.0800 AU, v = -3.4629 km/sec, dv/dt = -0.4000 GMsun/r^2
367 input pairs/tracklets led to 297 physically reasonable state vectors
Identified 0 candidate linkages
Working on grid point 186: r = 1.0800 AU, v = 0.0000 km/sec, dv/dt = 0.4000 GMsun/r^2
367 input pairs/tracklets led to 325 physically reasonable state vectors
Identified 0 candidate linkages
Working on grid point 187: r = 1.0800 AU, v = 0.0000 km/sec, dv/dt = -0.0000 GMsun/r^2
367 input pairs/tracklets led to 338 physically reasonable state vectors
Identified 0 candidate linkages
Working on grid point 188: r = 1.0800 AU, v = 0.0000 km/sec, dv/dt = -0.4000 GMsun/r^2
367 input pairs/tracklets led to 302 physically reasonable state vectors
Identified 0 candidate linkages
Working on grid point 189: r = 1.0800 AU, v = 3.4629 km/sec, dv/dt = 0.4000 GMsun/r^2
367 input pairs/tracklets led to 293 physically reasonable state vectors
Identified 0 candidate linkages
Working on grid point 190: r = 1.0800 AU, v = 3.4629 km/sec, dv/dt = -0.0000 GMsun/r^2
367 input pairs/tracklets led to 299 physically reasonable state vectors
Identified 0 candidate linkages
Working on grid point 191: r = 1.0800 AU, v = 3.4629 km/sec, dv/dt = -0.4000 GMsun/r^2
367 input pairs/tracklets led to 301 physically reasonable state vectors
Identified 0 candidate linkages
Working on grid point 192: r = 1.0800 AU, v = 6.9258 km/sec, dv/dt = 0.4000 GMsun/r^2
367 input pairs/tracklets led to 246 physically reasonable state vectors
Identified 0 candidate linkages
Working on grid point 193: r = 1.0800 AU, v = 6.9258 km/sec, dv/dt = -0.0000 GMsun/r^2
367 input pairs/tracklets led to 231 physically reasonable state vectors
Identified 0 candidate linkages
Working on grid point 194: r = 1.0800 AU, v = 6.9258 km/sec, dv/dt = -0.4000 GMsun/r^2
367 input pairs/tracklets led to 252 physically reasonable state vectors
Identified 0 candidate linkages
Working on grid point 195: r = 1.0800 AU, v = 10.3887 km/sec, dv/dt = 0.4000 GMsun/r^2
367 input pairs/tracklets led to 178 physically reasonable state vectors
Identified 0 candidate linkages
Working on grid point 196: r = 1.0800 AU, v = 10.3887 km/sec, dv/dt = -0.0000 GMsun/r^2
367 input pairs/tracklets led to 197 physically reasonable state vectors
Identified 0 candidate linkages
Working on grid point 197: r = 1.0800 AU, v = 10.3887 km/sec, dv/dt = -0.4000 GMsun/r^2
367 input pairs/tracklets led to 210 physically reasonable state vectors
Identified 0 candidate linkages
Working on grid point 198: r = 1.0800 AU, v = 13.8517 km/sec, dv/dt = 0.4000 GMsun/r^2
367 input pairs/tracklets led to 144 physically reasonable state vectors
Identified 0 candidate linkages
Working on grid point 199: r = 1.0800 AU, v = 13.8517 km/sec, dv/dt = -0.0000 GMsun/r^2
367 input pairs/tracklets led to 156 physically reasonable state vectors
Identified 0 candidate linkages
Working on grid point 200: r = 1.0800 AU, v = 13.8517 km/sec, dv/dt = -0.4000 GMsun/r^2
367 input pairs/tracklets led to 172 physically reasonable state vectors
Identified 0 candidate linkages
Working on grid point 201: r = 1.0800 AU, v = 17.3146 km/sec, dv/dt = 0.4000 GMsun/r^2
367 input pairs/tracklets led to 115 physically reasonable state vectors
Identified 0 candidate linkages
Working on grid point 202: r = 1.0800 AU, v = 17.3146 km/sec, dv/dt = -0.0000 GMsun/r^2
367 input pairs/tracklets led to 125 physically reasonable state vectors
Identified 0 candidate linkages
Working on grid point 203: r = 1.0800 AU, v = 17.3146 km/sec, dv/dt = -0.4000 GMsun/r^2
367 input pairs/tracklets led to 140 physically reasonable state vectors
Identified 0 candidate linkages
Working on grid point 204: r = 1.0800 AU, v = 20.7775 km/sec, dv/dt = -0.0000 GMsun/r^2
367 input pairs/tracklets led to 111 physically reasonable state vectors
Identified 0 candidate linkages
Working on grid point 205: r = 1.0800 AU, v = 20.7775 km/sec, dv/dt = -0.4000 GMsun/r^2
Working on grid point 206: r = 1.0800 AU, v = 20.7775 km/sec, dv/dt = -0.8000 GMsun/r^2
Working on grid point 207: r = 1.0800 AU, v = 24.2404 km/sec, dv/dt = -0.0000 GMsun/r^2
367 input pairs/tracklets led to 102 physically reasonable state vectors
Identified 0 candidate linkages
Working on grid point 208: r = 1.0800 AU, v = 24.2404 km/sec, dv/dt = -0.4000 GMsun/r^2
Working on grid point 209: r = 1.0800 AU, v = 24.2404 km/sec, dv/dt = -0.8000 GMsun/r^2
Working on grid point 210: r = 1.0800 AU, v = 27.7033 km/sec, dv/dt = -0.4000 GMsun/r^2
Working on grid point 211: r = 1.0800 AU, v = 27.7033 km/sec, dv/dt = -0.8000 GMsun/r^2
Working on grid point 212: r = 1.0800 AU, v = 31.1662 km/sec, dv/dt = -0.4000 GMsun/r^2
Working on grid point 213: r = 1.0800 AU, v = 31.1662 km/sec, dv/dt = -0.8000 GMsun/r^2
Working on grid point 214: r = 1.0800 AU, v = 34.6291 km/sec, dv/dt = -0.8000 GMsun/r^2
Working on grid point 215: r = 1.0900 AU, v = -34.6291 km/sec, dv/dt = -0.8000 GMsun/r^2
Working on grid point 216: r = 1.0900 AU, v = -31.1662 km/sec, dv/dt = -0.4000 GMsun/r^2
Working on grid point 217: r = 1.0900 AU, v = -31.1662 km/sec, dv/dt = -0.8000 GMsun/r^2
Working on grid point 218: r = 1.0900 AU, v = -27.7033 km/sec, dv/dt = -0.4000 GMsun/r^2
Working on grid point 219: r = 1.0900 AU, v = -27.7033 km/sec, dv/dt = -0.8000 GMsun/r^2
Working on grid point 220: r = 1.0900 AU, v = -24.2404 km/sec, dv/dt = -0.0000 GMsun/r^2
367 input pairs/tracklets led to 78 physically reasonable state vectors
Identified 0 candidate linkages
Working on grid point 221: r = 1.0900 AU, v = -24.2404 km/sec, dv/dt = -0.4000 GMsun/r^2
Working on grid point 222: r = 1.0900 AU, v = -24.2404 km/sec, dv/dt = -0.8000 GMsun/r^2
Working on grid point 223: r = 1.0900 AU, v = -20.7775 km/sec, dv/dt = -0.0000 GMsun/r^2
367 input pairs/tracklets led to 87 physically reasonable state vectors
Identified 0 candidate linkages
Working on grid point 224: r = 1.0900 AU, v = -20.7775 km/sec, dv/dt = -0.4000 GMsun/r^2
Working on grid point 225: r = 1.0900 AU, v = -20.7775 km/sec, dv/dt = -0.8000 GMsun/r^2
Working on grid point 226: r = 1.0900 AU, v = -17.3146 km/sec, dv/dt = 0.4000 GMsun/r^2
367 input pairs/tracklets led to 131 physically reasonable state vectors
Identified 0 candidate linkages
Working on grid point 227: r = 1.0900 AU, v = -17.3146 km/sec, dv/dt = -0.0000 GMsun/r^2
367 input pairs/tracklets led to 131 physically reasonable state vectors
Identified 0 candidate linkages
Working on grid point 228: r = 1.0900 AU, v = -17.3146 km/sec, dv/dt = -0.4000 GMsun/r^2
367 input pairs/tracklets led to 118 physically reasonable state vectors
Identified 0 candidate linkages
Working on grid point 229: r = 1.0900 AU, v = -13.8517 km/sec, dv/dt = 0.4000 GMsun/r^2
367 input pairs/tracklets led to 181 physically reasonable state vectors
Identified 0 candidate linkages
Working on grid point 230: r = 1.0900 AU, v = -13.8517 km/sec, dv/dt = -0.0000 GMsun/r^2
367 input pairs/tracklets led to 168 physically reasonable state vectors
Identified 0 candidate linkages
Working on grid point 231: r = 1.0900 AU, v = -13.8517 km/sec, dv/dt = -0.4000 GMsun/r^2
367 input pairs/tracklets led to 160 physically reasonable state vectors
Identified 0 candidate linkages
Working on grid point 232: r = 1.0900 AU, v = -10.3887 km/sec, dv/dt = 0.4000 GMsun/r^2
367 input pairs/tracklets led to 265 physically reasonable state vectors
Identified 0 candidate linkages
Working on grid point 233: r = 1.0900 AU, v = -10.3887 km/sec, dv/dt = -0.0000 GMsun/r^2
367 input pairs/tracklets led to 256 physically reasonable state vectors
Identified 0 candidate linkages
Working on grid point 234: r = 1.0900 AU, v = -10.3887 km/sec, dv/dt = -0.4000 GMsun/r^2
367 input pairs/tracklets led to 241 physically reasonable state vectors
Identified 0 candidate linkages
Working on grid point 235: r = 1.0900 AU, v = -6.9258 km/sec, dv/dt = 0.4000 GMsun/r^2
367 input pairs/tracklets led to 311 physically reasonable state vectors
Identified 0 candidate linkages
Working on grid point 236: r = 1.0900 AU, v = -6.9258 km/sec, dv/dt = -0.0000 GMsun/r^2
367 input pairs/tracklets led to 293 physically reasonable state vectors
Identified 0 candidate linkages
Working on grid point 237: r = 1.0900 AU, v = -6.9258 km/sec, dv/dt = -0.4000 GMsun/r^2
367 input pairs/tracklets led to 293 physically reasonable state vectors
Identified 0 candidate linkages
Working on grid point 238: r = 1.0900 AU, v = -3.4629 km/sec, dv/dt = 0.4000 GMsun/r^2
367 input pairs/tracklets led to 331 physically reasonable state vectors
Identified 0 candidate linkages
Working on grid point 239: r = 1.0900 AU, v = -3.4629 km/sec, dv/dt = -0.0000 GMsun/r^2
367 input pairs/tracklets led to 322 physically reasonable state vectors
Identified 0 candidate linkages
Working on grid point 240: r = 1.0900 AU, v = -3.4629 km/sec, dv/dt = -0.4000 GMsun/r^2
367 input pairs/tracklets led to 290 physically reasonable state vectors
Identified 0 candidate linkages
Working on grid point 241: r = 1.0900 AU, v = 0.0000 km/sec, dv/dt = 0.4000 GMsun/r^2
367 input pairs/tracklets led to 322 physically reasonable state vectors
Identified 0 candidate linkages
Working on grid point 242: r = 1.0900 AU, v = 0.0000 km/sec, dv/dt = -0.0000 GMsun/r^2
367 input pairs/tracklets led to 337 physically reasonable state vectors
Identified 0 candidate linkages
Working on grid point 243: r = 1.0900 AU, v = 0.0000 km/sec, dv/dt = -0.4000 GMsun/r^2
367 input pairs/tracklets led to 310 physically reasonable state vectors
Identified 0 candidate linkages
Working on grid point 244: r = 1.0900 AU, v = 3.4629 km/sec, dv/dt = 0.4000 GMsun/r^2
367 input pairs/tracklets led to 290 physically reasonable state vectors
Identified 0 candidate linkages
Working on grid point 245: r = 1.0900 AU, v = 3.4629 km/sec, dv/dt = -0.0000 GMsun/r^2
367 input pairs/tracklets led to 296 physically reasonable state vectors
Identified 0 candidate linkages
Working on grid point 246: r = 1.0900 AU, v = 3.4629 km/sec, dv/dt = -0.4000 GMsun/r^2
367 input pairs/tracklets led to 301 physically reasonable state vectors
Identified 0 candidate linkages
Working on grid point 247: r = 1.0900 AU, v = 6.9258 km/sec, dv/dt = 0.4000 GMsun/r^2
367 input pairs/tracklets led to 242 physically reasonable state vectors
Identified 0 candidate linkages
Working on grid point 248: r = 1.0900 AU, v = 6.9258 km/sec, dv/dt = -0.0000 GMsun/r^2
367 input pairs/tracklets led to 227 physically reasonable state vectors
Identified 0 candidate linkages
Working on grid point 249: r = 1.0900 AU, v = 6.9258 km/sec, dv/dt = -0.4000 GMsun/r^2
367 input pairs/tracklets led to 245 physically reasonable state vectors
Identified 0 candidate linkages
Working on grid point 250: r = 1.0900 AU, v = 10.3887 km/sec, dv/dt = 0.4000 GMsun/r^2
367 input pairs/tracklets led to 178 physically reasonable state vectors
Identified 0 candidate linkages
Working on grid point 251: r = 1.0900 AU, v = 10.3887 km/sec, dv/dt = -0.0000 GMsun/r^2
367 input pairs/tracklets led to 194 physically reasonable state vectors
Identified 0 candidate linkages
Working on grid point 252: r = 1.0900 AU, v = 10.3887 km/sec, dv/dt = -0.4000 GMsun/r^2
367 input pairs/tracklets led to 205 physically reasonable state vectors
Identified 0 candidate linkages
Working on grid point 253: r = 1.0900 AU, v = 13.8517 km/sec, dv/dt = 0.4000 GMsun/r^2
367 input pairs/tracklets led to 150 physically reasonable state vectors
Identified 0 candidate linkages
Working on grid point 254: r = 1.0900 AU, v = 13.8517 km/sec, dv/dt = -0.0000 GMsun/r^2
367 input pairs/tracklets led to 159 physically reasonable state vectors
Identified 0 candidate linkages
Working on grid point 255: r = 1.0900 AU, v = 13.8517 km/sec, dv/dt = -0.4000 GMsun/r^2
367 input pairs/tracklets led to 165 physically reasonable state vectors
Identified 0 candidate linkages
Working on grid point 256: r = 1.0900 AU, v = 17.3146 km/sec, dv/dt = 0.4000 GMsun/r^2
367 input pairs/tracklets led to 116 physically reasonable state vectors
Identified 0 candidate linkages
Working on grid point 257: r = 1.0900 AU, v = 17.3146 km/sec, dv/dt = -0.0000 GMsun/r^2
367 input pairs/tracklets led to 125 physically reasonable state vectors
Identified 0 candidate linkages
Working on grid point 258: r = 1.0900 AU, v = 17.3146 km/sec, dv/dt = -0.4000 GMsun/r^2
367 input pairs/tracklets led to 136 physically reasonable state vectors
Identified 0 candidate linkages
Working on grid point 259: r = 1.0900 AU, v = 20.7775 km/sec, dv/dt = -0.0000 GMsun/r^2
367 input pairs/tracklets led to 112 physically reasonable state vectors
Identified 0 candidate linkages
Working on grid point 260: r = 1.0900 AU, v = 20.7775 km/sec, dv/dt = -0.4000 GMsun/r^2
Working on grid point 261: r = 1.0900 AU, v = 20.7775 km/sec, dv/dt = -0.8000 GMsun/r^2
Working on grid point 262: r = 1.0900 AU, v = 24.2404 km/sec, dv/dt = -0.0000 GMsun/r^2
367 input pairs/tracklets led to 98 physically reasonable state vectors
Identified 0 candidate linkages
Working on grid point 263: r = 1.0900 AU, v = 24.2404 km/sec, dv/dt = -0.4000 GMsun/r^2
Working on grid point 264: r = 1.0900 AU, v = 24.2404 km/sec, dv/dt = -0.8000 GMsun/r^2
Working on grid point 265: r = 1.0900 AU, v = 27.7033 km/sec, dv/dt = -0.4000 GMsun/r^2
Working on grid point 266: r = 1.0900 AU, v = 27.7033 km/sec, dv/dt = -0.8000 GMsun/r^2
Working on grid point 267: r = 1.0900 AU, v = 31.1662 km/sec, dv/dt = -0.4000 GMsun/r^2
Working on grid point 268: r = 1.0900 AU, v = 31.1662 km/sec, dv/dt = -0.8000 GMsun/r^2
Working on grid point 269: r = 1.0900 AU, v = 34.6291 km/sec, dv/dt = -0.8000 GMsun/r^2
Working on grid point 270: r = 1.1000 AU, v = -34.6291 km/sec, dv/dt = -0.8000 GMsun/r^2
Working on grid point 271: r = 1.1000 AU, v = -31.1662 km/sec, dv/dt = -0.4000 GMsun/r^2
Working on grid point 272: r = 1.1000 AU, v = -31.1662 km/sec, dv/dt = -0.8000 GMsun/r^2
Working on grid point 273: r = 1.1000 AU, v = -27.7033 km/sec, dv/dt = -0.4000 GMsun/r^2
Working on grid point 274: r = 1.1000 AU, v = -27.7033 km/sec, dv/dt = -0.8000 GMsun/r^2
Working on grid point 275: r = 1.1000 AU, v = -24.2404 km/sec, dv/dt = -0.0000 GMsun/r^2
367 input pairs/tracklets led to 78 physically reasonable state vectors
Identified 0 candidate linkages
Working on grid point 276: r = 1.1000 AU, v = -24.2404 km/sec, dv/dt = -0.4000 GMsun/r^2
Working on grid point 277: r = 1.1000 AU, v = -24.2404 km/sec, dv/dt = -0.8000 GMsun/r^2
Working on grid point 278: r = 1.1000 AU, v = -20.7775 km/sec, dv/dt = -0.0000 GMsun/r^2
367 input pairs/tracklets led to 88 physically reasonable state vectors
Identified 0 candidate linkages
Working on grid point 279: r = 1.1000 AU, v = -20.7775 km/sec, dv/dt = -0.4000 GMsun/r^2
Working on grid point 280: r = 1.1000 AU, v = -20.7775 km/sec, dv/dt = -0.8000 GMsun/r^2
Working on grid point 281: r = 1.1000 AU, v = -17.3146 km/sec, dv/dt = 0.4000 GMsun/r^2
367 input pairs/tracklets led to 145 physically reasonable state vectors
Identified 0 candidate linkages
Working on grid point 282: r = 1.1000 AU, v = -17.3146 km/sec, dv/dt = -0.0000 GMsun/r^2
367 input pairs/tracklets led to 145 physically reasonable state vectors
Identified 0 candidate linkages
Working on grid point 283: r = 1.1000 AU, v = -17.3146 km/sec, dv/dt = -0.4000 GMsun/r^2
367 input pairs/tracklets led to 139 physically reasonable state vectors
Identified 0 candidate linkages
Working on grid point 284: r = 1.1000 AU, v = -13.8517 km/sec, dv/dt = 0.4000 GMsun/r^2
367 input pairs/tracklets led to 215 physically reasonable state vectors
Identified 0 candidate linkages
Working on grid point 285: r = 1.1000 AU, v = -13.8517 km/sec, dv/dt = -0.0000 GMsun/r^2
367 input pairs/tracklets led to 199 physically reasonable state vectors
Identified 0 candidate linkages
Working on grid point 286: r = 1.1000 AU, v = -13.8517 km/sec, dv/dt = -0.4000 GMsun/r^2
367 input pairs/tracklets led to 180 physically reasonable state vectors
Identified 0 candidate linkages
Working on grid point 287: r = 1.1000 AU, v = -10.3887 km/sec, dv/dt = 0.4000 GMsun/r^2
367 input pairs/tracklets led to 260 physically reasonable state vectors
Identified 0 candidate linkages
Working on grid point 288: r = 1.1000 AU, v = -10.3887 km/sec, dv/dt = -0.0000 GMsun/r^2
367 input pairs/tracklets led to 259 physically reasonable state vectors
Identified 0 candidate linkages
Working on grid point 289: r = 1.1000 AU, v = -10.3887 km/sec, dv/dt = -0.4000 GMsun/r^2
367 input pairs/tracklets led to 254 physically reasonable state vectors
Identified 0 candidate linkages
Working on grid point 290: r = 1.1000 AU, v = -6.9258 km/sec, dv/dt = 0.4000 GMsun/r^2
367 input pairs/tracklets led to 324 physically reasonable state vectors
Identified 0 candidate linkages
Working on grid point 291: r = 1.1000 AU, v = -6.9258 km/sec, dv/dt = -0.0000 GMsun/r^2
367 input pairs/tracklets led to 289 physically reasonable state vectors
Identified 0 candidate linkages
Working on grid point 292: r = 1.1000 AU, v = -6.9258 km/sec, dv/dt = -0.4000 GMsun/r^2
367 input pairs/tracklets led to 288 physically reasonable state vectors
Identified 0 candidate linkages
Working on grid point 293: r = 1.1000 AU, v = -3.4629 km/sec, dv/dt = 0.4000 GMsun/r^2
367 input pairs/tracklets led to 325 physically reasonable state vectors
Identified 0 candidate linkages
Working on grid point 294: r = 1.1000 AU, v = -3.4629 km/sec, dv/dt = -0.0000 GMsun/r^2
367 input pairs/tracklets led to 318 physically reasonable state vectors
Identified 0 candidate linkages
Working on grid point 295: r = 1.1000 AU, v = -3.4629 km/sec, dv/dt = -0.4000 GMsun/r^2
367 input pairs/tracklets led to 288 physically reasonable state vectors
Identified 0 candidate linkages
Working on grid point 296: r = 1.1000 AU, v = 0.0000 km/sec, dv/dt = 0.4000 GMsun/r^2
367 input pairs/tracklets led to 313 physically reasonable state vectors
Identified 0 candidate linkages
Working on grid point 297: r = 1.1000 AU, v = 0.0000 km/sec, dv/dt = -0.0000 GMsun/r^2
367 input pairs/tracklets led to 331 physically reasonable state vectors
Identified 0 candidate linkages
Working on grid point 298: r = 1.1000 AU, v = 0.0000 km/sec, dv/dt = -0.4000 GMsun/r^2
367 input pairs/tracklets led to 309 physically reasonable state vectors
Identified 0 candidate linkages
Working on grid point 299: r = 1.1000 AU, v = 3.4629 km/sec, dv/dt = 0.4000 GMsun/r^2
367 input pairs/tracklets led to 282 physically reasonable state vectors
Identified 0 candidate linkages
Working on grid point 300: r = 1.1000 AU, v = 3.4629 km/sec, dv/dt = -0.0000 GMsun/r^2
367 input pairs/tracklets led to 292 physically reasonable state vectors
Identified 0 candidate linkages
Working on grid point 301: r = 1.1000 AU, v = 3.4629 km/sec, dv/dt = -0.4000 GMsun/r^2
367 input pairs/tracklets led to 295 physically reasonable state vectors
Identified 0 candidate linkages
Working on grid point 302: r = 1.1000 AU, v = 6.9258 km/sec, dv/dt = 0.4000 GMsun/r^2
367 input pairs/tracklets led to 240 physically reasonable state vectors
Identified 0 candidate linkages
Working on grid point 303: r = 1.1000 AU, v = 6.9258 km/sec, dv/dt = -0.0000 GMsun/r^2
367 input pairs/tracklets led to 238 physically reasonable state vectors
Identified 0 candidate linkages
Working on grid point 304: r = 1.1000 AU, v = 6.9258 km/sec, dv/dt = -0.4000 GMsun/r^2
367 input pairs/tracklets led to 242 physically reasonable state vectors
Identified 0 candidate linkages
Working on grid point 305: r = 1.1000 AU, v = 10.3887 km/sec, dv/dt = 0.4000 GMsun/r^2
367 input pairs/tracklets led to 173 physically reasonable state vectors
Identified 0 candidate linkages
Working on grid point 306: r = 1.1000 AU, v = 10.3887 km/sec, dv/dt = -0.0000 GMsun/r^2
367 input pairs/tracklets led to 189 physically reasonable state vectors
Identified 0 candidate linkages
Working on grid point 307: r = 1.1000 AU, v = 10.3887 km/sec, dv/dt = -0.4000 GMsun/r^2
367 input pairs/tracklets led to 203 physically reasonable state vectors
Identified 0 candidate linkages
Working on grid point 308: r = 1.1000 AU, v = 13.8517 km/sec, dv/dt = 0.4000 GMsun/r^2
367 input pairs/tracklets led to 148 physically reasonable state vectors
Identified 0 candidate linkages
Working on grid point 309: r = 1.1000 AU, v = 13.8517 km/sec, dv/dt = -0.0000 GMsun/r^2
367 input pairs/tracklets led to 159 physically reasonable state vectors
Identified 0 candidate linkages
Working on grid point 310: r = 1.1000 AU, v = 13.8517 km/sec, dv/dt = -0.4000 GMsun/r^2
367 input pairs/tracklets led to 166 physically reasonable state vectors
Identified 0 candidate linkages
Working on grid point 311: r = 1.1000 AU, v = 17.3146 km/sec, dv/dt = 0.4000 GMsun/r^2
367 input pairs/tracklets led to 122 physically reasonable state vectors
Identified 0 candidate linkages
Working on grid point 312: r = 1.1000 AU, v = 17.3146 km/sec, dv/dt = -0.0000 GMsun/r^2
367 input pairs/tracklets led to 127 physically reasonable state vectors
Identified 0 candidate linkages
Working on grid point 313: r = 1.1000 AU, v = 17.3146 km/sec, dv/dt = -0.4000 GMsun/r^2
367 input pairs/tracklets led to 138 physically reasonable state vectors
Identified 0 candidate linkages
Working on grid point 314: r = 1.1000 AU, v = 20.7775 km/sec, dv/dt = -0.0000 GMsun/r^2
367 input pairs/tracklets led to 111 physically reasonable state vectors
Identified 0 candidate linkages
Working on grid point 315: r = 1.1000 AU, v = 20.7775 km/sec, dv/dt = -0.4000 GMsun/r^2
Working on grid point 316: r = 1.1000 AU, v = 20.7775 km/sec, dv/dt = -0.8000 GMsun/r^2
Working on grid point 317: r = 1.1000 AU, v = 24.2404 km/sec, dv/dt = -0.0000 GMsun/r^2
367 input pairs/tracklets led to 94 physically reasonable state vectors
Identified 0 candidate linkages
Working on grid point 318: r = 1.1000 AU, v = 24.2404 km/sec, dv/dt = -0.4000 GMsun/r^2
Working on grid point 319: r = 1.1000 AU, v = 24.2404 km/sec, dv/dt = -0.8000 GMsun/r^2
Working on grid point 320: r = 1.1000 AU, v = 27.7033 km/sec, dv/dt = -0.4000 GMsun/r^2
Working on grid point 321: r = 1.1000 AU, v = 27.7033 km/sec, dv/dt = -0.8000 GMsun/r^2
Working on grid point 322: r = 1.1000 AU, v = 31.1662 km/sec, dv/dt = -0.4000 GMsun/r^2
Working on grid point 323: r = 1.1000 AU, v = 31.1662 km/sec, dv/dt = -0.8000 GMsun/r^2
Working on grid point 324: r = 1.1000 AU, v = 34.6291 km/sec, dv/dt = -0.8000 GMsun/r^2
Working on grid point 325: r = 1.1100 AU, v = -34.6291 km/sec, dv/dt = -0.8000 GMsun/r^2
Working on grid point 326: r = 1.1100 AU, v = -31.1662 km/sec, dv/dt = -0.4000 GMsun/r^2
Working on grid point 327: r = 1.1100 AU, v = -31.1662 km/sec, dv/dt = -0.8000 GMsun/r^2
Working on grid point 328: r = 1.1100 AU, v = -27.7033 km/sec, dv/dt = -0.4000 GMsun/r^2
Working on grid point 329: r = 1.1100 AU, v = -27.7033 km/sec, dv/dt = -0.8000 GMsun/r^2
Working on grid point 330: r = 1.1100 AU, v = -24.2404 km/sec, dv/dt = -0.0000 GMsun/r^2
367 input pairs/tracklets led to 77 physically reasonable state vectors
Identified 0 candidate linkages
Working on grid point 331: r = 1.1100 AU, v = -24.2404 km/sec, dv/dt = -0.4000 GMsun/r^2
Working on grid point 332: r = 1.1100 AU, v = -24.2404 km/sec, dv/dt = -0.8000 GMsun/r^2
Working on grid point 333: r = 1.1100 AU, v = -20.7775 km/sec, dv/dt = -0.0000 GMsun/r^2
367 input pairs/tracklets led to 118 physically reasonable state vectors
Identified 0 candidate linkages
Working on grid point 334: r = 1.1100 AU, v = -20.7775 km/sec, dv/dt = -0.4000 GMsun/r^2
Working on grid point 335: r = 1.1100 AU, v = -20.7775 km/sec, dv/dt = -0.8000 GMsun/r^2
Working on grid point 336: r = 1.1100 AU, v = -17.3146 km/sec, dv/dt = 0.4000 GMsun/r^2
367 input pairs/tracklets led to 163 physically reasonable state vectors
Identified 0 candidate linkages
Working on grid point 337: r = 1.1100 AU, v = -17.3146 km/sec, dv/dt = -0.0000 GMsun/r^2
367 input pairs/tracklets led to 165 physically reasonable state vectors
Identified 0 candidate linkages
Working on grid point 338: r = 1.1100 AU, v = -17.3146 km/sec, dv/dt = -0.4000 GMsun/r^2
367 input pairs/tracklets led to 151 physically reasonable state vectors
Identified 0 candidate linkages
Working on grid point 339: r = 1.1100 AU, v = -13.8517 km/sec, dv/dt = 0.4000 GMsun/r^2
367 input pairs/tracklets led to 230 physically reasonable state vectors
Identified 0 candidate linkages
Working on grid point 340: r = 1.1100 AU, v = -13.8517 km/sec, dv/dt = -0.0000 GMsun/r^2
367 input pairs/tracklets led to 220 physically reasonable state vectors
Identified 0 candidate linkages
Working on grid point 341: r = 1.1100 AU, v = -13.8517 km/sec, dv/dt = -0.4000 GMsun/r^2
367 input pairs/tracklets led to 199 physically reasonable state vectors
Identified 0 candidate linkages
Working on grid point 342: r = 1.1100 AU, v = -10.3887 km/sec, dv/dt = 0.4000 GMsun/r^2
367 input pairs/tracklets led to 259 physically reasonable state vectors
Identified 0 candidate linkages
Working on grid point 343: r = 1.1100 AU, v = -10.3887 km/sec, dv/dt = -0.0000 GMsun/r^2
367 input pairs/tracklets led to 256 physically reasonable state vectors
Identified 0 candidate linkages
Working on grid point 344: r = 1.1100 AU, v = -10.3887 km/sec, dv/dt = -0.4000 GMsun/r^2
367 input pairs/tracklets led to 258 physically reasonable state vectors
Identified 0 candidate linkages
Working on grid point 345: r = 1.1100 AU, v = -6.9258 km/sec, dv/dt = 0.4000 GMsun/r^2
367 input pairs/tracklets led to 317 physically reasonable state vectors
Identified 0 candidate linkages
Working on grid point 346: r = 1.1100 AU, v = -6.9258 km/sec, dv/dt = -0.0000 GMsun/r^2
367 input pairs/tracklets led to 281 physically reasonable state vectors
Identified 0 candidate linkages
Working on grid point 347: r = 1.1100 AU, v = -6.9258 km/sec, dv/dt = -0.4000 GMsun/r^2
367 input pairs/tracklets led to 282 physically reasonable state vectors
Identified 0 candidate linkages
Working on grid point 348: r = 1.1100 AU, v = -3.4629 km/sec, dv/dt = 0.4000 GMsun/r^2
367 input pairs/tracklets led to 321 physically reasonable state vectors
Identified 0 candidate linkages
Working on grid point 349: r = 1.1100 AU, v = -3.4629 km/sec, dv/dt = -0.0000 GMsun/r^2
367 input pairs/tracklets led to 322 physically reasonable state vectors
Identified 0 candidate linkages
Working on grid point 350: r = 1.1100 AU, v = -3.4629 km/sec, dv/dt = -0.4000 GMsun/r^2
367 input pairs/tracklets led to 293 physically reasonable state vectors
Identified 0 candidate linkages
Working on grid point 351: r = 1.1100 AU, v = 0.0000 km/sec, dv/dt = 0.4000 GMsun/r^2
367 input pairs/tracklets led to 306 physically reasonable state vectors
Identified 0 candidate linkages
Working on grid point 352: r = 1.1100 AU, v = 0.0000 km/sec, dv/dt = -0.0000 GMsun/r^2
367 input pairs/tracklets led to 324 physically reasonable state vectors
Identified 0 candidate linkages
Working on grid point 353: r = 1.1100 AU, v = 0.0000 km/sec, dv/dt = -0.4000 GMsun/r^2
367 input pairs/tracklets led to 303 physically reasonable state vectors
Identified 0 candidate linkages
Working on grid point 354: r = 1.1100 AU, v = 3.4629 km/sec, dv/dt = 0.4000 GMsun/r^2
367 input pairs/tracklets led to 275 physically reasonable state vectors
Identified 0 candidate linkages
Working on grid point 355: r = 1.1100 AU, v = 3.4629 km/sec, dv/dt = -0.0000 GMsun/r^2
367 input pairs/tracklets led to 284 physically reasonable state vectors
Identified 0 candidate linkages
Working on grid point 356: r = 1.1100 AU, v = 3.4629 km/sec, dv/dt = -0.4000 GMsun/r^2
367 input pairs/tracklets led to 289 physically reasonable state vectors
Identified 0 candidate linkages
Working on grid point 357: r = 1.1100 AU, v = 6.9258 km/sec, dv/dt = 0.4000 GMsun/r^2
367 input pairs/tracklets led to 237 physically reasonable state vectors
Identified 0 candidate linkages
Working on grid point 358: r = 1.1100 AU, v = 6.9258 km/sec, dv/dt = -0.0000 GMsun/r^2
367 input pairs/tracklets led to 233 physically reasonable state vectors
Identified 0 candidate linkages
Working on grid point 359: r = 1.1100 AU, v = 6.9258 km/sec, dv/dt = -0.4000 GMsun/r^2
367 input pairs/tracklets led to 241 physically reasonable state vectors
Identified 0 candidate linkages
Working on grid point 360: r = 1.1100 AU, v = 10.3887 km/sec, dv/dt = 0.4000 GMsun/r^2
367 input pairs/tracklets led to 163 physically reasonable state vectors
Identified 0 candidate linkages
Working on grid point 361: r = 1.1100 AU, v = 10.3887 km/sec, dv/dt = -0.0000 GMsun/r^2
367 input pairs/tracklets led to 184 physically reasonable state vectors
Identified 0 candidate linkages
Working on grid point 362: r = 1.1100 AU, v = 10.3887 km/sec, dv/dt = -0.4000 GMsun/r^2
367 input pairs/tracklets led to 196 physically reasonable state vectors
Identified 0 candidate linkages
Working on grid point 363: r = 1.1100 AU, v = 13.8517 km/sec, dv/dt = 0.4000 GMsun/r^2
367 input pairs/tracklets led to 147 physically reasonable state vectors
Identified 0 candidate linkages
Working on grid point 364: r = 1.1100 AU, v = 13.8517 km/sec, dv/dt = -0.0000 GMsun/r^2
367 input pairs/tracklets led to 157 physically reasonable state vectors
Identified 0 candidate linkages
Working on grid point 365: r = 1.1100 AU, v = 13.8517 km/sec, dv/dt = -0.4000 GMsun/r^2
367 input pairs/tracklets led to 166 physically reasonable state vectors
Identified 0 candidate linkages
Working on grid point 366: r = 1.1100 AU, v = 17.3146 km/sec, dv/dt = 0.4000 GMsun/r^2
367 input pairs/tracklets led to 130 physically reasonable state vectors
Identified 0 candidate linkages
Working on grid point 367: r = 1.1100 AU, v = 17.3146 km/sec, dv/dt = -0.0000 GMsun/r^2
367 input pairs/tracklets led to 131 physically reasonable state vectors
Identified 0 candidate linkages
Working on grid point 368: r = 1.1100 AU, v = 17.3146 km/sec, dv/dt = -0.4000 GMsun/r^2
367 input pairs/tracklets led to 138 physically reasonable state vectors
Identified 0 candidate linkages
Working on grid point 369: r = 1.1100 AU, v = 20.7775 km/sec, dv/dt = -0.0000 GMsun/r^2
367 input pairs/tracklets led to 108 physically reasonable state vectors
Identified 0 candidate linkages
Working on grid point 370: r = 1.1100 AU, v = 20.7775 km/sec, dv/dt = -0.4000 GMsun/r^2
Working on grid point 371: r = 1.1100 AU, v = 20.7775 km/sec, dv/dt = -0.8000 GMsun/r^2
Working on grid point 372: r = 1.1100 AU, v = 24.2404 km/sec, dv/dt = -0.0000 GMsun/r^2
367 input pairs/tracklets led to 92 physically reasonable state vectors
Identified 0 candidate linkages
Working on grid point 373: r = 1.1100 AU, v = 24.2404 km/sec, dv/dt = -0.4000 GMsun/r^2
Working on grid point 374: r = 1.1100 AU, v = 24.2404 km/sec, dv/dt = -0.8000 GMsun/r^2
Working on grid point 375: r = 1.1100 AU, v = 27.7033 km/sec, dv/dt = -0.4000 GMsun/r^2
Working on grid point 376: r = 1.1100 AU, v = 27.7033 km/sec, dv/dt = -0.8000 GMsun/r^2
Working on grid point 377: r = 1.1100 AU, v = 31.1662 km/sec, dv/dt = -0.4000 GMsun/r^2
Working on grid point 378: r = 1.1100 AU, v = 31.1662 km/sec, dv/dt = -0.8000 GMsun/r^2
Working on grid point 379: r = 1.1100 AU, v = 34.6291 km/sec, dv/dt = -0.8000 GMsun/r^2
Working on grid point 380: r = 1.1200 AU, v = -31.1662 km/sec, dv/dt = -0.4000 GMsun/r^2
Working on grid point 381: r = 1.1200 AU, v = -31.1662 km/sec, dv/dt = -0.8000 GMsun/r^2
Working on grid point 382: r = 1.1200 AU, v = -27.7033 km/sec, dv/dt = -0.4000 GMsun/r^2
Working on grid point 383: r = 1.1200 AU, v = -27.7033 km/sec, dv/dt = -0.8000 GMsun/r^2
Working on grid point 384: r = 1.1200 AU, v = -24.2404 km/sec, dv/dt = -0.0000 GMsun/r^2
367 input pairs/tracklets led to 107 physically reasonable state vectors
Identified 0 candidate linkages
Working on grid point 385: r = 1.1200 AU, v = -24.2404 km/sec, dv/dt = -0.4000 GMsun/r^2
Working on grid point 386: r = 1.1200 AU, v = -24.2404 km/sec, dv/dt = -0.8000 GMsun/r^2
Working on grid point 387: r = 1.1200 AU, v = -20.7775 km/sec, dv/dt = -0.0000 GMsun/r^2
367 input pairs/tracklets led to 130 physically reasonable state vectors
Identified 0 candidate linkages
Working on grid point 388: r = 1.1200 AU, v = -20.7775 km/sec, dv/dt = -0.4000 GMsun/r^2
Working on grid point 389: r = 1.1200 AU, v = -20.7775 km/sec, dv/dt = -0.8000 GMsun/r^2
Working on grid point 390: r = 1.1200 AU, v = -17.3146 km/sec, dv/dt = 0.4000 GMsun/r^2
367 input pairs/tracklets led to 185 physically reasonable state vectors
Identified 0 candidate linkages
Working on grid point 391: r = 1.1200 AU, v = -17.3146 km/sec, dv/dt = -0.0000 GMsun/r^2
367 input pairs/tracklets led to 187 physically reasonable state vectors
Identified 0 candidate linkages
Working on grid point 392: r = 1.1200 AU, v = -17.3146 km/sec, dv/dt = -0.4000 GMsun/r^2
367 input pairs/tracklets led to 169 physically reasonable state vectors
Identified 0 candidate linkages
Working on grid point 393: r = 1.1200 AU, v = -13.8517 km/sec, dv/dt = 0.4000 GMsun/r^2
367 input pairs/tracklets led to 232 physically reasonable state vectors
Identified 0 candidate linkages
Working on grid point 394: r = 1.1200 AU, v = -13.8517 km/sec, dv/dt = -0.0000 GMsun/r^2
367 input pairs/tracklets led to 229 physically reasonable state vectors
Identified 0 candidate linkages
Working on grid point 395: r = 1.1200 AU, v = -13.8517 km/sec, dv/dt = -0.4000 GMsun/r^2
367 input pairs/tracklets led to 220 physically reasonable state vectors
Identified 0 candidate linkages
Working on grid point 396: r = 1.1200 AU, v = -10.3887 km/sec, dv/dt = 0.4000 GMsun/r^2
367 input pairs/tracklets led to 257 physically reasonable state vectors
Identified 0 candidate linkages
Working on grid point 397: r = 1.1200 AU, v = -10.3887 km/sec, dv/dt = -0.0000 GMsun/r^2
367 input pairs/tracklets led to 254 physically reasonable state vectors
Identified 0 candidate linkages
Working on grid point 398: r = 1.1200 AU, v = -10.3887 km/sec, dv/dt = -0.4000 GMsun/r^2
367 input pairs/tracklets led to 255 physically reasonable state vectors
Identified 0 candidate linkages
Working on grid point 399: r = 1.1200 AU, v = -6.9258 km/sec, dv/dt = 0.4000 GMsun/r^2
367 input pairs/tracklets led to 310 physically reasonable state vectors
Identified 0 candidate linkages
Working on grid point 400: r = 1.1200 AU, v = -6.9258 km/sec, dv/dt = -0.0000 GMsun/r^2
367 input pairs/tracklets led to 271 physically reasonable state vectors
Identified 0 candidate linkages
Working on grid point 401: r = 1.1200 AU, v = -6.9258 km/sec, dv/dt = -0.4000 GMsun/r^2
367 input pairs/tracklets led to 275 physically reasonable state vectors
Identified 0 candidate linkages
Working on grid point 402: r = 1.1200 AU, v = -3.4629 km/sec, dv/dt = 0.4000 GMsun/r^2
367 input pairs/tracklets led to 317 physically reasonable state vectors
Identified 0 candidate linkages
Working on grid point 403: r = 1.1200 AU, v = -3.4629 km/sec, dv/dt = -0.0000 GMsun/r^2
367 input pairs/tracklets led to 315 physically reasonable state vectors
Identified 0 candidate linkages
Working on grid point 404: r = 1.1200 AU, v = -3.4629 km/sec, dv/dt = -0.4000 GMsun/r^2
367 input pairs/tracklets led to 291 physically reasonable state vectors
Identified 0 candidate linkages
Working on grid point 405: r = 1.1200 AU, v = 0.0000 km/sec, dv/dt = 0.4000 GMsun/r^2
367 input pairs/tracklets led to 302 physically reasonable state vectors
Identified 0 candidate linkages
Working on grid point 406: r = 1.1200 AU, v = 0.0000 km/sec, dv/dt = -0.0000 GMsun/r^2
367 input pairs/tracklets led to 317 physically reasonable state vectors
Identified 0 candidate linkages
Working on grid point 407: r = 1.1200 AU, v = 0.0000 km/sec, dv/dt = -0.4000 GMsun/r^2
367 input pairs/tracklets led to 305 physically reasonable state vectors
Identified 0 candidate linkages
Working on grid point 408: r = 1.1200 AU, v = 3.4629 km/sec, dv/dt = 0.4000 GMsun/r^2
367 input pairs/tracklets led to 264 physically reasonable state vectors
Identified 0 candidate linkages
Working on grid point 409: r = 1.1200 AU, v = 3.4629 km/sec, dv/dt = -0.0000 GMsun/r^2
367 input pairs/tracklets led to 279 physically reasonable state vectors
Identified 0 candidate linkages
Working on grid point 410: r = 1.1200 AU, v = 3.4629 km/sec, dv/dt = -0.4000 GMsun/r^2
367 input pairs/tracklets led to 280 physically reasonable state vectors
Identified 0 candidate linkages
Working on grid point 411: r = 1.1200 AU, v = 6.9258 km/sec, dv/dt = 0.4000 GMsun/r^2
367 input pairs/tracklets led to 227 physically reasonable state vectors
Identified 0 candidate linkages
Working on grid point 412: r = 1.1200 AU, v = 6.9258 km/sec, dv/dt = -0.0000 GMsun/r^2
367 input pairs/tracklets led to 227 physically reasonable state vectors
Identified 0 candidate linkages
Working on grid point 413: r = 1.1200 AU, v = 6.9258 km/sec, dv/dt = -0.4000 GMsun/r^2
367 input pairs/tracklets led to 241 physically reasonable state vectors
Identified 0 candidate linkages
Working on grid point 414: r = 1.1200 AU, v = 10.3887 km/sec, dv/dt = 0.4000 GMsun/r^2
367 input pairs/tracklets led to 178 physically reasonable state vectors
Identified 0 candidate linkages
Working on grid point 415: r = 1.1200 AU, v = 10.3887 km/sec, dv/dt = -0.0000 GMsun/r^2
367 input pairs/tracklets led to 178 physically reasonable state vectors
Identified 0 candidate linkages
Working on grid point 416: r = 1.1200 AU, v = 10.3887 km/sec, dv/dt = -0.4000 GMsun/r^2
367 input pairs/tracklets led to 190 physically reasonable state vectors
Identified 0 candidate linkages
Working on grid point 417: r = 1.1200 AU, v = 13.8517 km/sec, dv/dt = 0.4000 GMsun/r^2
367 input pairs/tracklets led to 145 physically reasonable state vectors
Identified 0 candidate linkages
Working on grid point 418: r = 1.1200 AU, v = 13.8517 km/sec, dv/dt = -0.0000 GMsun/r^2
367 input pairs/tracklets led to 147 physically reasonable state vectors
Identified 0 candidate linkages
Working on grid point 419: r = 1.1200 AU, v = 13.8517 km/sec, dv/dt = -0.4000 GMsun/r^2
367 input pairs/tracklets led to 158 physically reasonable state vectors
Identified 0 candidate linkages
Working on grid point 420: r = 1.1200 AU, v = 17.3146 km/sec, dv/dt = 0.4000 GMsun/r^2
367 input pairs/tracklets led to 127 physically reasonable state vectors
Identified 0 candidate linkages
Working on grid point 421: r = 1.1200 AU, v = 17.3146 km/sec, dv/dt = -0.0000 GMsun/r^2
367 input pairs/tracklets led to 130 physically reasonable state vectors
Identified 0 candidate linkages
Working on grid point 422: r = 1.1200 AU, v = 17.3146 km/sec, dv/dt = -0.4000 GMsun/r^2
367 input pairs/tracklets led to 136 physically reasonable state vectors
Identified 0 candidate linkages
Working on grid point 423: r = 1.1200 AU, v = 17.3146 km/sec, dv/dt = -0.8000 GMsun/r^2
Working on grid point 424: r = 1.1200 AU, v = 20.7775 km/sec, dv/dt = -0.0000 GMsun/r^2
367 input pairs/tracklets led to 109 physically reasonable state vectors
Identified 0 candidate linkages
Working on grid point 425: r = 1.1200 AU, v = 20.7775 km/sec, dv/dt = -0.4000 GMsun/r^2
367 input pairs/tracklets led to 113 physically reasonable state vectors
Identified 0 candidate linkages
Working on grid point 426: r = 1.1200 AU, v = 20.7775 km/sec, dv/dt = -0.8000 GMsun/r^2
Working on grid point 427: r = 1.1200 AU, v = 24.2404 km/sec, dv/dt = -0.0000 GMsun/r^2
367 input pairs/tracklets led to 91 physically reasonable state vectors
Identified 0 candidate linkages
Working on grid point 428: r = 1.1200 AU, v = 24.2404 km/sec, dv/dt = -0.4000 GMsun/r^2
Working on grid point 429: r = 1.1200 AU, v = 24.2404 km/sec, dv/dt = -0.8000 GMsun/r^2
Working on grid point 430: r = 1.1200 AU, v = 27.7033 km/sec, dv/dt = -0.4000 GMsun/r^2
Working on grid point 431: r = 1.1200 AU, v = 27.7033 km/sec, dv/dt = -0.8000 GMsun/r^2
Working on grid point 432: r = 1.1200 AU, v = 31.1662 km/sec, dv/dt = -0.4000 GMsun/r^2
Working on grid point 433: r = 1.1200 AU, v = 31.1662 km/sec, dv/dt = -0.8000 GMsun/r^2
Working on grid point 434: r = 1.1200 AU, v = 34.6291 km/sec, dv/dt = -0.8000 GMsun/r^2
Working on grid point 435: r = 1.1300 AU, v = -34.6291 km/sec, dv/dt = -0.8000 GMsun/r^2
Working on grid point 436: r = 1.1300 AU, v = -31.1662 km/sec, dv/dt = -0.4000 GMsun/r^2
Working on grid point 437: r = 1.1300 AU, v = -31.1662 km/sec, dv/dt = -0.8000 GMsun/r^2
Working on grid point 438: r = 1.1300 AU, v = -27.7033 km/sec, dv/dt = -0.4000 GMsun/r^2
Working on grid point 439: r = 1.1300 AU, v = -27.7033 km/sec, dv/dt = -0.8000 GMsun/r^2
Working on grid point 440: r = 1.1300 AU, v = -24.2404 km/sec, dv/dt = -0.0000 GMsun/r^2
367 input pairs/tracklets led to 106 physically reasonable state vectors
Identified 0 candidate linkages
Working on grid point 441: r = 1.1300 AU, v = -24.2404 km/sec, dv/dt = -0.4000 GMsun/r^2
Working on grid point 442: r = 1.1300 AU, v = -24.2404 km/sec, dv/dt = -0.8000 GMsun/r^2
Working on grid point 443: r = 1.1300 AU, v = -20.7775 km/sec, dv/dt = -0.0000 GMsun/r^2
367 input pairs/tracklets led to 149 physically reasonable state vectors
Identified 0 candidate linkages
Working on grid point 444: r = 1.1300 AU, v = -20.7775 km/sec, dv/dt = -0.4000 GMsun/r^2
367 input pairs/tracklets led to 135 physically reasonable state vectors
Identified 0 candidate linkages
Working on grid point 445: r = 1.1300 AU, v = -20.7775 km/sec, dv/dt = -0.8000 GMsun/r^2
Working on grid point 446: r = 1.1300 AU, v = -17.3146 km/sec, dv/dt = 0.4000 GMsun/r^2
367 input pairs/tracklets led to 204 physically reasonable state vectors
Identified 0 candidate linkages
Working on grid point 447: r = 1.1300 AU, v = -17.3146 km/sec, dv/dt = -0.0000 GMsun/r^2
367 input pairs/tracklets led to 206 physically reasonable state vectors
Identified 0 candidate linkages
Working on grid point 448: r = 1.1300 AU, v = -17.3146 km/sec, dv/dt = -0.4000 GMsun/r^2
367 input pairs/tracklets led to 184 physically reasonable state vectors
Identified 0 candidate linkages
Working on grid point 449: r = 1.1300 AU, v = -13.8517 km/sec, dv/dt = 0.4000 GMsun/r^2
367 input pairs/tracklets led to 228 physically reasonable state vectors
Identified 0 candidate linkages
Working on grid point 450: r = 1.1300 AU, v = -13.8517 km/sec, dv/dt = -0.0000 GMsun/r^2
367 input pairs/tracklets led to 231 physically reasonable state vectors
Identified 0 candidate linkages
Working on grid point 451: r = 1.1300 AU, v = -13.8517 km/sec, dv/dt = -0.4000 GMsun/r^2
367 input pairs/tracklets led to 230 physically reasonable state vectors
Identified 0 candidate linkages
Working on grid point 452: r = 1.1300 AU, v = -10.3887 km/sec, dv/dt = 0.4000 GMsun/r^2
367 input pairs/tracklets led to 251 physically reasonable state vectors
Identified 0 candidate linkages
Working on grid point 453: r = 1.1300 AU, v = -10.3887 km/sec, dv/dt = -0.0000 GMsun/r^2
367 input pairs/tracklets led to 255 physically reasonable state vectors
Identified 0 candidate linkages
Working on grid point 454: r = 1.1300 AU, v = -10.3887 km/sec, dv/dt = -0.4000 GMsun/r^2
367 input pairs/tracklets led to 250 physically reasonable state vectors
Identified 0 candidate linkages
Working on grid point 455: r = 1.1300 AU, v = -6.9258 km/sec, dv/dt = 0.4000 GMsun/r^2
367 input pairs/tracklets led to 299 physically reasonable state vectors
Identified 0 candidate linkages
Working on grid point 456: r = 1.1300 AU, v = -6.9258 km/sec, dv/dt = -0.0000 GMsun/r^2
367 input pairs/tracklets led to 267 physically reasonable state vectors
Identified 0 candidate linkages
Working on grid point 457: r = 1.1300 AU, v = -6.9258 km/sec, dv/dt = -0.4000 GMsun/r^2
367 input pairs/tracklets led to 263 physically reasonable state vectors
Identified 0 candidate linkages
Working on grid point 458: r = 1.1300 AU, v = -3.4629 km/sec, dv/dt = 0.4000 GMsun/r^2
367 input pairs/tracklets led to 310 physically reasonable state vectors
Identified 0 candidate linkages
Working on grid point 459: r = 1.1300 AU, v = -3.4629 km/sec, dv/dt = -0.0000 GMsun/r^2
367 input pairs/tracklets led to 306 physically reasonable state vectors
Identified 0 candidate linkages
Working on grid point 460: r = 1.1300 AU, v = -3.4629 km/sec, dv/dt = -0.4000 GMsun/r^2
367 input pairs/tracklets led to 286 physically reasonable state vectors
Identified 0 candidate linkages
Working on grid point 461: r = 1.1300 AU, v = 0.0000 km/sec, dv/dt = 0.4000 GMsun/r^2
367 input pairs/tracklets led to 290 physically reasonable state vectors
Identified 0 candidate linkages
Working on grid point 462: r = 1.1300 AU, v = 0.0000 km/sec, dv/dt = -0.0000 GMsun/r^2
367 input pairs/tracklets led to 307 physically reasonable state vectors
Identified 0 candidate linkages
Working on grid point 463: r = 1.1300 AU, v = 0.0000 km/sec, dv/dt = -0.4000 GMsun/r^2
367 input pairs/tracklets led to 299 physically reasonable state vectors
Identified 0 candidate linkages
Working on grid point 464: r = 1.1300 AU, v = 3.4629 km/sec, dv/dt = 0.4000 GMsun/r^2
367 input pairs/tracklets led to 258 physically reasonable state vectors
Identified 0 candidate linkages
Working on grid point 465: r = 1.1300 AU, v = 3.4629 km/sec, dv/dt = -0.0000 GMsun/r^2
367 input pairs/tracklets led to 268 physically reasonable state vectors
Identified 0 candidate linkages
Working on grid point 466: r = 1.1300 AU, v = 3.4629 km/sec, dv/dt = -0.4000 GMsun/r^2
367 input pairs/tracklets led to 274 physically reasonable state vectors
Identified 0 candidate linkages
Working on grid point 467: r = 1.1300 AU, v = 6.9258 km/sec, dv/dt = 0.4000 GMsun/r^2
367 input pairs/tracklets led to 222 physically reasonable state vectors
Identified 0 candidate linkages
Working on grid point 468: r = 1.1300 AU, v = 6.9258 km/sec, dv/dt = -0.0000 GMsun/r^2
367 input pairs/tracklets led to 219 physically reasonable state vectors
Identified 0 candidate linkages
Working on grid point 469: r = 1.1300 AU, v = 6.9258 km/sec, dv/dt = -0.4000 GMsun/r^2
367 input pairs/tracklets led to 230 physically reasonable state vectors
Identified 0 candidate linkages
Working on grid point 470: r = 1.1300 AU, v = 10.3887 km/sec, dv/dt = 0.4000 GMsun/r^2
367 input pairs/tracklets led to 176 physically reasonable state vectors
Identified 0 candidate linkages
Working on grid point 471: r = 1.1300 AU, v = 10.3887 km/sec, dv/dt = -0.0000 GMsun/r^2
367 input pairs/tracklets led to 179 physically reasonable state vectors
Identified 0 candidate linkages
Working on grid point 472: r = 1.1300 AU, v = 10.3887 km/sec, dv/dt = -0.4000 GMsun/r^2
367 input pairs/tracklets led to 186 physically reasonable state vectors
Identified 0 candidate linkages
Working on grid point 473: r = 1.1300 AU, v = 13.8517 km/sec, dv/dt = 0.4000 GMsun/r^2
367 input pairs/tracklets led to 143 physically reasonable state vectors
Identified 0 candidate linkages
Working on grid point 474: r = 1.1300 AU, v = 13.8517 km/sec, dv/dt = -0.0000 GMsun/r^2
367 input pairs/tracklets led to 145 physically reasonable state vectors
Identified 0 candidate linkages
Working on grid point 475: r = 1.1300 AU, v = 13.8517 km/sec, dv/dt = -0.4000 GMsun/r^2
367 input pairs/tracklets led to 153 physically reasonable state vectors
Identified 0 candidate linkages
Working on grid point 476: r = 1.1300 AU, v = 17.3146 km/sec, dv/dt = 0.4000 GMsun/r^2
367 input pairs/tracklets led to 126 physically reasonable state vectors
Identified 0 candidate linkages
Working on grid point 477: r = 1.1300 AU, v = 17.3146 km/sec, dv/dt = -0.0000 GMsun/r^2
367 input pairs/tracklets led to 127 physically reasonable state vectors
Identified 0 candidate linkages
Working on grid point 478: r = 1.1300 AU, v = 17.3146 km/sec, dv/dt = -0.4000 GMsun/r^2
367 input pairs/tracklets led to 133 physically reasonable state vectors
Identified 0 candidate linkages
Working on grid point 479: r = 1.1300 AU, v = 20.7775 km/sec, dv/dt = -0.0000 GMsun/r^2
367 input pairs/tracklets led to 111 physically reasonable state vectors
Identified 0 candidate linkages
Working on grid point 480: r = 1.1300 AU, v = 20.7775 km/sec, dv/dt = -0.4000 GMsun/r^2
367 input pairs/tracklets led to 117 physically reasonable state vectors
Identified 0 candidate linkages
Working on grid point 481: r = 1.1300 AU, v = 20.7775 km/sec, dv/dt = -0.8000 GMsun/r^2
Working on grid point 482: r = 1.1300 AU, v = 24.2404 km/sec, dv/dt = -0.0000 GMsun/r^2
367 input pairs/tracklets led to 89 physically reasonable state vectors
Identified 0 candidate linkages
Working on grid point 483: r = 1.1300 AU, v = 24.2404 km/sec, dv/dt = -0.4000 GMsun/r^2
Working on grid point 484: r = 1.1300 AU, v = 24.2404 km/sec, dv/dt = -0.8000 GMsun/r^2
Working on grid point 485: r = 1.1300 AU, v = 27.7033 km/sec, dv/dt = -0.4000 GMsun/r^2
Working on grid point 486: r = 1.1300 AU, v = 27.7033 km/sec, dv/dt = -0.8000 GMsun/r^2
Working on grid point 487: r = 1.1300 AU, v = 31.1662 km/sec, dv/dt = -0.8000 GMsun/r^2
Working on grid point 488: r = 1.1300 AU, v = 34.6291 km/sec, dv/dt = -0.8000 GMsun/r^2
Working on grid point 489: r = 1.1400 AU, v = -31.1662 km/sec, dv/dt = -0.4000 GMsun/r^2
Working on grid point 490: r = 1.1400 AU, v = -31.1662 km/sec, dv/dt = -0.8000 GMsun/r^2
Working on grid point 491: r = 1.1400 AU, v = -27.7033 km/sec, dv/dt = -0.4000 GMsun/r^2
Working on grid point 492: r = 1.1400 AU, v = -27.7033 km/sec, dv/dt = -0.8000 GMsun/r^2
Working on grid point 493: r = 1.1400 AU, v = -24.2404 km/sec, dv/dt = -0.0000 GMsun/r^2
367 input pairs/tracklets led to 118 physically reasonable state vectors
Identified 0 candidate linkages
Working on grid point 494: r = 1.1400 AU, v = -24.2404 km/sec, dv/dt = -0.4000 GMsun/r^2
Working on grid point 495: r = 1.1400 AU, v = -24.2404 km/sec, dv/dt = -0.8000 GMsun/r^2
Working on grid point 496: r = 1.1400 AU, v = -20.7775 km/sec, dv/dt = -0.0000 GMsun/r^2
367 input pairs/tracklets led to 165 physically reasonable state vectors
Identified 0 candidate linkages
Working on grid point 497: r = 1.1400 AU, v = -20.7775 km/sec, dv/dt = -0.4000 GMsun/r^2
367 input pairs/tracklets led to 146 physically reasonable state vectors
Identified 0 candidate linkages
Working on grid point 498: r = 1.1400 AU, v = -20.7775 km/sec, dv/dt = -0.8000 GMsun/r^2
Working on grid point 499: r = 1.1400 AU, v = -17.3146 km/sec, dv/dt = 0.4000 GMsun/r^2
367 input pairs/tracklets led to 214 physically reasonable state vectors
Identified 0 candidate linkages
Working on grid point 500: r = 1.1400 AU, v = -17.3146 km/sec, dv/dt = -0.0000 GMsun/r^2
367 input pairs/tracklets led to 215 physically reasonable state vectors
Identified 0 candidate linkages
Working on grid point 501: r = 1.1400 AU, v = -17.3146 km/sec, dv/dt = -0.4000 GMsun/r^2
367 input pairs/tracklets led to 202 physically reasonable state vectors
Identified 0 candidate linkages
Working on grid point 502: r = 1.1400 AU, v = -13.8517 km/sec, dv/dt = 0.4000 GMsun/r^2
367 input pairs/tracklets led to 226 physically reasonable state vectors
Identified 0 candidate linkages
Working on grid point 503: r = 1.1400 AU, v = -13.8517 km/sec, dv/dt = -0.0000 GMsun/r^2
367 input pairs/tracklets led to 225 physically reasonable state vectors
Identified 0 candidate linkages
Working on grid point 504: r = 1.1400 AU, v = -13.8517 km/sec, dv/dt = -0.4000 GMsun/r^2
367 input pairs/tracklets led to 227 physically reasonable state vectors
Identified 0 candidate linkages
Working on grid point 505: r = 1.1400 AU, v = -10.3887 km/sec, dv/dt = 0.4000 GMsun/r^2
367 input pairs/tracklets led to 245 physically reasonable state vectors
Identified 0 candidate linkages
Working on grid point 506: r = 1.1400 AU, v = -10.3887 km/sec, dv/dt = -0.0000 GMsun/r^2
367 input pairs/tracklets led to 248 physically reasonable state vectors
Identified 0 candidate linkages
Working on grid point 507: r = 1.1400 AU, v = -10.3887 km/sec, dv/dt = -0.4000 GMsun/r^2
367 input pairs/tracklets led to 244 physically reasonable state vectors
Identified 0 candidate linkages
Working on grid point 508: r = 1.1400 AU, v = -6.9258 km/sec, dv/dt = 0.4000 GMsun/r^2
367 input pairs/tracklets led to 292 physically reasonable state vectors
Identified 0 candidate linkages
Working on grid point 509: r = 1.1400 AU, v = -6.9258 km/sec, dv/dt = -0.0000 GMsun/r^2
367 input pairs/tracklets led to 265 physically reasonable state vectors
Identified 0 candidate linkages
Working on grid point 510: r = 1.1400 AU, v = -6.9258 km/sec, dv/dt = -0.4000 GMsun/r^2
367 input pairs/tracklets led to 258 physically reasonable state vectors
Identified 0 candidate linkages
Working on grid point 511: r = 1.1400 AU, v = -3.4629 km/sec, dv/dt = 0.4000 GMsun/r^2
367 input pairs/tracklets led to 301 physically reasonable state vectors
Identified 0 candidate linkages
Working on grid point 512: r = 1.1400 AU, v = -3.4629 km/sec, dv/dt = -0.0000 GMsun/r^2
367 input pairs/tracklets led to 305 physically reasonable state vectors
Identified 0 candidate linkages
Working on grid point 513: r = 1.1400 AU, v = -3.4629 km/sec, dv/dt = -0.4000 GMsun/r^2
367 input pairs/tracklets led to 289 physically reasonable state vectors
Identified 0 candidate linkages
Working on grid point 514: r = 1.1400 AU, v = 0.0000 km/sec, dv/dt = 0.4000 GMsun/r^2
367 input pairs/tracklets led to 281 physically reasonable state vectors
Identified 0 candidate linkages
Working on grid point 515: r = 1.1400 AU, v = 0.0000 km/sec, dv/dt = -0.0000 GMsun/r^2
367 input pairs/tracklets led to 298 physically reasonable state vectors
Identified 0 candidate linkages
Working on grid point 516: r = 1.1400 AU, v = 0.0000 km/sec, dv/dt = -0.4000 GMsun/r^2
367 input pairs/tracklets led to 288 physically reasonable state vectors
Identified 0 candidate linkages
Working on grid point 517: r = 1.1400 AU, v = 3.4629 km/sec, dv/dt = 0.4000 GMsun/r^2
367 input pairs/tracklets led to 246 physically reasonable state vectors
Identified 0 candidate linkages
Working on grid point 518: r = 1.1400 AU, v = 3.4629 km/sec, dv/dt = -0.0000 GMsun/r^2
367 input pairs/tracklets led to 260 physically reasonable state vectors
Identified 0 candidate linkages
Working on grid point 519: r = 1.1400 AU, v = 3.4629 km/sec, dv/dt = -0.4000 GMsun/r^2
367 input pairs/tracklets led to 263 physically reasonable state vectors
Identified 0 candidate linkages
Working on grid point 520: r = 1.1400 AU, v = 6.9258 km/sec, dv/dt = 0.4000 GMsun/r^2
367 input pairs/tracklets led to 216 physically reasonable state vectors
Identified 0 candidate linkages
Working on grid point 521: r = 1.1400 AU, v = 6.9258 km/sec, dv/dt = -0.0000 GMsun/r^2
367 input pairs/tracklets led to 212 physically reasonable state vectors
Identified 0 candidate linkages
Working on grid point 522: r = 1.1400 AU, v = 6.9258 km/sec, dv/dt = -0.4000 GMsun/r^2
367 input pairs/tracklets led to 224 physically reasonable state vectors
Identified 0 candidate linkages
Working on grid point 523: r = 1.1400 AU, v = 10.3887 km/sec, dv/dt = 0.4000 GMsun/r^2
367 input pairs/tracklets led to 170 physically reasonable state vectors
Identified 0 candidate linkages
Working on grid point 524: r = 1.1400 AU, v = 10.3887 km/sec, dv/dt = -0.0000 GMsun/r^2
367 input pairs/tracklets led to 179 physically reasonable state vectors
Identified 0 candidate linkages
Working on grid point 525: r = 1.1400 AU, v = 10.3887 km/sec, dv/dt = -0.4000 GMsun/r^2
367 input pairs/tracklets led to 180 physically reasonable state vectors
Identified 0 candidate linkages
Working on grid point 526: r = 1.1400 AU, v = 13.8517 km/sec, dv/dt = 0.4000 GMsun/r^2
367 input pairs/tracklets led to 144 physically reasonable state vectors
Identified 0 candidate linkages
Working on grid point 527: r = 1.1400 AU, v = 13.8517 km/sec, dv/dt = -0.0000 GMsun/r^2
367 input pairs/tracklets led to 144 physically reasonable state vectors
Identified 0 candidate linkages
Working on grid point 528: r = 1.1400 AU, v = 13.8517 km/sec, dv/dt = -0.4000 GMsun/r^2
367 input pairs/tracklets led to 149 physically reasonable state vectors
Identified 0 candidate linkages
Working on grid point 529: r = 1.1400 AU, v = 17.3146 km/sec, dv/dt = 0.4000 GMsun/r^2
367 input pairs/tracklets led to 121 physically reasonable state vectors
Identified 0 candidate linkages
Working on grid point 530: r = 1.1400 AU, v = 17.3146 km/sec, dv/dt = -0.0000 GMsun/r^2
367 input pairs/tracklets led to 128 physically reasonable state vectors
Identified 0 candidate linkages
Working on grid point 531: r = 1.1400 AU, v = 17.3146 km/sec, dv/dt = -0.4000 GMsun/r^2
367 input pairs/tracklets led to 134 physically reasonable state vectors
Identified 0 candidate linkages
Working on grid point 532: r = 1.1400 AU, v = 20.7775 km/sec, dv/dt = -0.0000 GMsun/r^2
367 input pairs/tracklets led to 111 physically reasonable state vectors
Identified 0 candidate linkages
Working on grid point 533: r = 1.1400 AU, v = 20.7775 km/sec, dv/dt = -0.4000 GMsun/r^2
367 input pairs/tracklets led to 115 physically reasonable state vectors
Identified 0 candidate linkages
Working on grid point 534: r = 1.1400 AU, v = 20.7775 km/sec, dv/dt = -0.8000 GMsun/r^2
Working on grid point 535: r = 1.1400 AU, v = 24.2404 km/sec, dv/dt = -0.0000 GMsun/r^2
367 input pairs/tracklets led to 87 physically reasonable state vectors
Identified 0 candidate linkages
Working on grid point 536: r = 1.1400 AU, v = 24.2404 km/sec, dv/dt = -0.4000 GMsun/r^2
Working on grid point 537: r = 1.1400 AU, v = 24.2404 km/sec, dv/dt = -0.8000 GMsun/r^2
Working on grid point 538: r = 1.1400 AU, v = 27.7033 km/sec, dv/dt = -0.4000 GMsun/r^2
Working on grid point 539: r = 1.1400 AU, v = 27.7033 km/sec, dv/dt = -0.8000 GMsun/r^2
Working on grid point 540: r = 1.1400 AU, v = 31.1662 km/sec, dv/dt = -0.4000 GMsun/r^2
Working on grid point 541: r = 1.1400 AU, v = 31.1662 km/sec, dv/dt = -0.8000 GMsun/r^2
Working on grid point 542: r = 1.1400 AU, v = 34.6291 km/sec, dv/dt = -0.8000 GMsun/r^2
Working on grid point 543: r = 1.1500 AU, v = -34.6291 km/sec, dv/dt = -0.8000 GMsun/r^2
Working on grid point 544: r = 1.1500 AU, v = -31.1662 km/sec, dv/dt = -0.4000 GMsun/r^2
Working on grid point 545: r = 1.1500 AU, v = -31.1662 km/sec, dv/dt = -0.8000 GMsun/r^2
Working on grid point 546: r = 1.1500 AU, v = -27.7033 km/sec, dv/dt = -0.4000 GMsun/r^2
Working on grid point 547: r = 1.1500 AU, v = -27.7033 km/sec, dv/dt = -0.8000 GMsun/r^2
Working on grid point 548: r = 1.1500 AU, v = -24.2404 km/sec, dv/dt = -0.0000 GMsun/r^2
367 input pairs/tracklets led to 129 physically reasonable state vectors
Identified 0 candidate linkages
Working on grid point 549: r = 1.1500 AU, v = -24.2404 km/sec, dv/dt = -0.4000 GMsun/r^2
Working on grid point 550: r = 1.1500 AU, v = -24.2404 km/sec, dv/dt = -0.8000 GMsun/r^2
Working on grid point 551: r = 1.1500 AU, v = -20.7775 km/sec, dv/dt = -0.0000 GMsun/r^2
367 input pairs/tracklets led to 165 physically reasonable state vectors
Identified 0 candidate linkages
Working on grid point 552: r = 1.1500 AU, v = -20.7775 km/sec, dv/dt = -0.4000 GMsun/r^2
367 input pairs/tracklets led to 164 physically reasonable state vectors
Identified 0 candidate linkages
Working on grid point 553: r = 1.1500 AU, v = -20.7775 km/sec, dv/dt = -0.8000 GMsun/r^2
Working on grid point 554: r = 1.1500 AU, v = -17.3146 km/sec, dv/dt = 0.4000 GMsun/r^2
367 input pairs/tracklets led to 216 physically reasonable state vectors
Identified 0 candidate linkages
Working on grid point 555: r = 1.1500 AU, v = -17.3146 km/sec, dv/dt = -0.0000 GMsun/r^2
367 input pairs/tracklets led to 215 physically reasonable state vectors
Identified 0 candidate linkages
Working on grid point 556: r = 1.1500 AU, v = -17.3146 km/sec, dv/dt = -0.4000 GMsun/r^2
367 input pairs/tracklets led to 209 physically reasonable state vectors
Identified 0 candidate linkages
Working on grid point 557: r = 1.1500 AU, v = -13.8517 km/sec, dv/dt = 0.4000 GMsun/r^2
367 input pairs/tracklets led to 225 physically reasonable state vectors
Identified 0 candidate linkages
Working on grid point 558: r = 1.1500 AU, v = -13.8517 km/sec, dv/dt = -0.0000 GMsun/r^2
367 input pairs/tracklets led to 221 physically reasonable state vectors
Identified 0 candidate linkages
Working on grid point 559: r = 1.1500 AU, v = -13.8517 km/sec, dv/dt = -0.4000 GMsun/r^2
367 input pairs/tracklets led to 226 physically reasonable state vectors
Identified 0 candidate linkages
Working on grid point 560: r = 1.1500 AU, v = -10.3887 km/sec, dv/dt = 0.4000 GMsun/r^2
367 input pairs/tracklets led to 244 physically reasonable state vectors
Identified 0 candidate linkages
Working on grid point 561: r = 1.1500 AU, v = -10.3887 km/sec, dv/dt = -0.0000 GMsun/r^2
367 input pairs/tracklets led to 241 physically reasonable state vectors
Identified 0 candidate linkages
Working on grid point 562: r = 1.1500 AU, v = -10.3887 km/sec, dv/dt = -0.4000 GMsun/r^2
367 input pairs/tracklets led to 241 physically reasonable state vectors
Identified 0 candidate linkages
Working on grid point 563: r = 1.1500 AU, v = -6.9258 km/sec, dv/dt = 0.4000 GMsun/r^2
367 input pairs/tracklets led to 289 physically reasonable state vectors
Identified 0 candidate linkages
Working on grid point 564: r = 1.1500 AU, v = -6.9258 km/sec, dv/dt = -0.0000 GMsun/r^2
367 input pairs/tracklets led to 264 physically reasonable state vectors
Identified 0 candidate linkages
Working on grid point 565: r = 1.1500 AU, v = -6.9258 km/sec, dv/dt = -0.4000 GMsun/r^2
367 input pairs/tracklets led to 254 physically reasonable state vectors
Identified 0 candidate linkages
Working on grid point 566: r = 1.1500 AU, v = -3.4629 km/sec, dv/dt = 0.4000 GMsun/r^2
367 input pairs/tracklets led to 291 physically reasonable state vectors
Identified 0 candidate linkages
Working on grid point 567: r = 1.1500 AU, v = -3.4629 km/sec, dv/dt = -0.0000 GMsun/r^2
367 input pairs/tracklets led to 298 physically reasonable state vectors
Identified 0 candidate linkages
Working on grid point 568: r = 1.1500 AU, v = -3.4629 km/sec, dv/dt = -0.4000 GMsun/r^2
367 input pairs/tracklets led to 288 physically reasonable state vectors
Identified 0 candidate linkages
Working on grid point 569: r = 1.1500 AU, v = 0.0000 km/sec, dv/dt = 0.4000 GMsun/r^2
367 input pairs/tracklets led to 273 physically reasonable state vectors
Identified 0 candidate linkages
Working on grid point 570: r = 1.1500 AU, v = 0.0000 km/sec, dv/dt = -0.0000 GMsun/r^2
367 input pairs/tracklets led to 287 physically reasonable state vectors
Identified 0 candidate linkages
Working on grid point 571: r = 1.1500 AU, v = 0.0000 km/sec, dv/dt = -0.4000 GMsun/r^2
367 input pairs/tracklets led to 278 physically reasonable state vectors
Identified 0 candidate linkages
Working on grid point 572: r = 1.1500 AU, v = 3.4629 km/sec, dv/dt = 0.4000 GMsun/r^2
367 input pairs/tracklets led to 234 physically reasonable state vectors
Identified 0 candidate linkages
Working on grid point 573: r = 1.1500 AU, v = 3.4629 km/sec, dv/dt = -0.0000 GMsun/r^2
367 input pairs/tracklets led to 257 physically reasonable state vectors
Identified 0 candidate linkages
Working on grid point 574: r = 1.1500 AU, v = 3.4629 km/sec, dv/dt = -0.4000 GMsun/r^2
367 input pairs/tracklets led to 257 physically reasonable state vectors
Identified 0 candidate linkages
Working on grid point 575: r = 1.1500 AU, v = 6.9258 km/sec, dv/dt = 0.4000 GMsun/r^2
367 input pairs/tracklets led to 208 physically reasonable state vectors
Identified 0 candidate linkages
Working on grid point 576: r = 1.1500 AU, v = 6.9258 km/sec, dv/dt = -0.0000 GMsun/r^2
367 input pairs/tracklets led to 203 physically reasonable state vectors
Identified 0 candidate linkages
Working on grid point 577: r = 1.1500 AU, v = 6.9258 km/sec, dv/dt = -0.4000 GMsun/r^2
367 input pairs/tracklets led to 213 physically reasonable state vectors
Identified 0 candidate linkages
Working on grid point 578: r = 1.1500 AU, v = 10.3887 km/sec, dv/dt = 0.4000 GMsun/r^2
367 input pairs/tracklets led to 164 physically reasonable state vectors
Identified 0 candidate linkages
Working on grid point 579: r = 1.1500 AU, v = 10.3887 km/sec, dv/dt = -0.0000 GMsun/r^2
367 input pairs/tracklets led to 172 physically reasonable state vectors
Identified 0 candidate linkages
Working on grid point 580: r = 1.1500 AU, v = 10.3887 km/sec, dv/dt = -0.4000 GMsun/r^2
367 input pairs/tracklets led to 176 physically reasonable state vectors
Identified 0 candidate linkages
Working on grid point 581: r = 1.1500 AU, v = 13.8517 km/sec, dv/dt = 0.4000 GMsun/r^2
367 input pairs/tracklets led to 142 physically reasonable state vectors
Identified 0 candidate linkages
Working on grid point 582: r = 1.1500 AU, v = 13.8517 km/sec, dv/dt = -0.0000 GMsun/r^2
367 input pairs/tracklets led to 143 physically reasonable state vectors
Identified 0 candidate linkages
Working on grid point 583: r = 1.1500 AU, v = 13.8517 km/sec, dv/dt = -0.4000 GMsun/r^2
367 input pairs/tracklets led to 145 physically reasonable state vectors
Identified 0 candidate linkages
Working on grid point 584: r = 1.1500 AU, v = 17.3146 km/sec, dv/dt = 0.4000 GMsun/r^2
367 input pairs/tracklets led to 118 physically reasonable state vectors
Identified 0 candidate linkages
Working on grid point 585: r = 1.1500 AU, v = 17.3146 km/sec, dv/dt = -0.0000 GMsun/r^2
367 input pairs/tracklets led to 125 physically reasonable state vectors
Identified 0 candidate linkages
Working on grid point 586: r = 1.1500 AU, v = 17.3146 km/sec, dv/dt = -0.4000 GMsun/r^2
367 input pairs/tracklets led to 131 physically reasonable state vectors
Identified 0 candidate linkages
Working on grid point 587: r = 1.1500 AU, v = 20.7775 km/sec, dv/dt = -0.0000 GMsun/r^2
367 input pairs/tracklets led to 106 physically reasonable state vectors
Identified 0 candidate linkages
Working on grid point 588: r = 1.1500 AU, v = 20.7775 km/sec, dv/dt = -0.4000 GMsun/r^2
367 input pairs/tracklets led to 113 physically reasonable state vectors
Identified 0 candidate linkages
Working on grid point 589: r = 1.1500 AU, v = 20.7775 km/sec, dv/dt = -0.8000 GMsun/r^2
Working on grid point 590: r = 1.1500 AU, v = 24.2404 km/sec, dv/dt = -0.0000 GMsun/r^2
367 input pairs/tracklets led to 87 physically reasonable state vectors
Identified 0 candidate linkages
Working on grid point 591: r = 1.1500 AU, v = 24.2404 km/sec, dv/dt = -0.4000 GMsun/r^2
Working on grid point 592: r = 1.1500 AU, v = 24.2404 km/sec, dv/dt = -0.8000 GMsun/r^2
Working on grid point 593: r = 1.1500 AU, v = 27.7033 km/sec, dv/dt = -0.4000 GMsun/r^2
Working on grid point 594: r = 1.1500 AU, v = 27.7033 km/sec, dv/dt = -0.8000 GMsun/r^2
Working on grid point 595: r = 1.1500 AU, v = 31.1662 km/sec, dv/dt = -0.8000 GMsun/r^2
Working on grid point 596: r = 1.1500 AU, v = 34.6291 km/sec, dv/dt = -0.8000 GMsun/r^2
Working on grid point 597: r = 1.1600 AU, v = -31.1662 km/sec, dv/dt = -0.4000 GMsun/r^2
Working on grid point 598: r = 1.1600 AU, v = -31.1662 km/sec, dv/dt = -0.8000 GMsun/r^2
Working on grid point 599: r = 1.1600 AU, v = -27.7033 km/sec, dv/dt = -0.4000 GMsun/r^2
Working on grid point 600: r = 1.1600 AU, v = -27.7033 km/sec, dv/dt = -0.8000 GMsun/r^2
Working on grid point 601: r = 1.1600 AU, v = -24.2404 km/sec, dv/dt = -0.0000 GMsun/r^2
367 input pairs/tracklets led to 141 physically reasonable state vectors
Identified 0 candidate linkages
Working on grid point 602: r = 1.1600 AU, v = -24.2404 km/sec, dv/dt = -0.4000 GMsun/r^2
Working on grid point 603: r = 1.1600 AU, v = -24.2404 km/sec, dv/dt = -0.8000 GMsun/r^2
Working on grid point 604: r = 1.1600 AU, v = -20.7775 km/sec, dv/dt = -0.0000 GMsun/r^2
367 input pairs/tracklets led to 183 physically reasonable state vectors
Identified 0 candidate linkages
Working on grid point 605: r = 1.1600 AU, v = -20.7775 km/sec, dv/dt = -0.4000 GMsun/r^2
367 input pairs/tracklets led to 185 physically reasonable state vectors
Identified 0 candidate linkages
Working on grid point 606: r = 1.1600 AU, v = -20.7775 km/sec, dv/dt = -0.8000 GMsun/r^2
Working on grid point 607: r = 1.1600 AU, v = -17.3146 km/sec, dv/dt = 0.4000 GMsun/r^2
367 input pairs/tracklets led to 211 physically reasonable state vectors
Identified 0 candidate linkages
Working on grid point 608: r = 1.1600 AU, v = -17.3146 km/sec, dv/dt = -0.0000 GMsun/r^2
367 input pairs/tracklets led to 211 physically reasonable state vectors
Identified 0 candidate linkages
Working on grid point 609: r = 1.1600 AU, v = -17.3146 km/sec, dv/dt = -0.4000 GMsun/r^2
367 input pairs/tracklets led to 214 physically reasonable state vectors
Identified 0 candidate linkages
Working on grid point 610: r = 1.1600 AU, v = -17.3146 km/sec, dv/dt = -0.8000 GMsun/r^2
Working on grid point 611: r = 1.1600 AU, v = -13.8517 km/sec, dv/dt = 0.4000 GMsun/r^2
367 input pairs/tracklets led to 218 physically reasonable state vectors
Identified 0 candidate linkages
Working on grid point 612: r = 1.1600 AU, v = -13.8517 km/sec, dv/dt = -0.0000 GMsun/r^2
367 input pairs/tracklets led to 215 physically reasonable state vectors
Identified 0 candidate linkages
Working on grid point 613: r = 1.1600 AU, v = -13.8517 km/sec, dv/dt = -0.4000 GMsun/r^2
367 input pairs/tracklets led to 218 physically reasonable state vectors
Identified 0 candidate linkages
Working on grid point 614: r = 1.1600 AU, v = -10.3887 km/sec, dv/dt = 0.4000 GMsun/r^2
367 input pairs/tracklets led to 246 physically reasonable state vectors
Identified 0 candidate linkages
Working on grid point 615: r = 1.1600 AU, v = -10.3887 km/sec, dv/dt = -0.0000 GMsun/r^2
367 input pairs/tracklets led to 238 physically reasonable state vectors
Identified 0 candidate linkages
Working on grid point 616: r = 1.1600 AU, v = -10.3887 km/sec, dv/dt = -0.4000 GMsun/r^2
367 input pairs/tracklets led to 234 physically reasonable state vectors
Identified 0 candidate linkages
Working on grid point 617: r = 1.1600 AU, v = -6.9258 km/sec, dv/dt = 0.4000 GMsun/r^2
367 input pairs/tracklets led to 282 physically reasonable state vectors
Identified 0 candidate linkages
Working on grid point 618: r = 1.1600 AU, v = -6.9258 km/sec, dv/dt = -0.0000 GMsun/r^2
367 input pairs/tracklets led to 263 physically reasonable state vectors
Identified 0 candidate linkages
Working on grid point 619: r = 1.1600 AU, v = -6.9258 km/sec, dv/dt = -0.4000 GMsun/r^2
367 input pairs/tracklets led to 251 physically reasonable state vectors
Identified 0 candidate linkages
Working on grid point 620: r = 1.1600 AU, v = -3.4629 km/sec, dv/dt = 0.4000 GMsun/r^2
367 input pairs/tracklets led to 282 physically reasonable state vectors
Identified 0 candidate linkages
Working on grid point 621: r = 1.1600 AU, v = -3.4629 km/sec, dv/dt = -0.0000 GMsun/r^2
367 input pairs/tracklets led to 293 physically reasonable state vectors
Identified 0 candidate linkages
Working on grid point 622: r = 1.1600 AU, v = -3.4629 km/sec, dv/dt = -0.4000 GMsun/r^2
367 input pairs/tracklets led to 282 physically reasonable state vectors
Identified 0 candidate linkages
Working on grid point 623: r = 1.1600 AU, v = 0.0000 km/sec, dv/dt = 0.4000 GMsun/r^2
367 input pairs/tracklets led to 266 physically reasonable state vectors
Identified 0 candidate linkages
Working on grid point 624: r = 1.1600 AU, v = 0.0000 km/sec, dv/dt = -0.0000 GMsun/r^2
367 input pairs/tracklets led to 277 physically reasonable state vectors
Identified 0 candidate linkages
Working on grid point 625: r = 1.1600 AU, v = 0.0000 km/sec, dv/dt = -0.4000 GMsun/r^2
367 input pairs/tracklets led to 268 physically reasonable state vectors
Identified 0 candidate linkages
Working on grid point 626: r = 1.1600 AU, v = 3.4629 km/sec, dv/dt = 0.4000 GMsun/r^2
367 input pairs/tracklets led to 229 physically reasonable state vectors
Identified 0 candidate linkages
Working on grid point 627: r = 1.1600 AU, v = 3.4629 km/sec, dv/dt = -0.0000 GMsun/r^2
367 input pairs/tracklets led to 252 physically reasonable state vectors
Identified 0 candidate linkages
Working on grid point 628: r = 1.1600 AU, v = 3.4629 km/sec, dv/dt = -0.4000 GMsun/r^2
367 input pairs/tracklets led to 254 physically reasonable state vectors
Identified 0 candidate linkages
Working on grid point 629: r = 1.1600 AU, v = 6.9258 km/sec, dv/dt = 0.4000 GMsun/r^2
367 input pairs/tracklets led to 200 physically reasonable state vectors
Identified 0 candidate linkages
Working on grid point 630: r = 1.1600 AU, v = 6.9258 km/sec, dv/dt = -0.0000 GMsun/r^2
367 input pairs/tracklets led to 198 physically reasonable state vectors
Identified 0 candidate linkages
Working on grid point 631: r = 1.1600 AU, v = 6.9258 km/sec, dv/dt = -0.4000 GMsun/r^2
367 input pairs/tracklets led to 204 physically reasonable state vectors
Identified 0 candidate linkages
Working on grid point 632: r = 1.1600 AU, v = 10.3887 km/sec, dv/dt = 0.4000 GMsun/r^2
367 input pairs/tracklets led to 161 physically reasonable state vectors
Identified 0 candidate linkages
Working on grid point 633: r = 1.1600 AU, v = 10.3887 km/sec, dv/dt = -0.0000 GMsun/r^2
367 input pairs/tracklets led to 167 physically reasonable state vectors
Identified 0 candidate linkages
Working on grid point 634: r = 1.1600 AU, v = 10.3887 km/sec, dv/dt = -0.4000 GMsun/r^2
367 input pairs/tracklets led to 177 physically reasonable state vectors
Identified 0 candidate linkages
Working on grid point 635: r = 1.1600 AU, v = 13.8517 km/sec, dv/dt = 0.4000 GMsun/r^2
367 input pairs/tracklets led to 152 physically reasonable state vectors
Identified 0 candidate linkages
Working on grid point 636: r = 1.1600 AU, v = 13.8517 km/sec, dv/dt = -0.0000 GMsun/r^2
367 input pairs/tracklets led to 138 physically reasonable state vectors
Identified 0 candidate linkages
Working on grid point 637: r = 1.1600 AU, v = 13.8517 km/sec, dv/dt = -0.4000 GMsun/r^2
367 input pairs/tracklets led to 142 physically reasonable state vectors
Identified 0 candidate linkages
Working on grid point 638: r = 1.1600 AU, v = 17.3146 km/sec, dv/dt = 0.4000 GMsun/r^2
367 input pairs/tracklets led to 115 physically reasonable state vectors
Identified 0 candidate linkages
Working on grid point 639: r = 1.1600 AU, v = 17.3146 km/sec, dv/dt = -0.0000 GMsun/r^2
367 input pairs/tracklets led to 121 physically reasonable state vectors
Identified 0 candidate linkages
Working on grid point 640: r = 1.1600 AU, v = 17.3146 km/sec, dv/dt = -0.4000 GMsun/r^2
367 input pairs/tracklets led to 128 physically reasonable state vectors
Identified 0 candidate linkages
Working on grid point 641: r = 1.1600 AU, v = 17.3146 km/sec, dv/dt = -0.8000 GMsun/r^2
Working on grid point 642: r = 1.1600 AU, v = 20.7775 km/sec, dv/dt = -0.0000 GMsun/r^2
367 input pairs/tracklets led to 106 physically reasonable state vectors
Identified 0 candidate linkages
Working on grid point 643: r = 1.1600 AU, v = 20.7775 km/sec, dv/dt = -0.4000 GMsun/r^2
367 input pairs/tracklets led to 110 physically reasonable state vectors
Identified 0 candidate linkages
Working on grid point 644: r = 1.1600 AU, v = 20.7775 km/sec, dv/dt = -0.8000 GMsun/r^2
Working on grid point 645: r = 1.1600 AU, v = 24.2404 km/sec, dv/dt = -0.0000 GMsun/r^2
367 input pairs/tracklets led to 86 physically reasonable state vectors
Identified 0 candidate linkages
Working on grid point 646: r = 1.1600 AU, v = 24.2404 km/sec, dv/dt = -0.4000 GMsun/r^2
Working on grid point 647: r = 1.1600 AU, v = 24.2404 km/sec, dv/dt = -0.8000 GMsun/r^2
Working on grid point 648: r = 1.1600 AU, v = 27.7033 km/sec, dv/dt = -0.4000 GMsun/r^2
Working on grid point 649: r = 1.1600 AU, v = 27.7033 km/sec, dv/dt = -0.8000 GMsun/r^2
Working on grid point 650: r = 1.1600 AU, v = 31.1662 km/sec, dv/dt = -0.8000 GMsun/r^2
Working on grid point 651: r = 1.1700 AU, v = -31.1662 km/sec, dv/dt = -0.8000 GMsun/r^2
Working on grid point 652: r = 1.1700 AU, v = -27.7033 km/sec, dv/dt = -0.4000 GMsun/r^2
Working on grid point 653: r = 1.1700 AU, v = -27.7033 km/sec, dv/dt = -0.8000 GMsun/r^2
Working on grid point 654: r = 1.1700 AU, v = -24.2404 km/sec, dv/dt = -0.0000 GMsun/r^2
367 input pairs/tracklets led to 145 physically reasonable state vectors
Identified 0 candidate linkages
Working on grid point 655: r = 1.1700 AU, v = -24.2404 km/sec, dv/dt = -0.4000 GMsun/r^2
Working on grid point 656: r = 1.1700 AU, v = -24.2404 km/sec, dv/dt = -0.8000 GMsun/r^2
Working on grid point 657: r = 1.1700 AU, v = -20.7775 km/sec, dv/dt = -0.0000 GMsun/r^2
367 input pairs/tracklets led to 194 physically reasonable state vectors
Identified 0 candidate linkages
Working on grid point 658: r = 1.1700 AU, v = -20.7775 km/sec, dv/dt = -0.4000 GMsun/r^2
367 input pairs/tracklets led to 187 physically reasonable state vectors
Identified 0 candidate linkages
Working on grid point 659: r = 1.1700 AU, v = -20.7775 km/sec, dv/dt = -0.8000 GMsun/r^2
Working on grid point 660: r = 1.1700 AU, v = -17.3146 km/sec, dv/dt = -0.0000 GMsun/r^2
367 input pairs/tracklets led to 209 physically reasonable state vectors
Identified 0 candidate linkages
Working on grid point 661: r = 1.1700 AU, v = -17.3146 km/sec, dv/dt = -0.4000 GMsun/r^2
367 input pairs/tracklets led to 212 physically reasonable state vectors
Identified 0 candidate linkages
Working on grid point 662: r = 1.1700 AU, v = -17.3146 km/sec, dv/dt = -0.8000 GMsun/r^2
Working on grid point 663: r = 1.1700 AU, v = -13.8517 km/sec, dv/dt = 0.4000 GMsun/r^2
367 input pairs/tracklets led to 214 physically reasonable state vectors
Identified 0 candidate linkages
Working on grid point 664: r = 1.1700 AU, v = -13.8517 km/sec, dv/dt = -0.0000 GMsun/r^2
367 input pairs/tracklets led to 216 physically reasonable state vectors
Identified 0 candidate linkages
Working on grid point 665: r = 1.1700 AU, v = -13.8517 km/sec, dv/dt = -0.4000 GMsun/r^2
367 input pairs/tracklets led to 213 physically reasonable state vectors
Identified 0 candidate linkages
Working on grid point 666: r = 1.1700 AU, v = -10.3887 km/sec, dv/dt = 0.4000 GMsun/r^2
367 input pairs/tracklets led to 247 physically reasonable state vectors
Identified 0 candidate linkages
Working on grid point 667: r = 1.1700 AU, v = -10.3887 km/sec, dv/dt = -0.0000 GMsun/r^2
367 input pairs/tracklets led to 234 physically reasonable state vectors
Identified 0 candidate linkages
Working on grid point 668: r = 1.1700 AU, v = -10.3887 km/sec, dv/dt = -0.4000 GMsun/r^2
367 input pairs/tracklets led to 232 physically reasonable state vectors
Identified 0 candidate linkages
Working on grid point 669: r = 1.1700 AU, v = -6.9258 km/sec, dv/dt = 0.4000 GMsun/r^2
367 input pairs/tracklets led to 279 physically reasonable state vectors
Identified 0 candidate linkages
Working on grid point 670: r = 1.1700 AU, v = -6.9258 km/sec, dv/dt = -0.0000 GMsun/r^2
367 input pairs/tracklets led to 268 physically reasonable state vectors
Identified 0 candidate linkages
Working on grid point 671: r = 1.1700 AU, v = -6.9258 km/sec, dv/dt = -0.4000 GMsun/r^2
367 input pairs/tracklets led to 248 physically reasonable state vectors
Identified 0 candidate linkages
Working on grid point 672: r = 1.1700 AU, v = -3.4629 km/sec, dv/dt = 0.4000 GMsun/r^2
367 input pairs/tracklets led to 271 physically reasonable state vectors
Identified 0 candidate linkages
Working on grid point 673: r = 1.1700 AU, v = -3.4629 km/sec, dv/dt = -0.0000 GMsun/r^2
367 input pairs/tracklets led to 285 physically reasonable state vectors
Identified 0 candidate linkages
Working on grid point 674: r = 1.1700 AU, v = -3.4629 km/sec, dv/dt = -0.4000 GMsun/r^2
367 input pairs/tracklets led to 275 physically reasonable state vectors
Identified 0 candidate linkages
Working on grid point 675: r = 1.1700 AU, v = 0.0000 km/sec, dv/dt = 0.4000 GMsun/r^2
367 input pairs/tracklets led to 259 physically reasonable state vectors
Identified 0 candidate linkages
Working on grid point 676: r = 1.1700 AU, v = 0.0000 km/sec, dv/dt = -0.0000 GMsun/r^2
367 input pairs/tracklets led to 269 physically reasonable state vectors
Identified 0 candidate linkages
Working on grid point 677: r = 1.1700 AU, v = 0.0000 km/sec, dv/dt = -0.4000 GMsun/r^2
367 input pairs/tracklets led to 260 physically reasonable state vectors
Identified 0 candidate linkages
Working on grid point 678: r = 1.1700 AU, v = 3.4629 km/sec, dv/dt = 0.4000 GMsun/r^2
367 input pairs/tracklets led to 222 physically reasonable state vectors
Identified 0 candidate linkages
Working on grid point 679: r = 1.1700 AU, v = 3.4629 km/sec, dv/dt = -0.0000 GMsun/r^2
367 input pairs/tracklets led to 245 physically reasonable state vectors
Identified 0 candidate linkages
Working on grid point 680: r = 1.1700 AU, v = 3.4629 km/sec, dv/dt = -0.4000 GMsun/r^2
367 input pairs/tracklets led to 246 physically reasonable state vectors
Identified 0 candidate linkages
Working on grid point 681: r = 1.1700 AU, v = 6.9258 km/sec, dv/dt = 0.4000 GMsun/r^2
367 input pairs/tracklets led to 196 physically reasonable state vectors
Identified 0 candidate linkages
Working on grid point 682: r = 1.1700 AU, v = 6.9258 km/sec, dv/dt = -0.0000 GMsun/r^2
367 input pairs/tracklets led to 189 physically reasonable state vectors
Identified 0 candidate linkages
Working on grid point 683: r = 1.1700 AU, v = 6.9258 km/sec, dv/dt = -0.4000 GMsun/r^2
367 input pairs/tracklets led to 194 physically reasonable state vectors
Identified 0 candidate linkages
Working on grid point 684: r = 1.1700 AU, v = 10.3887 km/sec, dv/dt = 0.4000 GMsun/r^2
367 input pairs/tracklets led to 158 physically reasonable state vectors
Identified 0 candidate linkages
Working on grid point 685: r = 1.1700 AU, v = 10.3887 km/sec, dv/dt = -0.0000 GMsun/r^2
367 input pairs/tracklets led to 161 physically reasonable state vectors
Identified 0 candidate linkages
Working on grid point 686: r = 1.1700 AU, v = 10.3887 km/sec, dv/dt = -0.4000 GMsun/r^2
367 input pairs/tracklets led to 169 physically reasonable state vectors
Identified 0 candidate linkages
Working on grid point 687: r = 1.1700 AU, v = 13.8517 km/sec, dv/dt = 0.4000 GMsun/r^2
367 input pairs/tracklets led to 148 physically reasonable state vectors
Identified 0 candidate linkages
Working on grid point 688: r = 1.1700 AU, v = 13.8517 km/sec, dv/dt = -0.0000 GMsun/r^2
367 input pairs/tracklets led to 138 physically reasonable state vectors
Identified 0 candidate linkages
Working on grid point 689: r = 1.1700 AU, v = 13.8517 km/sec, dv/dt = -0.4000 GMsun/r^2
367 input pairs/tracklets led to 141 physically reasonable state vectors
Identified 0 candidate linkages
Working on grid point 690: r = 1.1700 AU, v = 17.3146 km/sec, dv/dt = 0.4000 GMsun/r^2
367 input pairs/tracklets led to 113 physically reasonable state vectors
Identified 0 candidate linkages
Working on grid point 691: r = 1.1700 AU, v = 17.3146 km/sec, dv/dt = -0.0000 GMsun/r^2
367 input pairs/tracklets led to 117 physically reasonable state vectors
Identified 0 candidate linkages
Working on grid point 692: r = 1.1700 AU, v = 17.3146 km/sec, dv/dt = -0.4000 GMsun/r^2
367 input pairs/tracklets led to 121 physically reasonable state vectors
Identified 0 candidate linkages
Working on grid point 693: r = 1.1700 AU, v = 17.3146 km/sec, dv/dt = -0.8000 GMsun/r^2
367 input pairs/tracklets led to 128 physically reasonable state vectors
Identified 0 candidate linkages
Working on grid point 694: r = 1.1700 AU, v = 20.7775 km/sec, dv/dt = -0.0000 GMsun/r^2
367 input pairs/tracklets led to 100 physically reasonable state vectors
Identified 0 candidate linkages
Working on grid point 695: r = 1.1700 AU, v = 20.7775 km/sec, dv/dt = -0.4000 GMsun/r^2
367 input pairs/tracklets led to 106 physically reasonable state vectors
Identified 0 candidate linkages
Working on grid point 696: r = 1.1700 AU, v = 20.7775 km/sec, dv/dt = -0.8000 GMsun/r^2
Working on grid point 697: r = 1.1700 AU, v = 24.2404 km/sec, dv/dt = -0.0000 GMsun/r^2
367 input pairs/tracklets led to 81 physically reasonable state vectors
Identified 0 candidate linkages
Working on grid point 698: r = 1.1700 AU, v = 24.2404 km/sec, dv/dt = -0.4000 GMsun/r^2
Working on grid point 699: r = 1.1700 AU, v = 24.2404 km/sec, dv/dt = -0.8000 GMsun/r^2
Working on grid point 700: r = 1.1700 AU, v = 27.7033 km/sec, dv/dt = -0.4000 GMsun/r^2
Working on grid point 701: r = 1.1700 AU, v = 27.7033 km/sec, dv/dt = -0.8000 GMsun/r^2
Working on grid point 702: r = 1.1700 AU, v = 31.1662 km/sec, dv/dt = -0.8000 GMsun/r^2
Working on grid point 703: r = 1.1800 AU, v = -31.1662 km/sec, dv/dt = -0.8000 GMsun/r^2
Working on grid point 704: r = 1.1800 AU, v = -27.7033 km/sec, dv/dt = -0.4000 GMsun/r^2
Working on grid point 705: r = 1.1800 AU, v = -27.7033 km/sec, dv/dt = -0.8000 GMsun/r^2
Working on grid point 706: r = 1.1800 AU, v = -24.2404 km/sec, dv/dt = -0.0000 GMsun/r^2
367 input pairs/tracklets led to 162 physically reasonable state vectors
Identified 0 candidate linkages
Working on grid point 707: r = 1.1800 AU, v = -24.2404 km/sec, dv/dt = -0.4000 GMsun/r^2
Working on grid point 708: r = 1.1800 AU, v = -24.2404 km/sec, dv/dt = -0.8000 GMsun/r^2
Working on grid point 709: r = 1.1800 AU, v = -20.7775 km/sec, dv/dt = -0.0000 GMsun/r^2
367 input pairs/tracklets led to 196 physically reasonable state vectors
Identified 0 candidate linkages
Working on grid point 710: r = 1.1800 AU, v = -20.7775 km/sec, dv/dt = -0.4000 GMsun/r^2
367 input pairs/tracklets led to 191 physically reasonable state vectors
Identified 0 candidate linkages
Working on grid point 711: r = 1.1800 AU, v = -20.7775 km/sec, dv/dt = -0.8000 GMsun/r^2
Working on grid point 712: r = 1.1800 AU, v = -17.3146 km/sec, dv/dt = -0.0000 GMsun/r^2
367 input pairs/tracklets led to 201 physically reasonable state vectors
Identified 0 candidate linkages
Working on grid point 713: r = 1.1800 AU, v = -17.3146 km/sec, dv/dt = -0.4000 GMsun/r^2
367 input pairs/tracklets led to 204 physically reasonable state vectors
Identified 0 candidate linkages
Working on grid point 714: r = 1.1800 AU, v = -13.8517 km/sec, dv/dt = 0.4000 GMsun/r^2
367 input pairs/tracklets led to 212 physically reasonable state vectors
Identified 0 candidate linkages
Working on grid point 715: r = 1.1800 AU, v = -13.8517 km/sec, dv/dt = -0.0000 GMsun/r^2
367 input pairs/tracklets led to 212 physically reasonable state vectors
Identified 0 candidate linkages
Working on grid point 716: r = 1.1800 AU, v = -13.8517 km/sec, dv/dt = -0.4000 GMsun/r^2
367 input pairs/tracklets led to 216 physically reasonable state vectors
Identified 0 candidate linkages
Working on grid point 717: r = 1.1800 AU, v = -10.3887 km/sec, dv/dt = 0.4000 GMsun/r^2
367 input pairs/tracklets led to 253 physically reasonable state vectors
Identified 0 candidate linkages
Working on grid point 718: r = 1.1800 AU, v = -10.3887 km/sec, dv/dt = -0.0000 GMsun/r^2
367 input pairs/tracklets led to 231 physically reasonable state vectors
Identified 0 candidate linkages
Working on grid point 719: r = 1.1800 AU, v = -10.3887 km/sec, dv/dt = -0.4000 GMsun/r^2
367 input pairs/tracklets led to 227 physically reasonable state vectors
Identified 0 candidate linkages
Working on grid point 720: r = 1.1800 AU, v = -6.9258 km/sec, dv/dt = 0.4000 GMsun/r^2
367 input pairs/tracklets led to 276 physically reasonable state vectors
Identified 0 candidate linkages
Working on grid point 721: r = 1.1800 AU, v = -6.9258 km/sec, dv/dt = -0.0000 GMsun/r^2
367 input pairs/tracklets led to 266 physically reasonable state vectors
Identified 0 candidate linkages
Working on grid point 722: r = 1.1800 AU, v = -6.9258 km/sec, dv/dt = -0.4000 GMsun/r^2
367 input pairs/tracklets led to 246 physically reasonable state vectors
Identified 0 candidate linkages
Working on grid point 723: r = 1.1800 AU, v = -3.4629 km/sec, dv/dt = 0.4000 GMsun/r^2
367 input pairs/tracklets led to 261 physically reasonable state vectors
Identified 0 candidate linkages
Working on grid point 724: r = 1.1800 AU, v = -3.4629 km/sec, dv/dt = -0.0000 GMsun/r^2
367 input pairs/tracklets led to 272 physically reasonable state vectors
Identified 0 candidate linkages
Working on grid point 725: r = 1.1800 AU, v = -3.4629 km/sec, dv/dt = -0.4000 GMsun/r^2
367 input pairs/tracklets led to 266 physically reasonable state vectors
Identified 0 candidate linkages
Working on grid point 726: r = 1.1800 AU, v = 0.0000 km/sec, dv/dt = 0.4000 GMsun/r^2
367 input pairs/tracklets led to 246 physically reasonable state vectors
Identified 0 candidate linkages
Working on grid point 727: r = 1.1800 AU, v = 0.0000 km/sec, dv/dt = -0.0000 GMsun/r^2
367 input pairs/tracklets led to 259 physically reasonable state vectors
Identified 0 candidate linkages
Working on grid point 728: r = 1.1800 AU, v = 0.0000 km/sec, dv/dt = -0.4000 GMsun/r^2
367 input pairs/tracklets led to 249 physically reasonable state vectors
Identified 0 candidate linkages
Working on grid point 729: r = 1.1800 AU, v = 3.4629 km/sec, dv/dt = 0.4000 GMsun/r^2
367 input pairs/tracklets led to 211 physically reasonable state vectors
Identified 0 candidate linkages
Working on grid point 730: r = 1.1800 AU, v = 3.4629 km/sec, dv/dt = -0.0000 GMsun/r^2
367 input pairs/tracklets led to 226 physically reasonable state vectors
Identified 0 candidate linkages
Working on grid point 731: r = 1.1800 AU, v = 3.4629 km/sec, dv/dt = -0.4000 GMsun/r^2
367 input pairs/tracklets led to 236 physically reasonable state vectors
Identified 0 candidate linkages
Working on grid point 732: r = 1.1800 AU, v = 6.9258 km/sec, dv/dt = 0.4000 GMsun/r^2
367 input pairs/tracklets led to 190 physically reasonable state vectors
Identified 0 candidate linkages
Working on grid point 733: r = 1.1800 AU, v = 6.9258 km/sec, dv/dt = -0.0000 GMsun/r^2
367 input pairs/tracklets led to 182 physically reasonable state vectors
Identified 0 candidate linkages
Working on grid point 734: r = 1.1800 AU, v = 6.9258 km/sec, dv/dt = -0.4000 GMsun/r^2
367 input pairs/tracklets led to 187 physically reasonable state vectors
Identified 0 candidate linkages
Working on grid point 735: r = 1.1800 AU, v = 10.3887 km/sec, dv/dt = 0.4000 GMsun/r^2
367 input pairs/tracklets led to 153 physically reasonable state vectors
Identified 0 candidate linkages
Working on grid point 736: r = 1.1800 AU, v = 10.3887 km/sec, dv/dt = -0.0000 GMsun/r^2
367 input pairs/tracklets led to 158 physically reasonable state vectors
Identified 0 candidate linkages
Working on grid point 737: r = 1.1800 AU, v = 10.3887 km/sec, dv/dt = -0.4000 GMsun/r^2
367 input pairs/tracklets led to 160 physically reasonable state vectors
Identified 0 candidate linkages
Working on grid point 738: r = 1.1800 AU, v = 13.8517 km/sec, dv/dt = 0.4000 GMsun/r^2
367 input pairs/tracklets led to 141 physically reasonable state vectors
Identified 0 candidate linkages
Working on grid point 739: r = 1.1800 AU, v = 13.8517 km/sec, dv/dt = -0.0000 GMsun/r^2
367 input pairs/tracklets led to 143 physically reasonable state vectors
Identified 0 candidate linkages
Working on grid point 740: r = 1.1800 AU, v = 13.8517 km/sec, dv/dt = -0.4000 GMsun/r^2
367 input pairs/tracklets led to 137 physically reasonable state vectors
Identified 0 candidate linkages
Working on grid point 741: r = 1.1800 AU, v = 17.3146 km/sec, dv/dt = 0.4000 GMsun/r^2
367 input pairs/tracklets led to 110 physically reasonable state vectors
Identified 0 candidate linkages
Working on grid point 742: r = 1.1800 AU, v = 17.3146 km/sec, dv/dt = -0.0000 GMsun/r^2
367 input pairs/tracklets led to 116 physically reasonable state vectors
Identified 0 candidate linkages
Working on grid point 743: r = 1.1800 AU, v = 17.3146 km/sec, dv/dt = -0.4000 GMsun/r^2
367 input pairs/tracklets led to 120 physically reasonable state vectors
Identified 0 candidate linkages
Working on grid point 744: r = 1.1800 AU, v = 20.7775 km/sec, dv/dt = -0.0000 GMsun/r^2
367 input pairs/tracklets led to 97 physically reasonable state vectors
Identified 0 candidate linkages
Working on grid point 745: r = 1.1800 AU, v = 20.7775 km/sec, dv/dt = -0.4000 GMsun/r^2
367 input pairs/tracklets led to 103 physically reasonable state vectors
Identified 0 candidate linkages
Working on grid point 746: r = 1.1800 AU, v = 20.7775 km/sec, dv/dt = -0.8000 GMsun/r^2
Working on grid point 747: r = 1.1800 AU, v = 24.2404 km/sec, dv/dt = -0.0000 GMsun/r^2
367 input pairs/tracklets led to 82 physically reasonable state vectors
Identified 0 candidate linkages
Working on grid point 748: r = 1.1800 AU, v = 24.2404 km/sec, dv/dt = -0.4000 GMsun/r^2
Working on grid point 749: r = 1.1800 AU, v = 24.2404 km/sec, dv/dt = -0.8000 GMsun/r^2
Working on grid point 750: r = 1.1800 AU, v = 27.7033 km/sec, dv/dt = -0.4000 GMsun/r^2
Working on grid point 751: r = 1.1800 AU, v = 27.7033 km/sec, dv/dt = -0.8000 GMsun/r^2
Working on grid point 752: r = 1.1800 AU, v = 31.1662 km/sec, dv/dt = -0.8000 GMsun/r^2
Working on grid point 753: r = 1.1900 AU, v = -31.1662 km/sec, dv/dt = -0.8000 GMsun/r^2
Working on grid point 754: r = 1.1900 AU, v = -27.7033 km/sec, dv/dt = -0.4000 GMsun/r^2
Working on grid point 755: r = 1.1900 AU, v = -27.7033 km/sec, dv/dt = -0.8000 GMsun/r^2
Working on grid point 756: r = 1.1900 AU, v = -24.2404 km/sec, dv/dt = -0.0000 GMsun/r^2
367 input pairs/tracklets led to 169 physically reasonable state vectors
Identified 0 candidate linkages
Working on grid point 757: r = 1.1900 AU, v = -24.2404 km/sec, dv/dt = -0.4000 GMsun/r^2
Working on grid point 758: r = 1.1900 AU, v = -24.2404 km/sec, dv/dt = -0.8000 GMsun/r^2
Working on grid point 759: r = 1.1900 AU, v = -20.7775 km/sec, dv/dt = -0.0000 GMsun/r^2
367 input pairs/tracklets led to 191 physically reasonable state vectors
Identified 0 candidate linkages
Working on grid point 760: r = 1.1900 AU, v = -20.7775 km/sec, dv/dt = -0.4000 GMsun/r^2
367 input pairs/tracklets led to 189 physically reasonable state vectors
Identified 0 candidate linkages
Working on grid point 761: r = 1.1900 AU, v = -20.7775 km/sec, dv/dt = -0.8000 GMsun/r^2
Working on grid point 762: r = 1.1900 AU, v = -17.3146 km/sec, dv/dt = -0.0000 GMsun/r^2
367 input pairs/tracklets led to 197 physically reasonable state vectors
Identified 0 candidate linkages
Working on grid point 763: r = 1.1900 AU, v = -17.3146 km/sec, dv/dt = -0.4000 GMsun/r^2
367 input pairs/tracklets led to 202 physically reasonable state vectors
Identified 0 candidate linkages
Working on grid point 764: r = 1.1900 AU, v = -13.8517 km/sec, dv/dt = 0.4000 GMsun/r^2
367 input pairs/tracklets led to 208 physically reasonable state vectors
Identified 0 candidate linkages
Working on grid point 765: r = 1.1900 AU, v = -13.8517 km/sec, dv/dt = -0.0000 GMsun/r^2
367 input pairs/tracklets led to 209 physically reasonable state vectors
Identified 0 candidate linkages
Working on grid point 766: r = 1.1900 AU, v = -13.8517 km/sec, dv/dt = -0.4000 GMsun/r^2
367 input pairs/tracklets led to 213 physically reasonable state vectors
Identified 0 candidate linkages
Working on grid point 767: r = 1.1900 AU, v = -10.3887 km/sec, dv/dt = 0.4000 GMsun/r^2
367 input pairs/tracklets led to 248 physically reasonable state vectors
Identified 0 candidate linkages
Working on grid point 768: r = 1.1900 AU, v = -10.3887 km/sec, dv/dt = -0.0000 GMsun/r^2
367 input pairs/tracklets led to 225 physically reasonable state vectors
Identified 0 candidate linkages
Working on grid point 769: r = 1.1900 AU, v = -10.3887 km/sec, dv/dt = -0.4000 GMsun/r^2
367 input pairs/tracklets led to 218 physically reasonable state vectors
Identified 0 candidate linkages
Working on grid point 770: r = 1.1900 AU, v = -6.9258 km/sec, dv/dt = 0.4000 GMsun/r^2
367 input pairs/tracklets led to 271 physically reasonable state vectors
Identified 0 candidate linkages
Working on grid point 771: r = 1.1900 AU, v = -6.9258 km/sec, dv/dt = -0.0000 GMsun/r^2
367 input pairs/tracklets led to 264 physically reasonable state vectors
Identified 0 candidate linkages
Working on grid point 772: r = 1.1900 AU, v = -6.9258 km/sec, dv/dt = -0.4000 GMsun/r^2
367 input pairs/tracklets led to 245 physically reasonable state vectors
Identified 0 candidate linkages
Working on grid point 773: r = 1.1900 AU, v = -3.4629 km/sec, dv/dt = 0.4000 GMsun/r^2
367 input pairs/tracklets led to 253 physically reasonable state vectors
Identified 0 candidate linkages
Working on grid point 774: r = 1.1900 AU, v = -3.4629 km/sec, dv/dt = -0.0000 GMsun/r^2
367 input pairs/tracklets led to 260 physically reasonable state vectors
Identified 0 candidate linkages
Working on grid point 775: r = 1.1900 AU, v = -3.4629 km/sec, dv/dt = -0.4000 GMsun/r^2
367 input pairs/tracklets led to 258 physically reasonable state vectors
Identified 0 candidate linkages
Working on grid point 776: r = 1.1900 AU, v = 0.0000 km/sec, dv/dt = 0.4000 GMsun/r^2
367 input pairs/tracklets led to 236 physically reasonable state vectors
Identified 0 candidate linkages
Working on grid point 777: r = 1.1900 AU, v = 0.0000 km/sec, dv/dt = -0.0000 GMsun/r^2
367 input pairs/tracklets led to 252 physically reasonable state vectors
Identified 0 candidate linkages
Working on grid point 778: r = 1.1900 AU, v = 0.0000 km/sec, dv/dt = -0.4000 GMsun/r^2
367 input pairs/tracklets led to 245 physically reasonable state vectors
Identified 0 candidate linkages
Working on grid point 779: r = 1.1900 AU, v = 3.4629 km/sec, dv/dt = 0.4000 GMsun/r^2
367 input pairs/tracklets led to 202 physically reasonable state vectors
Identified 0 candidate linkages
Working on grid point 780: r = 1.1900 AU, v = 3.4629 km/sec, dv/dt = -0.0000 GMsun/r^2
367 input pairs/tracklets led to 217 physically reasonable state vectors
Identified 0 candidate linkages
Working on grid point 781: r = 1.1900 AU, v = 3.4629 km/sec, dv/dt = -0.4000 GMsun/r^2
367 input pairs/tracklets led to 219 physically reasonable state vectors
Identified 0 candidate linkages
Working on grid point 782: r = 1.1900 AU, v = 6.9258 km/sec, dv/dt = 0.4000 GMsun/r^2
367 input pairs/tracklets led to 177 physically reasonable state vectors
Identified 0 candidate linkages
Working on grid point 783: r = 1.1900 AU, v = 6.9258 km/sec, dv/dt = -0.0000 GMsun/r^2
367 input pairs/tracklets led to 178 physically reasonable state vectors
Identified 0 candidate linkages
Working on grid point 784: r = 1.1900 AU, v = 6.9258 km/sec, dv/dt = -0.4000 GMsun/r^2
367 input pairs/tracklets led to 182 physically reasonable state vectors
Identified 0 candidate linkages
Working on grid point 785: r = 1.1900 AU, v = 10.3887 km/sec, dv/dt = 0.4000 GMsun/r^2
367 input pairs/tracklets led to 150 physically reasonable state vectors
Identified 0 candidate linkages
Working on grid point 786: r = 1.1900 AU, v = 10.3887 km/sec, dv/dt = -0.0000 GMsun/r^2
367 input pairs/tracklets led to 152 physically reasonable state vectors
Identified 0 candidate linkages
Working on grid point 787: r = 1.1900 AU, v = 10.3887 km/sec, dv/dt = -0.4000 GMsun/r^2
367 input pairs/tracklets led to 160 physically reasonable state vectors
Identified 0 candidate linkages
Working on grid point 788: r = 1.1900 AU, v = 13.8517 km/sec, dv/dt = 0.4000 GMsun/r^2
367 input pairs/tracklets led to 139 physically reasonable state vectors
Identified 0 candidate linkages
Working on grid point 789: r = 1.1900 AU, v = 13.8517 km/sec, dv/dt = -0.0000 GMsun/r^2
367 input pairs/tracklets led to 140 physically reasonable state vectors
Identified 0 candidate linkages
Working on grid point 790: r = 1.1900 AU, v = 13.8517 km/sec, dv/dt = -0.4000 GMsun/r^2
367 input pairs/tracklets led to 137 physically reasonable state vectors
Identified 0 candidate linkages
Working on grid point 791: r = 1.1900 AU, v = 17.3146 km/sec, dv/dt = -0.0000 GMsun/r^2
367 input pairs/tracklets led to 112 physically reasonable state vectors
Identified 0 candidate linkages
Working on grid point 792: r = 1.1900 AU, v = 17.3146 km/sec, dv/dt = -0.4000 GMsun/r^2
367 input pairs/tracklets led to 118 physically reasonable state vectors
Identified 0 candidate linkages
Working on grid point 793: r = 1.1900 AU, v = 20.7775 km/sec, dv/dt = -0.0000 GMsun/r^2
367 input pairs/tracklets led to 96 physically reasonable state vectors
Identified 0 candidate linkages
Working on grid point 794: r = 1.1900 AU, v = 20.7775 km/sec, dv/dt = -0.4000 GMsun/r^2
367 input pairs/tracklets led to 101 physically reasonable state vectors
Identified 0 candidate linkages
Working on grid point 795: r = 1.1900 AU, v = 20.7775 km/sec, dv/dt = -0.8000 GMsun/r^2
Working on grid point 796: r = 1.1900 AU, v = 24.2404 km/sec, dv/dt = -0.0000 GMsun/r^2
367 input pairs/tracklets led to 80 physically reasonable state vectors
Identified 0 candidate linkages
Working on grid point 797: r = 1.1900 AU, v = 24.2404 km/sec, dv/dt = -0.4000 GMsun/r^2
Working on grid point 798: r = 1.1900 AU, v = 24.2404 km/sec, dv/dt = -0.8000 GMsun/r^2
Working on grid point 799: r = 1.1900 AU, v = 27.7033 km/sec, dv/dt = -0.4000 GMsun/r^2
Working on grid point 800: r = 1.1900 AU, v = 27.7033 km/sec, dv/dt = -0.8000 GMsun/r^2
Working on grid point 801: r = 1.1900 AU, v = 31.1662 km/sec, dv/dt = -0.8000 GMsun/r^2
Working on grid point 802: r = 1.2000 AU, v = -31.1662 km/sec, dv/dt = -0.8000 GMsun/r^2
Working on grid point 803: r = 1.2000 AU, v = -27.7033 km/sec, dv/dt = -0.4000 GMsun/r^2
Working on grid point 804: r = 1.2000 AU, v = -27.7033 km/sec, dv/dt = -0.8000 GMsun/r^2
Working on grid point 805: r = 1.2000 AU, v = -24.2404 km/sec, dv/dt = -0.0000 GMsun/r^2
367 input pairs/tracklets led to 167 physically reasonable state vectors
Identified 0 candidate linkages
Working on grid point 806: r = 1.2000 AU, v = -24.2404 km/sec, dv/dt = -0.4000 GMsun/r^2
Working on grid point 807: r = 1.2000 AU, v = -24.2404 km/sec, dv/dt = -0.8000 GMsun/r^2
Working on grid point 808: r = 1.2000 AU, v = -20.7775 km/sec, dv/dt = -0.0000 GMsun/r^2
367 input pairs/tracklets led to 186 physically reasonable state vectors
Identified 0 candidate linkages
Working on grid point 809: r = 1.2000 AU, v = -20.7775 km/sec, dv/dt = -0.4000 GMsun/r^2
367 input pairs/tracklets led to 183 physically reasonable state vectors
Identified 0 candidate linkages
Working on grid point 810: r = 1.2000 AU, v = -20.7775 km/sec, dv/dt = -0.8000 GMsun/r^2
Working on grid point 811: r = 1.2000 AU, v = -17.3146 km/sec, dv/dt = -0.0000 GMsun/r^2
367 input pairs/tracklets led to 200 physically reasonable state vectors
Identified 0 candidate linkages
Working on grid point 812: r = 1.2000 AU, v = -17.3146 km/sec, dv/dt = -0.4000 GMsun/r^2
367 input pairs/tracklets led to 199 physically reasonable state vectors
Identified 0 candidate linkages
Working on grid point 813: r = 1.2000 AU, v = -13.8517 km/sec, dv/dt = 0.4000 GMsun/r^2
367 input pairs/tracklets led to 206 physically reasonable state vectors
Identified 0 candidate linkages
Working on grid point 814: r = 1.2000 AU, v = -13.8517 km/sec, dv/dt = -0.0000 GMsun/r^2
367 input pairs/tracklets led to 208 physically reasonable state vectors
Identified 0 candidate linkages
Working on grid point 815: r = 1.2000 AU, v = -13.8517 km/sec, dv/dt = -0.4000 GMsun/r^2
367 input pairs/tracklets led to 209 physically reasonable state vectors
Identified 0 candidate linkages
Working on grid point 816: r = 1.2000 AU, v = -10.3887 km/sec, dv/dt = 0.4000 GMsun/r^2
367 input pairs/tracklets led to 236 physically reasonable state vectors
Identified 0 candidate linkages
Working on grid point 817: r = 1.2000 AU, v = -10.3887 km/sec, dv/dt = -0.0000 GMsun/r^2
367 input pairs/tracklets led to 217 physically reasonable state vectors
Identified 0 candidate linkages
Working on grid point 818: r = 1.2000 AU, v = -10.3887 km/sec, dv/dt = -0.4000 GMsun/r^2
367 input pairs/tracklets led to 214 physically reasonable state vectors
Identified 0 candidate linkages
Working on grid point 819: r = 1.2000 AU, v = -6.9258 km/sec, dv/dt = 0.4000 GMsun/r^2
367 input pairs/tracklets led to 266 physically reasonable state vectors
Identified 0 candidate linkages
Working on grid point 820: r = 1.2000 AU, v = -6.9258 km/sec, dv/dt = -0.0000 GMsun/r^2
367 input pairs/tracklets led to 258 physically reasonable state vectors
Identified 0 candidate linkages
Working on grid point 821: r = 1.2000 AU, v = -6.9258 km/sec, dv/dt = -0.4000 GMsun/r^2
367 input pairs/tracklets led to 244 physically reasonable state vectors
Identified 0 candidate linkages
Working on grid point 822: r = 1.2000 AU, v = -3.4629 km/sec, dv/dt = 0.4000 GMsun/r^2
367 input pairs/tracklets led to 243 physically reasonable state vectors
Identified 0 candidate linkages
Working on grid point 823: r = 1.2000 AU, v = -3.4629 km/sec, dv/dt = -0.0000 GMsun/r^2
367 input pairs/tracklets led to 255 physically reasonable state vectors
Identified 0 candidate linkages
Working on grid point 824: r = 1.2000 AU, v = -3.4629 km/sec, dv/dt = -0.4000 GMsun/r^2
367 input pairs/tracklets led to 251 physically reasonable state vectors
Identified 0 candidate linkages
Working on grid point 825: r = 1.2000 AU, v = 0.0000 km/sec, dv/dt = 0.4000 GMsun/r^2
367 input pairs/tracklets led to 229 physically reasonable state vectors
Identified 0 candidate linkages
Working on grid point 826: r = 1.2000 AU, v = 0.0000 km/sec, dv/dt = -0.0000 GMsun/r^2
367 input pairs/tracklets led to 243 physically reasonable state vectors
Identified 0 candidate linkages
Working on grid point 827: r = 1.2000 AU, v = 0.0000 km/sec, dv/dt = -0.4000 GMsun/r^2
367 input pairs/tracklets led to 244 physically reasonable state vectors
Identified 0 candidate linkages
Working on grid point 828: r = 1.2000 AU, v = 3.4629 km/sec, dv/dt = 0.4000 GMsun/r^2
367 input pairs/tracklets led to 195 physically reasonable state vectors
Identified 0 candidate linkages
Working on grid point 829: r = 1.2000 AU, v = 3.4629 km/sec, dv/dt = -0.0000 GMsun/r^2
367 input pairs/tracklets led to 207 physically reasonable state vectors
Identified 0 candidate linkages
Working on grid point 830: r = 1.2000 AU, v = 3.4629 km/sec, dv/dt = -0.4000 GMsun/r^2
367 input pairs/tracklets led to 209 physically reasonable state vectors
Identified 0 candidate linkages
Working on grid point 831: r = 1.2000 AU, v = 6.9258 km/sec, dv/dt = 0.4000 GMsun/r^2
367 input pairs/tracklets led to 170 physically reasonable state vectors
Identified 0 candidate linkages
Working on grid point 832: r = 1.2000 AU, v = 6.9258 km/sec, dv/dt = -0.0000 GMsun/r^2
367 input pairs/tracklets led to 176 physically reasonable state vectors
Identified 0 candidate linkages
Working on grid point 833: r = 1.2000 AU, v = 6.9258 km/sec, dv/dt = -0.4000 GMsun/r^2
367 input pairs/tracklets led to 178 physically reasonable state vectors
Identified 0 candidate linkages
Working on grid point 834: r = 1.2000 AU, v = 10.3887 km/sec, dv/dt = 0.4000 GMsun/r^2
367 input pairs/tracklets led to 148 physically reasonable state vectors
Identified 0 candidate linkages
Working on grid point 835: r = 1.2000 AU, v = 10.3887 km/sec, dv/dt = -0.0000 GMsun/r^2
367 input pairs/tracklets led to 149 physically reasonable state vectors
Identified 0 candidate linkages
Working on grid point 836: r = 1.2000 AU, v = 10.3887 km/sec, dv/dt = -0.4000 GMsun/r^2
367 input pairs/tracklets led to 155 physically reasonable state vectors
Identified 0 candidate linkages
Working on grid point 837: r = 1.2000 AU, v = 13.8517 km/sec, dv/dt = 0.4000 GMsun/r^2
367 input pairs/tracklets led to 135 physically reasonable state vectors
Identified 0 candidate linkages
Working on grid point 838: r = 1.2000 AU, v = 13.8517 km/sec, dv/dt = -0.0000 GMsun/r^2
367 input pairs/tracklets led to 139 physically reasonable state vectors
Identified 0 candidate linkages
Working on grid point 839: r = 1.2000 AU, v = 13.8517 km/sec, dv/dt = -0.4000 GMsun/r^2
367 input pairs/tracklets led to 143 physically reasonable state vectors
Identified 0 candidate linkages
Working on grid point 840: r = 1.2000 AU, v = 17.3146 km/sec, dv/dt = -0.0000 GMsun/r^2
367 input pairs/tracklets led to 110 physically reasonable state vectors
Identified 0 candidate linkages
Working on grid point 841: r = 1.2000 AU, v = 17.3146 km/sec, dv/dt = -0.4000 GMsun/r^2
367 input pairs/tracklets led to 115 physically reasonable state vectors
Identified 0 candidate linkages
Working on grid point 842: r = 1.2000 AU, v = 17.3146 km/sec, dv/dt = -0.8000 GMsun/r^2
367 input pairs/tracklets led to 119 physically reasonable state vectors
Identified 0 candidate linkages
Working on grid point 843: r = 1.2000 AU, v = 20.7775 km/sec, dv/dt = -0.0000 GMsun/r^2
367 input pairs/tracklets led to 93 physically reasonable state vectors
Identified 0 candidate linkages
Working on grid point 844: r = 1.2000 AU, v = 20.7775 km/sec, dv/dt = -0.4000 GMsun/r^2
367 input pairs/tracklets led to 97 physically reasonable state vectors
Identified 0 candidate linkages
Working on grid point 845: r = 1.2000 AU, v = 20.7775 km/sec, dv/dt = -0.8000 GMsun/r^2
Working on grid point 846: r = 1.2000 AU, v = 24.2404 km/sec, dv/dt = -0.0000 GMsun/r^2
367 input pairs/tracklets led to 78 physically reasonable state vectors
Identified 0 candidate linkages
Working on grid point 847: r = 1.2000 AU, v = 24.2404 km/sec, dv/dt = -0.4000 GMsun/r^2
Working on grid point 848: r = 1.2000 AU, v = 24.2404 km/sec, dv/dt = -0.8000 GMsun/r^2
Working on grid point 849: r = 1.2000 AU, v = 27.7033 km/sec, dv/dt = -0.4000 GMsun/r^2
Working on grid point 850: r = 1.2000 AU, v = 27.7033 km/sec, dv/dt = -0.8000 GMsun/r^2
Working on grid point 851: r = 1.2000 AU, v = 31.1662 km/sec, dv/dt = -0.8000 GMsun/r^2
Working on grid point 852: r = 1.2100 AU, v = -31.1662 km/sec, dv/dt = -0.8000 GMsun/r^2
Working on grid point 853: r = 1.2100 AU, v = -27.7033 km/sec, dv/dt = -0.4000 GMsun/r^2
Working on grid point 854: r = 1.2100 AU, v = -27.7033 km/sec, dv/dt = -0.8000 GMsun/r^2
Working on grid point 855: r = 1.2100 AU, v = -24.2404 km/sec, dv/dt = -0.0000 GMsun/r^2
367 input pairs/tracklets led to 170 physically reasonable state vectors
Identified 0 candidate linkages
Working on grid point 856: r = 1.2100 AU, v = -24.2404 km/sec, dv/dt = -0.4000 GMsun/r^2
Working on grid point 857: r = 1.2100 AU, v = -24.2404 km/sec, dv/dt = -0.8000 GMsun/r^2
Working on grid point 858: r = 1.2100 AU, v = -20.7775 km/sec, dv/dt = -0.0000 GMsun/r^2
367 input pairs/tracklets led to 182 physically reasonable state vectors
Identified 0 candidate linkages
Working on grid point 859: r = 1.2100 AU, v = -20.7775 km/sec, dv/dt = -0.4000 GMsun/r^2
367 input pairs/tracklets led to 181 physically reasonable state vectors
Identified 0 candidate linkages
Working on grid point 860: r = 1.2100 AU, v = -20.7775 km/sec, dv/dt = -0.8000 GMsun/r^2
Working on grid point 861: r = 1.2100 AU, v = -17.3146 km/sec, dv/dt = -0.0000 GMsun/r^2
367 input pairs/tracklets led to 198 physically reasonable state vectors
Identified 0 candidate linkages
Working on grid point 862: r = 1.2100 AU, v = -17.3146 km/sec, dv/dt = -0.4000 GMsun/r^2
367 input pairs/tracklets led to 194 physically reasonable state vectors
Identified 0 candidate linkages
Working on grid point 863: r = 1.2100 AU, v = -17.3146 km/sec, dv/dt = -0.8000 GMsun/r^2
367 input pairs/tracklets led to 195 physically reasonable state vectors
Identified 0 candidate linkages
Working on grid point 864: r = 1.2100 AU, v = -13.8517 km/sec, dv/dt = 0.4000 GMsun/r^2
367 input pairs/tracklets led to 202 physically reasonable state vectors
Identified 0 candidate linkages
Working on grid point 865: r = 1.2100 AU, v = -13.8517 km/sec, dv/dt = -0.0000 GMsun/r^2
367 input pairs/tracklets led to 203 physically reasonable state vectors
Identified 0 candidate linkages
Working on grid point 866: r = 1.2100 AU, v = -13.8517 km/sec, dv/dt = -0.4000 GMsun/r^2
367 input pairs/tracklets led to 207 physically reasonable state vectors
Identified 0 candidate linkages
Working on grid point 867: r = 1.2100 AU, v = -10.3887 km/sec, dv/dt = 0.4000 GMsun/r^2
367 input pairs/tracklets led to 237 physically reasonable state vectors
Identified 0 candidate linkages
Working on grid point 868: r = 1.2100 AU, v = -10.3887 km/sec, dv/dt = -0.0000 GMsun/r^2
367 input pairs/tracklets led to 214 physically reasonable state vectors
Identified 0 candidate linkages
Working on grid point 869: r = 1.2100 AU, v = -10.3887 km/sec, dv/dt = -0.4000 GMsun/r^2
367 input pairs/tracklets led to 214 physically reasonable state vectors
Identified 0 candidate linkages
Working on grid point 870: r = 1.2100 AU, v = -6.9258 km/sec, dv/dt = 0.4000 GMsun/r^2
367 input pairs/tracklets led to 255 physically reasonable state vectors
Identified 0 candidate linkages
Working on grid point 871: r = 1.2100 AU, v = -6.9258 km/sec, dv/dt = -0.0000 GMsun/r^2
367 input pairs/tracklets led to 250 physically reasonable state vectors
Identified 0 candidate linkages
Working on grid point 872: r = 1.2100 AU, v = -6.9258 km/sec, dv/dt = -0.4000 GMsun/r^2
367 input pairs/tracklets led to 236 physically reasonable state vectors
Identified 0 candidate linkages
Working on grid point 873: r = 1.2100 AU, v = -3.4629 km/sec, dv/dt = 0.4000 GMsun/r^2
367 input pairs/tracklets led to 239 physically reasonable state vectors
Identified 0 candidate linkages
Working on grid point 874: r = 1.2100 AU, v = -3.4629 km/sec, dv/dt = -0.0000 GMsun/r^2
367 input pairs/tracklets led to 250 physically reasonable state vectors
Identified 0 candidate linkages
Working on grid point 875: r = 1.2100 AU, v = -3.4629 km/sec, dv/dt = -0.4000 GMsun/r^2
367 input pairs/tracklets led to 243 physically reasonable state vectors
Identified 0 candidate linkages
Working on grid point 876: r = 1.2100 AU, v = 0.0000 km/sec, dv/dt = 0.4000 GMsun/r^2
367 input pairs/tracklets led to 214 physically reasonable state vectors
Identified 0 candidate linkages
Working on grid point 877: r = 1.2100 AU, v = 0.0000 km/sec, dv/dt = -0.0000 GMsun/r^2
367 input pairs/tracklets led to 231 physically reasonable state vectors
Identified 0 candidate linkages
Working on grid point 878: r = 1.2100 AU, v = 0.0000 km/sec, dv/dt = -0.4000 GMsun/r^2
367 input pairs/tracklets led to 242 physically reasonable state vectors
Identified 0 candidate linkages
Working on grid point 879: r = 1.2100 AU, v = 3.4629 km/sec, dv/dt = 0.4000 GMsun/r^2
367 input pairs/tracklets led to 185 physically reasonable state vectors
Identified 0 candidate linkages
Working on grid point 880: r = 1.2100 AU, v = 3.4629 km/sec, dv/dt = -0.0000 GMsun/r^2
367 input pairs/tracklets led to 199 physically reasonable state vectors
Identified 0 candidate linkages
Working on grid point 881: r = 1.2100 AU, v = 3.4629 km/sec, dv/dt = -0.4000 GMsun/r^2
367 input pairs/tracklets led to 202 physically reasonable state vectors
Identified 0 candidate linkages
Working on grid point 882: r = 1.2100 AU, v = 6.9258 km/sec, dv/dt = 0.4000 GMsun/r^2
367 input pairs/tracklets led to 162 physically reasonable state vectors
Identified 0 candidate linkages
Working on grid point 883: r = 1.2100 AU, v = 6.9258 km/sec, dv/dt = -0.0000 GMsun/r^2
367 input pairs/tracklets led to 165 physically reasonable state vectors
Identified 0 candidate linkages
Working on grid point 884: r = 1.2100 AU, v = 6.9258 km/sec, dv/dt = -0.4000 GMsun/r^2
367 input pairs/tracklets led to 171 physically reasonable state vectors
Identified 0 candidate linkages
Working on grid point 885: r = 1.2100 AU, v = 10.3887 km/sec, dv/dt = 0.4000 GMsun/r^2
367 input pairs/tracklets led to 149 physically reasonable state vectors
Identified 0 candidate linkages
Working on grid point 886: r = 1.2100 AU, v = 10.3887 km/sec, dv/dt = -0.0000 GMsun/r^2
367 input pairs/tracklets led to 146 physically reasonable state vectors
Identified 0 candidate linkages
Working on grid point 887: r = 1.2100 AU, v = 10.3887 km/sec, dv/dt = -0.4000 GMsun/r^2
367 input pairs/tracklets led to 151 physically reasonable state vectors
Identified 0 candidate linkages
Working on grid point 888: r = 1.2100 AU, v = 13.8517 km/sec, dv/dt = 0.4000 GMsun/r^2
367 input pairs/tracklets led to 132 physically reasonable state vectors
Identified 0 candidate linkages
Working on grid point 889: r = 1.2100 AU, v = 13.8517 km/sec, dv/dt = -0.0000 GMsun/r^2
367 input pairs/tracklets led to 136 physically reasonable state vectors
Identified 0 candidate linkages
Working on grid point 890: r = 1.2100 AU, v = 13.8517 km/sec, dv/dt = -0.4000 GMsun/r^2
367 input pairs/tracklets led to 139 physically reasonable state vectors
Identified 0 candidate linkages
Working on grid point 891: r = 1.2100 AU, v = 17.3146 km/sec, dv/dt = -0.0000 GMsun/r^2
367 input pairs/tracklets led to 111 physically reasonable state vectors
Identified 0 candidate linkages
Working on grid point 892: r = 1.2100 AU, v = 17.3146 km/sec, dv/dt = -0.4000 GMsun/r^2
367 input pairs/tracklets led to 112 physically reasonable state vectors
Identified 0 candidate linkages
Working on grid point 893: r = 1.2100 AU, v = 17.3146 km/sec, dv/dt = -0.8000 GMsun/r^2
367 input pairs/tracklets led to 115 physically reasonable state vectors
Identified 0 candidate linkages
Working on grid point 894: r = 1.2100 AU, v = 20.7775 km/sec, dv/dt = -0.0000 GMsun/r^2
367 input pairs/tracklets led to 94 physically reasonable state vectors
Identified 0 candidate linkages
Working on grid point 895: r = 1.2100 AU, v = 20.7775 km/sec, dv/dt = -0.4000 GMsun/r^2
367 input pairs/tracklets led to 95 physically reasonable state vectors
Identified 0 candidate linkages
Working on grid point 896: r = 1.2100 AU, v = 20.7775 km/sec, dv/dt = -0.8000 GMsun/r^2
Working on grid point 897: r = 1.2100 AU, v = 24.2404 km/sec, dv/dt = -0.0000 GMsun/r^2
367 input pairs/tracklets led to 74 physically reasonable state vectors
Identified 0 candidate linkages
Working on grid point 898: r = 1.2100 AU, v = 24.2404 km/sec, dv/dt = -0.4000 GMsun/r^2
Working on grid point 899: r = 1.2100 AU, v = 24.2404 km/sec, dv/dt = -0.8000 GMsun/r^2
Working on grid point 900: r = 1.2100 AU, v = 27.7033 km/sec, dv/dt = -0.4000 GMsun/r^2
Working on grid point 901: r = 1.2100 AU, v = 27.7033 km/sec, dv/dt = -0.8000 GMsun/r^2
Working on grid point 902: r = 1.2100 AU, v = 31.1662 km/sec, dv/dt = -0.8000 GMsun/r^2
Working on grid point 903: r = 1.2200 AU, v = -31.1662 km/sec, dv/dt = -0.8000 GMsun/r^2
Working on grid point 904: r = 1.2200 AU, v = -27.7033 km/sec, dv/dt = -0.4000 GMsun/r^2
Working on grid point 905: r = 1.2200 AU, v = -27.7033 km/sec, dv/dt = -0.8000 GMsun/r^2
Working on grid point 906: r = 1.2200 AU, v = -24.2404 km/sec, dv/dt = -0.0000 GMsun/r^2
367 input pairs/tracklets led to 163 physically reasonable state vectors
Identified 0 candidate linkages
Working on grid point 907: r = 1.2200 AU, v = -24.2404 km/sec, dv/dt = -0.4000 GMsun/r^2
Working on grid point 908: r = 1.2200 AU, v = -24.2404 km/sec, dv/dt = -0.8000 GMsun/r^2
Working on grid point 909: r = 1.2200 AU, v = -20.7775 km/sec, dv/dt = -0.0000 GMsun/r^2
367 input pairs/tracklets led to 175 physically reasonable state vectors
Identified 0 candidate linkages
Working on grid point 910: r = 1.2200 AU, v = -20.7775 km/sec, dv/dt = -0.4000 GMsun/r^2
367 input pairs/tracklets led to 176 physically reasonable state vectors
Identified 0 candidate linkages
Working on grid point 911: r = 1.2200 AU, v = -20.7775 km/sec, dv/dt = -0.8000 GMsun/r^2
Working on grid point 912: r = 1.2200 AU, v = -17.3146 km/sec, dv/dt = -0.0000 GMsun/r^2
367 input pairs/tracklets led to 193 physically reasonable state vectors
Identified 0 candidate linkages
Working on grid point 913: r = 1.2200 AU, v = -17.3146 km/sec, dv/dt = -0.4000 GMsun/r^2
367 input pairs/tracklets led to 194 physically reasonable state vectors
Identified 0 candidate linkages
Working on grid point 914: r = 1.2200 AU, v = -17.3146 km/sec, dv/dt = -0.8000 GMsun/r^2
367 input pairs/tracklets led to 191 physically reasonable state vectors
Identified 0 candidate linkages
Working on grid point 915: r = 1.2200 AU, v = -13.8517 km/sec, dv/dt = 0.4000 GMsun/r^2
367 input pairs/tracklets led to 199 physically reasonable state vectors
Identified 0 candidate linkages
Working on grid point 916: r = 1.2200 AU, v = -13.8517 km/sec, dv/dt = -0.0000 GMsun/r^2
367 input pairs/tracklets led to 198 physically reasonable state vectors
Identified 0 candidate linkages
Working on grid point 917: r = 1.2200 AU, v = -13.8517 km/sec, dv/dt = -0.4000 GMsun/r^2
367 input pairs/tracklets led to 199 physically reasonable state vectors
Identified 0 candidate linkages
Working on grid point 918: r = 1.2200 AU, v = -10.3887 km/sec, dv/dt = 0.4000 GMsun/r^2
367 input pairs/tracklets led to 232 physically reasonable state vectors
Identified 0 candidate linkages
Working on grid point 919: r = 1.2200 AU, v = -10.3887 km/sec, dv/dt = -0.0000 GMsun/r^2
367 input pairs/tracklets led to 213 physically reasonable state vectors
Identified 0 candidate linkages
Working on grid point 920: r = 1.2200 AU, v = -10.3887 km/sec, dv/dt = -0.4000 GMsun/r^2
367 input pairs/tracklets led to 208 physically reasonable state vectors
Identified 0 candidate linkages
Working on grid point 921: r = 1.2200 AU, v = -6.9258 km/sec, dv/dt = 0.4000 GMsun/r^2
367 input pairs/tracklets led to 248 physically reasonable state vectors
Identified 0 candidate linkages
Working on grid point 922: r = 1.2200 AU, v = -6.9258 km/sec, dv/dt = -0.0000 GMsun/r^2
367 input pairs/tracklets led to 241 physically reasonable state vectors
Identified 0 candidate linkages
Working on grid point 923: r = 1.2200 AU, v = -6.9258 km/sec, dv/dt = -0.4000 GMsun/r^2
367 input pairs/tracklets led to 234 physically reasonable state vectors
Identified 0 candidate linkages
Working on grid point 924: r = 1.2200 AU, v = -3.4629 km/sec, dv/dt = 0.4000 GMsun/r^2
367 input pairs/tracklets led to 228 physically reasonable state vectors
Identified 0 candidate linkages
Working on grid point 925: r = 1.2200 AU, v = -3.4629 km/sec, dv/dt = -0.0000 GMsun/r^2
367 input pairs/tracklets led to 238 physically reasonable state vectors
Identified 0 candidate linkages
Working on grid point 926: r = 1.2200 AU, v = -3.4629 km/sec, dv/dt = -0.4000 GMsun/r^2
367 input pairs/tracklets led to 232 physically reasonable state vectors
Identified 0 candidate linkages
Working on grid point 927: r = 1.2200 AU, v = 0.0000 km/sec, dv/dt = 0.4000 GMsun/r^2
367 input pairs/tracklets led to 207 physically reasonable state vectors
Identified 0 candidate linkages
Working on grid point 928: r = 1.2200 AU, v = 0.0000 km/sec, dv/dt = -0.0000 GMsun/r^2
367 input pairs/tracklets led to 222 physically reasonable state vectors
Identified 0 candidate linkages
Working on grid point 929: r = 1.2200 AU, v = 0.0000 km/sec, dv/dt = -0.4000 GMsun/r^2
367 input pairs/tracklets led to 226 physically reasonable state vectors
Identified 0 candidate linkages
Working on grid point 930: r = 1.2200 AU, v = 3.4629 km/sec, dv/dt = 0.4000 GMsun/r^2
367 input pairs/tracklets led to 178 physically reasonable state vectors
Identified 0 candidate linkages
Working on grid point 931: r = 1.2200 AU, v = 3.4629 km/sec, dv/dt = -0.0000 GMsun/r^2
367 input pairs/tracklets led to 190 physically reasonable state vectors
Identified 0 candidate linkages
Working on grid point 932: r = 1.2200 AU, v = 3.4629 km/sec, dv/dt = -0.4000 GMsun/r^2
367 input pairs/tracklets led to 199 physically reasonable state vectors
Identified 0 candidate linkages
Working on grid point 933: r = 1.2200 AU, v = 6.9258 km/sec, dv/dt = 0.4000 GMsun/r^2
367 input pairs/tracklets led to 158 physically reasonable state vectors
Identified 0 candidate linkages
Working on grid point 934: r = 1.2200 AU, v = 6.9258 km/sec, dv/dt = -0.0000 GMsun/r^2
367 input pairs/tracklets led to 158 physically reasonable state vectors
Identified 0 candidate linkages
Working on grid point 935: r = 1.2200 AU, v = 6.9258 km/sec, dv/dt = -0.4000 GMsun/r^2
367 input pairs/tracklets led to 167 physically reasonable state vectors
Identified 0 candidate linkages
Working on grid point 936: r = 1.2200 AU, v = 10.3887 km/sec, dv/dt = 0.4000 GMsun/r^2
367 input pairs/tracklets led to 142 physically reasonable state vectors
Identified 0 candidate linkages
Working on grid point 937: r = 1.2200 AU, v = 10.3887 km/sec, dv/dt = -0.0000 GMsun/r^2
367 input pairs/tracklets led to 138 physically reasonable state vectors
Identified 0 candidate linkages
Working on grid point 938: r = 1.2200 AU, v = 10.3887 km/sec, dv/dt = -0.4000 GMsun/r^2
367 input pairs/tracklets led to 143 physically reasonable state vectors
Identified 0 candidate linkages
Working on grid point 939: r = 1.2200 AU, v = 13.8517 km/sec, dv/dt = 0.4000 GMsun/r^2
367 input pairs/tracklets led to 127 physically reasonable state vectors
Identified 0 candidate linkages
Working on grid point 940: r = 1.2200 AU, v = 13.8517 km/sec, dv/dt = -0.0000 GMsun/r^2
367 input pairs/tracklets led to 132 physically reasonable state vectors
Identified 0 candidate linkages
Working on grid point 941: r = 1.2200 AU, v = 13.8517 km/sec, dv/dt = -0.4000 GMsun/r^2
367 input pairs/tracklets led to 130 physically reasonable state vectors
Identified 0 candidate linkages
Working on grid point 942: r = 1.2200 AU, v = 17.3146 km/sec, dv/dt = -0.0000 GMsun/r^2
367 input pairs/tracklets led to 117 physically reasonable state vectors
Identified 0 candidate linkages
Working on grid point 943: r = 1.2200 AU, v = 17.3146 km/sec, dv/dt = -0.4000 GMsun/r^2
367 input pairs/tracklets led to 113 physically reasonable state vectors
Identified 0 candidate linkages
Working on grid point 944: r = 1.2200 AU, v = 17.3146 km/sec, dv/dt = -0.8000 GMsun/r^2
367 input pairs/tracklets led to 113 physically reasonable state vectors
Identified 0 candidate linkages
Working on grid point 945: r = 1.2200 AU, v = 20.7775 km/sec, dv/dt = -0.0000 GMsun/r^2
367 input pairs/tracklets led to 92 physically reasonable state vectors
Identified 0 candidate linkages
Working on grid point 946: r = 1.2200 AU, v = 20.7775 km/sec, dv/dt = -0.4000 GMsun/r^2
367 input pairs/tracklets led to 94 physically reasonable state vectors
Identified 0 candidate linkages
Working on grid point 947: r = 1.2200 AU, v = 20.7775 km/sec, dv/dt = -0.8000 GMsun/r^2
Working on grid point 948: r = 1.2200 AU, v = 24.2404 km/sec, dv/dt = -0.0000 GMsun/r^2
367 input pairs/tracklets led to 73 physically reasonable state vectors
Identified 0 candidate linkages
Working on grid point 949: r = 1.2200 AU, v = 24.2404 km/sec, dv/dt = -0.4000 GMsun/r^2
367 input pairs/tracklets led to 80 physically reasonable state vectors
Identified 0 candidate linkages
Working on grid point 950: r = 1.2200 AU, v = 24.2404 km/sec, dv/dt = -0.8000 GMsun/r^2
Working on grid point 951: r = 1.2200 AU, v = 27.7033 km/sec, dv/dt = -0.4000 GMsun/r^2
Working on grid point 952: r = 1.2200 AU, v = 27.7033 km/sec, dv/dt = -0.8000 GMsun/r^2
Working on grid point 953: r = 1.2200 AU, v = 31.1662 km/sec, dv/dt = -0.8000 GMsun/r^2
Working on grid point 954: r = 1.2300 AU, v = -31.1662 km/sec, dv/dt = -0.8000 GMsun/r^2
Working on grid point 955: r = 1.2300 AU, v = -27.7033 km/sec, dv/dt = -0.4000 GMsun/r^2
Working on grid point 956: r = 1.2300 AU, v = -27.7033 km/sec, dv/dt = -0.8000 GMsun/r^2
Working on grid point 957: r = 1.2300 AU, v = -24.2404 km/sec, dv/dt = -0.0000 GMsun/r^2
367 input pairs/tracklets led to 158 physically reasonable state vectors
Identified 0 candidate linkages
Working on grid point 958: r = 1.2300 AU, v = -24.2404 km/sec, dv/dt = -0.4000 GMsun/r^2
Working on grid point 959: r = 1.2300 AU, v = -24.2404 km/sec, dv/dt = -0.8000 GMsun/r^2
Working on grid point 960: r = 1.2300 AU, v = -20.7775 km/sec, dv/dt = -0.0000 GMsun/r^2
367 input pairs/tracklets led to 171 physically reasonable state vectors
Identified 0 candidate linkages
Working on grid point 961: r = 1.2300 AU, v = -20.7775 km/sec, dv/dt = -0.4000 GMsun/r^2
367 input pairs/tracklets led to 171 physically reasonable state vectors
Identified 0 candidate linkages
Working on grid point 962: r = 1.2300 AU, v = -20.7775 km/sec, dv/dt = -0.8000 GMsun/r^2
Working on grid point 963: r = 1.2300 AU, v = -17.3146 km/sec, dv/dt = -0.0000 GMsun/r^2
367 input pairs/tracklets led to 190 physically reasonable state vectors
Identified 0 candidate linkages
Working on grid point 964: r = 1.2300 AU, v = -17.3146 km/sec, dv/dt = -0.4000 GMsun/r^2
367 input pairs/tracklets led to 192 physically reasonable state vectors
Identified 0 candidate linkages
Working on grid point 965: r = 1.2300 AU, v = -17.3146 km/sec, dv/dt = -0.8000 GMsun/r^2
367 input pairs/tracklets led to 193 physically reasonable state vectors
Identified 0 candidate linkages
Working on grid point 966: r = 1.2300 AU, v = -13.8517 km/sec, dv/dt = 0.4000 GMsun/r^2
367 input pairs/tracklets led to 200 physically reasonable state vectors
Identified 0 candidate linkages
Working on grid point 967: r = 1.2300 AU, v = -13.8517 km/sec, dv/dt = -0.0000 GMsun/r^2
367 input pairs/tracklets led to 194 physically reasonable state vectors
Identified 0 candidate linkages
Working on grid point 968: r = 1.2300 AU, v = -13.8517 km/sec, dv/dt = -0.4000 GMsun/r^2
367 input pairs/tracklets led to 197 physically reasonable state vectors
Identified 0 candidate linkages
Working on grid point 969: r = 1.2300 AU, v = -10.3887 km/sec, dv/dt = 0.4000 GMsun/r^2
367 input pairs/tracklets led to 224 physically reasonable state vectors
Identified 0 candidate linkages
Working on grid point 970: r = 1.2300 AU, v = -10.3887 km/sec, dv/dt = -0.0000 GMsun/r^2
367 input pairs/tracklets led to 211 physically reasonable state vectors
Identified 0 candidate linkages
Working on grid point 971: r = 1.2300 AU, v = -10.3887 km/sec, dv/dt = -0.4000 GMsun/r^2
367 input pairs/tracklets led to 205 physically reasonable state vectors
Identified 0 candidate linkages
Working on grid point 972: r = 1.2300 AU, v = -6.9258 km/sec, dv/dt = 0.4000 GMsun/r^2
367 input pairs/tracklets led to 239 physically reasonable state vectors
Identified 1 candidate linkages
Working on grid point 973: r = 1.2300 AU, v = -6.9258 km/sec, dv/dt = -0.0000 GMsun/r^2
367 input pairs/tracklets led to 235 physically reasonable state vectors
Identified 0 candidate linkages
Working on grid point 974: r = 1.2300 AU, v = -6.9258 km/sec, dv/dt = -0.4000 GMsun/r^2
367 input pairs/tracklets led to 228 physically reasonable state vectors
Identified 0 candidate linkages
Working on grid point 975: r = 1.2300 AU, v = -3.4629 km/sec, dv/dt = 0.4000 GMsun/r^2
367 input pairs/tracklets led to 221 physically reasonable state vectors
Identified 0 candidate linkages
Working on grid point 976: r = 1.2300 AU, v = -3.4629 km/sec, dv/dt = -0.0000 GMsun/r^2
367 input pairs/tracklets led to 234 physically reasonable state vectors
Identified 0 candidate linkages
Working on grid point 977: r = 1.2300 AU, v = -3.4629 km/sec, dv/dt = -0.4000 GMsun/r^2
367 input pairs/tracklets led to 226 physically reasonable state vectors
Identified 0 candidate linkages
Working on grid point 978: r = 1.2300 AU, v = 0.0000 km/sec, dv/dt = 0.4000 GMsun/r^2
367 input pairs/tracklets led to 196 physically reasonable state vectors
Identified 0 candidate linkages
Working on grid point 979: r = 1.2300 AU, v = 0.0000 km/sec, dv/dt = -0.0000 GMsun/r^2
367 input pairs/tracklets led to 211 physically reasonable state vectors
Identified 0 candidate linkages
Working on grid point 980: r = 1.2300 AU, v = 0.0000 km/sec, dv/dt = -0.4000 GMsun/r^2
367 input pairs/tracklets led to 215 physically reasonable state vectors
Identified 0 candidate linkages
Working on grid point 981: r = 1.2300 AU, v = 3.4629 km/sec, dv/dt = 0.4000 GMsun/r^2
367 input pairs/tracklets led to 172 physically reasonable state vectors
Identified 0 candidate linkages
Working on grid point 982: r = 1.2300 AU, v = 3.4629 km/sec, dv/dt = -0.0000 GMsun/r^2
367 input pairs/tracklets led to 182 physically reasonable state vectors
Identified 0 candidate linkages
Working on grid point 983: r = 1.2300 AU, v = 3.4629 km/sec, dv/dt = -0.4000 GMsun/r^2
367 input pairs/tracklets led to 188 physically reasonable state vectors
Identified 0 candidate linkages
Working on grid point 984: r = 1.2300 AU, v = 6.9258 km/sec, dv/dt = 0.4000 GMsun/r^2
367 input pairs/tracklets led to 155 physically reasonable state vectors
Identified 0 candidate linkages
Working on grid point 985: r = 1.2300 AU, v = 6.9258 km/sec, dv/dt = -0.0000 GMsun/r^2
367 input pairs/tracklets led to 156 physically reasonable state vectors
Identified 0 candidate linkages
Working on grid point 986: r = 1.2300 AU, v = 6.9258 km/sec, dv/dt = -0.4000 GMsun/r^2
367 input pairs/tracklets led to 162 physically reasonable state vectors
Identified 0 candidate linkages
Working on grid point 987: r = 1.2300 AU, v = 10.3887 km/sec, dv/dt = 0.4000 GMsun/r^2
367 input pairs/tracklets led to 137 physically reasonable state vectors
Identified 0 candidate linkages
Working on grid point 988: r = 1.2300 AU, v = 10.3887 km/sec, dv/dt = -0.0000 GMsun/r^2
367 input pairs/tracklets led to 133 physically reasonable state vectors
Identified 0 candidate linkages
Working on grid point 989: r = 1.2300 AU, v = 10.3887 km/sec, dv/dt = -0.4000 GMsun/r^2
367 input pairs/tracklets led to 140 physically reasonable state vectors
Identified 0 candidate linkages
Working on grid point 990: r = 1.2300 AU, v = 13.8517 km/sec, dv/dt = 0.4000 GMsun/r^2
367 input pairs/tracklets led to 123 physically reasonable state vectors
Identified 0 candidate linkages
Working on grid point 991: r = 1.2300 AU, v = 13.8517 km/sec, dv/dt = -0.0000 GMsun/r^2
367 input pairs/tracklets led to 128 physically reasonable state vectors
Identified 0 candidate linkages
Working on grid point 992: r = 1.2300 AU, v = 13.8517 km/sec, dv/dt = -0.4000 GMsun/r^2
367 input pairs/tracklets led to 127 physically reasonable state vectors
Identified 0 candidate linkages
Working on grid point 993: r = 1.2300 AU, v = 17.3146 km/sec, dv/dt = -0.0000 GMsun/r^2
367 input pairs/tracklets led to 114 physically reasonable state vectors
Identified 0 candidate linkages
Working on grid point 994: r = 1.2300 AU, v = 17.3146 km/sec, dv/dt = -0.4000 GMsun/r^2
367 input pairs/tracklets led to 117 physically reasonable state vectors
Identified 0 candidate linkages
Working on grid point 995: r = 1.2300 AU, v = 17.3146 km/sec, dv/dt = -0.8000 GMsun/r^2
367 input pairs/tracklets led to 110 physically reasonable state vectors
Identified 0 candidate linkages
Working on grid point 996: r = 1.2300 AU, v = 20.7775 km/sec, dv/dt = -0.0000 GMsun/r^2
367 input pairs/tracklets led to 89 physically reasonable state vectors
Identified 0 candidate linkages
Working on grid point 997: r = 1.2300 AU, v = 20.7775 km/sec, dv/dt = -0.4000 GMsun/r^2
367 input pairs/tracklets led to 92 physically reasonable state vectors
Identified 0 candidate linkages
Working on grid point 998: r = 1.2300 AU, v = 20.7775 km/sec, dv/dt = -0.8000 GMsun/r^2
Working on grid point 999: r = 1.2300 AU, v = 24.2404 km/sec, dv/dt = -0.0000 GMsun/r^2
367 input pairs/tracklets led to 73 physically reasonable state vectors
Identified 0 candidate linkages
Working on grid point 1000: r = 1.2300 AU, v = 24.2404 km/sec, dv/dt = -0.4000 GMsun/r^2
367 input pairs/tracklets led to 79 physically reasonable state vectors
Identified 0 candidate linkages
Working on grid point 1001: r = 1.2300 AU, v = 24.2404 km/sec, dv/dt = -0.8000 GMsun/r^2
Working on grid point 1002: r = 1.2300 AU, v = 27.7033 km/sec, dv/dt = -0.4000 GMsun/r^2
Working on grid point 1003: r = 1.2300 AU, v = 27.7033 km/sec, dv/dt = -0.8000 GMsun/r^2
Working on grid point 1004: r = 1.2300 AU, v = 31.1662 km/sec, dv/dt = -0.8000 GMsun/r^2
Working on grid point 1005: r = 1.2400 AU, v = -31.1662 km/sec, dv/dt = -0.8000 GMsun/r^2
Working on grid point 1006: r = 1.2400 AU, v = -27.7033 km/sec, dv/dt = -0.4000 GMsun/r^2
Working on grid point 1007: r = 1.2400 AU, v = -27.7033 km/sec, dv/dt = -0.8000 GMsun/r^2
Working on grid point 1008: r = 1.2400 AU, v = -24.2404 km/sec, dv/dt = -0.4000 GMsun/r^2
367 input pairs/tracklets led to 158 physically reasonable state vectors
Identified 0 candidate linkages
Working on grid point 1009: r = 1.2400 AU, v = -24.2404 km/sec, dv/dt = -0.8000 GMsun/r^2
Working on grid point 1010: r = 1.2400 AU, v = -20.7775 km/sec, dv/dt = -0.0000 GMsun/r^2
367 input pairs/tracklets led to 175 physically reasonable state vectors
Identified 0 candidate linkages
Working on grid point 1011: r = 1.2400 AU, v = -20.7775 km/sec, dv/dt = -0.4000 GMsun/r^2
367 input pairs/tracklets led to 170 physically reasonable state vectors
Identified 0 candidate linkages
Working on grid point 1012: r = 1.2400 AU, v = -20.7775 km/sec, dv/dt = -0.8000 GMsun/r^2
Working on grid point 1013: r = 1.2400 AU, v = -17.3146 km/sec, dv/dt = -0.0000 GMsun/r^2
367 input pairs/tracklets led to 184 physically reasonable state vectors
Identified 0 candidate linkages
Working on grid point 1014: r = 1.2400 AU, v = -17.3146 km/sec, dv/dt = -0.4000 GMsun/r^2
367 input pairs/tracklets led to 184 physically reasonable state vectors
Identified 0 candidate linkages
Working on grid point 1015: r = 1.2400 AU, v = -17.3146 km/sec, dv/dt = -0.8000 GMsun/r^2
367 input pairs/tracklets led to 188 physically reasonable state vectors
Identified 0 candidate linkages
Working on grid point 1016: r = 1.2400 AU, v = -13.8517 km/sec, dv/dt = 0.4000 GMsun/r^2
367 input pairs/tracklets led to 199 physically reasonable state vectors
Identified 0 candidate linkages
Working on grid point 1017: r = 1.2400 AU, v = -13.8517 km/sec, dv/dt = -0.0000 GMsun/r^2
367 input pairs/tracklets led to 192 physically reasonable state vectors
Identified 0 candidate linkages
Working on grid point 1018: r = 1.2400 AU, v = -13.8517 km/sec, dv/dt = -0.4000 GMsun/r^2
367 input pairs/tracklets led to 190 physically reasonable state vectors
Identified 0 candidate linkages
Working on grid point 1019: r = 1.2400 AU, v = -10.3887 km/sec, dv/dt = 0.4000 GMsun/r^2
367 input pairs/tracklets led to 222 physically reasonable state vectors
Identified 0 candidate linkages
Working on grid point 1020: r = 1.2400 AU, v = -10.3887 km/sec, dv/dt = -0.0000 GMsun/r^2
367 input pairs/tracklets led to 208 physically reasonable state vectors
Identified 0 candidate linkages
Working on grid point 1021: r = 1.2400 AU, v = -10.3887 km/sec, dv/dt = -0.4000 GMsun/r^2
367 input pairs/tracklets led to 200 physically reasonable state vectors
Identified 0 candidate linkages
Working on grid point 1022: r = 1.2400 AU, v = -6.9258 km/sec, dv/dt = 0.4000 GMsun/r^2
367 input pairs/tracklets led to 229 physically reasonable state vectors
Identified 0 candidate linkages
Working on grid point 1023: r = 1.2400 AU, v = -6.9258 km/sec, dv/dt = -0.0000 GMsun/r^2
367 input pairs/tracklets led to 225 physically reasonable state vectors
Identified 0 candidate linkages
Working on grid point 1024: r = 1.2400 AU, v = -6.9258 km/sec, dv/dt = -0.4000 GMsun/r^2
367 input pairs/tracklets led to 222 physically reasonable state vectors
Identified 0 candidate linkages
Working on grid point 1025: r = 1.2400 AU, v = -3.4629 km/sec, dv/dt = 0.4000 GMsun/r^2
367 input pairs/tracklets led to 213 physically reasonable state vectors
Identified 0 candidate linkages
Working on grid point 1026: r = 1.2400 AU, v = -3.4629 km/sec, dv/dt = -0.0000 GMsun/r^2
367 input pairs/tracklets led to 228 physically reasonable state vectors
Identified 0 candidate linkages
Working on grid point 1027: r = 1.2400 AU, v = -3.4629 km/sec, dv/dt = -0.4000 GMsun/r^2
367 input pairs/tracklets led to 219 physically reasonable state vectors
Identified 0 candidate linkages
Working on grid point 1028: r = 1.2400 AU, v = 0.0000 km/sec, dv/dt = 0.4000 GMsun/r^2
367 input pairs/tracklets led to 188 physically reasonable state vectors
Identified 0 candidate linkages
Working on grid point 1029: r = 1.2400 AU, v = 0.0000 km/sec, dv/dt = -0.0000 GMsun/r^2
367 input pairs/tracklets led to 201 physically reasonable state vectors
Identified 0 candidate linkages
Working on grid point 1030: r = 1.2400 AU, v = 0.0000 km/sec, dv/dt = -0.4000 GMsun/r^2
367 input pairs/tracklets led to 207 physically reasonable state vectors
Identified 0 candidate linkages
Working on grid point 1031: r = 1.2400 AU, v = 3.4629 km/sec, dv/dt = 0.4000 GMsun/r^2
367 input pairs/tracklets led to 168 physically reasonable state vectors
Identified 0 candidate linkages
Working on grid point 1032: r = 1.2400 AU, v = 3.4629 km/sec, dv/dt = -0.0000 GMsun/r^2
367 input pairs/tracklets led to 176 physically reasonable state vectors
Identified 0 candidate linkages
Working on grid point 1033: r = 1.2400 AU, v = 3.4629 km/sec, dv/dt = -0.4000 GMsun/r^2
367 input pairs/tracklets led to 179 physically reasonable state vectors
Identified 0 candidate linkages
Working on grid point 1034: r = 1.2400 AU, v = 6.9258 km/sec, dv/dt = 0.4000 GMsun/r^2
367 input pairs/tracklets led to 151 physically reasonable state vectors
Identified 0 candidate linkages
Working on grid point 1035: r = 1.2400 AU, v = 6.9258 km/sec, dv/dt = -0.0000 GMsun/r^2
367 input pairs/tracklets led to 152 physically reasonable state vectors
Identified 0 candidate linkages
Working on grid point 1036: r = 1.2400 AU, v = 6.9258 km/sec, dv/dt = -0.4000 GMsun/r^2
367 input pairs/tracklets led to 155 physically reasonable state vectors
Identified 0 candidate linkages
Working on grid point 1037: r = 1.2400 AU, v = 10.3887 km/sec, dv/dt = 0.4000 GMsun/r^2
367 input pairs/tracklets led to 142 physically reasonable state vectors
Identified 0 candidate linkages
Working on grid point 1038: r = 1.2400 AU, v = 10.3887 km/sec, dv/dt = -0.0000 GMsun/r^2
367 input pairs/tracklets led to 131 physically reasonable state vectors
Identified 0 candidate linkages
Working on grid point 1039: r = 1.2400 AU, v = 10.3887 km/sec, dv/dt = -0.4000 GMsun/r^2
367 input pairs/tracklets led to 136 physically reasonable state vectors
Identified 0 candidate linkages
Working on grid point 1040: r = 1.2400 AU, v = 13.8517 km/sec, dv/dt = 0.4000 GMsun/r^2
367 input pairs/tracklets led to 123 physically reasonable state vectors
Identified 0 candidate linkages
Working on grid point 1041: r = 1.2400 AU, v = 13.8517 km/sec, dv/dt = -0.0000 GMsun/r^2
367 input pairs/tracklets led to 128 physically reasonable state vectors
Identified 0 candidate linkages
Working on grid point 1042: r = 1.2400 AU, v = 13.8517 km/sec, dv/dt = -0.4000 GMsun/r^2
367 input pairs/tracklets led to 128 physically reasonable state vectors
Identified 0 candidate linkages
Working on grid point 1043: r = 1.2400 AU, v = 17.3146 km/sec, dv/dt = -0.0000 GMsun/r^2
367 input pairs/tracklets led to 113 physically reasonable state vectors
Identified 0 candidate linkages
Working on grid point 1044: r = 1.2400 AU, v = 17.3146 km/sec, dv/dt = -0.4000 GMsun/r^2
367 input pairs/tracklets led to 117 physically reasonable state vectors
Identified 0 candidate linkages
Working on grid point 1045: r = 1.2400 AU, v = 17.3146 km/sec, dv/dt = -0.8000 GMsun/r^2
367 input pairs/tracklets led to 112 physically reasonable state vectors
Identified 0 candidate linkages
Working on grid point 1046: r = 1.2400 AU, v = 20.7775 km/sec, dv/dt = -0.0000 GMsun/r^2
367 input pairs/tracklets led to 88 physically reasonable state vectors
Identified 0 candidate linkages
Working on grid point 1047: r = 1.2400 AU, v = 20.7775 km/sec, dv/dt = -0.4000 GMsun/r^2
367 input pairs/tracklets led to 91 physically reasonable state vectors
Identified 0 candidate linkages
Working on grid point 1048: r = 1.2400 AU, v = 20.7775 km/sec, dv/dt = -0.8000 GMsun/r^2
Working on grid point 1049: r = 1.2400 AU, v = 24.2404 km/sec, dv/dt = -0.0000 GMsun/r^2
367 input pairs/tracklets led to 72 physically reasonable state vectors
Identified 0 candidate linkages
Working on grid point 1050: r = 1.2400 AU, v = 24.2404 km/sec, dv/dt = -0.4000 GMsun/r^2
367 input pairs/tracklets led to 77 physically reasonable state vectors
Identified 0 candidate linkages
Working on grid point 1051: r = 1.2400 AU, v = 24.2404 km/sec, dv/dt = -0.8000 GMsun/r^2
Working on grid point 1052: r = 1.2400 AU, v = 27.7033 km/sec, dv/dt = -0.4000 GMsun/r^2
Working on grid point 1053: r = 1.2400 AU, v = 27.7033 km/sec, dv/dt = -0.8000 GMsun/r^2
Working on grid point 1054: r = 1.2400 AU, v = 31.1662 km/sec, dv/dt = -0.8000 GMsun/r^2
Working on grid point 1055: r = 1.2500 AU, v = -31.1662 km/sec, dv/dt = -0.8000 GMsun/r^2
Working on grid point 1056: r = 1.2500 AU, v = -27.7033 km/sec, dv/dt = -0.4000 GMsun/r^2
Working on grid point 1057: r = 1.2500 AU, v = -27.7033 km/sec, dv/dt = -0.8000 GMsun/r^2
Working on grid point 1058: r = 1.2500 AU, v = -24.2404 km/sec, dv/dt = -0.4000 GMsun/r^2
367 input pairs/tracklets led to 158 physically reasonable state vectors
Identified 0 candidate linkages
Working on grid point 1059: r = 1.2500 AU, v = -24.2404 km/sec, dv/dt = -0.8000 GMsun/r^2
Working on grid point 1060: r = 1.2500 AU, v = -20.7775 km/sec, dv/dt = -0.0000 GMsun/r^2
367 input pairs/tracklets led to 169 physically reasonable state vectors
Identified 0 candidate linkages
Working on grid point 1061: r = 1.2500 AU, v = -20.7775 km/sec, dv/dt = -0.4000 GMsun/r^2
367 input pairs/tracklets led to 171 physically reasonable state vectors
Identified 0 candidate linkages
Working on grid point 1062: r = 1.2500 AU, v = -20.7775 km/sec, dv/dt = -0.8000 GMsun/r^2
Working on grid point 1063: r = 1.2500 AU, v = -17.3146 km/sec, dv/dt = -0.0000 GMsun/r^2
367 input pairs/tracklets led to 179 physically reasonable state vectors
Identified 0 candidate linkages
Working on grid point 1064: r = 1.2500 AU, v = -17.3146 km/sec, dv/dt = -0.4000 GMsun/r^2
367 input pairs/tracklets led to 179 physically reasonable state vectors
Identified 0 candidate linkages
Working on grid point 1065: r = 1.2500 AU, v = -17.3146 km/sec, dv/dt = -0.8000 GMsun/r^2
367 input pairs/tracklets led to 184 physically reasonable state vectors
Identified 0 candidate linkages
Working on grid point 1066: r = 1.2500 AU, v = -13.8517 km/sec, dv/dt = 0.4000 GMsun/r^2
367 input pairs/tracklets led to 199 physically reasonable state vectors
Identified 0 candidate linkages
Working on grid point 1067: r = 1.2500 AU, v = -13.8517 km/sec, dv/dt = -0.0000 GMsun/r^2
367 input pairs/tracklets led to 188 physically reasonable state vectors
Identified 0 candidate linkages
Working on grid point 1068: r = 1.2500 AU, v = -13.8517 km/sec, dv/dt = -0.4000 GMsun/r^2
367 input pairs/tracklets led to 186 physically reasonable state vectors
Identified 0 candidate linkages
Working on grid point 1069: r = 1.2500 AU, v = -10.3887 km/sec, dv/dt = 0.4000 GMsun/r^2
367 input pairs/tracklets led to 219 physically reasonable state vectors
Identified 0 candidate linkages
Working on grid point 1070: r = 1.2500 AU, v = -10.3887 km/sec, dv/dt = -0.0000 GMsun/r^2
367 input pairs/tracklets led to 206 physically reasonable state vectors
Identified 0 candidate linkages
Working on grid point 1071: r = 1.2500 AU, v = -10.3887 km/sec, dv/dt = -0.4000 GMsun/r^2
367 input pairs/tracklets led to 197 physically reasonable state vectors
Identified 0 candidate linkages
Working on grid point 1072: r = 1.2500 AU, v = -6.9258 km/sec, dv/dt = 0.4000 GMsun/r^2
367 input pairs/tracklets led to 222 physically reasonable state vectors
Identified 0 candidate linkages
Working on grid point 1073: r = 1.2500 AU, v = -6.9258 km/sec, dv/dt = -0.0000 GMsun/r^2
367 input pairs/tracklets led to 217 physically reasonable state vectors
Identified 0 candidate linkages
Working on grid point 1074: r = 1.2500 AU, v = -6.9258 km/sec, dv/dt = -0.4000 GMsun/r^2
367 input pairs/tracklets led to 211 physically reasonable state vectors
Identified 0 candidate linkages
Working on grid point 1075: r = 1.2500 AU, v = -3.4629 km/sec, dv/dt = 0.4000 GMsun/r^2
367 input pairs/tracklets led to 206 physically reasonable state vectors
Identified 0 candidate linkages
Working on grid point 1076: r = 1.2500 AU, v = -3.4629 km/sec, dv/dt = -0.0000 GMsun/r^2
367 input pairs/tracklets led to 222 physically reasonable state vectors
Identified 0 candidate linkages
Working on grid point 1077: r = 1.2500 AU, v = -3.4629 km/sec, dv/dt = -0.4000 GMsun/r^2
367 input pairs/tracklets led to 216 physically reasonable state vectors
Identified 0 candidate linkages
Working on grid point 1078: r = 1.2500 AU, v = 0.0000 km/sec, dv/dt = 0.4000 GMsun/r^2
367 input pairs/tracklets led to 183 physically reasonable state vectors
Identified 0 candidate linkages
Working on grid point 1079: r = 1.2500 AU, v = 0.0000 km/sec, dv/dt = -0.0000 GMsun/r^2
367 input pairs/tracklets led to 191 physically reasonable state vectors
Identified 0 candidate linkages
Working on grid point 1080: r = 1.2500 AU, v = 0.0000 km/sec, dv/dt = -0.4000 GMsun/r^2
367 input pairs/tracklets led to 199 physically reasonable state vectors
Identified 0 candidate linkages
Working on grid point 1081: r = 1.2500 AU, v = 3.4629 km/sec, dv/dt = 0.4000 GMsun/r^2
367 input pairs/tracklets led to 163 physically reasonable state vectors
Identified 0 candidate linkages
Working on grid point 1082: r = 1.2500 AU, v = 3.4629 km/sec, dv/dt = -0.0000 GMsun/r^2
367 input pairs/tracklets led to 173 physically reasonable state vectors
Identified 0 candidate linkages
Working on grid point 1083: r = 1.2500 AU, v = 3.4629 km/sec, dv/dt = -0.4000 GMsun/r^2
367 input pairs/tracklets led to 173 physically reasonable state vectors
Identified 0 candidate linkages
Working on grid point 1084: r = 1.2500 AU, v = 6.9258 km/sec, dv/dt = 0.4000 GMsun/r^2
367 input pairs/tracklets led to 149 physically reasonable state vectors
Identified 0 candidate linkages
Working on grid point 1085: r = 1.2500 AU, v = 6.9258 km/sec, dv/dt = -0.0000 GMsun/r^2
367 input pairs/tracklets led to 148 physically reasonable state vectors
Identified 0 candidate linkages
Working on grid point 1086: r = 1.2500 AU, v = 6.9258 km/sec, dv/dt = -0.4000 GMsun/r^2
367 input pairs/tracklets led to 152 physically reasonable state vectors
Identified 0 candidate linkages
Working on grid point 1087: r = 1.2500 AU, v = 10.3887 km/sec, dv/dt = 0.4000 GMsun/r^2
367 input pairs/tracklets led to 142 physically reasonable state vectors
Identified 0 candidate linkages
Working on grid point 1088: r = 1.2500 AU, v = 10.3887 km/sec, dv/dt = -0.0000 GMsun/r^2
367 input pairs/tracklets led to 130 physically reasonable state vectors
Identified 0 candidate linkages
Working on grid point 1089: r = 1.2500 AU, v = 10.3887 km/sec, dv/dt = -0.4000 GMsun/r^2
367 input pairs/tracklets led to 135 physically reasonable state vectors
Identified 0 candidate linkages
Working on grid point 1090: r = 1.2500 AU, v = 13.8517 km/sec, dv/dt = 0.4000 GMsun/r^2
367 input pairs/tracklets led to 119 physically reasonable state vectors
Identified 0 candidate linkages
Working on grid point 1091: r = 1.2500 AU, v = 13.8517 km/sec, dv/dt = -0.0000 GMsun/r^2
367 input pairs/tracklets led to 126 physically reasonable state vectors
Identified 0 candidate linkages
Working on grid point 1092: r = 1.2500 AU, v = 13.8517 km/sec, dv/dt = -0.4000 GMsun/r^2
367 input pairs/tracklets led to 128 physically reasonable state vectors
Identified 0 candidate linkages
Working on grid point 1093: r = 1.2500 AU, v = 17.3146 km/sec, dv/dt = -0.0000 GMsun/r^2
367 input pairs/tracklets led to 112 physically reasonable state vectors
Identified 0 candidate linkages
Working on grid point 1094: r = 1.2500 AU, v = 17.3146 km/sec, dv/dt = -0.4000 GMsun/r^2
367 input pairs/tracklets led to 117 physically reasonable state vectors
Identified 0 candidate linkages
Working on grid point 1095: r = 1.2500 AU, v = 17.3146 km/sec, dv/dt = -0.8000 GMsun/r^2
367 input pairs/tracklets led to 120 physically reasonable state vectors
Identified 0 candidate linkages
Working on grid point 1096: r = 1.2500 AU, v = 20.7775 km/sec, dv/dt = -0.0000 GMsun/r^2
367 input pairs/tracklets led to 91 physically reasonable state vectors
Identified 0 candidate linkages
Working on grid point 1097: r = 1.2500 AU, v = 20.7775 km/sec, dv/dt = -0.4000 GMsun/r^2
367 input pairs/tracklets led to 90 physically reasonable state vectors
Identified 0 candidate linkages
Working on grid point 1098: r = 1.2500 AU, v = 20.7775 km/sec, dv/dt = -0.8000 GMsun/r^2
Working on grid point 1099: r = 1.2500 AU, v = 24.2404 km/sec, dv/dt = -0.4000 GMsun/r^2
367 input pairs/tracklets led to 79 physically reasonable state vectors
Identified 0 candidate linkages
Working on grid point 1100: r = 1.2500 AU, v = 24.2404 km/sec, dv/dt = -0.8000 GMsun/r^2
Working on grid point 1101: r = 1.2500 AU, v = 27.7033 km/sec, dv/dt = -0.4000 GMsun/r^2
Working on grid point 1102: r = 1.2500 AU, v = 27.7033 km/sec, dv/dt = -0.8000 GMsun/r^2
Working on grid point 1103: r = 1.2500 AU, v = 31.1662 km/sec, dv/dt = -0.8000 GMsun/r^2
Working on grid point 1104: r = 1.2600 AU, v = -31.1662 km/sec, dv/dt = -0.8000 GMsun/r^2
Working on grid point 1105: r = 1.2600 AU, v = -27.7033 km/sec, dv/dt = -0.4000 GMsun/r^2
Working on grid point 1106: r = 1.2600 AU, v = -27.7033 km/sec, dv/dt = -0.8000 GMsun/r^2
Working on grid point 1107: r = 1.2600 AU, v = -24.2404 km/sec, dv/dt = -0.4000 GMsun/r^2
367 input pairs/tracklets led to 152 physically reasonable state vectors
Identified 0 candidate linkages
Working on grid point 1108: r = 1.2600 AU, v = -24.2404 km/sec, dv/dt = -0.8000 GMsun/r^2
Working on grid point 1109: r = 1.2600 AU, v = -20.7775 km/sec, dv/dt = -0.0000 GMsun/r^2
367 input pairs/tracklets led to 168 physically reasonable state vectors
Identified 0 candidate linkages
Working on grid point 1110: r = 1.2600 AU, v = -20.7775 km/sec, dv/dt = -0.4000 GMsun/r^2
367 input pairs/tracklets led to 166 physically reasonable state vectors
Identified 0 candidate linkages
Working on grid point 1111: r = 1.2600 AU, v = -20.7775 km/sec, dv/dt = -0.8000 GMsun/r^2
Working on grid point 1112: r = 1.2600 AU, v = -17.3146 km/sec, dv/dt = -0.0000 GMsun/r^2
367 input pairs/tracklets led to 177 physically reasonable state vectors
Identified 0 candidate linkages
Working on grid point 1113: r = 1.2600 AU, v = -17.3146 km/sec, dv/dt = -0.4000 GMsun/r^2
367 input pairs/tracklets led to 175 physically reasonable state vectors
Identified 0 candidate linkages
Working on grid point 1114: r = 1.2600 AU, v = -17.3146 km/sec, dv/dt = -0.8000 GMsun/r^2
367 input pairs/tracklets led to 179 physically reasonable state vectors
Identified 0 candidate linkages
Working on grid point 1115: r = 1.2600 AU, v = -13.8517 km/sec, dv/dt = 0.4000 GMsun/r^2
367 input pairs/tracklets led to 201 physically reasonable state vectors
Identified 0 candidate linkages
Working on grid point 1116: r = 1.2600 AU, v = -13.8517 km/sec, dv/dt = -0.0000 GMsun/r^2
367 input pairs/tracklets led to 182 physically reasonable state vectors
Identified 0 candidate linkages
Working on grid point 1117: r = 1.2600 AU, v = -13.8517 km/sec, dv/dt = -0.4000 GMsun/r^2
367 input pairs/tracklets led to 181 physically reasonable state vectors
Identified 0 candidate linkages
Working on grid point 1118: r = 1.2600 AU, v = -10.3887 km/sec, dv/dt = 0.4000 GMsun/r^2
367 input pairs/tracklets led to 215 physically reasonable state vectors
Identified 0 candidate linkages
Working on grid point 1119: r = 1.2600 AU, v = -10.3887 km/sec, dv/dt = -0.0000 GMsun/r^2
367 input pairs/tracklets led to 201 physically reasonable state vectors
Identified 0 candidate linkages
Working on grid point 1120: r = 1.2600 AU, v = -10.3887 km/sec, dv/dt = -0.4000 GMsun/r^2
367 input pairs/tracklets led to 194 physically reasonable state vectors
Identified 0 candidate linkages
Working on grid point 1121: r = 1.2600 AU, v = -6.9258 km/sec, dv/dt = 0.4000 GMsun/r^2
367 input pairs/tracklets led to 208 physically reasonable state vectors
Identified 0 candidate linkages
Working on grid point 1122: r = 1.2600 AU, v = -6.9258 km/sec, dv/dt = -0.0000 GMsun/r^2
367 input pairs/tracklets led to 205 physically reasonable state vectors
Identified 0 candidate linkages
Working on grid point 1123: r = 1.2600 AU, v = -6.9258 km/sec, dv/dt = -0.4000 GMsun/r^2
367 input pairs/tracklets led to 199 physically reasonable state vectors
Identified 0 candidate linkages
Working on grid point 1124: r = 1.2600 AU, v = -3.4629 km/sec, dv/dt = 0.4000 GMsun/r^2
367 input pairs/tracklets led to 199 physically reasonable state vectors
Identified 0 candidate linkages
Working on grid point 1125: r = 1.2600 AU, v = -3.4629 km/sec, dv/dt = -0.0000 GMsun/r^2
367 input pairs/tracklets led to 207 physically reasonable state vectors
Identified 0 candidate linkages
Working on grid point 1126: r = 1.2600 AU, v = -3.4629 km/sec, dv/dt = -0.4000 GMsun/r^2
367 input pairs/tracklets led to 209 physically reasonable state vectors
Identified 0 candidate linkages
Working on grid point 1127: r = 1.2600 AU, v = 0.0000 km/sec, dv/dt = 0.4000 GMsun/r^2
367 input pairs/tracklets led to 178 physically reasonable state vectors
Identified 0 candidate linkages
Working on grid point 1128: r = 1.2600 AU, v = 0.0000 km/sec, dv/dt = -0.0000 GMsun/r^2
367 input pairs/tracklets led to 183 physically reasonable state vectors
Identified 0 candidate linkages
Working on grid point 1129: r = 1.2600 AU, v = 0.0000 km/sec, dv/dt = -0.4000 GMsun/r^2
367 input pairs/tracklets led to 193 physically reasonable state vectors
Identified 0 candidate linkages
Working on grid point 1130: r = 1.2600 AU, v = 3.4629 km/sec, dv/dt = 0.4000 GMsun/r^2
367 input pairs/tracklets led to 148 physically reasonable state vectors
Identified 0 candidate linkages
Working on grid point 1131: r = 1.2600 AU, v = 3.4629 km/sec, dv/dt = -0.0000 GMsun/r^2
367 input pairs/tracklets led to 166 physically reasonable state vectors
Identified 0 candidate linkages
Working on grid point 1132: r = 1.2600 AU, v = 3.4629 km/sec, dv/dt = -0.4000 GMsun/r^2
367 input pairs/tracklets led to 163 physically reasonable state vectors
Identified 0 candidate linkages
Working on grid point 1133: r = 1.2600 AU, v = 6.9258 km/sec, dv/dt = 0.4000 GMsun/r^2
367 input pairs/tracklets led to 143 physically reasonable state vectors
Identified 0 candidate linkages
Working on grid point 1134: r = 1.2600 AU, v = 6.9258 km/sec, dv/dt = -0.0000 GMsun/r^2
367 input pairs/tracklets led to 144 physically reasonable state vectors
Identified 0 candidate linkages
Working on grid point 1135: r = 1.2600 AU, v = 6.9258 km/sec, dv/dt = -0.4000 GMsun/r^2
367 input pairs/tracklets led to 147 physically reasonable state vectors
Identified 0 candidate linkages
Working on grid point 1136: r = 1.2600 AU, v = 10.3887 km/sec, dv/dt = 0.4000 GMsun/r^2
367 input pairs/tracklets led to 141 physically reasonable state vectors
Identified 0 candidate linkages
Working on grid point 1137: r = 1.2600 AU, v = 10.3887 km/sec, dv/dt = -0.0000 GMsun/r^2
367 input pairs/tracklets led to 131 physically reasonable state vectors
Identified 0 candidate linkages
Working on grid point 1138: r = 1.2600 AU, v = 10.3887 km/sec, dv/dt = -0.4000 GMsun/r^2
367 input pairs/tracklets led to 135 physically reasonable state vectors
Identified 0 candidate linkages
Working on grid point 1139: r = 1.2600 AU, v = 13.8517 km/sec, dv/dt = 0.4000 GMsun/r^2
367 input pairs/tracklets led to 119 physically reasonable state vectors
Identified 0 candidate linkages
Working on grid point 1140: r = 1.2600 AU, v = 13.8517 km/sec, dv/dt = -0.0000 GMsun/r^2
367 input pairs/tracklets led to 126 physically reasonable state vectors
Identified 0 candidate linkages
Working on grid point 1141: r = 1.2600 AU, v = 13.8517 km/sec, dv/dt = -0.4000 GMsun/r^2
367 input pairs/tracklets led to 128 physically reasonable state vectors
Identified 0 candidate linkages
Working on grid point 1142: r = 1.2600 AU, v = 17.3146 km/sec, dv/dt = -0.0000 GMsun/r^2
367 input pairs/tracklets led to 112 physically reasonable state vectors
Identified 0 candidate linkages
Working on grid point 1143: r = 1.2600 AU, v = 17.3146 km/sec, dv/dt = -0.4000 GMsun/r^2
367 input pairs/tracklets led to 117 physically reasonable state vectors
Identified 0 candidate linkages
Working on grid point 1144: r = 1.2600 AU, v = 17.3146 km/sec, dv/dt = -0.8000 GMsun/r^2
367 input pairs/tracklets led to 118 physically reasonable state vectors
Identified 0 candidate linkages
Working on grid point 1145: r = 1.2600 AU, v = 20.7775 km/sec, dv/dt = -0.0000 GMsun/r^2
367 input pairs/tracklets led to 97 physically reasonable state vectors
Identified 0 candidate linkages
Working on grid point 1146: r = 1.2600 AU, v = 20.7775 km/sec, dv/dt = -0.4000 GMsun/r^2
367 input pairs/tracklets led to 90 physically reasonable state vectors
Identified 0 candidate linkages
Working on grid point 1147: r = 1.2600 AU, v = 20.7775 km/sec, dv/dt = -0.8000 GMsun/r^2
367 input pairs/tracklets led to 92 physically reasonable state vectors
Identified 0 candidate linkages
Working on grid point 1148: r = 1.2600 AU, v = 24.2404 km/sec, dv/dt = -0.4000 GMsun/r^2
367 input pairs/tracklets led to 77 physically reasonable state vectors
Identified 0 candidate linkages
Working on grid point 1149: r = 1.2600 AU, v = 24.2404 km/sec, dv/dt = -0.8000 GMsun/r^2
Working on grid point 1150: r = 1.2600 AU, v = 27.7033 km/sec, dv/dt = -0.4000 GMsun/r^2
Working on grid point 1151: r = 1.2600 AU, v = 27.7033 km/sec, dv/dt = -0.8000 GMsun/r^2
Working on grid point 1152: r = 1.2600 AU, v = 31.1662 km/sec, dv/dt = -0.8000 GMsun/r^2
Working on grid point 1153: r = 1.2700 AU, v = -31.1662 km/sec, dv/dt = -0.8000 GMsun/r^2
Working on grid point 1154: r = 1.2700 AU, v = -27.7033 km/sec, dv/dt = -0.4000 GMsun/r^2
Working on grid point 1155: r = 1.2700 AU, v = -27.7033 km/sec, dv/dt = -0.8000 GMsun/r^2
Working on grid point 1156: r = 1.2700 AU, v = -24.2404 km/sec, dv/dt = -0.4000 GMsun/r^2
367 input pairs/tracklets led to 151 physically reasonable state vectors
Identified 0 candidate linkages
Working on grid point 1157: r = 1.2700 AU, v = -24.2404 km/sec, dv/dt = -0.8000 GMsun/r^2
Working on grid point 1158: r = 1.2700 AU, v = -20.7775 km/sec, dv/dt = -0.0000 GMsun/r^2
367 input pairs/tracklets led to 163 physically reasonable state vectors
Identified 0 candidate linkages
Working on grid point 1159: r = 1.2700 AU, v = -20.7775 km/sec, dv/dt = -0.4000 GMsun/r^2
367 input pairs/tracklets led to 163 physically reasonable state vectors
Identified 0 candidate linkages
Working on grid point 1160: r = 1.2700 AU, v = -20.7775 km/sec, dv/dt = -0.8000 GMsun/r^2
Working on grid point 1161: r = 1.2700 AU, v = -17.3146 km/sec, dv/dt = -0.0000 GMsun/r^2
367 input pairs/tracklets led to 173 physically reasonable state vectors
Identified 0 candidate linkages
Working on grid point 1162: r = 1.2700 AU, v = -17.3146 km/sec, dv/dt = -0.4000 GMsun/r^2
367 input pairs/tracklets led to 171 physically reasonable state vectors
Identified 0 candidate linkages
Working on grid point 1163: r = 1.2700 AU, v = -17.3146 km/sec, dv/dt = -0.8000 GMsun/r^2
367 input pairs/tracklets led to 176 physically reasonable state vectors
Identified 0 candidate linkages
Working on grid point 1164: r = 1.2700 AU, v = -13.8517 km/sec, dv/dt = 0.4000 GMsun/r^2
367 input pairs/tracklets led to 192 physically reasonable state vectors
Identified 0 candidate linkages
Working on grid point 1165: r = 1.2700 AU, v = -13.8517 km/sec, dv/dt = -0.0000 GMsun/r^2
367 input pairs/tracklets led to 176 physically reasonable state vectors
Identified 0 candidate linkages
Working on grid point 1166: r = 1.2700 AU, v = -13.8517 km/sec, dv/dt = -0.4000 GMsun/r^2
367 input pairs/tracklets led to 174 physically reasonable state vectors
Identified 0 candidate linkages
Working on grid point 1167: r = 1.2700 AU, v = -10.3887 km/sec, dv/dt = 0.4000 GMsun/r^2
367 input pairs/tracklets led to 207 physically reasonable state vectors
Identified 0 candidate linkages
Working on grid point 1168: r = 1.2700 AU, v = -10.3887 km/sec, dv/dt = -0.0000 GMsun/r^2
367 input pairs/tracklets led to 197 physically reasonable state vectors
Identified 0 candidate linkages
Working on grid point 1169: r = 1.2700 AU, v = -10.3887 km/sec, dv/dt = -0.4000 GMsun/r^2
367 input pairs/tracklets led to 196 physically reasonable state vectors
Identified 0 candidate linkages
Working on grid point 1170: r = 1.2700 AU, v = -6.9258 km/sec, dv/dt = 0.4000 GMsun/r^2
367 input pairs/tracklets led to 200 physically reasonable state vectors
Identified 0 candidate linkages
Working on grid point 1171: r = 1.2700 AU, v = -6.9258 km/sec, dv/dt = -0.0000 GMsun/r^2
367 input pairs/tracklets led to 199 physically reasonable state vectors
Identified 0 candidate linkages
Working on grid point 1172: r = 1.2700 AU, v = -6.9258 km/sec, dv/dt = -0.4000 GMsun/r^2
367 input pairs/tracklets led to 194 physically reasonable state vectors
Identified 0 candidate linkages
Working on grid point 1173: r = 1.2700 AU, v = -3.4629 km/sec, dv/dt = 0.4000 GMsun/r^2
367 input pairs/tracklets led to 191 physically reasonable state vectors
Identified 0 candidate linkages
Working on grid point 1174: r = 1.2700 AU, v = -3.4629 km/sec, dv/dt = -0.0000 GMsun/r^2
367 input pairs/tracklets led to 200 physically reasonable state vectors
Identified 0 candidate linkages
Working on grid point 1175: r = 1.2700 AU, v = -3.4629 km/sec, dv/dt = -0.4000 GMsun/r^2
367 input pairs/tracklets led to 196 physically reasonable state vectors
Identified 0 candidate linkages
Working on grid point 1176: r = 1.2700 AU, v = 0.0000 km/sec, dv/dt = 0.4000 GMsun/r^2
367 input pairs/tracklets led to 171 physically reasonable state vectors
Identified 0 candidate linkages
Working on grid point 1177: r = 1.2700 AU, v = 0.0000 km/sec, dv/dt = -0.0000 GMsun/r^2
367 input pairs/tracklets led to 178 physically reasonable state vectors
Identified 0 candidate linkages
Working on grid point 1178: r = 1.2700 AU, v = 0.0000 km/sec, dv/dt = -0.4000 GMsun/r^2
367 input pairs/tracklets led to 189 physically reasonable state vectors
Identified 0 candidate linkages
Working on grid point 1179: r = 1.2700 AU, v = 3.4629 km/sec, dv/dt = 0.4000 GMsun/r^2
367 input pairs/tracklets led to 145 physically reasonable state vectors
Identified 0 candidate linkages
Working on grid point 1180: r = 1.2700 AU, v = 3.4629 km/sec, dv/dt = -0.0000 GMsun/r^2
367 input pairs/tracklets led to 155 physically reasonable state vectors
Identified 0 candidate linkages
Working on grid point 1181: r = 1.2700 AU, v = 3.4629 km/sec, dv/dt = -0.4000 GMsun/r^2
367 input pairs/tracklets led to 157 physically reasonable state vectors
Identified 0 candidate linkages
Working on grid point 1182: r = 1.2700 AU, v = 6.9258 km/sec, dv/dt = 0.4000 GMsun/r^2
367 input pairs/tracklets led to 141 physically reasonable state vectors
Identified 0 candidate linkages
Working on grid point 1183: r = 1.2700 AU, v = 6.9258 km/sec, dv/dt = -0.0000 GMsun/r^2
367 input pairs/tracklets led to 139 physically reasonable state vectors
Identified 0 candidate linkages
Working on grid point 1184: r = 1.2700 AU, v = 6.9258 km/sec, dv/dt = -0.4000 GMsun/r^2
367 input pairs/tracklets led to 143 physically reasonable state vectors
Identified 0 candidate linkages
Working on grid point 1185: r = 1.2700 AU, v = 10.3887 km/sec, dv/dt = 0.4000 GMsun/r^2
367 input pairs/tracklets led to 140 physically reasonable state vectors
Identified 0 candidate linkages
Working on grid point 1186: r = 1.2700 AU, v = 10.3887 km/sec, dv/dt = -0.0000 GMsun/r^2
367 input pairs/tracklets led to 131 physically reasonable state vectors
Identified 0 candidate linkages
Working on grid point 1187: r = 1.2700 AU, v = 10.3887 km/sec, dv/dt = -0.4000 GMsun/r^2
367 input pairs/tracklets led to 133 physically reasonable state vectors
Identified 0 candidate linkages
Working on grid point 1188: r = 1.2700 AU, v = 13.8517 km/sec, dv/dt = 0.4000 GMsun/r^2
367 input pairs/tracklets led to 119 physically reasonable state vectors
Identified 0 candidate linkages
Working on grid point 1189: r = 1.2700 AU, v = 13.8517 km/sec, dv/dt = -0.0000 GMsun/r^2
367 input pairs/tracklets led to 125 physically reasonable state vectors
Identified 0 candidate linkages
Working on grid point 1190: r = 1.2700 AU, v = 13.8517 km/sec, dv/dt = -0.4000 GMsun/r^2
367 input pairs/tracklets led to 128 physically reasonable state vectors
Identified 0 candidate linkages
Working on grid point 1191: r = 1.2700 AU, v = 17.3146 km/sec, dv/dt = -0.0000 GMsun/r^2
367 input pairs/tracklets led to 110 physically reasonable state vectors
Identified 0 candidate linkages
Working on grid point 1192: r = 1.2700 AU, v = 17.3146 km/sec, dv/dt = -0.4000 GMsun/r^2
367 input pairs/tracklets led to 114 physically reasonable state vectors
Identified 0 candidate linkages
Working on grid point 1193: r = 1.2700 AU, v = 17.3146 km/sec, dv/dt = -0.8000 GMsun/r^2
367 input pairs/tracklets led to 117 physically reasonable state vectors
Identified 0 candidate linkages
Working on grid point 1194: r = 1.2700 AU, v = 20.7775 km/sec, dv/dt = -0.0000 GMsun/r^2
367 input pairs/tracklets led to 94 physically reasonable state vectors
Identified 0 candidate linkages
Working on grid point 1195: r = 1.2700 AU, v = 20.7775 km/sec, dv/dt = -0.4000 GMsun/r^2
367 input pairs/tracklets led to 96 physically reasonable state vectors
Identified 0 candidate linkages
Working on grid point 1196: r = 1.2700 AU, v = 20.7775 km/sec, dv/dt = -0.8000 GMsun/r^2
367 input pairs/tracklets led to 94 physically reasonable state vectors
Identified 0 candidate linkages
Working on grid point 1197: r = 1.2700 AU, v = 24.2404 km/sec, dv/dt = -0.4000 GMsun/r^2
367 input pairs/tracklets led to 76 physically reasonable state vectors
Identified 0 candidate linkages
Working on grid point 1198: r = 1.2700 AU, v = 24.2404 km/sec, dv/dt = -0.8000 GMsun/r^2
Working on grid point 1199: r = 1.2700 AU, v = 27.7033 km/sec, dv/dt = -0.4000 GMsun/r^2
Working on grid point 1200: r = 1.2700 AU, v = 27.7033 km/sec, dv/dt = -0.8000 GMsun/r^2
Working on grid point 1201: r = 1.2700 AU, v = 31.1662 km/sec, dv/dt = -0.8000 GMsun/r^2
Working on grid point 1202: r = 1.2800 AU, v = -31.1662 km/sec, dv/dt = -0.8000 GMsun/r^2
Working on grid point 1203: r = 1.2800 AU, v = -27.7033 km/sec, dv/dt = -0.4000 GMsun/r^2
Working on grid point 1204: r = 1.2800 AU, v = -27.7033 km/sec, dv/dt = -0.8000 GMsun/r^2
Working on grid point 1205: r = 1.2800 AU, v = -24.2404 km/sec, dv/dt = -0.4000 GMsun/r^2
367 input pairs/tracklets led to 148 physically reasonable state vectors
Identified 0 candidate linkages
Working on grid point 1206: r = 1.2800 AU, v = -24.2404 km/sec, dv/dt = -0.8000 GMsun/r^2
Working on grid point 1207: r = 1.2800 AU, v = -20.7775 km/sec, dv/dt = -0.0000 GMsun/r^2
367 input pairs/tracklets led to 161 physically reasonable state vectors
Identified 0 candidate linkages
Working on grid point 1208: r = 1.2800 AU, v = -20.7775 km/sec, dv/dt = -0.4000 GMsun/r^2
367 input pairs/tracklets led to 161 physically reasonable state vectors
Identified 0 candidate linkages
Working on grid point 1209: r = 1.2800 AU, v = -20.7775 km/sec, dv/dt = -0.8000 GMsun/r^2
367 input pairs/tracklets led to 158 physically reasonable state vectors
Identified 0 candidate linkages
Working on grid point 1210: r = 1.2800 AU, v = -17.3146 km/sec, dv/dt = -0.0000 GMsun/r^2
367 input pairs/tracklets led to 170 physically reasonable state vectors
Identified 0 candidate linkages
Working on grid point 1211: r = 1.2800 AU, v = -17.3146 km/sec, dv/dt = -0.4000 GMsun/r^2
367 input pairs/tracklets led to 168 physically reasonable state vectors
Identified 0 candidate linkages
Working on grid point 1212: r = 1.2800 AU, v = -17.3146 km/sec, dv/dt = -0.8000 GMsun/r^2
367 input pairs/tracklets led to 172 physically reasonable state vectors
Identified 0 candidate linkages
Working on grid point 1213: r = 1.2800 AU, v = -13.8517 km/sec, dv/dt = 0.4000 GMsun/r^2
367 input pairs/tracklets led to 186 physically reasonable state vectors
Identified 0 candidate linkages
Working on grid point 1214: r = 1.2800 AU, v = -13.8517 km/sec, dv/dt = -0.0000 GMsun/r^2
367 input pairs/tracklets led to 169 physically reasonable state vectors
Identified 0 candidate linkages
Working on grid point 1215: r = 1.2800 AU, v = -13.8517 km/sec, dv/dt = -0.4000 GMsun/r^2
367 input pairs/tracklets led to 167 physically reasonable state vectors
Identified 0 candidate linkages
Working on grid point 1216: r = 1.2800 AU, v = -10.3887 km/sec, dv/dt = 0.4000 GMsun/r^2
367 input pairs/tracklets led to 197 physically reasonable state vectors
Identified 0 candidate linkages
Working on grid point 1217: r = 1.2800 AU, v = -10.3887 km/sec, dv/dt = -0.0000 GMsun/r^2
367 input pairs/tracklets led to 184 physically reasonable state vectors
Identified 0 candidate linkages
Working on grid point 1218: r = 1.2800 AU, v = -10.3887 km/sec, dv/dt = -0.4000 GMsun/r^2
367 input pairs/tracklets led to 183 physically reasonable state vectors
Identified 0 candidate linkages
Working on grid point 1219: r = 1.2800 AU, v = -6.9258 km/sec, dv/dt = 0.4000 GMsun/r^2
367 input pairs/tracklets led to 194 physically reasonable state vectors
Identified 0 candidate linkages
Working on grid point 1220: r = 1.2800 AU, v = -6.9258 km/sec, dv/dt = -0.0000 GMsun/r^2
367 input pairs/tracklets led to 194 physically reasonable state vectors
Identified 0 candidate linkages
Working on grid point 1221: r = 1.2800 AU, v = -6.9258 km/sec, dv/dt = -0.4000 GMsun/r^2
367 input pairs/tracklets led to 191 physically reasonable state vectors
Identified 0 candidate linkages
Working on grid point 1222: r = 1.2800 AU, v = -3.4629 km/sec, dv/dt = 0.4000 GMsun/r^2
367 input pairs/tracklets led to 186 physically reasonable state vectors
Identified 0 candidate linkages
Working on grid point 1223: r = 1.2800 AU, v = -3.4629 km/sec, dv/dt = -0.0000 GMsun/r^2
367 input pairs/tracklets led to 194 physically reasonable state vectors
Identified 0 candidate linkages
Working on grid point 1224: r = 1.2800 AU, v = -3.4629 km/sec, dv/dt = -0.4000 GMsun/r^2
367 input pairs/tracklets led to 192 physically reasonable state vectors
Identified 0 candidate linkages
Working on grid point 1225: r = 1.2800 AU, v = 0.0000 km/sec, dv/dt = 0.4000 GMsun/r^2
367 input pairs/tracklets led to 163 physically reasonable state vectors
Identified 0 candidate linkages
Working on grid point 1226: r = 1.2800 AU, v = 0.0000 km/sec, dv/dt = -0.0000 GMsun/r^2
367 input pairs/tracklets led to 172 physically reasonable state vectors
Identified 0 candidate linkages
Working on grid point 1227: r = 1.2800 AU, v = 0.0000 km/sec, dv/dt = -0.4000 GMsun/r^2
367 input pairs/tracklets led to 182 physically reasonable state vectors
Identified 0 candidate linkages
Working on grid point 1228: r = 1.2800 AU, v = 3.4629 km/sec, dv/dt = 0.4000 GMsun/r^2
367 input pairs/tracklets led to 139 physically reasonable state vectors
Identified 0 candidate linkages
Working on grid point 1229: r = 1.2800 AU, v = 3.4629 km/sec, dv/dt = -0.0000 GMsun/r^2
367 input pairs/tracklets led to 146 physically reasonable state vectors
Identified 0 candidate linkages
Working on grid point 1230: r = 1.2800 AU, v = 3.4629 km/sec, dv/dt = -0.4000 GMsun/r^2
367 input pairs/tracklets led to 151 physically reasonable state vectors
Identified 0 candidate linkages
Working on grid point 1231: r = 1.2800 AU, v = 6.9258 km/sec, dv/dt = 0.4000 GMsun/r^2
367 input pairs/tracklets led to 138 physically reasonable state vectors
Identified 0 candidate linkages
Working on grid point 1232: r = 1.2800 AU, v = 6.9258 km/sec, dv/dt = -0.0000 GMsun/r^2
367 input pairs/tracklets led to 140 physically reasonable state vectors
Identified 0 candidate linkages
Working on grid point 1233: r = 1.2800 AU, v = 6.9258 km/sec, dv/dt = -0.4000 GMsun/r^2
367 input pairs/tracklets led to 141 physically reasonable state vectors
Identified 0 candidate linkages
Working on grid point 1234: r = 1.2800 AU, v = 10.3887 km/sec, dv/dt = 0.4000 GMsun/r^2
367 input pairs/tracklets led to 138 physically reasonable state vectors
Identified 0 candidate linkages
Working on grid point 1235: r = 1.2800 AU, v = 10.3887 km/sec, dv/dt = -0.0000 GMsun/r^2
367 input pairs/tracklets led to 129 physically reasonable state vectors
Identified 0 candidate linkages
Working on grid point 1236: r = 1.2800 AU, v = 10.3887 km/sec, dv/dt = -0.4000 GMsun/r^2
367 input pairs/tracklets led to 129 physically reasonable state vectors
Identified 0 candidate linkages
Working on grid point 1237: r = 1.2800 AU, v = 13.8517 km/sec, dv/dt = 0.4000 GMsun/r^2
367 input pairs/tracklets led to 119 physically reasonable state vectors
Identified 0 candidate linkages
Working on grid point 1238: r = 1.2800 AU, v = 13.8517 km/sec, dv/dt = -0.0000 GMsun/r^2
367 input pairs/tracklets led to 124 physically reasonable state vectors
Identified 0 candidate linkages
Working on grid point 1239: r = 1.2800 AU, v = 13.8517 km/sec, dv/dt = -0.4000 GMsun/r^2
367 input pairs/tracklets led to 126 physically reasonable state vectors
Identified 0 candidate linkages
Working on grid point 1240: r = 1.2800 AU, v = 17.3146 km/sec, dv/dt = -0.0000 GMsun/r^2
367 input pairs/tracklets led to 107 physically reasonable state vectors
Identified 0 candidate linkages
Working on grid point 1241: r = 1.2800 AU, v = 17.3146 km/sec, dv/dt = -0.4000 GMsun/r^2
367 input pairs/tracklets led to 112 physically reasonable state vectors
Identified 0 candidate linkages
Working on grid point 1242: r = 1.2800 AU, v = 17.3146 km/sec, dv/dt = -0.8000 GMsun/r^2
367 input pairs/tracklets led to 113 physically reasonable state vectors
Identified 0 candidate linkages
Working on grid point 1243: r = 1.2800 AU, v = 20.7775 km/sec, dv/dt = -0.0000 GMsun/r^2
367 input pairs/tracklets led to 92 physically reasonable state vectors
Identified 0 candidate linkages
Working on grid point 1244: r = 1.2800 AU, v = 20.7775 km/sec, dv/dt = -0.4000 GMsun/r^2
367 input pairs/tracklets led to 96 physically reasonable state vectors
Identified 0 candidate linkages
Working on grid point 1245: r = 1.2800 AU, v = 20.7775 km/sec, dv/dt = -0.8000 GMsun/r^2
367 input pairs/tracklets led to 89 physically reasonable state vectors
Identified 0 candidate linkages
Working on grid point 1246: r = 1.2800 AU, v = 24.2404 km/sec, dv/dt = -0.4000 GMsun/r^2
367 input pairs/tracklets led to 76 physically reasonable state vectors
Identified 0 candidate linkages
Working on grid point 1247: r = 1.2800 AU, v = 24.2404 km/sec, dv/dt = -0.8000 GMsun/r^2
Working on grid point 1248: r = 1.2800 AU, v = 27.7033 km/sec, dv/dt = -0.4000 GMsun/r^2
Working on grid point 1249: r = 1.2800 AU, v = 27.7033 km/sec, dv/dt = -0.8000 GMsun/r^2
Working on grid point 1250: r = 1.2800 AU, v = 31.1662 km/sec, dv/dt = -0.8000 GMsun/r^2
Working on grid point 1251: r = 1.2900 AU, v = -31.1662 km/sec, dv/dt = -0.8000 GMsun/r^2
Working on grid point 1252: r = 1.2900 AU, v = -27.7033 km/sec, dv/dt = -0.4000 GMsun/r^2
Working on grid point 1253: r = 1.2900 AU, v = -27.7033 km/sec, dv/dt = -0.8000 GMsun/r^2
Working on grid point 1254: r = 1.2900 AU, v = -24.2404 km/sec, dv/dt = -0.4000 GMsun/r^2
367 input pairs/tracklets led to 151 physically reasonable state vectors
Identified 0 candidate linkages
Working on grid point 1255: r = 1.2900 AU, v = -24.2404 km/sec, dv/dt = -0.8000 GMsun/r^2
Working on grid point 1256: r = 1.2900 AU, v = -20.7775 km/sec, dv/dt = -0.0000 GMsun/r^2
367 input pairs/tracklets led to 158 physically reasonable state vectors
Identified 0 candidate linkages
Working on grid point 1257: r = 1.2900 AU, v = -20.7775 km/sec, dv/dt = -0.4000 GMsun/r^2
367 input pairs/tracklets led to 158 physically reasonable state vectors
Identified 0 candidate linkages
Working on grid point 1258: r = 1.2900 AU, v = -20.7775 km/sec, dv/dt = -0.8000 GMsun/r^2
367 input pairs/tracklets led to 157 physically reasonable state vectors
Identified 0 candidate linkages
Working on grid point 1259: r = 1.2900 AU, v = -17.3146 km/sec, dv/dt = -0.0000 GMsun/r^2
367 input pairs/tracklets led to 167 physically reasonable state vectors
Identified 0 candidate linkages
Working on grid point 1260: r = 1.2900 AU, v = -17.3146 km/sec, dv/dt = -0.4000 GMsun/r^2
367 input pairs/tracklets led to 166 physically reasonable state vectors
Identified 0 candidate linkages
Working on grid point 1261: r = 1.2900 AU, v = -17.3146 km/sec, dv/dt = -0.8000 GMsun/r^2
367 input pairs/tracklets led to 168 physically reasonable state vectors
Identified 0 candidate linkages
Working on grid point 1262: r = 1.2900 AU, v = -13.8517 km/sec, dv/dt = 0.4000 GMsun/r^2
367 input pairs/tracklets led to 181 physically reasonable state vectors
Identified 0 candidate linkages
Working on grid point 1263: r = 1.2900 AU, v = -13.8517 km/sec, dv/dt = -0.0000 GMsun/r^2
367 input pairs/tracklets led to 172 physically reasonable state vectors
Identified 0 candidate linkages
Working on grid point 1264: r = 1.2900 AU, v = -13.8517 km/sec, dv/dt = -0.4000 GMsun/r^2
367 input pairs/tracklets led to 165 physically reasonable state vectors
Identified 0 candidate linkages
Working on grid point 1265: r = 1.2900 AU, v = -10.3887 km/sec, dv/dt = 0.4000 GMsun/r^2
367 input pairs/tracklets led to 192 physically reasonable state vectors
Identified 0 candidate linkages
Working on grid point 1266: r = 1.2900 AU, v = -10.3887 km/sec, dv/dt = -0.0000 GMsun/r^2
367 input pairs/tracklets led to 180 physically reasonable state vectors
Identified 0 candidate linkages
Working on grid point 1267: r = 1.2900 AU, v = -10.3887 km/sec, dv/dt = -0.4000 GMsun/r^2
367 input pairs/tracklets led to 187 physically reasonable state vectors
Identified 0 candidate linkages
Working on grid point 1268: r = 1.2900 AU, v = -6.9258 km/sec, dv/dt = 0.4000 GMsun/r^2
367 input pairs/tracklets led to 181 physically reasonable state vectors
Identified 0 candidate linkages
Working on grid point 1269: r = 1.2900 AU, v = -6.9258 km/sec, dv/dt = -0.0000 GMsun/r^2
367 input pairs/tracklets led to 191 physically reasonable state vectors
Identified 0 candidate linkages
Working on grid point 1270: r = 1.2900 AU, v = -6.9258 km/sec, dv/dt = -0.4000 GMsun/r^2
367 input pairs/tracklets led to 186 physically reasonable state vectors
Identified 0 candidate linkages
Working on grid point 1271: r = 1.2900 AU, v = -3.4629 km/sec, dv/dt = 0.4000 GMsun/r^2
367 input pairs/tracklets led to 175 physically reasonable state vectors
Identified 0 candidate linkages
Working on grid point 1272: r = 1.2900 AU, v = -3.4629 km/sec, dv/dt = -0.0000 GMsun/r^2
367 input pairs/tracklets led to 184 physically reasonable state vectors
Identified 0 candidate linkages
Working on grid point 1273: r = 1.2900 AU, v = -3.4629 km/sec, dv/dt = -0.4000 GMsun/r^2
367 input pairs/tracklets led to 185 physically reasonable state vectors
Identified 0 candidate linkages
Working on grid point 1274: r = 1.2900 AU, v = 0.0000 km/sec, dv/dt = 0.4000 GMsun/r^2
367 input pairs/tracklets led to 151 physically reasonable state vectors
Identified 0 candidate linkages
Working on grid point 1275: r = 1.2900 AU, v = 0.0000 km/sec, dv/dt = -0.0000 GMsun/r^2
367 input pairs/tracklets led to 165 physically reasonable state vectors
Identified 0 candidate linkages
Working on grid point 1276: r = 1.2900 AU, v = 0.0000 km/sec, dv/dt = -0.4000 GMsun/r^2
367 input pairs/tracklets led to 169 physically reasonable state vectors
Identified 0 candidate linkages
Working on grid point 1277: r = 1.2900 AU, v = 3.4629 km/sec, dv/dt = 0.4000 GMsun/r^2
367 input pairs/tracklets led to 137 physically reasonable state vectors
Identified 0 candidate linkages
Working on grid point 1278: r = 1.2900 AU, v = 3.4629 km/sec, dv/dt = -0.0000 GMsun/r^2
367 input pairs/tracklets led to 144 physically reasonable state vectors
Identified 0 candidate linkages
Working on grid point 1279: r = 1.2900 AU, v = 3.4629 km/sec, dv/dt = -0.4000 GMsun/r^2
367 input pairs/tracklets led to 143 physically reasonable state vectors
Identified 0 candidate linkages
Working on grid point 1280: r = 1.2900 AU, v = 6.9258 km/sec, dv/dt = 0.4000 GMsun/r^2
367 input pairs/tracklets led to 138 physically reasonable state vectors
Identified 0 candidate linkages
Working on grid point 1281: r = 1.2900 AU, v = 6.9258 km/sec, dv/dt = -0.0000 GMsun/r^2
367 input pairs/tracklets led to 141 physically reasonable state vectors
Identified 0 candidate linkages
Working on grid point 1282: r = 1.2900 AU, v = 6.9258 km/sec, dv/dt = -0.4000 GMsun/r^2
367 input pairs/tracklets led to 140 physically reasonable state vectors
Identified 0 candidate linkages
Working on grid point 1283: r = 1.2900 AU, v = 10.3887 km/sec, dv/dt = 0.4000 GMsun/r^2
367 input pairs/tracklets led to 135 physically reasonable state vectors
Identified 0 candidate linkages
Working on grid point 1284: r = 1.2900 AU, v = 10.3887 km/sec, dv/dt = -0.0000 GMsun/r^2
367 input pairs/tracklets led to 129 physically reasonable state vectors
Identified 0 candidate linkages
Working on grid point 1285: r = 1.2900 AU, v = 10.3887 km/sec, dv/dt = -0.4000 GMsun/r^2
367 input pairs/tracklets led to 127 physically reasonable state vectors
Identified 0 candidate linkages
Working on grid point 1286: r = 1.2900 AU, v = 13.8517 km/sec, dv/dt = 0.4000 GMsun/r^2
367 input pairs/tracklets led to 117 physically reasonable state vectors
Identified 0 candidate linkages
Working on grid point 1287: r = 1.2900 AU, v = 13.8517 km/sec, dv/dt = -0.0000 GMsun/r^2
367 input pairs/tracklets led to 120 physically reasonable state vectors
Identified 0 candidate linkages
Working on grid point 1288: r = 1.2900 AU, v = 13.8517 km/sec, dv/dt = -0.4000 GMsun/r^2
367 input pairs/tracklets led to 124 physically reasonable state vectors
Identified 0 candidate linkages
Working on grid point 1289: r = 1.2900 AU, v = 17.3146 km/sec, dv/dt = -0.0000 GMsun/r^2
367 input pairs/tracklets led to 106 physically reasonable state vectors
Identified 0 candidate linkages
Working on grid point 1290: r = 1.2900 AU, v = 17.3146 km/sec, dv/dt = -0.4000 GMsun/r^2
367 input pairs/tracklets led to 110 physically reasonable state vectors
Identified 0 candidate linkages
Working on grid point 1291: r = 1.2900 AU, v = 17.3146 km/sec, dv/dt = -0.8000 GMsun/r^2
367 input pairs/tracklets led to 112 physically reasonable state vectors
Identified 0 candidate linkages
Working on grid point 1292: r = 1.2900 AU, v = 20.7775 km/sec, dv/dt = -0.0000 GMsun/r^2
367 input pairs/tracklets led to 90 physically reasonable state vectors
Identified 0 candidate linkages
Working on grid point 1293: r = 1.2900 AU, v = 20.7775 km/sec, dv/dt = -0.4000 GMsun/r^2
367 input pairs/tracklets led to 92 physically reasonable state vectors
Identified 0 candidate linkages
Working on grid point 1294: r = 1.2900 AU, v = 20.7775 km/sec, dv/dt = -0.8000 GMsun/r^2
367 input pairs/tracklets led to 94 physically reasonable state vectors
Identified 0 candidate linkages
Working on grid point 1295: r = 1.2900 AU, v = 24.2404 km/sec, dv/dt = -0.4000 GMsun/r^2
367 input pairs/tracklets led to 73 physically reasonable state vectors
Identified 0 candidate linkages
Working on grid point 1296: r = 1.2900 AU, v = 24.2404 km/sec, dv/dt = -0.8000 GMsun/r^2
Working on grid point 1297: r = 1.2900 AU, v = 27.7033 km/sec, dv/dt = -0.4000 GMsun/r^2
Working on grid point 1298: r = 1.2900 AU, v = 27.7033 km/sec, dv/dt = -0.8000 GMsun/r^2
Working on grid point 1299: r = 1.2900 AU, v = 31.1662 km/sec, dv/dt = -0.8000 GMsun/r^2
Working on grid point 1300: r = 1.3000 AU, v = -31.1662 km/sec, dv/dt = -0.8000 GMsun/r^2
Working on grid point 1301: r = 1.3000 AU, v = -27.7033 km/sec, dv/dt = -0.4000 GMsun/r^2
Working on grid point 1302: r = 1.3000 AU, v = -27.7033 km/sec, dv/dt = -0.8000 GMsun/r^2
Working on grid point 1303: r = 1.3000 AU, v = -24.2404 km/sec, dv/dt = -0.4000 GMsun/r^2
367 input pairs/tracklets led to 149 physically reasonable state vectors
Identified 0 candidate linkages
Working on grid point 1304: r = 1.3000 AU, v = -24.2404 km/sec, dv/dt = -0.8000 GMsun/r^2
Working on grid point 1305: r = 1.3000 AU, v = -20.7775 km/sec, dv/dt = -0.0000 GMsun/r^2
367 input pairs/tracklets led to 156 physically reasonable state vectors
Identified 0 candidate linkages
Working on grid point 1306: r = 1.3000 AU, v = -20.7775 km/sec, dv/dt = -0.4000 GMsun/r^2
367 input pairs/tracklets led to 156 physically reasonable state vectors
Identified 0 candidate linkages
Working on grid point 1307: r = 1.3000 AU, v = -20.7775 km/sec, dv/dt = -0.8000 GMsun/r^2
367 input pairs/tracklets led to 154 physically reasonable state vectors
Identified 0 candidate linkages
Working on grid point 1308: r = 1.3000 AU, v = -17.3146 km/sec, dv/dt = -0.0000 GMsun/r^2
367 input pairs/tracklets led to 160 physically reasonable state vectors
Identified 0 candidate linkages
Working on grid point 1309: r = 1.3000 AU, v = -17.3146 km/sec, dv/dt = -0.4000 GMsun/r^2
367 input pairs/tracklets led to 160 physically reasonable state vectors
Identified 0 candidate linkages
Working on grid point 1310: r = 1.3000 AU, v = -17.3146 km/sec, dv/dt = -0.8000 GMsun/r^2
367 input pairs/tracklets led to 161 physically reasonable state vectors
Identified 0 candidate linkages
Working on grid point 1311: r = 1.3000 AU, v = -13.8517 km/sec, dv/dt = 0.4000 GMsun/r^2
367 input pairs/tracklets led to 181 physically reasonable state vectors
Identified 0 candidate linkages
Working on grid point 1312: r = 1.3000 AU, v = -13.8517 km/sec, dv/dt = -0.0000 GMsun/r^2
367 input pairs/tracklets led to 172 physically reasonable state vectors
Identified 0 candidate linkages
Working on grid point 1313: r = 1.3000 AU, v = -13.8517 km/sec, dv/dt = -0.4000 GMsun/r^2
367 input pairs/tracklets led to 166 physically reasonable state vectors
Identified 0 candidate linkages
Working on grid point 1314: r = 1.3000 AU, v = -10.3887 km/sec, dv/dt = 0.4000 GMsun/r^2
367 input pairs/tracklets led to 185 physically reasonable state vectors
Identified 0 candidate linkages
Working on grid point 1315: r = 1.3000 AU, v = -10.3887 km/sec, dv/dt = -0.0000 GMsun/r^2
367 input pairs/tracklets led to 179 physically reasonable state vectors
Identified 0 candidate linkages
Working on grid point 1316: r = 1.3000 AU, v = -10.3887 km/sec, dv/dt = -0.4000 GMsun/r^2
367 input pairs/tracklets led to 181 physically reasonable state vectors
Identified 0 candidate linkages
Working on grid point 1317: r = 1.3000 AU, v = -6.9258 km/sec, dv/dt = 0.4000 GMsun/r^2
367 input pairs/tracklets led to 173 physically reasonable state vectors
Identified 0 candidate linkages
Working on grid point 1318: r = 1.3000 AU, v = -6.9258 km/sec, dv/dt = -0.0000 GMsun/r^2
367 input pairs/tracklets led to 182 physically reasonable state vectors
Identified 0 candidate linkages
Working on grid point 1319: r = 1.3000 AU, v = -6.9258 km/sec, dv/dt = -0.4000 GMsun/r^2
367 input pairs/tracklets led to 178 physically reasonable state vectors
Identified 0 candidate linkages
Working on grid point 1320: r = 1.3000 AU, v = -3.4629 km/sec, dv/dt = 0.4000 GMsun/r^2
367 input pairs/tracklets led to 164 physically reasonable state vectors
Identified 0 candidate linkages
Working on grid point 1321: r = 1.3000 AU, v = -3.4629 km/sec, dv/dt = -0.0000 GMsun/r^2
367 input pairs/tracklets led to 173 physically reasonable state vectors
Identified 0 candidate linkages
Working on grid point 1322: r = 1.3000 AU, v = -3.4629 km/sec, dv/dt = -0.4000 GMsun/r^2
367 input pairs/tracklets led to 179 physically reasonable state vectors
Identified 0 candidate linkages
Working on grid point 1323: r = 1.3000 AU, v = 0.0000 km/sec, dv/dt = 0.4000 GMsun/r^2
367 input pairs/tracklets led to 148 physically reasonable state vectors
Identified 0 candidate linkages
Working on grid point 1324: r = 1.3000 AU, v = 0.0000 km/sec, dv/dt = -0.0000 GMsun/r^2
367 input pairs/tracklets led to 161 physically reasonable state vectors
Identified 0 candidate linkages
Working on grid point 1325: r = 1.3000 AU, v = 0.0000 km/sec, dv/dt = -0.4000 GMsun/r^2
367 input pairs/tracklets led to 165 physically reasonable state vectors
Identified 0 candidate linkages
Working on grid point 1326: r = 1.3000 AU, v = 3.4629 km/sec, dv/dt = 0.4000 GMsun/r^2
367 input pairs/tracklets led to 137 physically reasonable state vectors
Identified 0 candidate linkages
Working on grid point 1327: r = 1.3000 AU, v = 3.4629 km/sec, dv/dt = -0.0000 GMsun/r^2
367 input pairs/tracklets led to 140 physically reasonable state vectors
Identified 0 candidate linkages
Working on grid point 1328: r = 1.3000 AU, v = 3.4629 km/sec, dv/dt = -0.4000 GMsun/r^2
367 input pairs/tracklets led to 139 physically reasonable state vectors
Identified 0 candidate linkages
Working on grid point 1329: r = 1.3000 AU, v = 6.9258 km/sec, dv/dt = 0.4000 GMsun/r^2
367 input pairs/tracklets led to 138 physically reasonable state vectors
Identified 0 candidate linkages
Working on grid point 1330: r = 1.3000 AU, v = 6.9258 km/sec, dv/dt = -0.0000 GMsun/r^2
367 input pairs/tracklets led to 143 physically reasonable state vectors
Identified 0 candidate linkages
Working on grid point 1331: r = 1.3000 AU, v = 6.9258 km/sec, dv/dt = -0.4000 GMsun/r^2
367 input pairs/tracklets led to 138 physically reasonable state vectors
Identified 0 candidate linkages
Working on grid point 1332: r = 1.3000 AU, v = 10.3887 km/sec, dv/dt = 0.4000 GMsun/r^2
367 input pairs/tracklets led to 134 physically reasonable state vectors
Identified 0 candidate linkages
Working on grid point 1333: r = 1.3000 AU, v = 10.3887 km/sec, dv/dt = -0.0000 GMsun/r^2
367 input pairs/tracklets led to 125 physically reasonable state vectors
Identified 0 candidate linkages
Working on grid point 1334: r = 1.3000 AU, v = 10.3887 km/sec, dv/dt = -0.4000 GMsun/r^2
367 input pairs/tracklets led to 123 physically reasonable state vectors
Identified 0 candidate linkages
Working on grid point 1335: r = 1.3000 AU, v = 13.8517 km/sec, dv/dt = 0.4000 GMsun/r^2
367 input pairs/tracklets led to 114 physically reasonable state vectors
Identified 0 candidate linkages
Working on grid point 1336: r = 1.3000 AU, v = 13.8517 km/sec, dv/dt = -0.0000 GMsun/r^2
367 input pairs/tracklets led to 118 physically reasonable state vectors
Identified 0 candidate linkages
Working on grid point 1337: r = 1.3000 AU, v = 13.8517 km/sec, dv/dt = -0.4000 GMsun/r^2
367 input pairs/tracklets led to 123 physically reasonable state vectors
Identified 0 candidate linkages
Working on grid point 1338: r = 1.3000 AU, v = 17.3146 km/sec, dv/dt = -0.0000 GMsun/r^2
367 input pairs/tracklets led to 104 physically reasonable state vectors
Identified 0 candidate linkages
Working on grid point 1339: r = 1.3000 AU, v = 17.3146 km/sec, dv/dt = -0.4000 GMsun/r^2
367 input pairs/tracklets led to 105 physically reasonable state vectors
Identified 0 candidate linkages
Working on grid point 1340: r = 1.3000 AU, v = 17.3146 km/sec, dv/dt = -0.8000 GMsun/r^2
367 input pairs/tracklets led to 108 physically reasonable state vectors
Identified 0 candidate linkages
Working on grid point 1341: r = 1.3000 AU, v = 20.7775 km/sec, dv/dt = -0.0000 GMsun/r^2
367 input pairs/tracklets led to 87 physically reasonable state vectors
Identified 0 candidate linkages
Working on grid point 1342: r = 1.3000 AU, v = 20.7775 km/sec, dv/dt = -0.4000 GMsun/r^2
367 input pairs/tracklets led to 89 physically reasonable state vectors
Identified 0 candidate linkages
Working on grid point 1343: r = 1.3000 AU, v = 20.7775 km/sec, dv/dt = -0.8000 GMsun/r^2
367 input pairs/tracklets led to 92 physically reasonable state vectors
Identified 0 candidate linkages
Working on grid point 1344: r = 1.3000 AU, v = 24.2404 km/sec, dv/dt = -0.4000 GMsun/r^2
367 input pairs/tracklets led to 74 physically reasonable state vectors
Identified 0 candidate linkages
Working on grid point 1345: r = 1.3000 AU, v = 24.2404 km/sec, dv/dt = -0.8000 GMsun/r^2
Working on grid point 1346: r = 1.3000 AU, v = 27.7033 km/sec, dv/dt = -0.4000 GMsun/r^2
Working on grid point 1347: r = 1.3000 AU, v = 27.7033 km/sec, dv/dt = -0.8000 GMsun/r^2
Working on grid point 1348: r = 1.3000 AU, v = 31.1662 km/sec, dv/dt = -0.8000 GMsun/r^2
Working on grid point 1349: r = 1.3100 AU, v = -31.1662 km/sec, dv/dt = -0.8000 GMsun/r^2
Working on grid point 1350: r = 1.3100 AU, v = -27.7033 km/sec, dv/dt = -0.4000 GMsun/r^2
Working on grid point 1351: r = 1.3100 AU, v = -27.7033 km/sec, dv/dt = -0.8000 GMsun/r^2
Working on grid point 1352: r = 1.3100 AU, v = -24.2404 km/sec, dv/dt = -0.4000 GMsun/r^2
367 input pairs/tracklets led to 145 physically reasonable state vectors
Identified 0 candidate linkages
Working on grid point 1353: r = 1.3100 AU, v = -24.2404 km/sec, dv/dt = -0.8000 GMsun/r^2
Working on grid point 1354: r = 1.3100 AU, v = -20.7775 km/sec, dv/dt = -0.0000 GMsun/r^2
367 input pairs/tracklets led to 153 physically reasonable state vectors
Identified 0 candidate linkages
Working on grid point 1355: r = 1.3100 AU, v = -20.7775 km/sec, dv/dt = -0.4000 GMsun/r^2
367 input pairs/tracklets led to 152 physically reasonable state vectors
Identified 0 candidate linkages
Working on grid point 1356: r = 1.3100 AU, v = -20.7775 km/sec, dv/dt = -0.8000 GMsun/r^2
367 input pairs/tracklets led to 150 physically reasonable state vectors
Identified 0 candidate linkages
Working on grid point 1357: r = 1.3100 AU, v = -17.3146 km/sec, dv/dt = -0.0000 GMsun/r^2
367 input pairs/tracklets led to 156 physically reasonable state vectors
Identified 0 candidate linkages
Working on grid point 1358: r = 1.3100 AU, v = -17.3146 km/sec, dv/dt = -0.4000 GMsun/r^2
367 input pairs/tracklets led to 155 physically reasonable state vectors
Identified 0 candidate linkages
Working on grid point 1359: r = 1.3100 AU, v = -17.3146 km/sec, dv/dt = -0.8000 GMsun/r^2
367 input pairs/tracklets led to 155 physically reasonable state vectors
Identified 0 candidate linkages
Working on grid point 1360: r = 1.3100 AU, v = -13.8517 km/sec, dv/dt = 0.4000 GMsun/r^2
367 input pairs/tracklets led to 175 physically reasonable state vectors
Identified 0 candidate linkages
Working on grid point 1361: r = 1.3100 AU, v = -13.8517 km/sec, dv/dt = -0.0000 GMsun/r^2
367 input pairs/tracklets led to 169 physically reasonable state vectors
Identified 0 candidate linkages
Working on grid point 1362: r = 1.3100 AU, v = -13.8517 km/sec, dv/dt = -0.4000 GMsun/r^2
367 input pairs/tracklets led to 161 physically reasonable state vectors
Identified 0 candidate linkages
Working on grid point 1363: r = 1.3100 AU, v = -10.3887 km/sec, dv/dt = 0.4000 GMsun/r^2
367 input pairs/tracklets led to 177 physically reasonable state vectors
Identified 0 candidate linkages
Working on grid point 1364: r = 1.3100 AU, v = -10.3887 km/sec, dv/dt = -0.0000 GMsun/r^2
367 input pairs/tracklets led to 173 physically reasonable state vectors
Identified 0 candidate linkages
Working on grid point 1365: r = 1.3100 AU, v = -10.3887 km/sec, dv/dt = -0.4000 GMsun/r^2
367 input pairs/tracklets led to 172 physically reasonable state vectors
Identified 0 candidate linkages
Working on grid point 1366: r = 1.3100 AU, v = -6.9258 km/sec, dv/dt = 0.4000 GMsun/r^2
367 input pairs/tracklets led to 169 physically reasonable state vectors
Identified 0 candidate linkages
Working on grid point 1367: r = 1.3100 AU, v = -6.9258 km/sec, dv/dt = -0.0000 GMsun/r^2
367 input pairs/tracklets led to 176 physically reasonable state vectors
Identified 0 candidate linkages
Working on grid point 1368: r = 1.3100 AU, v = -6.9258 km/sec, dv/dt = -0.4000 GMsun/r^2
367 input pairs/tracklets led to 171 physically reasonable state vectors
Identified 0 candidate linkages
Working on grid point 1369: r = 1.3100 AU, v = -3.4629 km/sec, dv/dt = 0.4000 GMsun/r^2
367 input pairs/tracklets led to 156 physically reasonable state vectors
Identified 0 candidate linkages
Working on grid point 1370: r = 1.3100 AU, v = -3.4629 km/sec, dv/dt = -0.0000 GMsun/r^2
367 input pairs/tracklets led to 164 physically reasonable state vectors
Identified 0 candidate linkages
Working on grid point 1371: r = 1.3100 AU, v = -3.4629 km/sec, dv/dt = -0.4000 GMsun/r^2
367 input pairs/tracklets led to 164 physically reasonable state vectors
Identified 0 candidate linkages
Working on grid point 1372: r = 1.3100 AU, v = 0.0000 km/sec, dv/dt = 0.4000 GMsun/r^2
367 input pairs/tracklets led to 139 physically reasonable state vectors
Identified 0 candidate linkages
Working on grid point 1373: r = 1.3100 AU, v = 0.0000 km/sec, dv/dt = -0.0000 GMsun/r^2
367 input pairs/tracklets led to 152 physically reasonable state vectors
Identified 0 candidate linkages
Working on grid point 1374: r = 1.3100 AU, v = 0.0000 km/sec, dv/dt = -0.4000 GMsun/r^2
367 input pairs/tracklets led to 161 physically reasonable state vectors
Identified 0 candidate linkages
Working on grid point 1375: r = 1.3100 AU, v = 3.4629 km/sec, dv/dt = 0.4000 GMsun/r^2
367 input pairs/tracklets led to 135 physically reasonable state vectors
Identified 0 candidate linkages
Working on grid point 1376: r = 1.3100 AU, v = 3.4629 km/sec, dv/dt = -0.0000 GMsun/r^2
367 input pairs/tracklets led to 139 physically reasonable state vectors
Identified 0 candidate linkages
Working on grid point 1377: r = 1.3100 AU, v = 3.4629 km/sec, dv/dt = -0.4000 GMsun/r^2
367 input pairs/tracklets led to 137 physically reasonable state vectors
Identified 0 candidate linkages
Working on grid point 1378: r = 1.3100 AU, v = 6.9258 km/sec, dv/dt = 0.4000 GMsun/r^2
367 input pairs/tracklets led to 132 physically reasonable state vectors
Identified 0 candidate linkages
Working on grid point 1379: r = 1.3100 AU, v = 6.9258 km/sec, dv/dt = -0.0000 GMsun/r^2
367 input pairs/tracklets led to 140 physically reasonable state vectors
Identified 0 candidate linkages
Working on grid point 1380: r = 1.3100 AU, v = 6.9258 km/sec, dv/dt = -0.4000 GMsun/r^2
367 input pairs/tracklets led to 135 physically reasonable state vectors
Identified 0 candidate linkages
Working on grid point 1381: r = 1.3100 AU, v = 10.3887 km/sec, dv/dt = 0.4000 GMsun/r^2
367 input pairs/tracklets led to 133 physically reasonable state vectors
Identified 0 candidate linkages
Working on grid point 1382: r = 1.3100 AU, v = 10.3887 km/sec, dv/dt = -0.0000 GMsun/r^2
367 input pairs/tracklets led to 125 physically reasonable state vectors
Identified 0 candidate linkages
Working on grid point 1383: r = 1.3100 AU, v = 10.3887 km/sec, dv/dt = -0.4000 GMsun/r^2
367 input pairs/tracklets led to 121 physically reasonable state vectors
Identified 0 candidate linkages
Working on grid point 1384: r = 1.3100 AU, v = 13.8517 km/sec, dv/dt = 0.4000 GMsun/r^2
367 input pairs/tracklets led to 112 physically reasonable state vectors
Identified 0 candidate linkages
Working on grid point 1385: r = 1.3100 AU, v = 13.8517 km/sec, dv/dt = -0.0000 GMsun/r^2
367 input pairs/tracklets led to 112 physically reasonable state vectors
Identified 0 candidate linkages
Working on grid point 1386: r = 1.3100 AU, v = 13.8517 km/sec, dv/dt = -0.4000 GMsun/r^2
367 input pairs/tracklets led to 120 physically reasonable state vectors
Identified 0 candidate linkages
Working on grid point 1387: r = 1.3100 AU, v = 17.3146 km/sec, dv/dt = -0.0000 GMsun/r^2
367 input pairs/tracklets led to 101 physically reasonable state vectors
Identified 0 candidate linkages
Working on grid point 1388: r = 1.3100 AU, v = 17.3146 km/sec, dv/dt = -0.4000 GMsun/r^2
367 input pairs/tracklets led to 101 physically reasonable state vectors
Identified 0 candidate linkages
Working on grid point 1389: r = 1.3100 AU, v = 17.3146 km/sec, dv/dt = -0.8000 GMsun/r^2
367 input pairs/tracklets led to 105 physically reasonable state vectors
Identified 0 candidate linkages
Working on grid point 1390: r = 1.3100 AU, v = 20.7775 km/sec, dv/dt = -0.0000 GMsun/r^2
367 input pairs/tracklets led to 87 physically reasonable state vectors
Identified 0 candidate linkages
Working on grid point 1391: r = 1.3100 AU, v = 20.7775 km/sec, dv/dt = -0.4000 GMsun/r^2
367 input pairs/tracklets led to 88 physically reasonable state vectors
Identified 0 candidate linkages
Working on grid point 1392: r = 1.3100 AU, v = 20.7775 km/sec, dv/dt = -0.8000 GMsun/r^2
367 input pairs/tracklets led to 90 physically reasonable state vectors
Identified 0 candidate linkages
Working on grid point 1393: r = 1.3100 AU, v = 24.2404 km/sec, dv/dt = -0.4000 GMsun/r^2
367 input pairs/tracklets led to 79 physically reasonable state vectors
Identified 0 candidate linkages
Working on grid point 1394: r = 1.3100 AU, v = 24.2404 km/sec, dv/dt = -0.8000 GMsun/r^2
Working on grid point 1395: r = 1.3100 AU, v = 27.7033 km/sec, dv/dt = -0.4000 GMsun/r^2
Working on grid point 1396: r = 1.3100 AU, v = 27.7033 km/sec, dv/dt = -0.8000 GMsun/r^2
Working on grid point 1397: r = 1.3100 AU, v = 31.1662 km/sec, dv/dt = -0.8000 GMsun/r^2
Working on grid point 1398: r = 1.3200 AU, v = -31.1662 km/sec, dv/dt = -0.8000 GMsun/r^2
Working on grid point 1399: r = 1.3200 AU, v = -27.7033 km/sec, dv/dt = -0.4000 GMsun/r^2
Working on grid point 1400: r = 1.3200 AU, v = -27.7033 km/sec, dv/dt = -0.8000 GMsun/r^2
Working on grid point 1401: r = 1.3200 AU, v = -24.2404 km/sec, dv/dt = -0.4000 GMsun/r^2
367 input pairs/tracklets led to 142 physically reasonable state vectors
Identified 0 candidate linkages
Working on grid point 1402: r = 1.3200 AU, v = -24.2404 km/sec, dv/dt = -0.8000 GMsun/r^2
Working on grid point 1403: r = 1.3200 AU, v = -20.7775 km/sec, dv/dt = -0.0000 GMsun/r^2
367 input pairs/tracklets led to 146 physically reasonable state vectors
Identified 0 candidate linkages
Working on grid point 1404: r = 1.3200 AU, v = -20.7775 km/sec, dv/dt = -0.4000 GMsun/r^2
367 input pairs/tracklets led to 146 physically reasonable state vectors
Identified 0 candidate linkages
Working on grid point 1405: r = 1.3200 AU, v = -20.7775 km/sec, dv/dt = -0.8000 GMsun/r^2
367 input pairs/tracklets led to 145 physically reasonable state vectors
Identified 0 candidate linkages
Working on grid point 1406: r = 1.3200 AU, v = -17.3146 km/sec, dv/dt = -0.0000 GMsun/r^2
367 input pairs/tracklets led to 152 physically reasonable state vectors
Identified 0 candidate linkages
Working on grid point 1407: r = 1.3200 AU, v = -17.3146 km/sec, dv/dt = -0.4000 GMsun/r^2
367 input pairs/tracklets led to 150 physically reasonable state vectors
Identified 0 candidate linkages
Working on grid point 1408: r = 1.3200 AU, v = -17.3146 km/sec, dv/dt = -0.8000 GMsun/r^2
367 input pairs/tracklets led to 149 physically reasonable state vectors
Identified 0 candidate linkages
Working on grid point 1409: r = 1.3200 AU, v = -13.8517 km/sec, dv/dt = 0.4000 GMsun/r^2
367 input pairs/tracklets led to 173 physically reasonable state vectors
Identified 0 candidate linkages
Working on grid point 1410: r = 1.3200 AU, v = -13.8517 km/sec, dv/dt = -0.0000 GMsun/r^2
367 input pairs/tracklets led to 170 physically reasonable state vectors
Identified 0 candidate linkages
Working on grid point 1411: r = 1.3200 AU, v = -13.8517 km/sec, dv/dt = -0.4000 GMsun/r^2
367 input pairs/tracklets led to 159 physically reasonable state vectors
Identified 0 candidate linkages
Working on grid point 1412: r = 1.3200 AU, v = -10.3887 km/sec, dv/dt = 0.4000 GMsun/r^2
367 input pairs/tracklets led to 169 physically reasonable state vectors
Identified 0 candidate linkages
Working on grid point 1413: r = 1.3200 AU, v = -10.3887 km/sec, dv/dt = -0.0000 GMsun/r^2
367 input pairs/tracklets led to 166 physically reasonable state vectors
Identified 0 candidate linkages
Working on grid point 1414: r = 1.3200 AU, v = -10.3887 km/sec, dv/dt = -0.4000 GMsun/r^2
367 input pairs/tracklets led to 168 physically reasonable state vectors
Identified 0 candidate linkages
Working on grid point 1415: r = 1.3200 AU, v = -6.9258 km/sec, dv/dt = 0.4000 GMsun/r^2
367 input pairs/tracklets led to 162 physically reasonable state vectors
Identified 0 candidate linkages
Working on grid point 1416: r = 1.3200 AU, v = -6.9258 km/sec, dv/dt = -0.0000 GMsun/r^2
367 input pairs/tracklets led to 169 physically reasonable state vectors
Identified 0 candidate linkages
Working on grid point 1417: r = 1.3200 AU, v = -6.9258 km/sec, dv/dt = -0.4000 GMsun/r^2
367 input pairs/tracklets led to 168 physically reasonable state vectors
Identified 0 candidate linkages
Working on grid point 1418: r = 1.3200 AU, v = -3.4629 km/sec, dv/dt = 0.4000 GMsun/r^2
367 input pairs/tracklets led to 146 physically reasonable state vectors
Identified 0 candidate linkages
Working on grid point 1419: r = 1.3200 AU, v = -3.4629 km/sec, dv/dt = -0.0000 GMsun/r^2
367 input pairs/tracklets led to 157 physically reasonable state vectors
Identified 0 candidate linkages
Working on grid point 1420: r = 1.3200 AU, v = -3.4629 km/sec, dv/dt = -0.4000 GMsun/r^2
367 input pairs/tracklets led to 161 physically reasonable state vectors
Identified 0 candidate linkages
Working on grid point 1421: r = 1.3200 AU, v = 0.0000 km/sec, dv/dt = 0.4000 GMsun/r^2
367 input pairs/tracklets led to 131 physically reasonable state vectors
Identified 0 candidate linkages
Working on grid point 1422: r = 1.3200 AU, v = 0.0000 km/sec, dv/dt = -0.0000 GMsun/r^2
367 input pairs/tracklets led to 137 physically reasonable state vectors
Identified 0 candidate linkages
Working on grid point 1423: r = 1.3200 AU, v = 0.0000 km/sec, dv/dt = -0.4000 GMsun/r^2
367 input pairs/tracklets led to 153 physically reasonable state vectors
Identified 0 candidate linkages
Working on grid point 1424: r = 1.3200 AU, v = 3.4629 km/sec, dv/dt = 0.4000 GMsun/r^2
367 input pairs/tracklets led to 131 physically reasonable state vectors
Identified 0 candidate linkages
Working on grid point 1425: r = 1.3200 AU, v = 3.4629 km/sec, dv/dt = -0.0000 GMsun/r^2
367 input pairs/tracklets led to 136 physically reasonable state vectors
Identified 0 candidate linkages
Working on grid point 1426: r = 1.3200 AU, v = 3.4629 km/sec, dv/dt = -0.4000 GMsun/r^2
367 input pairs/tracklets led to 135 physically reasonable state vectors
Identified 0 candidate linkages
Working on grid point 1427: r = 1.3200 AU, v = 6.9258 km/sec, dv/dt = 0.4000 GMsun/r^2
367 input pairs/tracklets led to 131 physically reasonable state vectors
Identified 0 candidate linkages
Working on grid point 1428: r = 1.3200 AU, v = 6.9258 km/sec, dv/dt = -0.0000 GMsun/r^2
367 input pairs/tracklets led to 138 physically reasonable state vectors
Identified 0 candidate linkages
Working on grid point 1429: r = 1.3200 AU, v = 6.9258 km/sec, dv/dt = -0.4000 GMsun/r^2
367 input pairs/tracklets led to 134 physically reasonable state vectors
Identified 0 candidate linkages
Working on grid point 1430: r = 1.3200 AU, v = 10.3887 km/sec, dv/dt = 0.4000 GMsun/r^2
367 input pairs/tracklets led to 130 physically reasonable state vectors
Identified 0 candidate linkages
Working on grid point 1431: r = 1.3200 AU, v = 10.3887 km/sec, dv/dt = -0.0000 GMsun/r^2
367 input pairs/tracklets led to 123 physically reasonable state vectors
Identified 0 candidate linkages
Working on grid point 1432: r = 1.3200 AU, v = 10.3887 km/sec, dv/dt = -0.4000 GMsun/r^2
367 input pairs/tracklets led to 121 physically reasonable state vectors
Identified 0 candidate linkages
Working on grid point 1433: r = 1.3200 AU, v = 13.8517 km/sec, dv/dt = 0.4000 GMsun/r^2
367 input pairs/tracklets led to 107 physically reasonable state vectors
Identified 0 candidate linkages
Working on grid point 1434: r = 1.3200 AU, v = 13.8517 km/sec, dv/dt = -0.0000 GMsun/r^2
367 input pairs/tracklets led to 108 physically reasonable state vectors
Identified 0 candidate linkages
Working on grid point 1435: r = 1.3200 AU, v = 13.8517 km/sec, dv/dt = -0.4000 GMsun/r^2
367 input pairs/tracklets led to 115 physically reasonable state vectors
Identified 0 candidate linkages
Working on grid point 1436: r = 1.3200 AU, v = 17.3146 km/sec, dv/dt = -0.0000 GMsun/r^2
367 input pairs/tracklets led to 99 physically reasonable state vectors
Identified 0 candidate linkages
Working on grid point 1437: r = 1.3200 AU, v = 17.3146 km/sec, dv/dt = -0.4000 GMsun/r^2
367 input pairs/tracklets led to 100 physically reasonable state vectors
Identified 0 candidate linkages
Working on grid point 1438: r = 1.3200 AU, v = 17.3146 km/sec, dv/dt = -0.8000 GMsun/r^2
367 input pairs/tracklets led to 102 physically reasonable state vectors
Identified 0 candidate linkages
Working on grid point 1439: r = 1.3200 AU, v = 20.7775 km/sec, dv/dt = -0.0000 GMsun/r^2
367 input pairs/tracklets led to 87 physically reasonable state vectors
Identified 0 candidate linkages
Working on grid point 1440: r = 1.3200 AU, v = 20.7775 km/sec, dv/dt = -0.4000 GMsun/r^2
367 input pairs/tracklets led to 87 physically reasonable state vectors
Identified 0 candidate linkages
Working on grid point 1441: r = 1.3200 AU, v = 20.7775 km/sec, dv/dt = -0.8000 GMsun/r^2
367 input pairs/tracklets led to 89 physically reasonable state vectors
Identified 0 candidate linkages
Working on grid point 1442: r = 1.3200 AU, v = 24.2404 km/sec, dv/dt = -0.4000 GMsun/r^2
367 input pairs/tracklets led to 77 physically reasonable state vectors
Identified 0 candidate linkages
Working on grid point 1443: r = 1.3200 AU, v = 24.2404 km/sec, dv/dt = -0.8000 GMsun/r^2
Working on grid point 1444: r = 1.3200 AU, v = 27.7033 km/sec, dv/dt = -0.4000 GMsun/r^2
Working on grid point 1445: r = 1.3200 AU, v = 27.7033 km/sec, dv/dt = -0.8000 GMsun/r^2
Working on grid point 1446: r = 1.3200 AU, v = 31.1662 km/sec, dv/dt = -0.8000 GMsun/r^2
Working on grid point 1447: r = 1.3300 AU, v = -31.1662 km/sec, dv/dt = -0.8000 GMsun/r^2
Working on grid point 1448: r = 1.3300 AU, v = -27.7033 km/sec, dv/dt = -0.4000 GMsun/r^2
Working on grid point 1449: r = 1.3300 AU, v = -27.7033 km/sec, dv/dt = -0.8000 GMsun/r^2
Working on grid point 1450: r = 1.3300 AU, v = -24.2404 km/sec, dv/dt = -0.4000 GMsun/r^2
367 input pairs/tracklets led to 138 physically reasonable state vectors
Identified 0 candidate linkages
Working on grid point 1451: r = 1.3300 AU, v = -24.2404 km/sec, dv/dt = -0.8000 GMsun/r^2
Working on grid point 1452: r = 1.3300 AU, v = -20.7775 km/sec, dv/dt = -0.0000 GMsun/r^2
367 input pairs/tracklets led to 135 physically reasonable state vectors
Identified 0 candidate linkages
Working on grid point 1453: r = 1.3300 AU, v = -20.7775 km/sec, dv/dt = -0.4000 GMsun/r^2
367 input pairs/tracklets led to 138 physically reasonable state vectors
Identified 0 candidate linkages
Working on grid point 1454: r = 1.3300 AU, v = -20.7775 km/sec, dv/dt = -0.8000 GMsun/r^2
367 input pairs/tracklets led to 141 physically reasonable state vectors
Identified 0 candidate linkages
Working on grid point 1455: r = 1.3300 AU, v = -17.3146 km/sec, dv/dt = -0.0000 GMsun/r^2
367 input pairs/tracklets led to 153 physically reasonable state vectors
Identified 0 candidate linkages
Working on grid point 1456: r = 1.3300 AU, v = -17.3146 km/sec, dv/dt = -0.4000 GMsun/r^2
367 input pairs/tracklets led to 147 physically reasonable state vectors
Identified 0 candidate linkages
Working on grid point 1457: r = 1.3300 AU, v = -17.3146 km/sec, dv/dt = -0.8000 GMsun/r^2
367 input pairs/tracklets led to 144 physically reasonable state vectors
Identified 0 candidate linkages
Working on grid point 1458: r = 1.3300 AU, v = -13.8517 km/sec, dv/dt = 0.4000 GMsun/r^2
367 input pairs/tracklets led to 170 physically reasonable state vectors
Identified 0 candidate linkages
Working on grid point 1459: r = 1.3300 AU, v = -13.8517 km/sec, dv/dt = -0.0000 GMsun/r^2
367 input pairs/tracklets led to 167 physically reasonable state vectors
Identified 0 candidate linkages
Working on grid point 1460: r = 1.3300 AU, v = -13.8517 km/sec, dv/dt = -0.4000 GMsun/r^2
367 input pairs/tracklets led to 158 physically reasonable state vectors
Identified 0 candidate linkages
Working on grid point 1461: r = 1.3300 AU, v = -10.3887 km/sec, dv/dt = 0.4000 GMsun/r^2
367 input pairs/tracklets led to 165 physically reasonable state vectors
Identified 0 candidate linkages
Working on grid point 1462: r = 1.3300 AU, v = -10.3887 km/sec, dv/dt = -0.0000 GMsun/r^2
367 input pairs/tracklets led to 160 physically reasonable state vectors
Identified 0 candidate linkages
Working on grid point 1463: r = 1.3300 AU, v = -10.3887 km/sec, dv/dt = -0.4000 GMsun/r^2
367 input pairs/tracklets led to 163 physically reasonable state vectors
Identified 0 candidate linkages
Working on grid point 1464: r = 1.3300 AU, v = -6.9258 km/sec, dv/dt = 0.4000 GMsun/r^2
367 input pairs/tracklets led to 158 physically reasonable state vectors
Identified 0 candidate linkages
Working on grid point 1465: r = 1.3300 AU, v = -6.9258 km/sec, dv/dt = -0.0000 GMsun/r^2
367 input pairs/tracklets led to 166 physically reasonable state vectors
Identified 0 candidate linkages
Working on grid point 1466: r = 1.3300 AU, v = -6.9258 km/sec, dv/dt = -0.4000 GMsun/r^2
367 input pairs/tracklets led to 164 physically reasonable state vectors
Identified 0 candidate linkages
Working on grid point 1467: r = 1.3300 AU, v = -3.4629 km/sec, dv/dt = 0.4000 GMsun/r^2
367 input pairs/tracklets led to 142 physically reasonable state vectors
Identified 0 candidate linkages
Working on grid point 1468: r = 1.3300 AU, v = -3.4629 km/sec, dv/dt = -0.0000 GMsun/r^2
367 input pairs/tracklets led to 152 physically reasonable state vectors
Identified 0 candidate linkages
Working on grid point 1469: r = 1.3300 AU, v = -3.4629 km/sec, dv/dt = -0.4000 GMsun/r^2
367 input pairs/tracklets led to 154 physically reasonable state vectors
Identified 0 candidate linkages
Working on grid point 1470: r = 1.3300 AU, v = 0.0000 km/sec, dv/dt = 0.4000 GMsun/r^2
367 input pairs/tracklets led to 128 physically reasonable state vectors
Identified 0 candidate linkages
Working on grid point 1471: r = 1.3300 AU, v = 0.0000 km/sec, dv/dt = -0.0000 GMsun/r^2
367 input pairs/tracklets led to 130 physically reasonable state vectors
Identified 0 candidate linkages
Working on grid point 1472: r = 1.3300 AU, v = 0.0000 km/sec, dv/dt = -0.4000 GMsun/r^2
367 input pairs/tracklets led to 143 physically reasonable state vectors
Identified 0 candidate linkages
Working on grid point 1473: r = 1.3300 AU, v = 3.4629 km/sec, dv/dt = 0.4000 GMsun/r^2
367 input pairs/tracklets led to 124 physically reasonable state vectors
Identified 0 candidate linkages
Working on grid point 1474: r = 1.3300 AU, v = 3.4629 km/sec, dv/dt = -0.0000 GMsun/r^2
367 input pairs/tracklets led to 129 physically reasonable state vectors
Identified 0 candidate linkages
Working on grid point 1475: r = 1.3300 AU, v = 3.4629 km/sec, dv/dt = -0.4000 GMsun/r^2
367 input pairs/tracklets led to 133 physically reasonable state vectors
Identified 0 candidate linkages
Working on grid point 1476: r = 1.3300 AU, v = 6.9258 km/sec, dv/dt = 0.4000 GMsun/r^2
367 input pairs/tracklets led to 128 physically reasonable state vectors
Identified 0 candidate linkages
Working on grid point 1477: r = 1.3300 AU, v = 6.9258 km/sec, dv/dt = -0.0000 GMsun/r^2
367 input pairs/tracklets led to 130 physically reasonable state vectors
Identified 0 candidate linkages
Working on grid point 1478: r = 1.3300 AU, v = 6.9258 km/sec, dv/dt = -0.4000 GMsun/r^2
367 input pairs/tracklets led to 130 physically reasonable state vectors
Identified 0 candidate linkages
Working on grid point 1479: r = 1.3300 AU, v = 10.3887 km/sec, dv/dt = 0.4000 GMsun/r^2
367 input pairs/tracklets led to 127 physically reasonable state vectors
Identified 0 candidate linkages
Working on grid point 1480: r = 1.3300 AU, v = 10.3887 km/sec, dv/dt = -0.0000 GMsun/r^2
367 input pairs/tracklets led to 121 physically reasonable state vectors
Identified 0 candidate linkages
Working on grid point 1481: r = 1.3300 AU, v = 10.3887 km/sec, dv/dt = -0.4000 GMsun/r^2
367 input pairs/tracklets led to 120 physically reasonable state vectors
Identified 0 candidate linkages
Working on grid point 1482: r = 1.3300 AU, v = 13.8517 km/sec, dv/dt = 0.4000 GMsun/r^2
367 input pairs/tracklets led to 106 physically reasonable state vectors
Identified 0 candidate linkages
Working on grid point 1483: r = 1.3300 AU, v = 13.8517 km/sec, dv/dt = -0.0000 GMsun/r^2
367 input pairs/tracklets led to 104 physically reasonable state vectors
Identified 0 candidate linkages
Working on grid point 1484: r = 1.3300 AU, v = 13.8517 km/sec, dv/dt = -0.4000 GMsun/r^2
367 input pairs/tracklets led to 110 physically reasonable state vectors
Identified 0 candidate linkages
Working on grid point 1485: r = 1.3300 AU, v = 17.3146 km/sec, dv/dt = -0.0000 GMsun/r^2
367 input pairs/tracklets led to 97 physically reasonable state vectors
Identified 0 candidate linkages
Working on grid point 1486: r = 1.3300 AU, v = 17.3146 km/sec, dv/dt = -0.4000 GMsun/r^2
367 input pairs/tracklets led to 100 physically reasonable state vectors
Identified 0 candidate linkages
Working on grid point 1487: r = 1.3300 AU, v = 17.3146 km/sec, dv/dt = -0.8000 GMsun/r^2
367 input pairs/tracklets led to 101 physically reasonable state vectors
Identified 0 candidate linkages
Working on grid point 1488: r = 1.3300 AU, v = 20.7775 km/sec, dv/dt = -0.0000 GMsun/r^2
367 input pairs/tracklets led to 85 physically reasonable state vectors
Identified 0 candidate linkages
Working on grid point 1489: r = 1.3300 AU, v = 20.7775 km/sec, dv/dt = -0.4000 GMsun/r^2
367 input pairs/tracklets led to 85 physically reasonable state vectors
Identified 0 candidate linkages
Working on grid point 1490: r = 1.3300 AU, v = 20.7775 km/sec, dv/dt = -0.8000 GMsun/r^2
367 input pairs/tracklets led to 87 physically reasonable state vectors
Identified 0 candidate linkages
Working on grid point 1491: r = 1.3300 AU, v = 24.2404 km/sec, dv/dt = -0.4000 GMsun/r^2
367 input pairs/tracklets led to 76 physically reasonable state vectors
Identified 0 candidate linkages
Working on grid point 1492: r = 1.3300 AU, v = 24.2404 km/sec, dv/dt = -0.8000 GMsun/r^2
Working on grid point 1493: r = 1.3300 AU, v = 27.7033 km/sec, dv/dt = -0.4000 GMsun/r^2
367 input pairs/tracklets led to 38 physically reasonable state vectors
Identified 0 candidate linkages
Working on grid point 1494: r = 1.3300 AU, v = 27.7033 km/sec, dv/dt = -0.8000 GMsun/r^2
Working on grid point 1495: r = 1.3300 AU, v = 31.1662 km/sec, dv/dt = -0.8000 GMsun/r^2
Working on grid point 1496: r = 1.3400 AU, v = -27.7033 km/sec, dv/dt = -0.4000 GMsun/r^2
Working on grid point 1497: r = 1.3400 AU, v = -27.7033 km/sec, dv/dt = -0.8000 GMsun/r^2
Working on grid point 1498: r = 1.3400 AU, v = -24.2404 km/sec, dv/dt = -0.4000 GMsun/r^2
367 input pairs/tracklets led to 134 physically reasonable state vectors
Identified 0 candidate linkages
Working on grid point 1499: r = 1.3400 AU, v = -24.2404 km/sec, dv/dt = -0.8000 GMsun/r^2
Working on grid point 1500: r = 1.3400 AU, v = -20.7775 km/sec, dv/dt = -0.0000 GMsun/r^2
367 input pairs/tracklets led to 132 physically reasonable state vectors
Identified 0 candidate linkages
Working on grid point 1501: r = 1.3400 AU, v = -20.7775 km/sec, dv/dt = -0.4000 GMsun/r^2
367 input pairs/tracklets led to 137 physically reasonable state vectors
Identified 0 candidate linkages
Working on grid point 1502: r = 1.3400 AU, v = -20.7775 km/sec, dv/dt = -0.8000 GMsun/r^2
367 input pairs/tracklets led to 136 physically reasonable state vectors
Identified 0 candidate linkages
Working on grid point 1503: r = 1.3400 AU, v = -17.3146 km/sec, dv/dt = -0.0000 GMsun/r^2
367 input pairs/tracklets led to 152 physically reasonable state vectors
Identified 0 candidate linkages
Working on grid point 1504: r = 1.3400 AU, v = -17.3146 km/sec, dv/dt = -0.4000 GMsun/r^2
367 input pairs/tracklets led to 146 physically reasonable state vectors
Identified 0 candidate linkages
Working on grid point 1505: r = 1.3400 AU, v = -17.3146 km/sec, dv/dt = -0.8000 GMsun/r^2
367 input pairs/tracklets led to 146 physically reasonable state vectors
Identified 0 candidate linkages
Working on grid point 1506: r = 1.3400 AU, v = -13.8517 km/sec, dv/dt = 0.4000 GMsun/r^2
367 input pairs/tracklets led to 160 physically reasonable state vectors
Identified 0 candidate linkages
Working on grid point 1507: r = 1.3400 AU, v = -13.8517 km/sec, dv/dt = -0.0000 GMsun/r^2
367 input pairs/tracklets led to 158 physically reasonable state vectors
Identified 0 candidate linkages
Working on grid point 1508: r = 1.3400 AU, v = -13.8517 km/sec, dv/dt = -0.4000 GMsun/r^2
367 input pairs/tracklets led to 155 physically reasonable state vectors
Identified 0 candidate linkages
Working on grid point 1509: r = 1.3400 AU, v = -10.3887 km/sec, dv/dt = 0.4000 GMsun/r^2
367 input pairs/tracklets led to 164 physically reasonable state vectors
Identified 0 candidate linkages
Working on grid point 1510: r = 1.3400 AU, v = -10.3887 km/sec, dv/dt = -0.0000 GMsun/r^2
367 input pairs/tracklets led to 156 physically reasonable state vectors
Identified 0 candidate linkages
Working on grid point 1511: r = 1.3400 AU, v = -10.3887 km/sec, dv/dt = -0.4000 GMsun/r^2
367 input pairs/tracklets led to 157 physically reasonable state vectors
Identified 0 candidate linkages
Working on grid point 1512: r = 1.3400 AU, v = -6.9258 km/sec, dv/dt = 0.4000 GMsun/r^2
367 input pairs/tracklets led to 154 physically reasonable state vectors
Identified 0 candidate linkages
Working on grid point 1513: r = 1.3400 AU, v = -6.9258 km/sec, dv/dt = -0.0000 GMsun/r^2
367 input pairs/tracklets led to 162 physically reasonable state vectors
Identified 0 candidate linkages
Working on grid point 1514: r = 1.3400 AU, v = -6.9258 km/sec, dv/dt = -0.4000 GMsun/r^2
367 input pairs/tracklets led to 163 physically reasonable state vectors
Identified 0 candidate linkages
Working on grid point 1515: r = 1.3400 AU, v = -3.4629 km/sec, dv/dt = 0.4000 GMsun/r^2
367 input pairs/tracklets led to 138 physically reasonable state vectors
Identified 0 candidate linkages
Working on grid point 1516: r = 1.3400 AU, v = -3.4629 km/sec, dv/dt = -0.0000 GMsun/r^2
367 input pairs/tracklets led to 148 physically reasonable state vectors
Identified 0 candidate linkages
Working on grid point 1517: r = 1.3400 AU, v = -3.4629 km/sec, dv/dt = -0.4000 GMsun/r^2
367 input pairs/tracklets led to 150 physically reasonable state vectors
Identified 0 candidate linkages
Working on grid point 1518: r = 1.3400 AU, v = 0.0000 km/sec, dv/dt = 0.4000 GMsun/r^2
367 input pairs/tracklets led to 121 physically reasonable state vectors
Identified 0 candidate linkages
Working on grid point 1519: r = 1.3400 AU, v = 0.0000 km/sec, dv/dt = -0.0000 GMsun/r^2
367 input pairs/tracklets led to 127 physically reasonable state vectors
Identified 0 candidate linkages
Working on grid point 1520: r = 1.3400 AU, v = 0.0000 km/sec, dv/dt = -0.4000 GMsun/r^2
367 input pairs/tracklets led to 136 physically reasonable state vectors
Identified 0 candidate linkages
Working on grid point 1521: r = 1.3400 AU, v = 3.4629 km/sec, dv/dt = 0.4000 GMsun/r^2
367 input pairs/tracklets led to 120 physically reasonable state vectors
Identified 0 candidate linkages
Working on grid point 1522: r = 1.3400 AU, v = 3.4629 km/sec, dv/dt = -0.0000 GMsun/r^2
367 input pairs/tracklets led to 127 physically reasonable state vectors
Identified 0 candidate linkages
Working on grid point 1523: r = 1.3400 AU, v = 3.4629 km/sec, dv/dt = -0.4000 GMsun/r^2
367 input pairs/tracklets led to 132 physically reasonable state vectors
Identified 0 candidate linkages
Working on grid point 1524: r = 1.3400 AU, v = 6.9258 km/sec, dv/dt = 0.4000 GMsun/r^2
367 input pairs/tracklets led to 124 physically reasonable state vectors
Identified 0 candidate linkages
Working on grid point 1525: r = 1.3400 AU, v = 6.9258 km/sec, dv/dt = -0.0000 GMsun/r^2
367 input pairs/tracklets led to 125 physically reasonable state vectors
Identified 0 candidate linkages
Working on grid point 1526: r = 1.3400 AU, v = 6.9258 km/sec, dv/dt = -0.4000 GMsun/r^2
367 input pairs/tracklets led to 124 physically reasonable state vectors
Identified 0 candidate linkages
Working on grid point 1527: r = 1.3400 AU, v = 10.3887 km/sec, dv/dt = 0.4000 GMsun/r^2
367 input pairs/tracklets led to 127 physically reasonable state vectors
Identified 0 candidate linkages
Working on grid point 1528: r = 1.3400 AU, v = 10.3887 km/sec, dv/dt = -0.0000 GMsun/r^2
367 input pairs/tracklets led to 121 physically reasonable state vectors
Identified 0 candidate linkages
Working on grid point 1529: r = 1.3400 AU, v = 10.3887 km/sec, dv/dt = -0.4000 GMsun/r^2
367 input pairs/tracklets led to 120 physically reasonable state vectors
Identified 0 candidate linkages
Working on grid point 1530: r = 1.3400 AU, v = 13.8517 km/sec, dv/dt = 0.4000 GMsun/r^2
367 input pairs/tracklets led to 105 physically reasonable state vectors
Identified 0 candidate linkages
Working on grid point 1531: r = 1.3400 AU, v = 13.8517 km/sec, dv/dt = -0.0000 GMsun/r^2
367 input pairs/tracklets led to 104 physically reasonable state vectors
Identified 0 candidate linkages
Working on grid point 1532: r = 1.3400 AU, v = 13.8517 km/sec, dv/dt = -0.4000 GMsun/r^2
367 input pairs/tracklets led to 108 physically reasonable state vectors
Identified 0 candidate linkages
Working on grid point 1533: r = 1.3400 AU, v = 17.3146 km/sec, dv/dt = -0.0000 GMsun/r^2
367 input pairs/tracklets led to 95 physically reasonable state vectors
Identified 0 candidate linkages
Working on grid point 1534: r = 1.3400 AU, v = 17.3146 km/sec, dv/dt = -0.4000 GMsun/r^2
367 input pairs/tracklets led to 96 physically reasonable state vectors
Identified 0 candidate linkages
Working on grid point 1535: r = 1.3400 AU, v = 17.3146 km/sec, dv/dt = -0.8000 GMsun/r^2
367 input pairs/tracklets led to 98 physically reasonable state vectors
Identified 0 candidate linkages
Working on grid point 1536: r = 1.3400 AU, v = 20.7775 km/sec, dv/dt = -0.0000 GMsun/r^2
367 input pairs/tracklets led to 83 physically reasonable state vectors
Identified 0 candidate linkages
Working on grid point 1537: r = 1.3400 AU, v = 20.7775 km/sec, dv/dt = -0.4000 GMsun/r^2
367 input pairs/tracklets led to 83 physically reasonable state vectors
Identified 0 candidate linkages
Working on grid point 1538: r = 1.3400 AU, v = 20.7775 km/sec, dv/dt = -0.8000 GMsun/r^2
367 input pairs/tracklets led to 85 physically reasonable state vectors
Identified 0 candidate linkages
Working on grid point 1539: r = 1.3400 AU, v = 24.2404 km/sec, dv/dt = -0.4000 GMsun/r^2
367 input pairs/tracklets led to 76 physically reasonable state vectors
Identified 0 candidate linkages
Working on grid point 1540: r = 1.3400 AU, v = 24.2404 km/sec, dv/dt = -0.8000 GMsun/r^2
Working on grid point 1541: r = 1.3400 AU, v = 27.7033 km/sec, dv/dt = -0.4000 GMsun/r^2
367 input pairs/tracklets led to 41 physically reasonable state vectors
Identified 0 candidate linkages
Working on grid point 1542: r = 1.3400 AU, v = 27.7033 km/sec, dv/dt = -0.8000 GMsun/r^2
Working on grid point 1543: r = 1.3400 AU, v = 31.1662 km/sec, dv/dt = -0.8000 GMsun/r^2
Working on grid point 1544: r = 1.3500 AU, v = -31.1662 km/sec, dv/dt = -0.8000 GMsun/r^2
Working on grid point 1545: r = 1.3500 AU, v = -27.7033 km/sec, dv/dt = -0.4000 GMsun/r^2
367 input pairs/tracklets led to 119 physically reasonable state vectors
Identified 0 candidate linkages
Working on grid point 1546: r = 1.3500 AU, v = -27.7033 km/sec, dv/dt = -0.8000 GMsun/r^2
Working on grid point 1547: r = 1.3500 AU, v = -24.2404 km/sec, dv/dt = -0.4000 GMsun/r^2
367 input pairs/tracklets led to 130 physically reasonable state vectors
Identified 0 candidate linkages
Working on grid point 1548: r = 1.3500 AU, v = -24.2404 km/sec, dv/dt = -0.8000 GMsun/r^2
Working on grid point 1549: r = 1.3500 AU, v = -20.7775 km/sec, dv/dt = -0.0000 GMsun/r^2
367 input pairs/tracklets led to 132 physically reasonable state vectors
Identified 0 candidate linkages
Working on grid point 1550: r = 1.3500 AU, v = -20.7775 km/sec, dv/dt = -0.4000 GMsun/r^2
367 input pairs/tracklets led to 135 physically reasonable state vectors
Identified 0 candidate linkages
Working on grid point 1551: r = 1.3500 AU, v = -20.7775 km/sec, dv/dt = -0.8000 GMsun/r^2
367 input pairs/tracklets led to 136 physically reasonable state vectors
Identified 0 candidate linkages
Working on grid point 1552: r = 1.3500 AU, v = -17.3146 km/sec, dv/dt = -0.0000 GMsun/r^2
367 input pairs/tracklets led to 153 physically reasonable state vectors
Identified 0 candidate linkages
Working on grid point 1553: r = 1.3500 AU, v = -17.3146 km/sec, dv/dt = -0.4000 GMsun/r^2
367 input pairs/tracklets led to 144 physically reasonable state vectors
Identified 0 candidate linkages
Working on grid point 1554: r = 1.3500 AU, v = -17.3146 km/sec, dv/dt = -0.8000 GMsun/r^2
367 input pairs/tracklets led to 143 physically reasonable state vectors
Identified 0 candidate linkages
Working on grid point 1555: r = 1.3500 AU, v = -13.8517 km/sec, dv/dt = 0.4000 GMsun/r^2
367 input pairs/tracklets led to 158 physically reasonable state vectors
Identified 0 candidate linkages
Working on grid point 1556: r = 1.3500 AU, v = -13.8517 km/sec, dv/dt = -0.0000 GMsun/r^2
367 input pairs/tracklets led to 155 physically reasonable state vectors
Identified 0 candidate linkages
Working on grid point 1557: r = 1.3500 AU, v = -13.8517 km/sec, dv/dt = -0.4000 GMsun/r^2
367 input pairs/tracklets led to 145 physically reasonable state vectors
Identified 0 candidate linkages
Working on grid point 1558: r = 1.3500 AU, v = -10.3887 km/sec, dv/dt = 0.4000 GMsun/r^2
367 input pairs/tracklets led to 161 physically reasonable state vectors
Identified 0 candidate linkages
Working on grid point 1559: r = 1.3500 AU, v = -10.3887 km/sec, dv/dt = -0.0000 GMsun/r^2
367 input pairs/tracklets led to 154 physically reasonable state vectors
Identified 0 candidate linkages
Working on grid point 1560: r = 1.3500 AU, v = -10.3887 km/sec, dv/dt = -0.4000 GMsun/r^2
367 input pairs/tracklets led to 153 physically reasonable state vectors
Identified 0 candidate linkages
Working on grid point 1561: r = 1.3500 AU, v = -6.9258 km/sec, dv/dt = 0.4000 GMsun/r^2
367 input pairs/tracklets led to 148 physically reasonable state vectors
Identified 0 candidate linkages
Working on grid point 1562: r = 1.3500 AU, v = -6.9258 km/sec, dv/dt = -0.0000 GMsun/r^2
367 input pairs/tracklets led to 160 physically reasonable state vectors
Identified 0 candidate linkages
Working on grid point 1563: r = 1.3500 AU, v = -6.9258 km/sec, dv/dt = -0.4000 GMsun/r^2
367 input pairs/tracklets led to 159 physically reasonable state vectors
Identified 0 candidate linkages
Working on grid point 1564: r = 1.3500 AU, v = -3.4629 km/sec, dv/dt = 0.4000 GMsun/r^2
367 input pairs/tracklets led to 130 physically reasonable state vectors
Identified 0 candidate linkages
Working on grid point 1565: r = 1.3500 AU, v = -3.4629 km/sec, dv/dt = -0.0000 GMsun/r^2
367 input pairs/tracklets led to 141 physically reasonable state vectors
Identified 0 candidate linkages
Working on grid point 1566: r = 1.3500 AU, v = -3.4629 km/sec, dv/dt = -0.4000 GMsun/r^2
367 input pairs/tracklets led to 143 physically reasonable state vectors
Identified 0 candidate linkages
Working on grid point 1567: r = 1.3500 AU, v = 0.0000 km/sec, dv/dt = 0.4000 GMsun/r^2
367 input pairs/tracklets led to 119 physically reasonable state vectors
Identified 0 candidate linkages
Working on grid point 1568: r = 1.3500 AU, v = 0.0000 km/sec, dv/dt = -0.0000 GMsun/r^2
367 input pairs/tracklets led to 123 physically reasonable state vectors
Identified 0 candidate linkages
Working on grid point 1569: r = 1.3500 AU, v = 0.0000 km/sec, dv/dt = -0.4000 GMsun/r^2
367 input pairs/tracklets led to 132 physically reasonable state vectors
Identified 0 candidate linkages
Working on grid point 1570: r = 1.3500 AU, v = 3.4629 km/sec, dv/dt = 0.4000 GMsun/r^2
367 input pairs/tracklets led to 120 physically reasonable state vectors
Identified 0 candidate linkages
Working on grid point 1571: r = 1.3500 AU, v = 3.4629 km/sec, dv/dt = -0.0000 GMsun/r^2
367 input pairs/tracklets led to 123 physically reasonable state vectors
Identified 0 candidate linkages
Working on grid point 1572: r = 1.3500 AU, v = 3.4629 km/sec, dv/dt = -0.4000 GMsun/r^2
367 input pairs/tracklets led to 131 physically reasonable state vectors
Identified 0 candidate linkages
Working on grid point 1573: r = 1.3500 AU, v = 6.9258 km/sec, dv/dt = 0.4000 GMsun/r^2
367 input pairs/tracklets led to 120 physically reasonable state vectors
Identified 0 candidate linkages
Working on grid point 1574: r = 1.3500 AU, v = 6.9258 km/sec, dv/dt = -0.0000 GMsun/r^2
367 input pairs/tracklets led to 122 physically reasonable state vectors
Identified 0 candidate linkages
Working on grid point 1575: r = 1.3500 AU, v = 6.9258 km/sec, dv/dt = -0.4000 GMsun/r^2
367 input pairs/tracklets led to 121 physically reasonable state vectors
Identified 0 candidate linkages
Working on grid point 1576: r = 1.3500 AU, v = 10.3887 km/sec, dv/dt = 0.4000 GMsun/r^2
367 input pairs/tracklets led to 122 physically reasonable state vectors
Identified 0 candidate linkages
Working on grid point 1577: r = 1.3500 AU, v = 10.3887 km/sec, dv/dt = -0.0000 GMsun/r^2
367 input pairs/tracklets led to 120 physically reasonable state vectors
Identified 0 candidate linkages
Working on grid point 1578: r = 1.3500 AU, v = 10.3887 km/sec, dv/dt = -0.4000 GMsun/r^2
367 input pairs/tracklets led to 117 physically reasonable state vectors
Identified 0 candidate linkages
Working on grid point 1579: r = 1.3500 AU, v = 13.8517 km/sec, dv/dt = 0.4000 GMsun/r^2
367 input pairs/tracklets led to 103 physically reasonable state vectors
Identified 0 candidate linkages
Working on grid point 1580: r = 1.3500 AU, v = 13.8517 km/sec, dv/dt = -0.0000 GMsun/r^2
367 input pairs/tracklets led to 103 physically reasonable state vectors
Identified 0 candidate linkages
Working on grid point 1581: r = 1.3500 AU, v = 13.8517 km/sec, dv/dt = -0.4000 GMsun/r^2
367 input pairs/tracklets led to 105 physically reasonable state vectors
Identified 0 candidate linkages
Working on grid point 1582: r = 1.3500 AU, v = 17.3146 km/sec, dv/dt = -0.0000 GMsun/r^2
367 input pairs/tracklets led to 91 physically reasonable state vectors
Identified 0 candidate linkages
Working on grid point 1583: r = 1.3500 AU, v = 17.3146 km/sec, dv/dt = -0.4000 GMsun/r^2
367 input pairs/tracklets led to 92 physically reasonable state vectors
Identified 0 candidate linkages
Working on grid point 1584: r = 1.3500 AU, v = 17.3146 km/sec, dv/dt = -0.8000 GMsun/r^2
367 input pairs/tracklets led to 95 physically reasonable state vectors
Identified 0 candidate linkages
Working on grid point 1585: r = 1.3500 AU, v = 20.7775 km/sec, dv/dt = -0.0000 GMsun/r^2
367 input pairs/tracklets led to 82 physically reasonable state vectors
Identified 0 candidate linkages
Working on grid point 1586: r = 1.3500 AU, v = 20.7775 km/sec, dv/dt = -0.4000 GMsun/r^2
367 input pairs/tracklets led to 82 physically reasonable state vectors
Identified 0 candidate linkages
Working on grid point 1587: r = 1.3500 AU, v = 20.7775 km/sec, dv/dt = -0.8000 GMsun/r^2
367 input pairs/tracklets led to 83 physically reasonable state vectors
Identified 0 candidate linkages
Working on grid point 1588: r = 1.3500 AU, v = 24.2404 km/sec, dv/dt = -0.4000 GMsun/r^2
367 input pairs/tracklets led to 74 physically reasonable state vectors
Identified 0 candidate linkages
Working on grid point 1589: r = 1.3500 AU, v = 24.2404 km/sec, dv/dt = -0.8000 GMsun/r^2
367 input pairs/tracklets led to 74 physically reasonable state vectors
Identified 0 candidate linkages
Working on grid point 1590: r = 1.3500 AU, v = 27.7033 km/sec, dv/dt = -0.4000 GMsun/r^2
367 input pairs/tracklets led to 44 physically reasonable state vectors
Identified 0 candidate linkages
Working on grid point 1591: r = 1.3500 AU, v = 27.7033 km/sec, dv/dt = -0.8000 GMsun/r^2
Working on grid point 1592: r = 1.3500 AU, v = 31.1662 km/sec, dv/dt = -0.8000 GMsun/r^2
Working on grid point 1593: r = 1.3600 AU, v = -27.7033 km/sec, dv/dt = -0.4000 GMsun/r^2
367 input pairs/tracklets led to 113 physically reasonable state vectors
Identified 0 candidate linkages
Working on grid point 1594: r = 1.3600 AU, v = -27.7033 km/sec, dv/dt = -0.8000 GMsun/r^2
Working on grid point 1595: r = 1.3600 AU, v = -24.2404 km/sec, dv/dt = -0.4000 GMsun/r^2
367 input pairs/tracklets led to 128 physically reasonable state vectors
Identified 0 candidate linkages
Working on grid point 1596: r = 1.3600 AU, v = -24.2404 km/sec, dv/dt = -0.8000 GMsun/r^2
Working on grid point 1597: r = 1.3600 AU, v = -20.7775 km/sec, dv/dt = -0.0000 GMsun/r^2
367 input pairs/tracklets led to 130 physically reasonable state vectors
Identified 0 candidate linkages
Working on grid point 1598: r = 1.3600 AU, v = -20.7775 km/sec, dv/dt = -0.4000 GMsun/r^2
367 input pairs/tracklets led to 133 physically reasonable state vectors
Identified 0 candidate linkages
Working on grid point 1599: r = 1.3600 AU, v = -20.7775 km/sec, dv/dt = -0.8000 GMsun/r^2
367 input pairs/tracklets led to 133 physically reasonable state vectors
Identified 0 candidate linkages
Working on grid point 1600: r = 1.3600 AU, v = -17.3146 km/sec, dv/dt = -0.0000 GMsun/r^2
367 input pairs/tracklets led to 145 physically reasonable state vectors
Identified 0 candidate linkages
Working on grid point 1601: r = 1.3600 AU, v = -17.3146 km/sec, dv/dt = -0.4000 GMsun/r^2
367 input pairs/tracklets led to 138 physically reasonable state vectors
Identified 0 candidate linkages
Working on grid point 1602: r = 1.3600 AU, v = -17.3146 km/sec, dv/dt = -0.8000 GMsun/r^2
367 input pairs/tracklets led to 135 physically reasonable state vectors
Identified 0 candidate linkages
Working on grid point 1603: r = 1.3600 AU, v = -13.8517 km/sec, dv/dt = 0.4000 GMsun/r^2
367 input pairs/tracklets led to 155 physically reasonable state vectors
Identified 0 candidate linkages
Working on grid point 1604: r = 1.3600 AU, v = -13.8517 km/sec, dv/dt = -0.0000 GMsun/r^2
367 input pairs/tracklets led to 152 physically reasonable state vectors
Identified 0 candidate linkages
Working on grid point 1605: r = 1.3600 AU, v = -13.8517 km/sec, dv/dt = -0.4000 GMsun/r^2
367 input pairs/tracklets led to 150 physically reasonable state vectors
Identified 0 candidate linkages
Working on grid point 1606: r = 1.3600 AU, v = -10.3887 km/sec, dv/dt = 0.4000 GMsun/r^2
367 input pairs/tracklets led to 158 physically reasonable state vectors
Identified 0 candidate linkages
Working on grid point 1607: r = 1.3600 AU, v = -10.3887 km/sec, dv/dt = -0.0000 GMsun/r^2
367 input pairs/tracklets led to 152 physically reasonable state vectors
Identified 0 candidate linkages
Working on grid point 1608: r = 1.3600 AU, v = -10.3887 km/sec, dv/dt = -0.4000 GMsun/r^2
367 input pairs/tracklets led to 149 physically reasonable state vectors
Identified 0 candidate linkages
Working on grid point 1609: r = 1.3600 AU, v = -6.9258 km/sec, dv/dt = 0.4000 GMsun/r^2
367 input pairs/tracklets led to 143 physically reasonable state vectors
Identified 0 candidate linkages
Working on grid point 1610: r = 1.3600 AU, v = -6.9258 km/sec, dv/dt = -0.0000 GMsun/r^2
367 input pairs/tracklets led to 150 physically reasonable state vectors
Identified 0 candidate linkages
Working on grid point 1611: r = 1.3600 AU, v = -6.9258 km/sec, dv/dt = -0.4000 GMsun/r^2
367 input pairs/tracklets led to 157 physically reasonable state vectors
Identified 0 candidate linkages
Working on grid point 1612: r = 1.3600 AU, v = -3.4629 km/sec, dv/dt = 0.4000 GMsun/r^2
367 input pairs/tracklets led to 126 physically reasonable state vectors
Identified 0 candidate linkages
Working on grid point 1613: r = 1.3600 AU, v = -3.4629 km/sec, dv/dt = -0.0000 GMsun/r^2
367 input pairs/tracklets led to 138 physically reasonable state vectors
Identified 0 candidate linkages
Working on grid point 1614: r = 1.3600 AU, v = -3.4629 km/sec, dv/dt = -0.4000 GMsun/r^2
367 input pairs/tracklets led to 137 physically reasonable state vectors
Identified 0 candidate linkages
Working on grid point 1615: r = 1.3600 AU, v = 0.0000 km/sec, dv/dt = 0.4000 GMsun/r^2
367 input pairs/tracklets led to 117 physically reasonable state vectors
Identified 0 candidate linkages
Working on grid point 1616: r = 1.3600 AU, v = 0.0000 km/sec, dv/dt = -0.0000 GMsun/r^2
367 input pairs/tracklets led to 121 physically reasonable state vectors
Identified 0 candidate linkages
Working on grid point 1617: r = 1.3600 AU, v = 0.0000 km/sec, dv/dt = -0.4000 GMsun/r^2
367 input pairs/tracklets led to 124 physically reasonable state vectors
Identified 0 candidate linkages
Working on grid point 1618: r = 1.3600 AU, v = 3.4629 km/sec, dv/dt = 0.4000 GMsun/r^2
367 input pairs/tracklets led to 116 physically reasonable state vectors
Identified 0 candidate linkages
Working on grid point 1619: r = 1.3600 AU, v = 3.4629 km/sec, dv/dt = -0.0000 GMsun/r^2
367 input pairs/tracklets led to 121 physically reasonable state vectors
Identified 0 candidate linkages
Working on grid point 1620: r = 1.3600 AU, v = 3.4629 km/sec, dv/dt = -0.4000 GMsun/r^2
367 input pairs/tracklets led to 126 physically reasonable state vectors
Identified 0 candidate linkages
Working on grid point 1621: r = 1.3600 AU, v = 6.9258 km/sec, dv/dt = 0.4000 GMsun/r^2
367 input pairs/tracklets led to 117 physically reasonable state vectors
Identified 0 candidate linkages
Working on grid point 1622: r = 1.3600 AU, v = 6.9258 km/sec, dv/dt = -0.0000 GMsun/r^2
367 input pairs/tracklets led to 120 physically reasonable state vectors
Identified 0 candidate linkages
Working on grid point 1623: r = 1.3600 AU, v = 6.9258 km/sec, dv/dt = -0.4000 GMsun/r^2
367 input pairs/tracklets led to 115 physically reasonable state vectors
Identified 0 candidate linkages
Working on grid point 1624: r = 1.3600 AU, v = 10.3887 km/sec, dv/dt = 0.4000 GMsun/r^2
367 input pairs/tracklets led to 116 physically reasonable state vectors
Identified 0 candidate linkages
Working on grid point 1625: r = 1.3600 AU, v = 10.3887 km/sec, dv/dt = -0.0000 GMsun/r^2
367 input pairs/tracklets led to 113 physically reasonable state vectors
Identified 0 candidate linkages
Working on grid point 1626: r = 1.3600 AU, v = 10.3887 km/sec, dv/dt = -0.4000 GMsun/r^2
367 input pairs/tracklets led to 115 physically reasonable state vectors
Identified 0 candidate linkages
Working on grid point 1627: r = 1.3600 AU, v = 13.8517 km/sec, dv/dt = 0.4000 GMsun/r^2
367 input pairs/tracklets led to 100 physically reasonable state vectors
Identified 0 candidate linkages
Working on grid point 1628: r = 1.3600 AU, v = 13.8517 km/sec, dv/dt = -0.0000 GMsun/r^2
367 input pairs/tracklets led to 99 physically reasonable state vectors
Identified 0 candidate linkages
Working on grid point 1629: r = 1.3600 AU, v = 13.8517 km/sec, dv/dt = -0.4000 GMsun/r^2
367 input pairs/tracklets led to 100 physically reasonable state vectors
Identified 0 candidate linkages
Working on grid point 1630: r = 1.3600 AU, v = 17.3146 km/sec, dv/dt = -0.0000 GMsun/r^2
367 input pairs/tracklets led to 89 physically reasonable state vectors
Identified 0 candidate linkages
Working on grid point 1631: r = 1.3600 AU, v = 17.3146 km/sec, dv/dt = -0.4000 GMsun/r^2
367 input pairs/tracklets led to 90 physically reasonable state vectors
Identified 0 candidate linkages
Working on grid point 1632: r = 1.3600 AU, v = 17.3146 km/sec, dv/dt = -0.8000 GMsun/r^2
367 input pairs/tracklets led to 92 physically reasonable state vectors
Identified 0 candidate linkages
Working on grid point 1633: r = 1.3600 AU, v = 20.7775 km/sec, dv/dt = -0.0000 GMsun/r^2
367 input pairs/tracklets led to 82 physically reasonable state vectors
Identified 0 candidate linkages
Working on grid point 1634: r = 1.3600 AU, v = 20.7775 km/sec, dv/dt = -0.4000 GMsun/r^2
367 input pairs/tracklets led to 80 physically reasonable state vectors
Identified 0 candidate linkages
Working on grid point 1635: r = 1.3600 AU, v = 20.7775 km/sec, dv/dt = -0.8000 GMsun/r^2
367 input pairs/tracklets led to 82 physically reasonable state vectors
Identified 0 candidate linkages
Working on grid point 1636: r = 1.3600 AU, v = 24.2404 km/sec, dv/dt = -0.4000 GMsun/r^2
367 input pairs/tracklets led to 72 physically reasonable state vectors
Identified 0 candidate linkages
Working on grid point 1637: r = 1.3600 AU, v = 24.2404 km/sec, dv/dt = -0.8000 GMsun/r^2
367 input pairs/tracklets led to 74 physically reasonable state vectors
Identified 0 candidate linkages
Working on grid point 1638: r = 1.3600 AU, v = 27.7033 km/sec, dv/dt = -0.4000 GMsun/r^2
367 input pairs/tracklets led to 43 physically reasonable state vectors
Identified 0 candidate linkages
Working on grid point 1639: r = 1.3600 AU, v = 27.7033 km/sec, dv/dt = -0.8000 GMsun/r^2
Working on grid point 1640: r = 1.3600 AU, v = 31.1662 km/sec, dv/dt = -0.8000 GMsun/r^2
Working on grid point 1641: r = 1.3700 AU, v = -31.1662 km/sec, dv/dt = -0.8000 GMsun/r^2
Working on grid point 1642: r = 1.3700 AU, v = -27.7033 km/sec, dv/dt = -0.4000 GMsun/r^2
367 input pairs/tracklets led to 108 physically reasonable state vectors
Identified 0 candidate linkages
Working on grid point 1643: r = 1.3700 AU, v = -27.7033 km/sec, dv/dt = -0.8000 GMsun/r^2
Working on grid point 1644: r = 1.3700 AU, v = -24.2404 km/sec, dv/dt = -0.4000 GMsun/r^2
367 input pairs/tracklets led to 124 physically reasonable state vectors
Identified 0 candidate linkages
Working on grid point 1645: r = 1.3700 AU, v = -24.2404 km/sec, dv/dt = -0.8000 GMsun/r^2
367 input pairs/tracklets led to 124 physically reasonable state vectors
Identified 0 candidate linkages
Working on grid point 1646: r = 1.3700 AU, v = -20.7775 km/sec, dv/dt = -0.0000 GMsun/r^2
367 input pairs/tracklets led to 123 physically reasonable state vectors
Identified 0 candidate linkages
Working on grid point 1647: r = 1.3700 AU, v = -20.7775 km/sec, dv/dt = -0.4000 GMsun/r^2
367 input pairs/tracklets led to 128 physically reasonable state vectors
Identified 0 candidate linkages
Working on grid point 1648: r = 1.3700 AU, v = -20.7775 km/sec, dv/dt = -0.8000 GMsun/r^2
367 input pairs/tracklets led to 127 physically reasonable state vectors
Identified 0 candidate linkages
Working on grid point 1649: r = 1.3700 AU, v = -17.3146 km/sec, dv/dt = -0.0000 GMsun/r^2
367 input pairs/tracklets led to 145 physically reasonable state vectors
Identified 0 candidate linkages
Working on grid point 1650: r = 1.3700 AU, v = -17.3146 km/sec, dv/dt = -0.4000 GMsun/r^2
367 input pairs/tracklets led to 137 physically reasonable state vectors
Identified 0 candidate linkages
Working on grid point 1651: r = 1.3700 AU, v = -17.3146 km/sec, dv/dt = -0.8000 GMsun/r^2
367 input pairs/tracklets led to 132 physically reasonable state vectors
Identified 0 candidate linkages
Working on grid point 1652: r = 1.3700 AU, v = -13.8517 km/sec, dv/dt = 0.4000 GMsun/r^2
367 input pairs/tracklets led to 153 physically reasonable state vectors
Identified 0 candidate linkages
Working on grid point 1653: r = 1.3700 AU, v = -13.8517 km/sec, dv/dt = -0.0000 GMsun/r^2
367 input pairs/tracklets led to 150 physically reasonable state vectors
Identified 0 candidate linkages
Working on grid point 1654: r = 1.3700 AU, v = -13.8517 km/sec, dv/dt = -0.4000 GMsun/r^2
367 input pairs/tracklets led to 150 physically reasonable state vectors
Identified 0 candidate linkages
Working on grid point 1655: r = 1.3700 AU, v = -10.3887 km/sec, dv/dt = 0.4000 GMsun/r^2
367 input pairs/tracklets led to 155 physically reasonable state vectors
Identified 0 candidate linkages
Working on grid point 1656: r = 1.3700 AU, v = -10.3887 km/sec, dv/dt = -0.0000 GMsun/r^2
367 input pairs/tracklets led to 151 physically reasonable state vectors
Identified 0 candidate linkages
Working on grid point 1657: r = 1.3700 AU, v = -10.3887 km/sec, dv/dt = -0.4000 GMsun/r^2
367 input pairs/tracklets led to 152 physically reasonable state vectors
Identified 0 candidate linkages
Working on grid point 1658: r = 1.3700 AU, v = -6.9258 km/sec, dv/dt = 0.4000 GMsun/r^2
367 input pairs/tracklets led to 138 physically reasonable state vectors
Identified 0 candidate linkages
Working on grid point 1659: r = 1.3700 AU, v = -6.9258 km/sec, dv/dt = -0.0000 GMsun/r^2
367 input pairs/tracklets led to 144 physically reasonable state vectors
Identified 0 candidate linkages
Working on grid point 1660: r = 1.3700 AU, v = -6.9258 km/sec, dv/dt = -0.4000 GMsun/r^2
367 input pairs/tracklets led to 146 physically reasonable state vectors
Identified 0 candidate linkages
Working on grid point 1661: r = 1.3700 AU, v = -3.4629 km/sec, dv/dt = 0.4000 GMsun/r^2
367 input pairs/tracklets led to 123 physically reasonable state vectors
Identified 0 candidate linkages
Working on grid point 1662: r = 1.3700 AU, v = -3.4629 km/sec, dv/dt = -0.0000 GMsun/r^2
367 input pairs/tracklets led to 133 physically reasonable state vectors
Identified 0 candidate linkages
Working on grid point 1663: r = 1.3700 AU, v = -3.4629 km/sec, dv/dt = -0.4000 GMsun/r^2
367 input pairs/tracklets led to 132 physically reasonable state vectors
Identified 0 candidate linkages
Working on grid point 1664: r = 1.3700 AU, v = 0.0000 km/sec, dv/dt = 0.4000 GMsun/r^2
367 input pairs/tracklets led to 114 physically reasonable state vectors
Identified 0 candidate linkages
Working on grid point 1665: r = 1.3700 AU, v = 0.0000 km/sec, dv/dt = -0.0000 GMsun/r^2
367 input pairs/tracklets led to 118 physically reasonable state vectors
Identified 0 candidate linkages
Working on grid point 1666: r = 1.3700 AU, v = 0.0000 km/sec, dv/dt = -0.4000 GMsun/r^2
367 input pairs/tracklets led to 120 physically reasonable state vectors
Identified 0 candidate linkages
Working on grid point 1667: r = 1.3700 AU, v = 3.4629 km/sec, dv/dt = 0.4000 GMsun/r^2
367 input pairs/tracklets led to 115 physically reasonable state vectors
Identified 0 candidate linkages
Working on grid point 1668: r = 1.3700 AU, v = 3.4629 km/sec, dv/dt = -0.0000 GMsun/r^2
367 input pairs/tracklets led to 120 physically reasonable state vectors
Identified 0 candidate linkages
Working on grid point 1669: r = 1.3700 AU, v = 3.4629 km/sec, dv/dt = -0.4000 GMsun/r^2
367 input pairs/tracklets led to 123 physically reasonable state vectors
Identified 0 candidate linkages
Working on grid point 1670: r = 1.3700 AU, v = 6.9258 km/sec, dv/dt = 0.4000 GMsun/r^2
367 input pairs/tracklets led to 114 physically reasonable state vectors
Identified 0 candidate linkages
Working on grid point 1671: r = 1.3700 AU, v = 6.9258 km/sec, dv/dt = -0.0000 GMsun/r^2
367 input pairs/tracklets led to 119 physically reasonable state vectors
Identified 0 candidate linkages
Working on grid point 1672: r = 1.3700 AU, v = 6.9258 km/sec, dv/dt = -0.4000 GMsun/r^2
367 input pairs/tracklets led to 114 physically reasonable state vectors
Identified 0 candidate linkages
Working on grid point 1673: r = 1.3700 AU, v = 10.3887 km/sec, dv/dt = 0.4000 GMsun/r^2
367 input pairs/tracklets led to 111 physically reasonable state vectors
Identified 0 candidate linkages
Working on grid point 1674: r = 1.3700 AU, v = 10.3887 km/sec, dv/dt = -0.0000 GMsun/r^2
367 input pairs/tracklets led to 109 physically reasonable state vectors
Identified 0 candidate linkages
Working on grid point 1675: r = 1.3700 AU, v = 10.3887 km/sec, dv/dt = -0.4000 GMsun/r^2
367 input pairs/tracklets led to 111 physically reasonable state vectors
Identified 0 candidate linkages
Working on grid point 1676: r = 1.3700 AU, v = 13.8517 km/sec, dv/dt = 0.4000 GMsun/r^2
367 input pairs/tracklets led to 99 physically reasonable state vectors
Identified 0 candidate linkages
Working on grid point 1677: r = 1.3700 AU, v = 13.8517 km/sec, dv/dt = -0.0000 GMsun/r^2
367 input pairs/tracklets led to 100 physically reasonable state vectors
Identified 0 candidate linkages
Working on grid point 1678: r = 1.3700 AU, v = 13.8517 km/sec, dv/dt = -0.4000 GMsun/r^2
367 input pairs/tracklets led to 99 physically reasonable state vectors
Identified 0 candidate linkages
Working on grid point 1679: r = 1.3700 AU, v = 17.3146 km/sec, dv/dt = -0.0000 GMsun/r^2
367 input pairs/tracklets led to 87 physically reasonable state vectors
Identified 0 candidate linkages
Working on grid point 1680: r = 1.3700 AU, v = 17.3146 km/sec, dv/dt = -0.4000 GMsun/r^2
367 input pairs/tracklets led to 88 physically reasonable state vectors
Identified 0 candidate linkages
Working on grid point 1681: r = 1.3700 AU, v = 17.3146 km/sec, dv/dt = -0.8000 GMsun/r^2
367 input pairs/tracklets led to 90 physically reasonable state vectors
Identified 0 candidate linkages
Working on grid point 1682: r = 1.3700 AU, v = 20.7775 km/sec, dv/dt = -0.0000 GMsun/r^2
367 input pairs/tracklets led to 79 physically reasonable state vectors
Identified 0 candidate linkages
Working on grid point 1683: r = 1.3700 AU, v = 20.7775 km/sec, dv/dt = -0.4000 GMsun/r^2
367 input pairs/tracklets led to 78 physically reasonable state vectors
Identified 0 candidate linkages
Working on grid point 1684: r = 1.3700 AU, v = 20.7775 km/sec, dv/dt = -0.8000 GMsun/r^2
367 input pairs/tracklets led to 81 physically reasonable state vectors
Identified 0 candidate linkages
Working on grid point 1685: r = 1.3700 AU, v = 24.2404 km/sec, dv/dt = -0.4000 GMsun/r^2
367 input pairs/tracklets led to 70 physically reasonable state vectors
Identified 0 candidate linkages
Working on grid point 1686: r = 1.3700 AU, v = 24.2404 km/sec, dv/dt = -0.8000 GMsun/r^2
367 input pairs/tracklets led to 72 physically reasonable state vectors
Identified 0 candidate linkages
Working on grid point 1687: r = 1.3700 AU, v = 27.7033 km/sec, dv/dt = -0.4000 GMsun/r^2
367 input pairs/tracklets led to 42 physically reasonable state vectors
Identified 0 candidate linkages
Working on grid point 1688: r = 1.3700 AU, v = 27.7033 km/sec, dv/dt = -0.8000 GMsun/r^2
Working on grid point 1689: r = 1.3700 AU, v = 31.1662 km/sec, dv/dt = -0.8000 GMsun/r^2
Working on grid point 1690: r = 1.3800 AU, v = -27.7033 km/sec, dv/dt = -0.4000 GMsun/r^2
367 input pairs/tracklets led to 105 physically reasonable state vectors
Identified 0 candidate linkages
Working on grid point 1691: r = 1.3800 AU, v = -27.7033 km/sec, dv/dt = -0.8000 GMsun/r^2
Working on grid point 1692: r = 1.3800 AU, v = -24.2404 km/sec, dv/dt = -0.4000 GMsun/r^2
367 input pairs/tracklets led to 117 physically reasonable state vectors
Identified 0 candidate linkages
Working on grid point 1693: r = 1.3800 AU, v = -24.2404 km/sec, dv/dt = -0.8000 GMsun/r^2
367 input pairs/tracklets led to 118 physically reasonable state vectors
Identified 0 candidate linkages
Working on grid point 1694: r = 1.3800 AU, v = -20.7775 km/sec, dv/dt = -0.0000 GMsun/r^2
367 input pairs/tracklets led to 119 physically reasonable state vectors
Identified 0 candidate linkages
Working on grid point 1695: r = 1.3800 AU, v = -20.7775 km/sec, dv/dt = -0.4000 GMsun/r^2
367 input pairs/tracklets led to 122 physically reasonable state vectors
Identified 0 candidate linkages
Working on grid point 1696: r = 1.3800 AU, v = -20.7775 km/sec, dv/dt = -0.8000 GMsun/r^2
367 input pairs/tracklets led to 123 physically reasonable state vectors
Identified 0 candidate linkages
Working on grid point 1697: r = 1.3800 AU, v = -17.3146 km/sec, dv/dt = -0.0000 GMsun/r^2
367 input pairs/tracklets led to 143 physically reasonable state vectors
Identified 0 candidate linkages
Working on grid point 1698: r = 1.3800 AU, v = -17.3146 km/sec, dv/dt = -0.4000 GMsun/r^2
367 input pairs/tracklets led to 135 physically reasonable state vectors
Identified 0 candidate linkages
Working on grid point 1699: r = 1.3800 AU, v = -17.3146 km/sec, dv/dt = -0.8000 GMsun/r^2
367 input pairs/tracklets led to 131 physically reasonable state vectors
Identified 0 candidate linkages
Working on grid point 1700: r = 1.3800 AU, v = -13.8517 km/sec, dv/dt = 0.4000 GMsun/r^2
367 input pairs/tracklets led to 150 physically reasonable state vectors
Identified 0 candidate linkages
Working on grid point 1701: r = 1.3800 AU, v = -13.8517 km/sec, dv/dt = -0.0000 GMsun/r^2
367 input pairs/tracklets led to 147 physically reasonable state vectors
Identified 0 candidate linkages
Working on grid point 1702: r = 1.3800 AU, v = -13.8517 km/sec, dv/dt = -0.4000 GMsun/r^2
367 input pairs/tracklets led to 148 physically reasonable state vectors
Identified 0 candidate linkages
Working on grid point 1703: r = 1.3800 AU, v = -10.3887 km/sec, dv/dt = 0.4000 GMsun/r^2
367 input pairs/tracklets led to 153 physically reasonable state vectors
Identified 0 candidate linkages
Working on grid point 1704: r = 1.3800 AU, v = -10.3887 km/sec, dv/dt = -0.0000 GMsun/r^2
367 input pairs/tracklets led to 147 physically reasonable state vectors
Identified 0 candidate linkages
Working on grid point 1705: r = 1.3800 AU, v = -10.3887 km/sec, dv/dt = -0.4000 GMsun/r^2
367 input pairs/tracklets led to 149 physically reasonable state vectors
Identified 0 candidate linkages
Working on grid point 1706: r = 1.3800 AU, v = -6.9258 km/sec, dv/dt = 0.4000 GMsun/r^2
367 input pairs/tracklets led to 136 physically reasonable state vectors
Identified 0 candidate linkages
Working on grid point 1707: r = 1.3800 AU, v = -6.9258 km/sec, dv/dt = -0.0000 GMsun/r^2
367 input pairs/tracklets led to 137 physically reasonable state vectors
Identified 0 candidate linkages
Working on grid point 1708: r = 1.3800 AU, v = -6.9258 km/sec, dv/dt = -0.4000 GMsun/r^2
367 input pairs/tracklets led to 141 physically reasonable state vectors
Identified 0 candidate linkages
Working on grid point 1709: r = 1.3800 AU, v = -3.4629 km/sec, dv/dt = 0.4000 GMsun/r^2
367 input pairs/tracklets led to 119 physically reasonable state vectors
Identified 0 candidate linkages
Working on grid point 1710: r = 1.3800 AU, v = -3.4629 km/sec, dv/dt = -0.0000 GMsun/r^2
367 input pairs/tracklets led to 128 physically reasonable state vectors
Identified 0 candidate linkages
Working on grid point 1711: r = 1.3800 AU, v = -3.4629 km/sec, dv/dt = -0.4000 GMsun/r^2
367 input pairs/tracklets led to 129 physically reasonable state vectors
Identified 0 candidate linkages
Working on grid point 1712: r = 1.3800 AU, v = 0.0000 km/sec, dv/dt = 0.4000 GMsun/r^2
367 input pairs/tracklets led to 112 physically reasonable state vectors
Identified 0 candidate linkages
Working on grid point 1713: r = 1.3800 AU, v = 0.0000 km/sec, dv/dt = -0.0000 GMsun/r^2
367 input pairs/tracklets led to 115 physically reasonable state vectors
Identified 0 candidate linkages
Working on grid point 1714: r = 1.3800 AU, v = 0.0000 km/sec, dv/dt = -0.4000 GMsun/r^2
367 input pairs/tracklets led to 116 physically reasonable state vectors
Identified 0 candidate linkages
Working on grid point 1715: r = 1.3800 AU, v = 3.4629 km/sec, dv/dt = 0.4000 GMsun/r^2
367 input pairs/tracklets led to 112 physically reasonable state vectors
Identified 0 candidate linkages
Working on grid point 1716: r = 1.3800 AU, v = 3.4629 km/sec, dv/dt = -0.0000 GMsun/r^2
367 input pairs/tracklets led to 118 physically reasonable state vectors
Identified 0 candidate linkages
Working on grid point 1717: r = 1.3800 AU, v = 3.4629 km/sec, dv/dt = -0.4000 GMsun/r^2
367 input pairs/tracklets led to 119 physically reasonable state vectors
Identified 0 candidate linkages
Working on grid point 1718: r = 1.3800 AU, v = 6.9258 km/sec, dv/dt = 0.4000 GMsun/r^2
367 input pairs/tracklets led to 112 physically reasonable state vectors
Identified 0 candidate linkages
Working on grid point 1719: r = 1.3800 AU, v = 6.9258 km/sec, dv/dt = -0.0000 GMsun/r^2
367 input pairs/tracklets led to 117 physically reasonable state vectors
Identified 0 candidate linkages
Working on grid point 1720: r = 1.3800 AU, v = 6.9258 km/sec, dv/dt = -0.4000 GMsun/r^2
367 input pairs/tracklets led to 111 physically reasonable state vectors
Identified 0 candidate linkages
Working on grid point 1721: r = 1.3800 AU, v = 10.3887 km/sec, dv/dt = 0.4000 GMsun/r^2
367 input pairs/tracklets led to 105 physically reasonable state vectors
Identified 0 candidate linkages
Working on grid point 1722: r = 1.3800 AU, v = 10.3887 km/sec, dv/dt = -0.0000 GMsun/r^2
367 input pairs/tracklets led to 103 physically reasonable state vectors
Identified 0 candidate linkages
Working on grid point 1723: r = 1.3800 AU, v = 10.3887 km/sec, dv/dt = -0.4000 GMsun/r^2
367 input pairs/tracklets led to 107 physically reasonable state vectors
Identified 0 candidate linkages
Working on grid point 1724: r = 1.3800 AU, v = 13.8517 km/sec, dv/dt = 0.4000 GMsun/r^2
367 input pairs/tracklets led to 96 physically reasonable state vectors
Identified 0 candidate linkages
Working on grid point 1725: r = 1.3800 AU, v = 13.8517 km/sec, dv/dt = -0.0000 GMsun/r^2
367 input pairs/tracklets led to 97 physically reasonable state vectors
Identified 0 candidate linkages
Working on grid point 1726: r = 1.3800 AU, v = 13.8517 km/sec, dv/dt = -0.4000 GMsun/r^2
367 input pairs/tracklets led to 96 physically reasonable state vectors
Identified 0 candidate linkages
Working on grid point 1727: r = 1.3800 AU, v = 17.3146 km/sec, dv/dt = -0.0000 GMsun/r^2
367 input pairs/tracklets led to 85 physically reasonable state vectors
Identified 0 candidate linkages
Working on grid point 1728: r = 1.3800 AU, v = 17.3146 km/sec, dv/dt = -0.4000 GMsun/r^2
367 input pairs/tracklets led to 86 physically reasonable state vectors
Identified 0 candidate linkages
Working on grid point 1729: r = 1.3800 AU, v = 17.3146 km/sec, dv/dt = -0.8000 GMsun/r^2
367 input pairs/tracklets led to 87 physically reasonable state vectors
Identified 0 candidate linkages
Working on grid point 1730: r = 1.3800 AU, v = 20.7775 km/sec, dv/dt = -0.0000 GMsun/r^2
367 input pairs/tracklets led to 77 physically reasonable state vectors
Identified 0 candidate linkages
Working on grid point 1731: r = 1.3800 AU, v = 20.7775 km/sec, dv/dt = -0.4000 GMsun/r^2
367 input pairs/tracklets led to 75 physically reasonable state vectors
Identified 0 candidate linkages
Working on grid point 1732: r = 1.3800 AU, v = 20.7775 km/sec, dv/dt = -0.8000 GMsun/r^2
367 input pairs/tracklets led to 75 physically reasonable state vectors
Identified 0 candidate linkages
Working on grid point 1733: r = 1.3800 AU, v = 24.2404 km/sec, dv/dt = -0.4000 GMsun/r^2
367 input pairs/tracklets led to 65 physically reasonable state vectors
Identified 0 candidate linkages
Working on grid point 1734: r = 1.3800 AU, v = 24.2404 km/sec, dv/dt = -0.8000 GMsun/r^2
367 input pairs/tracklets led to 69 physically reasonable state vectors
Identified 0 candidate linkages
Working on grid point 1735: r = 1.3800 AU, v = 27.7033 km/sec, dv/dt = -0.4000 GMsun/r^2
367 input pairs/tracklets led to 41 physically reasonable state vectors
Identified 0 candidate linkages
Working on grid point 1736: r = 1.3800 AU, v = 27.7033 km/sec, dv/dt = -0.8000 GMsun/r^2
Working on grid point 1737: r = 1.3900 AU, v = -27.7033 km/sec, dv/dt = -0.4000 GMsun/r^2
367 input pairs/tracklets led to 96 physically reasonable state vectors
Identified 0 candidate linkages
Working on grid point 1738: r = 1.3900 AU, v = -27.7033 km/sec, dv/dt = -0.8000 GMsun/r^2
Working on grid point 1739: r = 1.3900 AU, v = -24.2404 km/sec, dv/dt = -0.4000 GMsun/r^2
367 input pairs/tracklets led to 112 physically reasonable state vectors
Identified 0 candidate linkages
Working on grid point 1740: r = 1.3900 AU, v = -24.2404 km/sec, dv/dt = -0.8000 GMsun/r^2
367 input pairs/tracklets led to 109 physically reasonable state vectors
Identified 0 candidate linkages
Working on grid point 1741: r = 1.3900 AU, v = -20.7775 km/sec, dv/dt = -0.0000 GMsun/r^2
367 input pairs/tracklets led to 119 physically reasonable state vectors
Identified 0 candidate linkages
Working on grid point 1742: r = 1.3900 AU, v = -20.7775 km/sec, dv/dt = -0.4000 GMsun/r^2
367 input pairs/tracklets led to 117 physically reasonable state vectors
Identified 0 candidate linkages
Working on grid point 1743: r = 1.3900 AU, v = -20.7775 km/sec, dv/dt = -0.8000 GMsun/r^2
367 input pairs/tracklets led to 122 physically reasonable state vectors
Identified 0 candidate linkages
Working on grid point 1744: r = 1.3900 AU, v = -17.3146 km/sec, dv/dt = -0.0000 GMsun/r^2
367 input pairs/tracklets led to 148 physically reasonable state vectors
Identified 0 candidate linkages
Working on grid point 1745: r = 1.3900 AU, v = -17.3146 km/sec, dv/dt = -0.4000 GMsun/r^2
367 input pairs/tracklets led to 134 physically reasonable state vectors
Identified 0 candidate linkages
Working on grid point 1746: r = 1.3900 AU, v = -17.3146 km/sec, dv/dt = -0.8000 GMsun/r^2
367 input pairs/tracklets led to 129 physically reasonable state vectors
Identified 0 candidate linkages
Working on grid point 1747: r = 1.3900 AU, v = -13.8517 km/sec, dv/dt = 0.4000 GMsun/r^2
367 input pairs/tracklets led to 148 physically reasonable state vectors
Identified 0 candidate linkages
Working on grid point 1748: r = 1.3900 AU, v = -13.8517 km/sec, dv/dt = -0.0000 GMsun/r^2
367 input pairs/tracklets led to 148 physically reasonable state vectors
Identified 0 candidate linkages
Working on grid point 1749: r = 1.3900 AU, v = -13.8517 km/sec, dv/dt = -0.4000 GMsun/r^2
367 input pairs/tracklets led to 145 physically reasonable state vectors
Identified 0 candidate linkages
Working on grid point 1750: r = 1.3900 AU, v = -10.3887 km/sec, dv/dt = 0.4000 GMsun/r^2
367 input pairs/tracklets led to 141 physically reasonable state vectors
Identified 0 candidate linkages
Working on grid point 1751: r = 1.3900 AU, v = -10.3887 km/sec, dv/dt = -0.0000 GMsun/r^2
367 input pairs/tracklets led to 142 physically reasonable state vectors
Identified 0 candidate linkages
Working on grid point 1752: r = 1.3900 AU, v = -10.3887 km/sec, dv/dt = -0.4000 GMsun/r^2
367 input pairs/tracklets led to 146 physically reasonable state vectors
Identified 0 candidate linkages
Working on grid point 1753: r = 1.3900 AU, v = -6.9258 km/sec, dv/dt = 0.4000 GMsun/r^2
367 input pairs/tracklets led to 129 physically reasonable state vectors
Identified 0 candidate linkages
Working on grid point 1754: r = 1.3900 AU, v = -6.9258 km/sec, dv/dt = -0.0000 GMsun/r^2
367 input pairs/tracklets led to 136 physically reasonable state vectors
Identified 0 candidate linkages
Working on grid point 1755: r = 1.3900 AU, v = -6.9258 km/sec, dv/dt = -0.4000 GMsun/r^2
367 input pairs/tracklets led to 136 physically reasonable state vectors
Identified 0 candidate linkages
Working on grid point 1756: r = 1.3900 AU, v = -3.4629 km/sec, dv/dt = 0.4000 GMsun/r^2
367 input pairs/tracklets led to 110 physically reasonable state vectors
Identified 0 candidate linkages
Working on grid point 1757: r = 1.3900 AU, v = -3.4629 km/sec, dv/dt = -0.0000 GMsun/r^2
367 input pairs/tracklets led to 124 physically reasonable state vectors
Identified 0 candidate linkages
Working on grid point 1758: r = 1.3900 AU, v = -3.4629 km/sec, dv/dt = -0.4000 GMsun/r^2
367 input pairs/tracklets led to 126 physically reasonable state vectors
Identified 0 candidate linkages
Working on grid point 1759: r = 1.3900 AU, v = 0.0000 km/sec, dv/dt = 0.4000 GMsun/r^2
367 input pairs/tracklets led to 109 physically reasonable state vectors
Identified 0 candidate linkages
Working on grid point 1760: r = 1.3900 AU, v = 0.0000 km/sec, dv/dt = -0.0000 GMsun/r^2
367 input pairs/tracklets led to 113 physically reasonable state vectors
Identified 0 candidate linkages
Working on grid point 1761: r = 1.3900 AU, v = 0.0000 km/sec, dv/dt = -0.4000 GMsun/r^2
367 input pairs/tracklets led to 114 physically reasonable state vectors
Identified 0 candidate linkages
Working on grid point 1762: r = 1.3900 AU, v = 3.4629 km/sec, dv/dt = 0.4000 GMsun/r^2
367 input pairs/tracklets led to 110 physically reasonable state vectors
Identified 0 candidate linkages
Working on grid point 1763: r = 1.3900 AU, v = 3.4629 km/sec, dv/dt = -0.0000 GMsun/r^2
367 input pairs/tracklets led to 114 physically reasonable state vectors
Identified 0 candidate linkages
Working on grid point 1764: r = 1.3900 AU, v = 3.4629 km/sec, dv/dt = -0.4000 GMsun/r^2
367 input pairs/tracklets led to 120 physically reasonable state vectors
Identified 0 candidate linkages
Working on grid point 1765: r = 1.3900 AU, v = 6.9258 km/sec, dv/dt = 0.4000 GMsun/r^2
367 input pairs/tracklets led to 106 physically reasonable state vectors
Identified 0 candidate linkages
Working on grid point 1766: r = 1.3900 AU, v = 6.9258 km/sec, dv/dt = -0.0000 GMsun/r^2
367 input pairs/tracklets led to 114 physically reasonable state vectors
Identified 0 candidate linkages
Working on grid point 1767: r = 1.3900 AU, v = 6.9258 km/sec, dv/dt = -0.4000 GMsun/r^2
367 input pairs/tracklets led to 108 physically reasonable state vectors
Identified 0 candidate linkages
Working on grid point 1768: r = 1.3900 AU, v = 10.3887 km/sec, dv/dt = 0.4000 GMsun/r^2
367 input pairs/tracklets led to 103 physically reasonable state vectors
Identified 0 candidate linkages
Working on grid point 1769: r = 1.3900 AU, v = 10.3887 km/sec, dv/dt = -0.0000 GMsun/r^2
367 input pairs/tracklets led to 99 physically reasonable state vectors
Identified 0 candidate linkages
Working on grid point 1770: r = 1.3900 AU, v = 10.3887 km/sec, dv/dt = -0.4000 GMsun/r^2
367 input pairs/tracklets led to 105 physically reasonable state vectors
Identified 0 candidate linkages
Working on grid point 1771: r = 1.3900 AU, v = 13.8517 km/sec, dv/dt = 0.4000 GMsun/r^2
367 input pairs/tracklets led to 91 physically reasonable state vectors
Identified 0 candidate linkages
Working on grid point 1772: r = 1.3900 AU, v = 13.8517 km/sec, dv/dt = -0.0000 GMsun/r^2
367 input pairs/tracklets led to 93 physically reasonable state vectors
Identified 0 candidate linkages
Working on grid point 1773: r = 1.3900 AU, v = 13.8517 km/sec, dv/dt = -0.4000 GMsun/r^2
367 input pairs/tracklets led to 91 physically reasonable state vectors
Identified 0 candidate linkages
Working on grid point 1774: r = 1.3900 AU, v = 17.3146 km/sec, dv/dt = -0.0000 GMsun/r^2
367 input pairs/tracklets led to 81 physically reasonable state vectors
Identified 0 candidate linkages
Working on grid point 1775: r = 1.3900 AU, v = 17.3146 km/sec, dv/dt = -0.4000 GMsun/r^2
367 input pairs/tracklets led to 81 physically reasonable state vectors
Identified 0 candidate linkages
Working on grid point 1776: r = 1.3900 AU, v = 17.3146 km/sec, dv/dt = -0.8000 GMsun/r^2
367 input pairs/tracklets led to 84 physically reasonable state vectors
Identified 0 candidate linkages
Working on grid point 1777: r = 1.3900 AU, v = 20.7775 km/sec, dv/dt = -0.0000 GMsun/r^2
367 input pairs/tracklets led to 73 physically reasonable state vectors
Identified 0 candidate linkages
Working on grid point 1778: r = 1.3900 AU, v = 20.7775 km/sec, dv/dt = -0.4000 GMsun/r^2
367 input pairs/tracklets led to 72 physically reasonable state vectors
Identified 0 candidate linkages
Working on grid point 1779: r = 1.3900 AU, v = 20.7775 km/sec, dv/dt = -0.8000 GMsun/r^2
367 input pairs/tracklets led to 70 physically reasonable state vectors
Identified 0 candidate linkages
Working on grid point 1780: r = 1.3900 AU, v = 24.2404 km/sec, dv/dt = -0.4000 GMsun/r^2
367 input pairs/tracklets led to 61 physically reasonable state vectors
Identified 0 candidate linkages
Working on grid point 1781: r = 1.3900 AU, v = 24.2404 km/sec, dv/dt = -0.8000 GMsun/r^2
367 input pairs/tracklets led to 65 physically reasonable state vectors
Identified 0 candidate linkages
Working on grid point 1782: r = 1.3900 AU, v = 27.7033 km/sec, dv/dt = -0.4000 GMsun/r^2
367 input pairs/tracklets led to 39 physically reasonable state vectors
Identified 0 candidate linkages
Working on grid point 1783: r = 1.3900 AU, v = 27.7033 km/sec, dv/dt = -0.8000 GMsun/r^2
Working on grid point 1784: r = 1.4000 AU, v = -27.7033 km/sec, dv/dt = -0.4000 GMsun/r^2
367 input pairs/tracklets led to 92 physically reasonable state vectors
Identified 0 candidate linkages
Working on grid point 1785: r = 1.4000 AU, v = -27.7033 km/sec, dv/dt = -0.8000 GMsun/r^2
Working on grid point 1786: r = 1.4000 AU, v = -24.2404 km/sec, dv/dt = -0.4000 GMsun/r^2
367 input pairs/tracklets led to 109 physically reasonable state vectors
Identified 0 candidate linkages
Working on grid point 1787: r = 1.4000 AU, v = -24.2404 km/sec, dv/dt = -0.8000 GMsun/r^2
367 input pairs/tracklets led to 106 physically reasonable state vectors
Identified 0 candidate linkages
Working on grid point 1788: r = 1.4000 AU, v = -20.7775 km/sec, dv/dt = -0.0000 GMsun/r^2
367 input pairs/tracklets led to 118 physically reasonable state vectors
Identified 0 candidate linkages
Working on grid point 1789: r = 1.4000 AU, v = -20.7775 km/sec, dv/dt = -0.4000 GMsun/r^2
367 input pairs/tracklets led to 116 physically reasonable state vectors
Identified 0 candidate linkages
Working on grid point 1790: r = 1.4000 AU, v = -20.7775 km/sec, dv/dt = -0.8000 GMsun/r^2
367 input pairs/tracklets led to 119 physically reasonable state vectors
Identified 0 candidate linkages
Working on grid point 1791: r = 1.4000 AU, v = -17.3146 km/sec, dv/dt = -0.0000 GMsun/r^2
367 input pairs/tracklets led to 146 physically reasonable state vectors
Identified 0 candidate linkages
Working on grid point 1792: r = 1.4000 AU, v = -17.3146 km/sec, dv/dt = -0.4000 GMsun/r^2
367 input pairs/tracklets led to 135 physically reasonable state vectors
Identified 0 candidate linkages
Working on grid point 1793: r = 1.4000 AU, v = -17.3146 km/sec, dv/dt = -0.8000 GMsun/r^2
367 input pairs/tracklets led to 130 physically reasonable state vectors
Identified 0 candidate linkages
Working on grid point 1794: r = 1.4000 AU, v = -13.8517 km/sec, dv/dt = 0.4000 GMsun/r^2
367 input pairs/tracklets led to 148 physically reasonable state vectors
Identified 0 candidate linkages
Working on grid point 1795: r = 1.4000 AU, v = -13.8517 km/sec, dv/dt = -0.0000 GMsun/r^2
367 input pairs/tracklets led to 146 physically reasonable state vectors
Identified 0 candidate linkages
Working on grid point 1796: r = 1.4000 AU, v = -13.8517 km/sec, dv/dt = -0.4000 GMsun/r^2
367 input pairs/tracklets led to 142 physically reasonable state vectors
Identified 0 candidate linkages
Working on grid point 1797: r = 1.4000 AU, v = -10.3887 km/sec, dv/dt = 0.4000 GMsun/r^2
367 input pairs/tracklets led to 137 physically reasonable state vectors
Identified 0 candidate linkages
Working on grid point 1798: r = 1.4000 AU, v = -10.3887 km/sec, dv/dt = -0.0000 GMsun/r^2
367 input pairs/tracklets led to 140 physically reasonable state vectors
Identified 0 candidate linkages
Working on grid point 1799: r = 1.4000 AU, v = -10.3887 km/sec, dv/dt = -0.4000 GMsun/r^2
367 input pairs/tracklets led to 141 physically reasonable state vectors
Identified 0 candidate linkages
Working on grid point 1800: r = 1.4000 AU, v = -6.9258 km/sec, dv/dt = 0.4000 GMsun/r^2
367 input pairs/tracklets led to 123 physically reasonable state vectors
Identified 0 candidate linkages
Working on grid point 1801: r = 1.4000 AU, v = -6.9258 km/sec, dv/dt = -0.0000 GMsun/r^2
367 input pairs/tracklets led to 131 physically reasonable state vectors
Identified 0 candidate linkages
Working on grid point 1802: r = 1.4000 AU, v = -6.9258 km/sec, dv/dt = -0.4000 GMsun/r^2
367 input pairs/tracklets led to 134 physically reasonable state vectors
Identified 0 candidate linkages
Working on grid point 1803: r = 1.4000 AU, v = -3.4629 km/sec, dv/dt = 0.4000 GMsun/r^2
367 input pairs/tracklets led to 108 physically reasonable state vectors
Identified 0 candidate linkages
Working on grid point 1804: r = 1.4000 AU, v = -3.4629 km/sec, dv/dt = -0.0000 GMsun/r^2
367 input pairs/tracklets led to 120 physically reasonable state vectors
Identified 0 candidate linkages
Working on grid point 1805: r = 1.4000 AU, v = -3.4629 km/sec, dv/dt = -0.4000 GMsun/r^2
367 input pairs/tracklets led to 123 physically reasonable state vectors
Identified 0 candidate linkages
Working on grid point 1806: r = 1.4000 AU, v = 0.0000 km/sec, dv/dt = 0.4000 GMsun/r^2
367 input pairs/tracklets led to 109 physically reasonable state vectors
Identified 0 candidate linkages
Working on grid point 1807: r = 1.4000 AU, v = 0.0000 km/sec, dv/dt = -0.0000 GMsun/r^2
367 input pairs/tracklets led to 112 physically reasonable state vectors
Identified 0 candidate linkages
Working on grid point 1808: r = 1.4000 AU, v = 0.0000 km/sec, dv/dt = -0.4000 GMsun/r^2
367 input pairs/tracklets led to 113 physically reasonable state vectors
Identified 0 candidate linkages
Working on grid point 1809: r = 1.4000 AU, v = 3.4629 km/sec, dv/dt = 0.4000 GMsun/r^2
367 input pairs/tracklets led to 107 physically reasonable state vectors
Identified 0 candidate linkages
Working on grid point 1810: r = 1.4000 AU, v = 3.4629 km/sec, dv/dt = -0.0000 GMsun/r^2
367 input pairs/tracklets led to 111 physically reasonable state vectors
Identified 0 candidate linkages
Working on grid point 1811: r = 1.4000 AU, v = 3.4629 km/sec, dv/dt = -0.4000 GMsun/r^2
367 input pairs/tracklets led to 115 physically reasonable state vectors
Identified 0 candidate linkages
Working on grid point 1812: r = 1.4000 AU, v = 6.9258 km/sec, dv/dt = 0.4000 GMsun/r^2
367 input pairs/tracklets led to 101 physically reasonable state vectors
Identified 0 candidate linkages
Working on grid point 1813: r = 1.4000 AU, v = 6.9258 km/sec, dv/dt = -0.0000 GMsun/r^2
367 input pairs/tracklets led to 108 physically reasonable state vectors
Identified 0 candidate linkages
Working on grid point 1814: r = 1.4000 AU, v = 6.9258 km/sec, dv/dt = -0.4000 GMsun/r^2
367 input pairs/tracklets led to 101 physically reasonable state vectors
Identified 0 candidate linkages
Working on grid point 1815: r = 1.4000 AU, v = 10.3887 km/sec, dv/dt = 0.4000 GMsun/r^2
367 input pairs/tracklets led to 99 physically reasonable state vectors
Identified 0 candidate linkages
Working on grid point 1816: r = 1.4000 AU, v = 10.3887 km/sec, dv/dt = -0.0000 GMsun/r^2
367 input pairs/tracklets led to 93 physically reasonable state vectors
Identified 0 candidate linkages
Working on grid point 1817: r = 1.4000 AU, v = 10.3887 km/sec, dv/dt = -0.4000 GMsun/r^2
367 input pairs/tracklets led to 98 physically reasonable state vectors
Identified 0 candidate linkages
Working on grid point 1818: r = 1.4000 AU, v = 13.8517 km/sec, dv/dt = 0.4000 GMsun/r^2
367 input pairs/tracklets led to 86 physically reasonable state vectors
Identified 0 candidate linkages
Working on grid point 1819: r = 1.4000 AU, v = 13.8517 km/sec, dv/dt = -0.0000 GMsun/r^2
367 input pairs/tracklets led to 92 physically reasonable state vectors
Identified 0 candidate linkages
Working on grid point 1820: r = 1.4000 AU, v = 13.8517 km/sec, dv/dt = -0.4000 GMsun/r^2
367 input pairs/tracklets led to 90 physically reasonable state vectors
Identified 0 candidate linkages
Working on grid point 1821: r = 1.4000 AU, v = 17.3146 km/sec, dv/dt = -0.0000 GMsun/r^2
367 input pairs/tracklets led to 76 physically reasonable state vectors
Identified 0 candidate linkages
Working on grid point 1822: r = 1.4000 AU, v = 17.3146 km/sec, dv/dt = -0.4000 GMsun/r^2
367 input pairs/tracklets led to 78 physically reasonable state vectors
Identified 0 candidate linkages
Working on grid point 1823: r = 1.4000 AU, v = 17.3146 km/sec, dv/dt = -0.8000 GMsun/r^2
367 input pairs/tracklets led to 78 physically reasonable state vectors
Identified 0 candidate linkages
Working on grid point 1824: r = 1.4000 AU, v = 20.7775 km/sec, dv/dt = -0.0000 GMsun/r^2
367 input pairs/tracklets led to 73 physically reasonable state vectors
Identified 0 candidate linkages
Working on grid point 1825: r = 1.4000 AU, v = 20.7775 km/sec, dv/dt = -0.4000 GMsun/r^2
367 input pairs/tracklets led to 73 physically reasonable state vectors
Identified 0 candidate linkages
Working on grid point 1826: r = 1.4000 AU, v = 20.7775 km/sec, dv/dt = -0.8000 GMsun/r^2
367 input pairs/tracklets led to 70 physically reasonable state vectors
Identified 0 candidate linkages
Working on grid point 1827: r = 1.4000 AU, v = 24.2404 km/sec, dv/dt = -0.4000 GMsun/r^2
367 input pairs/tracklets led to 59 physically reasonable state vectors
Identified 0 candidate linkages
Working on grid point 1828: r = 1.4000 AU, v = 24.2404 km/sec, dv/dt = -0.8000 GMsun/r^2
367 input pairs/tracklets led to 63 physically reasonable state vectors
Identified 0 candidate linkages
Working on grid point 1829: r = 1.4000 AU, v = 27.7033 km/sec, dv/dt = -0.4000 GMsun/r^2
367 input pairs/tracklets led to 36 physically reasonable state vectors
Identified 0 candidate linkages
Working on grid point 1830: r = 1.4000 AU, v = 27.7033 km/sec, dv/dt = -0.8000 GMsun/r^2
Working on grid point 1831: r = 1.4100 AU, v = -27.7033 km/sec, dv/dt = -0.4000 GMsun/r^2
367 input pairs/tracklets led to 86 physically reasonable state vectors
Identified 0 candidate linkages
Working on grid point 1832: r = 1.4100 AU, v = -27.7033 km/sec, dv/dt = -0.8000 GMsun/r^2
Working on grid point 1833: r = 1.4100 AU, v = -24.2404 km/sec, dv/dt = -0.4000 GMsun/r^2
367 input pairs/tracklets led to 103 physically reasonable state vectors
Identified 0 candidate linkages
Working on grid point 1834: r = 1.4100 AU, v = -24.2404 km/sec, dv/dt = -0.8000 GMsun/r^2
367 input pairs/tracklets led to 102 physically reasonable state vectors
Identified 0 candidate linkages
Working on grid point 1835: r = 1.4100 AU, v = -20.7775 km/sec, dv/dt = -0.0000 GMsun/r^2
367 input pairs/tracklets led to 114 physically reasonable state vectors
Identified 0 candidate linkages
Working on grid point 1836: r = 1.4100 AU, v = -20.7775 km/sec, dv/dt = -0.4000 GMsun/r^2
367 input pairs/tracklets led to 112 physically reasonable state vectors
Identified 0 candidate linkages
Working on grid point 1837: r = 1.4100 AU, v = -20.7775 km/sec, dv/dt = -0.8000 GMsun/r^2
367 input pairs/tracklets led to 115 physically reasonable state vectors
Identified 0 candidate linkages
Working on grid point 1838: r = 1.4100 AU, v = -17.3146 km/sec, dv/dt = -0.0000 GMsun/r^2
367 input pairs/tracklets led to 142 physically reasonable state vectors
Identified 0 candidate linkages
Working on grid point 1839: r = 1.4100 AU, v = -17.3146 km/sec, dv/dt = -0.4000 GMsun/r^2
367 input pairs/tracklets led to 134 physically reasonable state vectors
Identified 0 candidate linkages
Working on grid point 1840: r = 1.4100 AU, v = -17.3146 km/sec, dv/dt = -0.8000 GMsun/r^2
367 input pairs/tracklets led to 125 physically reasonable state vectors
Identified 0 candidate linkages
Working on grid point 1841: r = 1.4100 AU, v = -13.8517 km/sec, dv/dt = 0.4000 GMsun/r^2
367 input pairs/tracklets led to 143 physically reasonable state vectors
Identified 0 candidate linkages
Working on grid point 1842: r = 1.4100 AU, v = -13.8517 km/sec, dv/dt = -0.0000 GMsun/r^2
367 input pairs/tracklets led to 143 physically reasonable state vectors
Identified 0 candidate linkages
Working on grid point 1843: r = 1.4100 AU, v = -13.8517 km/sec, dv/dt = -0.4000 GMsun/r^2
367 input pairs/tracklets led to 139 physically reasonable state vectors
Identified 0 candidate linkages
Working on grid point 1844: r = 1.4100 AU, v = -10.3887 km/sec, dv/dt = 0.4000 GMsun/r^2
367 input pairs/tracklets led to 135 physically reasonable state vectors
Identified 0 candidate linkages
Working on grid point 1845: r = 1.4100 AU, v = -10.3887 km/sec, dv/dt = -0.0000 GMsun/r^2
367 input pairs/tracklets led to 136 physically reasonable state vectors
Identified 0 candidate linkages
Working on grid point 1846: r = 1.4100 AU, v = -10.3887 km/sec, dv/dt = -0.4000 GMsun/r^2
367 input pairs/tracklets led to 138 physically reasonable state vectors
Identified 0 candidate linkages
Working on grid point 1847: r = 1.4100 AU, v = -6.9258 km/sec, dv/dt = 0.4000 GMsun/r^2
367 input pairs/tracklets led to 119 physically reasonable state vectors
Identified 0 candidate linkages
Working on grid point 1848: r = 1.4100 AU, v = -6.9258 km/sec, dv/dt = -0.0000 GMsun/r^2
367 input pairs/tracklets led to 127 physically reasonable state vectors
Identified 0 candidate linkages
Working on grid point 1849: r = 1.4100 AU, v = -6.9258 km/sec, dv/dt = -0.4000 GMsun/r^2
367 input pairs/tracklets led to 131 physically reasonable state vectors
Identified 0 candidate linkages
Working on grid point 1850: r = 1.4100 AU, v = -3.4629 km/sec, dv/dt = 0.4000 GMsun/r^2
367 input pairs/tracklets led to 107 physically reasonable state vectors
Identified 0 candidate linkages
Working on grid point 1851: r = 1.4100 AU, v = -3.4629 km/sec, dv/dt = -0.0000 GMsun/r^2
367 input pairs/tracklets led to 116 physically reasonable state vectors
Identified 0 candidate linkages
Working on grid point 1852: r = 1.4100 AU, v = -3.4629 km/sec, dv/dt = -0.4000 GMsun/r^2
367 input pairs/tracklets led to 119 physically reasonable state vectors
Identified 0 candidate linkages
Working on grid point 1853: r = 1.4100 AU, v = 0.0000 km/sec, dv/dt = 0.4000 GMsun/r^2
367 input pairs/tracklets led to 107 physically reasonable state vectors
Identified 0 candidate linkages
Working on grid point 1854: r = 1.4100 AU, v = 0.0000 km/sec, dv/dt = -0.0000 GMsun/r^2
367 input pairs/tracklets led to 111 physically reasonable state vectors
Identified 0 candidate linkages
Working on grid point 1855: r = 1.4100 AU, v = 0.0000 km/sec, dv/dt = -0.4000 GMsun/r^2
367 input pairs/tracklets led to 111 physically reasonable state vectors
Identified 0 candidate linkages
Working on grid point 1856: r = 1.4100 AU, v = 3.4629 km/sec, dv/dt = 0.4000 GMsun/r^2
367 input pairs/tracklets led to 104 physically reasonable state vectors
Identified 0 candidate linkages
Working on grid point 1857: r = 1.4100 AU, v = 3.4629 km/sec, dv/dt = -0.0000 GMsun/r^2
367 input pairs/tracklets led to 103 physically reasonable state vectors
Identified 0 candidate linkages
Working on grid point 1858: r = 1.4100 AU, v = 3.4629 km/sec, dv/dt = -0.4000 GMsun/r^2
367 input pairs/tracklets led to 109 physically reasonable state vectors
Identified 0 candidate linkages
Working on grid point 1859: r = 1.4100 AU, v = 6.9258 km/sec, dv/dt = 0.4000 GMsun/r^2
367 input pairs/tracklets led to 100 physically reasonable state vectors
Identified 0 candidate linkages
Working on grid point 1860: r = 1.4100 AU, v = 6.9258 km/sec, dv/dt = -0.0000 GMsun/r^2
367 input pairs/tracklets led to 107 physically reasonable state vectors
Identified 0 candidate linkages
Working on grid point 1861: r = 1.4100 AU, v = 6.9258 km/sec, dv/dt = -0.4000 GMsun/r^2
367 input pairs/tracklets led to 101 physically reasonable state vectors
Identified 0 candidate linkages
Working on grid point 1862: r = 1.4100 AU, v = 10.3887 km/sec, dv/dt = 0.4000 GMsun/r^2
367 input pairs/tracklets led to 97 physically reasonable state vectors
Identified 0 candidate linkages
Working on grid point 1863: r = 1.4100 AU, v = 10.3887 km/sec, dv/dt = -0.0000 GMsun/r^2
367 input pairs/tracklets led to 91 physically reasonable state vectors
Identified 0 candidate linkages
Working on grid point 1864: r = 1.4100 AU, v = 10.3887 km/sec, dv/dt = -0.4000 GMsun/r^2
367 input pairs/tracklets led to 94 physically reasonable state vectors
Identified 0 candidate linkages
Working on grid point 1865: r = 1.4100 AU, v = 13.8517 km/sec, dv/dt = 0.4000 GMsun/r^2
367 input pairs/tracklets led to 84 physically reasonable state vectors
Identified 0 candidate linkages
Working on grid point 1866: r = 1.4100 AU, v = 13.8517 km/sec, dv/dt = -0.0000 GMsun/r^2
367 input pairs/tracklets led to 87 physically reasonable state vectors
Identified 0 candidate linkages
Working on grid point 1867: r = 1.4100 AU, v = 13.8517 km/sec, dv/dt = -0.4000 GMsun/r^2
367 input pairs/tracklets led to 86 physically reasonable state vectors
Identified 0 candidate linkages
Working on grid point 1868: r = 1.4100 AU, v = 17.3146 km/sec, dv/dt = -0.0000 GMsun/r^2
367 input pairs/tracklets led to 76 physically reasonable state vectors
Identified 0 candidate linkages
Working on grid point 1869: r = 1.4100 AU, v = 17.3146 km/sec, dv/dt = -0.4000 GMsun/r^2
367 input pairs/tracklets led to 77 physically reasonable state vectors
Identified 0 candidate linkages
Working on grid point 1870: r = 1.4100 AU, v = 17.3146 km/sec, dv/dt = -0.8000 GMsun/r^2
367 input pairs/tracklets led to 76 physically reasonable state vectors
Identified 0 candidate linkages
Working on grid point 1871: r = 1.4100 AU, v = 20.7775 km/sec, dv/dt = -0.0000 GMsun/r^2
367 input pairs/tracklets led to 71 physically reasonable state vectors
Identified 0 candidate linkages
Working on grid point 1872: r = 1.4100 AU, v = 20.7775 km/sec, dv/dt = -0.4000 GMsun/r^2
367 input pairs/tracklets led to 72 physically reasonable state vectors
Identified 0 candidate linkages
Working on grid point 1873: r = 1.4100 AU, v = 20.7775 km/sec, dv/dt = -0.8000 GMsun/r^2
367 input pairs/tracklets led to 69 physically reasonable state vectors
Identified 0 candidate linkages
Working on grid point 1874: r = 1.4100 AU, v = 24.2404 km/sec, dv/dt = -0.4000 GMsun/r^2
367 input pairs/tracklets led to 59 physically reasonable state vectors
Identified 0 candidate linkages
Working on grid point 1875: r = 1.4100 AU, v = 24.2404 km/sec, dv/dt = -0.8000 GMsun/r^2
367 input pairs/tracklets led to 63 physically reasonable state vectors
Identified 0 candidate linkages
Working on grid point 1876: r = 1.4100 AU, v = 27.7033 km/sec, dv/dt = -0.4000 GMsun/r^2
367 input pairs/tracklets led to 37 physically reasonable state vectors
Identified 0 candidate linkages
Working on grid point 1877: r = 1.4100 AU, v = 27.7033 km/sec, dv/dt = -0.8000 GMsun/r^2
Working on grid point 1878: r = 1.4200 AU, v = -27.7033 km/sec, dv/dt = -0.4000 GMsun/r^2
367 input pairs/tracklets led to 82 physically reasonable state vectors
Identified 0 candidate linkages
Working on grid point 1879: r = 1.4200 AU, v = -27.7033 km/sec, dv/dt = -0.8000 GMsun/r^2
Working on grid point 1880: r = 1.4200 AU, v = -24.2404 km/sec, dv/dt = -0.4000 GMsun/r^2
367 input pairs/tracklets led to 99 physically reasonable state vectors
Identified 0 candidate linkages
Working on grid point 1881: r = 1.4200 AU, v = -24.2404 km/sec, dv/dt = -0.8000 GMsun/r^2
367 input pairs/tracklets led to 96 physically reasonable state vectors
Identified 0 candidate linkages
Working on grid point 1882: r = 1.4200 AU, v = -20.7775 km/sec, dv/dt = -0.0000 GMsun/r^2
367 input pairs/tracklets led to 113 physically reasonable state vectors
Identified 0 candidate linkages
Working on grid point 1883: r = 1.4200 AU, v = -20.7775 km/sec, dv/dt = -0.4000 GMsun/r^2
367 input pairs/tracklets led to 108 physically reasonable state vectors
Identified 0 candidate linkages
Working on grid point 1884: r = 1.4200 AU, v = -20.7775 km/sec, dv/dt = -0.8000 GMsun/r^2
367 input pairs/tracklets led to 108 physically reasonable state vectors
Identified 0 candidate linkages
Working on grid point 1885: r = 1.4200 AU, v = -17.3146 km/sec, dv/dt = -0.0000 GMsun/r^2
367 input pairs/tracklets led to 139 physically reasonable state vectors
Identified 0 candidate linkages
Working on grid point 1886: r = 1.4200 AU, v = -17.3146 km/sec, dv/dt = -0.4000 GMsun/r^2
367 input pairs/tracklets led to 132 physically reasonable state vectors
Identified 0 candidate linkages
Working on grid point 1887: r = 1.4200 AU, v = -17.3146 km/sec, dv/dt = -0.8000 GMsun/r^2
367 input pairs/tracklets led to 126 physically reasonable state vectors
Identified 0 candidate linkages
Working on grid point 1888: r = 1.4200 AU, v = -13.8517 km/sec, dv/dt = 0.4000 GMsun/r^2
367 input pairs/tracklets led to 138 physically reasonable state vectors
Identified 0 candidate linkages
Working on grid point 1889: r = 1.4200 AU, v = -13.8517 km/sec, dv/dt = -0.0000 GMsun/r^2
367 input pairs/tracklets led to 138 physically reasonable state vectors
Identified 0 candidate linkages
Working on grid point 1890: r = 1.4200 AU, v = -13.8517 km/sec, dv/dt = -0.4000 GMsun/r^2
367 input pairs/tracklets led to 136 physically reasonable state vectors
Identified 0 candidate linkages
Working on grid point 1891: r = 1.4200 AU, v = -10.3887 km/sec, dv/dt = 0.4000 GMsun/r^2
367 input pairs/tracklets led to 130 physically reasonable state vectors
Identified 0 candidate linkages
Working on grid point 1892: r = 1.4200 AU, v = -10.3887 km/sec, dv/dt = -0.0000 GMsun/r^2
367 input pairs/tracklets led to 129 physically reasonable state vectors
Identified 0 candidate linkages
Working on grid point 1893: r = 1.4200 AU, v = -10.3887 km/sec, dv/dt = -0.4000 GMsun/r^2
367 input pairs/tracklets led to 131 physically reasonable state vectors
Identified 0 candidate linkages
Working on grid point 1894: r = 1.4200 AU, v = -6.9258 km/sec, dv/dt = 0.4000 GMsun/r^2
367 input pairs/tracklets led to 118 physically reasonable state vectors
Identified 0 candidate linkages
Working on grid point 1895: r = 1.4200 AU, v = -6.9258 km/sec, dv/dt = -0.0000 GMsun/r^2
367 input pairs/tracklets led to 123 physically reasonable state vectors
Identified 0 candidate linkages
Working on grid point 1896: r = 1.4200 AU, v = -6.9258 km/sec, dv/dt = -0.4000 GMsun/r^2
367 input pairs/tracklets led to 128 physically reasonable state vectors
Identified 0 candidate linkages
Working on grid point 1897: r = 1.4200 AU, v = -3.4629 km/sec, dv/dt = 0.4000 GMsun/r^2
367 input pairs/tracklets led to 106 physically reasonable state vectors
Identified 0 candidate linkages
Working on grid point 1898: r = 1.4200 AU, v = -3.4629 km/sec, dv/dt = -0.0000 GMsun/r^2
367 input pairs/tracklets led to 113 physically reasonable state vectors
Identified 0 candidate linkages
Working on grid point 1899: r = 1.4200 AU, v = -3.4629 km/sec, dv/dt = -0.4000 GMsun/r^2
367 input pairs/tracklets led to 116 physically reasonable state vectors
Identified 0 candidate linkages
Working on grid point 1900: r = 1.4200 AU, v = 0.0000 km/sec, dv/dt = 0.4000 GMsun/r^2
367 input pairs/tracklets led to 105 physically reasonable state vectors
Identified 0 candidate linkages
Working on grid point 1901: r = 1.4200 AU, v = 0.0000 km/sec, dv/dt = -0.0000 GMsun/r^2
367 input pairs/tracklets led to 110 physically reasonable state vectors
Identified 0 candidate linkages
Working on grid point 1902: r = 1.4200 AU, v = 0.0000 km/sec, dv/dt = -0.4000 GMsun/r^2
367 input pairs/tracklets led to 110 physically reasonable state vectors
Identified 0 candidate linkages
Working on grid point 1903: r = 1.4200 AU, v = 3.4629 km/sec, dv/dt = 0.4000 GMsun/r^2
367 input pairs/tracklets led to 99 physically reasonable state vectors
Identified 0 candidate linkages
Working on grid point 1904: r = 1.4200 AU, v = 3.4629 km/sec, dv/dt = -0.0000 GMsun/r^2
367 input pairs/tracklets led to 99 physically reasonable state vectors
Identified 0 candidate linkages
Working on grid point 1905: r = 1.4200 AU, v = 3.4629 km/sec, dv/dt = -0.4000 GMsun/r^2
367 input pairs/tracklets led to 108 physically reasonable state vectors
Identified 0 candidate linkages
Working on grid point 1906: r = 1.4200 AU, v = 6.9258 km/sec, dv/dt = 0.4000 GMsun/r^2
367 input pairs/tracklets led to 97 physically reasonable state vectors
Identified 0 candidate linkages
Working on grid point 1907: r = 1.4200 AU, v = 6.9258 km/sec, dv/dt = -0.0000 GMsun/r^2
367 input pairs/tracklets led to 102 physically reasonable state vectors
Identified 0 candidate linkages
Working on grid point 1908: r = 1.4200 AU, v = 6.9258 km/sec, dv/dt = -0.4000 GMsun/r^2
367 input pairs/tracklets led to 96 physically reasonable state vectors
Identified 0 candidate linkages
Working on grid point 1909: r = 1.4200 AU, v = 10.3887 km/sec, dv/dt = 0.4000 GMsun/r^2
367 input pairs/tracklets led to 95 physically reasonable state vectors
Identified 0 candidate linkages
Working on grid point 1910: r = 1.4200 AU, v = 10.3887 km/sec, dv/dt = -0.0000 GMsun/r^2
367 input pairs/tracklets led to 89 physically reasonable state vectors
Identified 0 candidate linkages
Working on grid point 1911: r = 1.4200 AU, v = 10.3887 km/sec, dv/dt = -0.4000 GMsun/r^2
367 input pairs/tracklets led to 92 physically reasonable state vectors
Identified 0 candidate linkages
Working on grid point 1912: r = 1.4200 AU, v = 13.8517 km/sec, dv/dt = 0.4000 GMsun/r^2
367 input pairs/tracklets led to 86 physically reasonable state vectors
Identified 0 candidate linkages
Working on grid point 1913: r = 1.4200 AU, v = 13.8517 km/sec, dv/dt = -0.0000 GMsun/r^2
367 input pairs/tracklets led to 86 physically reasonable state vectors
Identified 0 candidate linkages
Working on grid point 1914: r = 1.4200 AU, v = 13.8517 km/sec, dv/dt = -0.4000 GMsun/r^2
367 input pairs/tracklets led to 84 physically reasonable state vectors
Identified 0 candidate linkages
Working on grid point 1915: r = 1.4200 AU, v = 17.3146 km/sec, dv/dt = -0.0000 GMsun/r^2
367 input pairs/tracklets led to 75 physically reasonable state vectors
Identified 0 candidate linkages
Working on grid point 1916: r = 1.4200 AU, v = 17.3146 km/sec, dv/dt = -0.4000 GMsun/r^2
367 input pairs/tracklets led to 74 physically reasonable state vectors
Identified 0 candidate linkages
Working on grid point 1917: r = 1.4200 AU, v = 17.3146 km/sec, dv/dt = -0.8000 GMsun/r^2
367 input pairs/tracklets led to 74 physically reasonable state vectors
Identified 0 candidate linkages
Working on grid point 1918: r = 1.4200 AU, v = 20.7775 km/sec, dv/dt = -0.0000 GMsun/r^2
367 input pairs/tracklets led to 69 physically reasonable state vectors
Identified 0 candidate linkages
Working on grid point 1919: r = 1.4200 AU, v = 20.7775 km/sec, dv/dt = -0.4000 GMsun/r^2
367 input pairs/tracklets led to 72 physically reasonable state vectors
Identified 0 candidate linkages
Working on grid point 1920: r = 1.4200 AU, v = 20.7775 km/sec, dv/dt = -0.8000 GMsun/r^2
367 input pairs/tracklets led to 70 physically reasonable state vectors
Identified 0 candidate linkages
Working on grid point 1921: r = 1.4200 AU, v = 24.2404 km/sec, dv/dt = -0.4000 GMsun/r^2
367 input pairs/tracklets led to 57 physically reasonable state vectors
Identified 0 candidate linkages
Working on grid point 1922: r = 1.4200 AU, v = 24.2404 km/sec, dv/dt = -0.8000 GMsun/r^2
367 input pairs/tracklets led to 60 physically reasonable state vectors
Identified 0 candidate linkages
Working on grid point 1923: r = 1.4200 AU, v = 27.7033 km/sec, dv/dt = -0.4000 GMsun/r^2
367 input pairs/tracklets led to 33 physically reasonable state vectors
Identified 0 candidate linkages
Working on grid point 1924: r = 1.4200 AU, v = 27.7033 km/sec, dv/dt = -0.8000 GMsun/r^2
Working on grid point 1925: r = 1.4300 AU, v = -27.7033 km/sec, dv/dt = -0.4000 GMsun/r^2
367 input pairs/tracklets led to 78 physically reasonable state vectors
Identified 0 candidate linkages
Working on grid point 1926: r = 1.4300 AU, v = -27.7033 km/sec, dv/dt = -0.8000 GMsun/r^2
Working on grid point 1927: r = 1.4300 AU, v = -24.2404 km/sec, dv/dt = -0.4000 GMsun/r^2
367 input pairs/tracklets led to 93 physically reasonable state vectors
Identified 0 candidate linkages
Working on grid point 1928: r = 1.4300 AU, v = -24.2404 km/sec, dv/dt = -0.8000 GMsun/r^2
367 input pairs/tracklets led to 90 physically reasonable state vectors
Identified 0 candidate linkages
Working on grid point 1929: r = 1.4300 AU, v = -20.7775 km/sec, dv/dt = -0.0000 GMsun/r^2
367 input pairs/tracklets led to 113 physically reasonable state vectors
Identified 0 candidate linkages
Working on grid point 1930: r = 1.4300 AU, v = -20.7775 km/sec, dv/dt = -0.4000 GMsun/r^2
367 input pairs/tracklets led to 105 physically reasonable state vectors
Identified 0 candidate linkages
Working on grid point 1931: r = 1.4300 AU, v = -20.7775 km/sec, dv/dt = -0.8000 GMsun/r^2
367 input pairs/tracklets led to 100 physically reasonable state vectors
Identified 0 candidate linkages
Working on grid point 1932: r = 1.4300 AU, v = -17.3146 km/sec, dv/dt = -0.0000 GMsun/r^2
367 input pairs/tracklets led to 136 physically reasonable state vectors
Identified 0 candidate linkages
Working on grid point 1933: r = 1.4300 AU, v = -17.3146 km/sec, dv/dt = -0.4000 GMsun/r^2
367 input pairs/tracklets led to 134 physically reasonable state vectors
Identified 0 candidate linkages
Working on grid point 1934: r = 1.4300 AU, v = -17.3146 km/sec, dv/dt = -0.8000 GMsun/r^2
367 input pairs/tracklets led to 124 physically reasonable state vectors
Identified 0 candidate linkages
Working on grid point 1935: r = 1.4300 AU, v = -13.8517 km/sec, dv/dt = 0.4000 GMsun/r^2
367 input pairs/tracklets led to 141 physically reasonable state vectors
Identified 0 candidate linkages
Working on grid point 1936: r = 1.4300 AU, v = -13.8517 km/sec, dv/dt = -0.0000 GMsun/r^2
367 input pairs/tracklets led to 134 physically reasonable state vectors
Identified 0 candidate linkages
Working on grid point 1937: r = 1.4300 AU, v = -13.8517 km/sec, dv/dt = -0.4000 GMsun/r^2
367 input pairs/tracklets led to 130 physically reasonable state vectors
Identified 0 candidate linkages
Working on grid point 1938: r = 1.4300 AU, v = -10.3887 km/sec, dv/dt = 0.4000 GMsun/r^2
367 input pairs/tracklets led to 126 physically reasonable state vectors
Identified 0 candidate linkages
Working on grid point 1939: r = 1.4300 AU, v = -10.3887 km/sec, dv/dt = -0.0000 GMsun/r^2
367 input pairs/tracklets led to 125 physically reasonable state vectors
Identified 0 candidate linkages
Working on grid point 1940: r = 1.4300 AU, v = -10.3887 km/sec, dv/dt = -0.4000 GMsun/r^2
367 input pairs/tracklets led to 124 physically reasonable state vectors
Identified 0 candidate linkages
Working on grid point 1941: r = 1.4300 AU, v = -6.9258 km/sec, dv/dt = 0.4000 GMsun/r^2
367 input pairs/tracklets led to 114 physically reasonable state vectors
Identified 0 candidate linkages
Working on grid point 1942: r = 1.4300 AU, v = -6.9258 km/sec, dv/dt = -0.0000 GMsun/r^2
367 input pairs/tracklets led to 120 physically reasonable state vectors
Identified 0 candidate linkages
Working on grid point 1943: r = 1.4300 AU, v = -6.9258 km/sec, dv/dt = -0.4000 GMsun/r^2
367 input pairs/tracklets led to 124 physically reasonable state vectors
Identified 0 candidate linkages
Working on grid point 1944: r = 1.4300 AU, v = -3.4629 km/sec, dv/dt = 0.4000 GMsun/r^2
367 input pairs/tracklets led to 104 physically reasonable state vectors
Identified 0 candidate linkages
Working on grid point 1945: r = 1.4300 AU, v = -3.4629 km/sec, dv/dt = -0.0000 GMsun/r^2
367 input pairs/tracklets led to 110 physically reasonable state vectors
Identified 0 candidate linkages
Working on grid point 1946: r = 1.4300 AU, v = -3.4629 km/sec, dv/dt = -0.4000 GMsun/r^2
367 input pairs/tracklets led to 112 physically reasonable state vectors
Identified 0 candidate linkages
Working on grid point 1947: r = 1.4300 AU, v = 0.0000 km/sec, dv/dt = 0.4000 GMsun/r^2
367 input pairs/tracklets led to 104 physically reasonable state vectors
Identified 0 candidate linkages
Working on grid point 1948: r = 1.4300 AU, v = 0.0000 km/sec, dv/dt = -0.0000 GMsun/r^2
367 input pairs/tracklets led to 110 physically reasonable state vectors
Identified 0 candidate linkages
Working on grid point 1949: r = 1.4300 AU, v = 0.0000 km/sec, dv/dt = -0.4000 GMsun/r^2
367 input pairs/tracklets led to 110 physically reasonable state vectors
Identified 0 candidate linkages
Working on grid point 1950: r = 1.4300 AU, v = 3.4629 km/sec, dv/dt = 0.4000 GMsun/r^2
367 input pairs/tracklets led to 97 physically reasonable state vectors
Identified 0 candidate linkages
Working on grid point 1951: r = 1.4300 AU, v = 3.4629 km/sec, dv/dt = -0.0000 GMsun/r^2
367 input pairs/tracklets led to 99 physically reasonable state vectors
Identified 0 candidate linkages
Working on grid point 1952: r = 1.4300 AU, v = 3.4629 km/sec, dv/dt = -0.4000 GMsun/r^2
367 input pairs/tracklets led to 105 physically reasonable state vectors
Identified 0 candidate linkages
Working on grid point 1953: r = 1.4300 AU, v = 6.9258 km/sec, dv/dt = 0.4000 GMsun/r^2
367 input pairs/tracklets led to 93 physically reasonable state vectors
Identified 0 candidate linkages
Working on grid point 1954: r = 1.4300 AU, v = 6.9258 km/sec, dv/dt = -0.0000 GMsun/r^2
367 input pairs/tracklets led to 99 physically reasonable state vectors
Identified 0 candidate linkages
Working on grid point 1955: r = 1.4300 AU, v = 6.9258 km/sec, dv/dt = -0.4000 GMsun/r^2
367 input pairs/tracklets led to 95 physically reasonable state vectors
Identified 0 candidate linkages
Working on grid point 1956: r = 1.4300 AU, v = 10.3887 km/sec, dv/dt = 0.4000 GMsun/r^2
367 input pairs/tracklets led to 92 physically reasonable state vectors
Identified 0 candidate linkages
Working on grid point 1957: r = 1.4300 AU, v = 10.3887 km/sec, dv/dt = -0.0000 GMsun/r^2
367 input pairs/tracklets led to 89 physically reasonable state vectors
Identified 0 candidate linkages
Working on grid point 1958: r = 1.4300 AU, v = 10.3887 km/sec, dv/dt = -0.4000 GMsun/r^2
367 input pairs/tracklets led to 89 physically reasonable state vectors
Identified 0 candidate linkages
Working on grid point 1959: r = 1.4300 AU, v = 13.8517 km/sec, dv/dt = 0.4000 GMsun/r^2
367 input pairs/tracklets led to 87 physically reasonable state vectors
Identified 0 candidate linkages
Working on grid point 1960: r = 1.4300 AU, v = 13.8517 km/sec, dv/dt = -0.0000 GMsun/r^2
367 input pairs/tracklets led to 84 physically reasonable state vectors
Identified 0 candidate linkages
Working on grid point 1961: r = 1.4300 AU, v = 13.8517 km/sec, dv/dt = -0.4000 GMsun/r^2
367 input pairs/tracklets led to 85 physically reasonable state vectors
Identified 0 candidate linkages
Working on grid point 1962: r = 1.4300 AU, v = 17.3146 km/sec, dv/dt = -0.0000 GMsun/r^2
367 input pairs/tracklets led to 75 physically reasonable state vectors
Identified 0 candidate linkages
Working on grid point 1963: r = 1.4300 AU, v = 17.3146 km/sec, dv/dt = -0.4000 GMsun/r^2
367 input pairs/tracklets led to 74 physically reasonable state vectors
Identified 0 candidate linkages
Working on grid point 1964: r = 1.4300 AU, v = 17.3146 km/sec, dv/dt = -0.8000 GMsun/r^2
367 input pairs/tracklets led to 74 physically reasonable state vectors
Identified 0 candidate linkages
Working on grid point 1965: r = 1.4300 AU, v = 20.7775 km/sec, dv/dt = -0.0000 GMsun/r^2
367 input pairs/tracklets led to 68 physically reasonable state vectors
Identified 0 candidate linkages
Working on grid point 1966: r = 1.4300 AU, v = 20.7775 km/sec, dv/dt = -0.4000 GMsun/r^2
367 input pairs/tracklets led to 71 physically reasonable state vectors
Identified 0 candidate linkages
Working on grid point 1967: r = 1.4300 AU, v = 20.7775 km/sec, dv/dt = -0.8000 GMsun/r^2
367 input pairs/tracklets led to 70 physically reasonable state vectors
Identified 0 candidate linkages
Working on grid point 1968: r = 1.4300 AU, v = 24.2404 km/sec, dv/dt = -0.4000 GMsun/r^2
367 input pairs/tracklets led to 55 physically reasonable state vectors
Identified 0 candidate linkages
Working on grid point 1969: r = 1.4300 AU, v = 24.2404 km/sec, dv/dt = -0.8000 GMsun/r^2
367 input pairs/tracklets led to 60 physically reasonable state vectors
Identified 0 candidate linkages
Working on grid point 1970: r = 1.4300 AU, v = 27.7033 km/sec, dv/dt = -0.4000 GMsun/r^2
367 input pairs/tracklets led to 31 physically reasonable state vectors
Identified 0 candidate linkages
Working on grid point 1971: r = 1.4300 AU, v = 27.7033 km/sec, dv/dt = -0.8000 GMsun/r^2
Working on grid point 1972: r = 1.4400 AU, v = -27.7033 km/sec, dv/dt = -0.8000 GMsun/r^2
Working on grid point 1973: r = 1.4400 AU, v = -24.2404 km/sec, dv/dt = -0.4000 GMsun/r^2
367 input pairs/tracklets led to 90 physically reasonable state vectors
Identified 0 candidate linkages
Working on grid point 1974: r = 1.4400 AU, v = -24.2404 km/sec, dv/dt = -0.8000 GMsun/r^2
367 input pairs/tracklets led to 87 physically reasonable state vectors
Identified 0 candidate linkages
Working on grid point 1975: r = 1.4400 AU, v = -20.7775 km/sec, dv/dt = -0.0000 GMsun/r^2
367 input pairs/tracklets led to 111 physically reasonable state vectors
Identified 0 candidate linkages
Working on grid point 1976: r = 1.4400 AU, v = -20.7775 km/sec, dv/dt = -0.4000 GMsun/r^2
367 input pairs/tracklets led to 102 physically reasonable state vectors
Identified 0 candidate linkages
Working on grid point 1977: r = 1.4400 AU, v = -20.7775 km/sec, dv/dt = -0.8000 GMsun/r^2
367 input pairs/tracklets led to 97 physically reasonable state vectors
Identified 0 candidate linkages
Working on grid point 1978: r = 1.4400 AU, v = -17.3146 km/sec, dv/dt = -0.0000 GMsun/r^2
367 input pairs/tracklets led to 129 physically reasonable state vectors
Identified 0 candidate linkages
Working on grid point 1979: r = 1.4400 AU, v = -17.3146 km/sec, dv/dt = -0.4000 GMsun/r^2
367 input pairs/tracklets led to 131 physically reasonable state vectors
Identified 0 candidate linkages
Working on grid point 1980: r = 1.4400 AU, v = -17.3146 km/sec, dv/dt = -0.8000 GMsun/r^2
367 input pairs/tracklets led to 121 physically reasonable state vectors
Identified 0 candidate linkages
Working on grid point 1981: r = 1.4400 AU, v = -13.8517 km/sec, dv/dt = 0.4000 GMsun/r^2
367 input pairs/tracklets led to 137 physically reasonable state vectors
Identified 0 candidate linkages
Working on grid point 1982: r = 1.4400 AU, v = -13.8517 km/sec, dv/dt = -0.0000 GMsun/r^2
367 input pairs/tracklets led to 132 physically reasonable state vectors
Identified 0 candidate linkages
Working on grid point 1983: r = 1.4400 AU, v = -13.8517 km/sec, dv/dt = -0.4000 GMsun/r^2
367 input pairs/tracklets led to 127 physically reasonable state vectors
Identified 0 candidate linkages
Working on grid point 1984: r = 1.4400 AU, v = -10.3887 km/sec, dv/dt = 0.4000 GMsun/r^2
367 input pairs/tracklets led to 126 physically reasonable state vectors
Identified 0 candidate linkages
Working on grid point 1985: r = 1.4400 AU, v = -10.3887 km/sec, dv/dt = -0.0000 GMsun/r^2
367 input pairs/tracklets led to 124 physically reasonable state vectors
Identified 0 candidate linkages
Working on grid point 1986: r = 1.4400 AU, v = -10.3887 km/sec, dv/dt = -0.4000 GMsun/r^2
367 input pairs/tracklets led to 122 physically reasonable state vectors
Identified 0 candidate linkages
Working on grid point 1987: r = 1.4400 AU, v = -6.9258 km/sec, dv/dt = 0.4000 GMsun/r^2
367 input pairs/tracklets led to 108 physically reasonable state vectors
Identified 0 candidate linkages
Working on grid point 1988: r = 1.4400 AU, v = -6.9258 km/sec, dv/dt = -0.0000 GMsun/r^2
367 input pairs/tracklets led to 116 physically reasonable state vectors
Identified 0 candidate linkages
Working on grid point 1989: r = 1.4400 AU, v = -6.9258 km/sec, dv/dt = -0.4000 GMsun/r^2
367 input pairs/tracklets led to 120 physically reasonable state vectors
Identified 0 candidate linkages
Working on grid point 1990: r = 1.4400 AU, v = -3.4629 km/sec, dv/dt = 0.4000 GMsun/r^2
367 input pairs/tracklets led to 103 physically reasonable state vectors
Identified 0 candidate linkages
Working on grid point 1991: r = 1.4400 AU, v = -3.4629 km/sec, dv/dt = -0.0000 GMsun/r^2
367 input pairs/tracklets led to 108 physically reasonable state vectors
Identified 0 candidate linkages
Working on grid point 1992: r = 1.4400 AU, v = -3.4629 km/sec, dv/dt = -0.4000 GMsun/r^2
367 input pairs/tracklets led to 109 physically reasonable state vectors
Identified 0 candidate linkages
Working on grid point 1993: r = 1.4400 AU, v = 0.0000 km/sec, dv/dt = 0.4000 GMsun/r^2
367 input pairs/tracklets led to 101 physically reasonable state vectors
Identified 0 candidate linkages
Working on grid point 1994: r = 1.4400 AU, v = 0.0000 km/sec, dv/dt = -0.0000 GMsun/r^2
367 input pairs/tracklets led to 109 physically reasonable state vectors
Identified 0 candidate linkages
Working on grid point 1995: r = 1.4400 AU, v = 0.0000 km/sec, dv/dt = -0.4000 GMsun/r^2
367 input pairs/tracklets led to 109 physically reasonable state vectors
Identified 0 candidate linkages
Working on grid point 1996: r = 1.4400 AU, v = 3.4629 km/sec, dv/dt = 0.4000 GMsun/r^2
367 input pairs/tracklets led to 95 physically reasonable state vectors
Identified 0 candidate linkages
Working on grid point 1997: r = 1.4400 AU, v = 3.4629 km/sec, dv/dt = -0.0000 GMsun/r^2
367 input pairs/tracklets led to 96 physically reasonable state vectors
Identified 0 candidate linkages
Working on grid point 1998: r = 1.4400 AU, v = 3.4629 km/sec, dv/dt = -0.4000 GMsun/r^2
367 input pairs/tracklets led to 101 physically reasonable state vectors
Identified 0 candidate linkages
Working on grid point 1999: r = 1.4400 AU, v = 6.9258 km/sec, dv/dt = 0.4000 GMsun/r^2
367 input pairs/tracklets led to 91 physically reasonable state vectors
Identified 0 candidate linkages
Working on grid point 2000: r = 1.4400 AU, v = 6.9258 km/sec, dv/dt = -0.0000 GMsun/r^2
367 input pairs/tracklets led to 93 physically reasonable state vectors
Identified 0 candidate linkages
Working on grid point 2001: r = 1.4400 AU, v = 6.9258 km/sec, dv/dt = -0.4000 GMsun/r^2
367 input pairs/tracklets led to 91 physically reasonable state vectors
Identified 0 candidate linkages
Working on grid point 2002: r = 1.4400 AU, v = 10.3887 km/sec, dv/dt = 0.4000 GMsun/r^2
367 input pairs/tracklets led to 90 physically reasonable state vectors
Identified 0 candidate linkages
Working on grid point 2003: r = 1.4400 AU, v = 10.3887 km/sec, dv/dt = -0.0000 GMsun/r^2
367 input pairs/tracklets led to 91 physically reasonable state vectors
Identified 0 candidate linkages
Working on grid point 2004: r = 1.4400 AU, v = 10.3887 km/sec, dv/dt = -0.4000 GMsun/r^2
367 input pairs/tracklets led to 86 physically reasonable state vectors
Identified 0 candidate linkages
Working on grid point 2005: r = 1.4400 AU, v = 13.8517 km/sec, dv/dt = 0.4000 GMsun/r^2
367 input pairs/tracklets led to 88 physically reasonable state vectors
Identified 0 candidate linkages
Working on grid point 2006: r = 1.4400 AU, v = 13.8517 km/sec, dv/dt = -0.0000 GMsun/r^2
367 input pairs/tracklets led to 84 physically reasonable state vectors
Identified 0 candidate linkages
Working on grid point 2007: r = 1.4400 AU, v = 13.8517 km/sec, dv/dt = -0.4000 GMsun/r^2
367 input pairs/tracklets led to 83 physically reasonable state vectors
Identified 0 candidate linkages
Working on grid point 2008: r = 1.4400 AU, v = 17.3146 km/sec, dv/dt = -0.0000 GMsun/r^2
367 input pairs/tracklets led to 76 physically reasonable state vectors
Identified 0 candidate linkages
Working on grid point 2009: r = 1.4400 AU, v = 17.3146 km/sec, dv/dt = -0.4000 GMsun/r^2
367 input pairs/tracklets led to 73 physically reasonable state vectors
Identified 0 candidate linkages
Working on grid point 2010: r = 1.4400 AU, v = 17.3146 km/sec, dv/dt = -0.8000 GMsun/r^2
367 input pairs/tracklets led to 74 physically reasonable state vectors
Identified 0 candidate linkages
Working on grid point 2011: r = 1.4400 AU, v = 20.7775 km/sec, dv/dt = -0.0000 GMsun/r^2
367 input pairs/tracklets led to 64 physically reasonable state vectors
Identified 0 candidate linkages
Working on grid point 2012: r = 1.4400 AU, v = 20.7775 km/sec, dv/dt = -0.4000 GMsun/r^2
367 input pairs/tracklets led to 68 physically reasonable state vectors
Identified 0 candidate linkages
Working on grid point 2013: r = 1.4400 AU, v = 20.7775 km/sec, dv/dt = -0.8000 GMsun/r^2
367 input pairs/tracklets led to 70 physically reasonable state vectors
Identified 0 candidate linkages
Working on grid point 2014: r = 1.4400 AU, v = 24.2404 km/sec, dv/dt = -0.4000 GMsun/r^2
367 input pairs/tracklets led to 50 physically reasonable state vectors
Identified 0 candidate linkages
Working on grid point 2015: r = 1.4400 AU, v = 24.2404 km/sec, dv/dt = -0.8000 GMsun/r^2
367 input pairs/tracklets led to 58 physically reasonable state vectors
Identified 0 candidate linkages
Working on grid point 2016: r = 1.4400 AU, v = 27.7033 km/sec, dv/dt = -0.8000 GMsun/r^2
Working on grid point 2017: r = 1.4500 AU, v = -27.7033 km/sec, dv/dt = -0.4000 GMsun/r^2
367 input pairs/tracklets led to 69 physically reasonable state vectors
Identified 0 candidate linkages
Working on grid point 2018: r = 1.4500 AU, v = -27.7033 km/sec, dv/dt = -0.8000 GMsun/r^2
Working on grid point 2019: r = 1.4500 AU, v = -24.2404 km/sec, dv/dt = -0.4000 GMsun/r^2
367 input pairs/tracklets led to 87 physically reasonable state vectors
Identified 0 candidate linkages
Working on grid point 2020: r = 1.4500 AU, v = -24.2404 km/sec, dv/dt = -0.8000 GMsun/r^2
367 input pairs/tracklets led to 87 physically reasonable state vectors
Identified 0 candidate linkages
Working on grid point 2021: r = 1.4500 AU, v = -20.7775 km/sec, dv/dt = -0.0000 GMsun/r^2
367 input pairs/tracklets led to 108 physically reasonable state vectors
Identified 0 candidate linkages
Working on grid point 2022: r = 1.4500 AU, v = -20.7775 km/sec, dv/dt = -0.4000 GMsun/r^2
367 input pairs/tracklets led to 101 physically reasonable state vectors
Identified 0 candidate linkages
Working on grid point 2023: r = 1.4500 AU, v = -20.7775 km/sec, dv/dt = -0.8000 GMsun/r^2
367 input pairs/tracklets led to 95 physically reasonable state vectors
Identified 0 candidate linkages
Working on grid point 2024: r = 1.4500 AU, v = -17.3146 km/sec, dv/dt = -0.0000 GMsun/r^2
367 input pairs/tracklets led to 123 physically reasonable state vectors
Identified 0 candidate linkages
Working on grid point 2025: r = 1.4500 AU, v = -17.3146 km/sec, dv/dt = -0.4000 GMsun/r^2
367 input pairs/tracklets led to 123 physically reasonable state vectors
Identified 0 candidate linkages
Working on grid point 2026: r = 1.4500 AU, v = -17.3146 km/sec, dv/dt = -0.8000 GMsun/r^2
367 input pairs/tracklets led to 117 physically reasonable state vectors
Identified 0 candidate linkages
Working on grid point 2027: r = 1.4500 AU, v = -13.8517 km/sec, dv/dt = 0.4000 GMsun/r^2
367 input pairs/tracklets led to 133 physically reasonable state vectors
Identified 0 candidate linkages
Working on grid point 2028: r = 1.4500 AU, v = -13.8517 km/sec, dv/dt = -0.0000 GMsun/r^2
367 input pairs/tracklets led to 126 physically reasonable state vectors
Identified 0 candidate linkages
Working on grid point 2029: r = 1.4500 AU, v = -13.8517 km/sec, dv/dt = -0.4000 GMsun/r^2
367 input pairs/tracklets led to 123 physically reasonable state vectors
Identified 0 candidate linkages
Working on grid point 2030: r = 1.4500 AU, v = -10.3887 km/sec, dv/dt = 0.4000 GMsun/r^2
367 input pairs/tracklets led to 123 physically reasonable state vectors
Identified 0 candidate linkages
Working on grid point 2031: r = 1.4500 AU, v = -10.3887 km/sec, dv/dt = -0.0000 GMsun/r^2
367 input pairs/tracklets led to 123 physically reasonable state vectors
Identified 0 candidate linkages
Working on grid point 2032: r = 1.4500 AU, v = -10.3887 km/sec, dv/dt = -0.4000 GMsun/r^2
367 input pairs/tracklets led to 122 physically reasonable state vectors
Identified 0 candidate linkages
Working on grid point 2033: r = 1.4500 AU, v = -6.9258 km/sec, dv/dt = 0.4000 GMsun/r^2
367 input pairs/tracklets led to 105 physically reasonable state vectors
Identified 0 candidate linkages
Working on grid point 2034: r = 1.4500 AU, v = -6.9258 km/sec, dv/dt = -0.0000 GMsun/r^2
367 input pairs/tracklets led to 113 physically reasonable state vectors
Identified 0 candidate linkages
Working on grid point 2035: r = 1.4500 AU, v = -6.9258 km/sec, dv/dt = -0.4000 GMsun/r^2
367 input pairs/tracklets led to 115 physically reasonable state vectors
Identified 0 candidate linkages
Working on grid point 2036: r = 1.4500 AU, v = -3.4629 km/sec, dv/dt = 0.4000 GMsun/r^2
367 input pairs/tracklets led to 103 physically reasonable state vectors
Identified 0 candidate linkages
Working on grid point 2037: r = 1.4500 AU, v = -3.4629 km/sec, dv/dt = -0.0000 GMsun/r^2
367 input pairs/tracklets led to 107 physically reasonable state vectors
Identified 0 candidate linkages
Working on grid point 2038: r = 1.4500 AU, v = -3.4629 km/sec, dv/dt = -0.4000 GMsun/r^2
367 input pairs/tracklets led to 108 physically reasonable state vectors
Identified 0 candidate linkages
Working on grid point 2039: r = 1.4500 AU, v = 0.0000 km/sec, dv/dt = 0.4000 GMsun/r^2
367 input pairs/tracklets led to 97 physically reasonable state vectors
Identified 0 candidate linkages
Working on grid point 2040: r = 1.4500 AU, v = 0.0000 km/sec, dv/dt = -0.0000 GMsun/r^2
367 input pairs/tracklets led to 105 physically reasonable state vectors
Identified 0 candidate linkages
Working on grid point 2041: r = 1.4500 AU, v = 0.0000 km/sec, dv/dt = -0.4000 GMsun/r^2
367 input pairs/tracklets led to 107 physically reasonable state vectors
Identified 0 candidate linkages
Working on grid point 2042: r = 1.4500 AU, v = 3.4629 km/sec, dv/dt = 0.4000 GMsun/r^2
367 input pairs/tracklets led to 93 physically reasonable state vectors
Identified 0 candidate linkages
Working on grid point 2043: r = 1.4500 AU, v = 3.4629 km/sec, dv/dt = -0.0000 GMsun/r^2
367 input pairs/tracklets led to 94 physically reasonable state vectors
Identified 0 candidate linkages
Working on grid point 2044: r = 1.4500 AU, v = 3.4629 km/sec, dv/dt = -0.4000 GMsun/r^2
367 input pairs/tracklets led to 97 physically reasonable state vectors
Identified 0 candidate linkages
Working on grid point 2045: r = 1.4500 AU, v = 6.9258 km/sec, dv/dt = 0.4000 GMsun/r^2
367 input pairs/tracklets led to 88 physically reasonable state vectors
Identified 0 candidate linkages
Working on grid point 2046: r = 1.4500 AU, v = 6.9258 km/sec, dv/dt = -0.0000 GMsun/r^2
367 input pairs/tracklets led to 91 physically reasonable state vectors
Identified 0 candidate linkages
Working on grid point 2047: r = 1.4500 AU, v = 6.9258 km/sec, dv/dt = -0.4000 GMsun/r^2
367 input pairs/tracklets led to 93 physically reasonable state vectors
Identified 0 candidate linkages
Working on grid point 2048: r = 1.4500 AU, v = 10.3887 km/sec, dv/dt = 0.4000 GMsun/r^2
367 input pairs/tracklets led to 89 physically reasonable state vectors
Identified 0 candidate linkages
Working on grid point 2049: r = 1.4500 AU, v = 10.3887 km/sec, dv/dt = -0.0000 GMsun/r^2
367 input pairs/tracklets led to 91 physically reasonable state vectors
Identified 0 candidate linkages
Working on grid point 2050: r = 1.4500 AU, v = 10.3887 km/sec, dv/dt = -0.4000 GMsun/r^2
367 input pairs/tracklets led to 86 physically reasonable state vectors
Identified 0 candidate linkages
Working on grid point 2051: r = 1.4500 AU, v = 13.8517 km/sec, dv/dt = 0.4000 GMsun/r^2
367 input pairs/tracklets led to 87 physically reasonable state vectors
Identified 0 candidate linkages
Working on grid point 2052: r = 1.4500 AU, v = 13.8517 km/sec, dv/dt = -0.0000 GMsun/r^2
367 input pairs/tracklets led to 80 physically reasonable state vectors
Identified 0 candidate linkages
Working on grid point 2053: r = 1.4500 AU, v = 13.8517 km/sec, dv/dt = -0.4000 GMsun/r^2
367 input pairs/tracklets led to 80 physically reasonable state vectors
Identified 0 candidate linkages
Working on grid point 2054: r = 1.4500 AU, v = 17.3146 km/sec, dv/dt = -0.0000 GMsun/r^2
367 input pairs/tracklets led to 73 physically reasonable state vectors
Identified 0 candidate linkages
Working on grid point 2055: r = 1.4500 AU, v = 17.3146 km/sec, dv/dt = -0.4000 GMsun/r^2
367 input pairs/tracklets led to 72 physically reasonable state vectors
Identified 0 candidate linkages
Working on grid point 2056: r = 1.4500 AU, v = 17.3146 km/sec, dv/dt = -0.8000 GMsun/r^2
367 input pairs/tracklets led to 74 physically reasonable state vectors
Identified 0 candidate linkages
Working on grid point 2057: r = 1.4500 AU, v = 20.7775 km/sec, dv/dt = -0.0000 GMsun/r^2
367 input pairs/tracklets led to 63 physically reasonable state vectors
Identified 0 candidate linkages
Working on grid point 2058: r = 1.4500 AU, v = 20.7775 km/sec, dv/dt = -0.4000 GMsun/r^2
367 input pairs/tracklets led to 68 physically reasonable state vectors
Identified 0 candidate linkages
Working on grid point 2059: r = 1.4500 AU, v = 20.7775 km/sec, dv/dt = -0.8000 GMsun/r^2
367 input pairs/tracklets led to 68 physically reasonable state vectors
Identified 0 candidate linkages
Working on grid point 2060: r = 1.4500 AU, v = 24.2404 km/sec, dv/dt = -0.4000 GMsun/r^2
367 input pairs/tracklets led to 47 physically reasonable state vectors
Identified 0 candidate linkages
Working on grid point 2061: r = 1.4500 AU, v = 24.2404 km/sec, dv/dt = -0.8000 GMsun/r^2
367 input pairs/tracklets led to 50 physically reasonable state vectors
Identified 0 candidate linkages
Working on grid point 2062: r = 1.4500 AU, v = 27.7033 km/sec, dv/dt = -0.8000 GMsun/r^2
367 input pairs/tracklets led to 30 physically reasonable state vectors
Identified 0 candidate linkages
Working on grid point 2063: r = 1.4600 AU, v = -27.7033 km/sec, dv/dt = -0.8000 GMsun/r^2
Working on grid point 2064: r = 1.4600 AU, v = -24.2404 km/sec, dv/dt = -0.4000 GMsun/r^2
367 input pairs/tracklets led to 84 physically reasonable state vectors
Identified 0 candidate linkages
Working on grid point 2065: r = 1.4600 AU, v = -24.2404 km/sec, dv/dt = -0.8000 GMsun/r^2
367 input pairs/tracklets led to 82 physically reasonable state vectors
Identified 0 candidate linkages
Working on grid point 2066: r = 1.4600 AU, v = -20.7775 km/sec, dv/dt = -0.0000 GMsun/r^2
367 input pairs/tracklets led to 108 physically reasonable state vectors
Identified 0 candidate linkages
Working on grid point 2067: r = 1.4600 AU, v = -20.7775 km/sec, dv/dt = -0.4000 GMsun/r^2
367 input pairs/tracklets led to 100 physically reasonable state vectors
Identified 0 candidate linkages
Working on grid point 2068: r = 1.4600 AU, v = -20.7775 km/sec, dv/dt = -0.8000 GMsun/r^2
367 input pairs/tracklets led to 93 physically reasonable state vectors
Identified 0 candidate linkages
Working on grid point 2069: r = 1.4600 AU, v = -17.3146 km/sec, dv/dt = -0.0000 GMsun/r^2
367 input pairs/tracklets led to 116 physically reasonable state vectors
Identified 0 candidate linkages
Working on grid point 2070: r = 1.4600 AU, v = -17.3146 km/sec, dv/dt = -0.4000 GMsun/r^2
367 input pairs/tracklets led to 114 physically reasonable state vectors
Identified 0 candidate linkages
Working on grid point 2071: r = 1.4600 AU, v = -17.3146 km/sec, dv/dt = -0.8000 GMsun/r^2
367 input pairs/tracklets led to 113 physically reasonable state vectors
Identified 0 candidate linkages
Working on grid point 2072: r = 1.4600 AU, v = -13.8517 km/sec, dv/dt = 0.4000 GMsun/r^2
367 input pairs/tracklets led to 127 physically reasonable state vectors
Identified 0 candidate linkages
Working on grid point 2073: r = 1.4600 AU, v = -13.8517 km/sec, dv/dt = -0.0000 GMsun/r^2
367 input pairs/tracklets led to 122 physically reasonable state vectors
Identified 0 candidate linkages
Working on grid point 2074: r = 1.4600 AU, v = -13.8517 km/sec, dv/dt = -0.4000 GMsun/r^2
367 input pairs/tracklets led to 122 physically reasonable state vectors
Identified 0 candidate linkages
Working on grid point 2075: r = 1.4600 AU, v = -10.3887 km/sec, dv/dt = 0.4000 GMsun/r^2
367 input pairs/tracklets led to 116 physically reasonable state vectors
Identified 0 candidate linkages
Working on grid point 2076: r = 1.4600 AU, v = -10.3887 km/sec, dv/dt = -0.0000 GMsun/r^2
367 input pairs/tracklets led to 117 physically reasonable state vectors
Identified 0 candidate linkages
Working on grid point 2077: r = 1.4600 AU, v = -10.3887 km/sec, dv/dt = -0.4000 GMsun/r^2
367 input pairs/tracklets led to 117 physically reasonable state vectors
Identified 0 candidate linkages
Working on grid point 2078: r = 1.4600 AU, v = -6.9258 km/sec, dv/dt = 0.4000 GMsun/r^2
367 input pairs/tracklets led to 102 physically reasonable state vectors
Identified 0 candidate linkages
Working on grid point 2079: r = 1.4600 AU, v = -6.9258 km/sec, dv/dt = -0.0000 GMsun/r^2
367 input pairs/tracklets led to 110 physically reasonable state vectors
Identified 0 candidate linkages
Working on grid point 2080: r = 1.4600 AU, v = -6.9258 km/sec, dv/dt = -0.4000 GMsun/r^2
367 input pairs/tracklets led to 113 physically reasonable state vectors
Identified 0 candidate linkages
Working on grid point 2081: r = 1.4600 AU, v = -3.4629 km/sec, dv/dt = 0.4000 GMsun/r^2
367 input pairs/tracklets led to 101 physically reasonable state vectors
Identified 0 candidate linkages
Working on grid point 2082: r = 1.4600 AU, v = -3.4629 km/sec, dv/dt = -0.0000 GMsun/r^2
367 input pairs/tracklets led to 107 physically reasonable state vectors
Identified 0 candidate linkages
Working on grid point 2083: r = 1.4600 AU, v = -3.4629 km/sec, dv/dt = -0.4000 GMsun/r^2
367 input pairs/tracklets led to 107 physically reasonable state vectors
Identified 0 candidate linkages
Working on grid point 2084: r = 1.4600 AU, v = 0.0000 km/sec, dv/dt = 0.4000 GMsun/r^2
367 input pairs/tracklets led to 94 physically reasonable state vectors
Identified 0 candidate linkages
Working on grid point 2085: r = 1.4600 AU, v = 0.0000 km/sec, dv/dt = -0.0000 GMsun/r^2
367 input pairs/tracklets led to 103 physically reasonable state vectors
Identified 0 candidate linkages
Working on grid point 2086: r = 1.4600 AU, v = 0.0000 km/sec, dv/dt = -0.4000 GMsun/r^2
367 input pairs/tracklets led to 104 physically reasonable state vectors
Identified 0 candidate linkages
Working on grid point 2087: r = 1.4600 AU, v = 3.4629 km/sec, dv/dt = 0.4000 GMsun/r^2
367 input pairs/tracklets led to 92 physically reasonable state vectors
Identified 0 candidate linkages
Working on grid point 2088: r = 1.4600 AU, v = 3.4629 km/sec, dv/dt = -0.0000 GMsun/r^2
367 input pairs/tracklets led to 94 physically reasonable state vectors
Identified 0 candidate linkages
Working on grid point 2089: r = 1.4600 AU, v = 3.4629 km/sec, dv/dt = -0.4000 GMsun/r^2
367 input pairs/tracklets led to 95 physically reasonable state vectors
Identified 0 candidate linkages
Working on grid point 2090: r = 1.4600 AU, v = 6.9258 km/sec, dv/dt = 0.4000 GMsun/r^2
367 input pairs/tracklets led to 86 physically reasonable state vectors
Identified 0 candidate linkages
Working on grid point 2091: r = 1.4600 AU, v = 6.9258 km/sec, dv/dt = -0.0000 GMsun/r^2
367 input pairs/tracklets led to 90 physically reasonable state vectors
Identified 0 candidate linkages
Working on grid point 2092: r = 1.4600 AU, v = 6.9258 km/sec, dv/dt = -0.4000 GMsun/r^2
367 input pairs/tracklets led to 91 physically reasonable state vectors
Identified 0 candidate linkages
Working on grid point 2093: r = 1.4600 AU, v = 10.3887 km/sec, dv/dt = 0.4000 GMsun/r^2
367 input pairs/tracklets led to 86 physically reasonable state vectors
Identified 0 candidate linkages
Working on grid point 2094: r = 1.4600 AU, v = 10.3887 km/sec, dv/dt = -0.0000 GMsun/r^2
367 input pairs/tracklets led to 89 physically reasonable state vectors
Identified 0 candidate linkages
Working on grid point 2095: r = 1.4600 AU, v = 10.3887 km/sec, dv/dt = -0.4000 GMsun/r^2
367 input pairs/tracklets led to 84 physically reasonable state vectors
Identified 0 candidate linkages
Working on grid point 2096: r = 1.4600 AU, v = 13.8517 km/sec, dv/dt = 0.4000 GMsun/r^2
367 input pairs/tracklets led to 85 physically reasonable state vectors
Identified 0 candidate linkages
Working on grid point 2097: r = 1.4600 AU, v = 13.8517 km/sec, dv/dt = -0.0000 GMsun/r^2
367 input pairs/tracklets led to 77 physically reasonable state vectors
Identified 0 candidate linkages
Working on grid point 2098: r = 1.4600 AU, v = 13.8517 km/sec, dv/dt = -0.4000 GMsun/r^2
367 input pairs/tracklets led to 78 physically reasonable state vectors
Identified 0 candidate linkages
Working on grid point 2099: r = 1.4600 AU, v = 17.3146 km/sec, dv/dt = -0.0000 GMsun/r^2
367 input pairs/tracklets led to 70 physically reasonable state vectors
Identified 0 candidate linkages
Working on grid point 2100: r = 1.4600 AU, v = 17.3146 km/sec, dv/dt = -0.4000 GMsun/r^2
367 input pairs/tracklets led to 68 physically reasonable state vectors
Identified 0 candidate linkages
Working on grid point 2101: r = 1.4600 AU, v = 17.3146 km/sec, dv/dt = -0.8000 GMsun/r^2
367 input pairs/tracklets led to 70 physically reasonable state vectors
Identified 0 candidate linkages
Working on grid point 2102: r = 1.4600 AU, v = 20.7775 km/sec, dv/dt = -0.0000 GMsun/r^2
367 input pairs/tracklets led to 60 physically reasonable state vectors
Identified 0 candidate linkages
Working on grid point 2103: r = 1.4600 AU, v = 20.7775 km/sec, dv/dt = -0.4000 GMsun/r^2
367 input pairs/tracklets led to 65 physically reasonable state vectors
Identified 0 candidate linkages
Working on grid point 2104: r = 1.4600 AU, v = 20.7775 km/sec, dv/dt = -0.8000 GMsun/r^2
367 input pairs/tracklets led to 66 physically reasonable state vectors
Identified 0 candidate linkages
Working on grid point 2105: r = 1.4600 AU, v = 24.2404 km/sec, dv/dt = -0.4000 GMsun/r^2
367 input pairs/tracklets led to 45 physically reasonable state vectors
Identified 0 candidate linkages
Working on grid point 2106: r = 1.4600 AU, v = 24.2404 km/sec, dv/dt = -0.8000 GMsun/r^2
367 input pairs/tracklets led to 48 physically reasonable state vectors
Identified 0 candidate linkages
Working on grid point 2107: r = 1.4600 AU, v = 27.7033 km/sec, dv/dt = -0.8000 GMsun/r^2
367 input pairs/tracklets led to 30 physically reasonable state vectors
Identified 0 candidate linkages
Working on grid point 2108: r = 1.4700 AU, v = -27.7033 km/sec, dv/dt = -0.8000 GMsun/r^2
367 input pairs/tracklets led to 62 physically reasonable state vectors
Identified 0 candidate linkages
Working on grid point 2109: r = 1.4700 AU, v = -24.2404 km/sec, dv/dt = -0.4000 GMsun/r^2
367 input pairs/tracklets led to 80 physically reasonable state vectors
Identified 0 candidate linkages
Working on grid point 2110: r = 1.4700 AU, v = -24.2404 km/sec, dv/dt = -0.8000 GMsun/r^2
367 input pairs/tracklets led to 79 physically reasonable state vectors
Identified 0 candidate linkages
Working on grid point 2111: r = 1.4700 AU, v = -20.7775 km/sec, dv/dt = -0.0000 GMsun/r^2
367 input pairs/tracklets led to 105 physically reasonable state vectors
Identified 0 candidate linkages
Working on grid point 2112: r = 1.4700 AU, v = -20.7775 km/sec, dv/dt = -0.4000 GMsun/r^2
367 input pairs/tracklets led to 101 physically reasonable state vectors
Identified 0 candidate linkages
Working on grid point 2113: r = 1.4700 AU, v = -20.7775 km/sec, dv/dt = -0.8000 GMsun/r^2
367 input pairs/tracklets led to 91 physically reasonable state vectors
Identified 0 candidate linkages
Working on grid point 2114: r = 1.4700 AU, v = -17.3146 km/sec, dv/dt = -0.0000 GMsun/r^2
367 input pairs/tracklets led to 113 physically reasonable state vectors
Identified 0 candidate linkages
Working on grid point 2115: r = 1.4700 AU, v = -17.3146 km/sec, dv/dt = -0.4000 GMsun/r^2
367 input pairs/tracklets led to 112 physically reasonable state vectors
Identified 0 candidate linkages
Working on grid point 2116: r = 1.4700 AU, v = -17.3146 km/sec, dv/dt = -0.8000 GMsun/r^2
367 input pairs/tracklets led to 110 physically reasonable state vectors
Identified 0 candidate linkages
Working on grid point 2117: r = 1.4700 AU, v = -13.8517 km/sec, dv/dt = -0.0000 GMsun/r^2
367 input pairs/tracklets led to 122 physically reasonable state vectors
Identified 0 candidate linkages
Working on grid point 2118: r = 1.4700 AU, v = -13.8517 km/sec, dv/dt = -0.4000 GMsun/r^2
367 input pairs/tracklets led to 121 physically reasonable state vectors
Identified 0 candidate linkages
Working on grid point 2119: r = 1.4700 AU, v = -10.3887 km/sec, dv/dt = 0.4000 GMsun/r^2
367 input pairs/tracklets led to 114 physically reasonable state vectors
Identified 0 candidate linkages
Working on grid point 2120: r = 1.4700 AU, v = -10.3887 km/sec, dv/dt = -0.0000 GMsun/r^2
367 input pairs/tracklets led to 112 physically reasonable state vectors
Identified 0 candidate linkages
Working on grid point 2121: r = 1.4700 AU, v = -10.3887 km/sec, dv/dt = -0.4000 GMsun/r^2
367 input pairs/tracklets led to 115 physically reasonable state vectors
Identified 0 candidate linkages
Working on grid point 2122: r = 1.4700 AU, v = -6.9258 km/sec, dv/dt = 0.4000 GMsun/r^2
367 input pairs/tracklets led to 100 physically reasonable state vectors
Identified 0 candidate linkages
Working on grid point 2123: r = 1.4700 AU, v = -6.9258 km/sec, dv/dt = -0.0000 GMsun/r^2
367 input pairs/tracklets led to 108 physically reasonable state vectors
Identified 0 candidate linkages
Working on grid point 2124: r = 1.4700 AU, v = -6.9258 km/sec, dv/dt = -0.4000 GMsun/r^2
367 input pairs/tracklets led to 112 physically reasonable state vectors
Identified 0 candidate linkages
Working on grid point 2125: r = 1.4700 AU, v = -3.4629 km/sec, dv/dt = 0.4000 GMsun/r^2
367 input pairs/tracklets led to 100 physically reasonable state vectors
Identified 0 candidate linkages
Working on grid point 2126: r = 1.4700 AU, v = -3.4629 km/sec, dv/dt = -0.0000 GMsun/r^2
367 input pairs/tracklets led to 106 physically reasonable state vectors
Identified 0 candidate linkages
Working on grid point 2127: r = 1.4700 AU, v = -3.4629 km/sec, dv/dt = -0.4000 GMsun/r^2
367 input pairs/tracklets led to 106 physically reasonable state vectors
Identified 0 candidate linkages
Working on grid point 2128: r = 1.4700 AU, v = 0.0000 km/sec, dv/dt = 0.4000 GMsun/r^2
367 input pairs/tracklets led to 90 physically reasonable state vectors
Identified 0 candidate linkages
Working on grid point 2129: r = 1.4700 AU, v = 0.0000 km/sec, dv/dt = -0.0000 GMsun/r^2
367 input pairs/tracklets led to 96 physically reasonable state vectors
Identified 0 candidate linkages
Working on grid point 2130: r = 1.4700 AU, v = 0.0000 km/sec, dv/dt = -0.4000 GMsun/r^2
367 input pairs/tracklets led to 100 physically reasonable state vectors
Identified 0 candidate linkages
Working on grid point 2131: r = 1.4700 AU, v = 3.4629 km/sec, dv/dt = 0.4000 GMsun/r^2
367 input pairs/tracklets led to 92 physically reasonable state vectors
Identified 0 candidate linkages
Working on grid point 2132: r = 1.4700 AU, v = 3.4629 km/sec, dv/dt = -0.0000 GMsun/r^2
367 input pairs/tracklets led to 93 physically reasonable state vectors
Identified 0 candidate linkages
Working on grid point 2133: r = 1.4700 AU, v = 3.4629 km/sec, dv/dt = -0.4000 GMsun/r^2
367 input pairs/tracklets led to 93 physically reasonable state vectors
Identified 0 candidate linkages
Working on grid point 2134: r = 1.4700 AU, v = 6.9258 km/sec, dv/dt = 0.4000 GMsun/r^2
367 input pairs/tracklets led to 85 physically reasonable state vectors
Identified 0 candidate linkages
Working on grid point 2135: r = 1.4700 AU, v = 6.9258 km/sec, dv/dt = -0.0000 GMsun/r^2
367 input pairs/tracklets led to 89 physically reasonable state vectors
Identified 0 candidate linkages
Working on grid point 2136: r = 1.4700 AU, v = 6.9258 km/sec, dv/dt = -0.4000 GMsun/r^2
367 input pairs/tracklets led to 90 physically reasonable state vectors
Identified 0 candidate linkages
Working on grid point 2137: r = 1.4700 AU, v = 10.3887 km/sec, dv/dt = 0.4000 GMsun/r^2
367 input pairs/tracklets led to 84 physically reasonable state vectors
Identified 0 candidate linkages
Working on grid point 2138: r = 1.4700 AU, v = 10.3887 km/sec, dv/dt = -0.0000 GMsun/r^2
367 input pairs/tracklets led to 86 physically reasonable state vectors
Identified 0 candidate linkages
Working on grid point 2139: r = 1.4700 AU, v = 10.3887 km/sec, dv/dt = -0.4000 GMsun/r^2
367 input pairs/tracklets led to 83 physically reasonable state vectors
Identified 0 candidate linkages
Working on grid point 2140: r = 1.4700 AU, v = 13.8517 km/sec, dv/dt = 0.4000 GMsun/r^2
367 input pairs/tracklets led to 83 physically reasonable state vectors
Identified 0 candidate linkages
Working on grid point 2141: r = 1.4700 AU, v = 13.8517 km/sec, dv/dt = -0.0000 GMsun/r^2
367 input pairs/tracklets led to 76 physically reasonable state vectors
Identified 0 candidate linkages
Working on grid point 2142: r = 1.4700 AU, v = 13.8517 km/sec, dv/dt = -0.4000 GMsun/r^2
367 input pairs/tracklets led to 77 physically reasonable state vectors
Identified 0 candidate linkages
Working on grid point 2143: r = 1.4700 AU, v = 17.3146 km/sec, dv/dt = -0.0000 GMsun/r^2
367 input pairs/tracklets led to 68 physically reasonable state vectors
Identified 0 candidate linkages
Working on grid point 2144: r = 1.4700 AU, v = 17.3146 km/sec, dv/dt = -0.4000 GMsun/r^2
367 input pairs/tracklets led to 67 physically reasonable state vectors
Identified 0 candidate linkages
Working on grid point 2145: r = 1.4700 AU, v = 17.3146 km/sec, dv/dt = -0.8000 GMsun/r^2
367 input pairs/tracklets led to 67 physically reasonable state vectors
Identified 0 candidate linkages
Working on grid point 2146: r = 1.4700 AU, v = 20.7775 km/sec, dv/dt = -0.0000 GMsun/r^2
367 input pairs/tracklets led to 58 physically reasonable state vectors
Identified 0 candidate linkages
Working on grid point 2147: r = 1.4700 AU, v = 20.7775 km/sec, dv/dt = -0.4000 GMsun/r^2
367 input pairs/tracklets led to 62 physically reasonable state vectors
Identified 0 candidate linkages
Working on grid point 2148: r = 1.4700 AU, v = 20.7775 km/sec, dv/dt = -0.8000 GMsun/r^2
367 input pairs/tracklets led to 64 physically reasonable state vectors
Identified 0 candidate linkages
Working on grid point 2149: r = 1.4700 AU, v = 24.2404 km/sec, dv/dt = -0.4000 GMsun/r^2
367 input pairs/tracklets led to 42 physically reasonable state vectors
Identified 0 candidate linkages
Working on grid point 2150: r = 1.4700 AU, v = 24.2404 km/sec, dv/dt = -0.8000 GMsun/r^2
367 input pairs/tracklets led to 44 physically reasonable state vectors
Identified 0 candidate linkages
Working on grid point 2151: r = 1.4700 AU, v = 27.7033 km/sec, dv/dt = -0.8000 GMsun/r^2
367 input pairs/tracklets led to 30 physically reasonable state vectors
Identified 0 candidate linkages
