#MJD,RA,Dec,observerX,observerY,observerZ,stringID,mag,band,obscode,origindex
60795.0339792,188.2065481,6.1659533,-116122460.333,-96034143.910,2278.102,0,20.252,r,I11,2
60795.0354484,188.2067502,6.1677321,-116120128.022,-96037116.360,2297.305,1,20.311,r,I11,3
60795.0711463,188.2115414,6.2109362,-116063294.570,-96109360.475,2779.458,2,20.429,r,I11,4
60795.0929710,188.2143923,6.2373277,-116028391.559,-96153530.398,3082.336,3,20.376,r,I11,5
60795.1548936,188.2224665,6.3121051,-115928713.283,-96278730.304,3918.915,4,20.825,g,I11,6
60795.1665593,188.2240266,6.3261745,-115909830.854,-96302279.841,4065.449,5,20.786,g,I11,7
60795.1675466,188.2241598,6.3273659,-115908231.290,-96304272.245,4077.610,6,20.901,g,I11,8
60795.1971671,188.2282459,6.3630665,-115860143.386,-96363985.690,4421.917,7,24.199,u,I11,9
60795.2031209,188.2290926,6.3702389,-115850455.106,-96375973.025,4485.738,8,23.794,u,I11,10
60795.2048918,188.2293464,6.3723721,-115847572.083,-96379537.418,4504.336,9,25.563,u,I11,11
60795.2230651,210.2125449,-7.1603570,-115817950.623,-96416086.277,4684.354,10,19.607,g,I11,12
60795.2235467,210.2133761,-7.1610690,-115817164.740,-96417054.144,4688.844,11,19.446,g,I11,13
60795.2240361,210.2142195,-7.1617913,-115816366.134,-96418037.585,4693.391,12,19.479,g,I11,14
60795.2245211,210.2150561,-7.1625077,-115815574.797,-96419011.980,4697.882,13,19.278,g,I11,15
60795.2250047,210.2158911,-7.1632225,-115814785.554,-96419983.703,4702.345,14,19.574,g,I11,16
60795.2254919,210.2167313,-7.1639418,-115813990.408,-96420962.600,4706.825,15,20.017,g,I11,17
60795.2264553,210.2183931,-7.1653641,-115812418.044,-96422898.044,4715.639,16,20.565,g,I11,18
60795.2269363,210.2192232,-7.1660745,-115811632.878,-96423864.377,4720.017,17,20.805,g,I11,19
60795.2274276,210.2200725,-7.1668010,-115810830.819,-96424851.406,4724.473,18,20.990,g,I11,20
60795.2279454,210.2209650,-7.1675645,-115809985.508,-96425891.559,4729.152,19,20.487,g,I11,21
60795.2284293,210.2218006,-7.1682792,-115809195.569,-96426863.479,4733.508,20,20.145,g,I11,22
60795.2289176,210.2226450,-7.1690013,-115808398.372,-96427844.235,4737.888,21,20.026,g,I11,23
60795.2298842,210.2243133,-7.1704277,-115806820.173,-96429785.546,4746.511,22,19.931,g,I11,24
60795.2308505,210.2259838,-7.1718555,-115805242.121,-96431726.305,4755.070,23,19.506,g,I11,25
60795.2318161,210.2276512,-7.1732803,-115803665.271,-96433665.217,4763.558,24,19.349,g,I11,26
60795.2323010,210.2284894,-7.1739963,-115802873.365,-96434638.814,4767.797,25,19.256,g,I11,27
60795.2327924,210.2293380,-7.1747212,-115802070.712,-96435625.529,4772.077,26,19.241,g,I11,28
60795.2337518,210.2309976,-7.1761384,-115800503.653,-96437551.667,4780.385,27,19.873,g,I11,29
60795.2342293,210.2318224,-7.1768425,-115799723.591,-96438510.338,4784.496,28,19.940,g,I11,30
60795.2347242,210.2326784,-7.1775732,-115798915.045,-96439503.921,4788.741,29,20.564,g,I11,31
60795.2352058,210.2335120,-7.1782847,-115798128.195,-96440470.750,4792.856,30,21.500,g,I11,32
60795.2357274,210.2344132,-7.1790538,-115797276.145,-96441517.590,4797.294,31,20.177,g,I11,33
60795.2362137,210.2352557,-7.1797726,-115796481.474,-96442493.836,4801.415,32,19.847,g,I11,34
60795.2366980,210.2360931,-7.1804870,-115795690.218,-96443465.795,4805.502,33,19.567,g,I11,35
60795.2415779,210.2445428,-7.1876886,-115787714.286,-96453258.106,4845.776,34,20.088,i,I11,36
60795.2425609,210.2462463,-7.1891390,-115786107.198,-96455230.057,4853.685,35,20.442,i,I11,37
60795.2430491,210.2470922,-7.1898590,-115785309.012,-96456209.317,4857.587,36,20.227,i,I11,38
60795.2435341,210.2479330,-7.1905746,-115784516.075,-96457182.047,4861.447,37,19.653,i,I11,39
60795.2440171,210.2487704,-7.1912872,-115783726.257,-96458150.860,4865.274,38,19.421,i,I11,40
60795.2445044,210.2496149,-7.1920057,-115782929.333,-96459128.297,4869.119,39,19.138,i,I11,41
60795.2449871,210.2504526,-7.1927182,-115782140.064,-96460096.255,4872.909,40,19.003,i,I11,42
60795.2454731,210.2512956,-7.1934352,-115781345.149,-96461071.047,4876.710,41,19.108,i,I11,43
60795.2464846,210.2530514,-7.1949281,-115779690.823,-96463099.427,4884.564,42,19.278,i,I11,44
60795.2469706,210.2538947,-7.1956450,-115778896.047,-96464073.766,4888.311,43,19.460,i,I11,45
60795.2474549,210.2547348,-7.1963589,-115778103.771,-96465044.951,4892.029,44,19.391,i,I11,46
60795.2479402,210.2555767,-7.1970743,-115777310.017,-96466017.855,4895.736,45,19.136,i,I11,47
60795.2484297,210.2564274,-7.1977970,-115776509.115,-96466999.430,4899.459,46,19.084,i,I11,48
60795.2498774,210.2589404,-7.1999312,-115774140.753,-96469901.525,4910.365,47,19.974,i,I11,49
60795.2503558,210.2597725,-7.2006376,-115773358.053,-96470860.437,4913.935,48,20.109,i,I11,50
60795.2508419,210.2606169,-7.2013544,-115772562.588,-96471834.899,4917.546,49,20.029,i,I11,51
60795.2513314,210.2614667,-7.2020755,-115771761.699,-96472815.913,4921.164,50,25.706,i,I11,52
60795.2518131,210.2623044,-7.2027863,-115770973.433,-96473781.376,4924.707,51,19.158,i,I11,53
60795.2528081,210.2640342,-7.2042536,-115769345.204,-96475775.340,4931.971,52,18.899,i,I11,54
60795.2543139,210.2666533,-7.2064743,-115766880.600,-96478792.829,4942.824,53,19.192,i,I11,55
60795.2567359,210.2708683,-7.2100452,-115762915.882,-96483645.149,4959.924,54,20.048,r,I11,56
60795.2572402,210.2717459,-7.2107882,-115762090.228,-96484655.367,4963.429,55,20.276,r,I11,57
60795.2623665,210.2806815,-7.2183456,-115753695.641,-96494921.030,4997.959,56,19.140,r,I11,58
60795.2628684,210.2815556,-7.2190840,-115752873.588,-96495925.783,5001.232,57,19.349,r,I11,59
60795.2638277,210.2832308,-7.2204987,-115751302.141,-96497846.221,5007.433,58,19.439,r,I11,60
60795.2647939,210.2849171,-7.2219223,-115749719.356,-96499780.169,5013.606,59,19.524,r,I11,61
60795.2652784,210.2857623,-7.2226355,-115748925.663,-96500749.825,5016.674,60,24.987,r,I11,62
60795.2662652,210.2874862,-7.2240900,-115747308.789,-96502724.890,5022.868,61,19.958,r,I11,63
60795.2667443,210.2883230,-7.2247958,-115746523.878,-96503683.557,5025.847,62,19.813,r,I11,64
60795.2672286,210.2891705,-7.2255104,-115745730.394,-96504652.608,5028.840,63,19.421,r,I11,65
60795.2677144,210.2900182,-7.2262250,-115744934.226,-96505624.849,5031.825,64,19.170,r,I11,66
60795.2681955,210.2908590,-7.2269337,-115744145.941,-96506587.379,5034.762,65,18.963,r,I11,67
60795.2687036,210.2917489,-7.2276836,-115743313.242,-96507604.048,5037.844,66,18.791,r,I11,68
60795.2696705,210.2934400,-7.2291083,-115741728.767,-96509538.324,5043.654,67,18.639,r,I11,69
60795.2716373,210.2968802,-7.2320046,-115738505.086,-96513472.635,5055.244,68,20.117,r,I11,70
60795.2721258,210.2977363,-7.2327249,-115737704.340,-96514449.679,5058.075,69,20.456,r,I11,71
60795.2726344,210.2986258,-7.2334733,-115736870.647,-96515466.833,5061.003,70,20.360,r,I11,72
60795.2731281,210.2994909,-7.2342009,-115736061.376,-96516454.100,5063.825,71,20.174,r,I11,73
60795.2736431,210.3003931,-7.2349595,-115735217.142,-96517483.926,5066.748,72,20.000,r,I11,74
60795.2741803,210.3013339,-7.2357505,-115734336.421,-96518558.158,5069.774,73,19.699,r,I11,75
60795.2751462,210.3030269,-7.2371733,-115732752.843,-96520489.417,5075.158,74,24.354,r,I11,76
60795.2756596,210.3039280,-7.2379303,-115731910.952,-96521516.011,5077.990,75,18.990,r,I11,77
60795.2766271,210.3056237,-7.2393545,-115730324.658,-96523450.067,5083.268,76,18.761,r,I11,78
60795.2771104,210.3064710,-7.2400658,-115729532.102,-96524416.248,5085.877,77,18.751,r,I11,79
60795.2775916,210.3073166,-7.2407757,-115728743.064,-96525378.058,5088.455,78,18.885,r,I11,80
60795.2780753,210.3081642,-7.2414870,-115727949.829,-96526344.902,5091.029,79,19.095,r,I11,81
60795.2785572,210.3090102,-7.2421968,-115727159.438,-96527308.194,5093.574,80,19.524,r,I11,82
60795.2790407,210.3098599,-7.2429095,-115726366.531,-96528274.471,5096.108,81,19.683,r,I11,83
60795.2795208,210.3107027,-7.2436163,-115725579.174,-96529233.900,5098.606,82,19.640,r,I11,84
60795.2800480,210.3116282,-7.2443923,-115724714.524,-96530287.421,5101.327,83,19.287,r,I11,85
60795.2810116,210.3133217,-7.2458118,-115723134.017,-96532212.915,5106.243,84,19.428,r,I11,86
60795.2814902,210.3141617,-7.2465156,-115722348.954,-96533169.216,5108.657,85,19.489,r,I11,87
60795.2819992,210.3150563,-7.2472650,-115721514.078,-96534186.106,5111.203,86,19.330,r,I11,88
60795.2825136,210.3159617,-7.2480233,-115720670.246,-96535213.812,5113.755,87,19.339,r,I11,89
60795.2835207,210.3177326,-7.2495059,-115719018.096,-96537225.702,5118.689,88,19.156,r,I11,90
60795.2840236,210.3186174,-7.2502464,-115718193.026,-96538230.290,5121.122,89,18.972,r,I11,91
60795.2845030,210.3194602,-7.2509516,-115717406.506,-96539187.858,5123.422,90,18.810,r,I11,92
60795.2859979,210.3220918,-7.2531524,-115714953.794,-96542173.457,5130.472,91,19.132,r,I11,93
60795.2875025,210.3247427,-7.2553678,-115712484.909,-96545177.958,5137.383,92,20.413,r,I11,94
60795.2879888,210.3255990,-7.2560832,-115711686.820,-96546149.022,5139.577,93,20.298,r,I11,95
60795.2904417,210.3299243,-7.2596936,-115707661.314,-96551045.759,5150.344,94,19.827,g,I11,96
60795.2909277,210.3307818,-7.2604089,-115706863.570,-96552015.911,5152.418,95,19.725,g,I11,97
60795.2987769,210.3446566,-7.2719586,-115693977.588,-96567675.730,5183.187,96,19.727,g,I11,98
60795.2992933,210.3455705,-7.2727177,-115693129.674,-96568705.442,5185.030,97,19.676,g,I11,99
60795.2998032,210.3464740,-7.2734680,-115692292.360,-96569722.196,5186.828,98,19.721,g,I11,100
60795.3003094,210.3473724,-7.2742139,-115691460.965,-96570731.676,5188.591,99,19.905,g,I11,101
60795.3008118,210.3482621,-7.2749524,-115690636.023,-96571733.237,5190.319,100,19.817,g,I11,102
60795.3013160,210.3491556,-7.2756939,-115689807.952,-96572738.515,5192.033,101,19.901,g,I11,103
60795.3018209,210.3500510,-7.2764367,-115688978.695,-96573745.147,5193.727,102,20.140,g,I11,104
60795.3023469,210.3509840,-7.2772105,-115688114.881,-96574793.640,5195.469,103,20.294,g,I11,105
60795.3028482,210.3518728,-7.2779475,-115687291.566,-96575792.891,5197.107,104,20.905,g,I11,106
60795.3033523,210.3527671,-7.2786888,-115686463.576,-96576797.734,5198.733,105,20.637,g,I11,107
60795.3038343,210.3536226,-7.2793978,-115685671.896,-96577758.433,5200.267,106,20.395,g,I11,108
60795.3043357,210.3545138,-7.2801362,-115684848.367,-96578757.701,5201.843,107,20.211,g,I11,109
60795.3048175,210.3553679,-7.2808437,-115684056.963,-96579717.912,5203.336,108,19.914,g,I11,110
60795.3053270,210.3562737,-7.2815939,-115683219.945,-96580733.384,5204.894,109,19.800,g,I11,111
60795.3063390,210.3580719,-7.2830823,-115681557.646,-96582749.841,5207.923,110,19.660,g,I11,112
60795.3068239,210.3589339,-7.2837956,-115680761.036,-96583716.054,5209.344,111,19.701,g,I11,113
60795.3078363,210.3607333,-7.2852840,-115679097.924,-96585733.010,5212.245,112,19.988,g,I11,114
60795.3083246,210.3616031,-7.2860032,-115678295.599,-96586705.920,5213.613,113,19.783,g,I11,115
60795.3088272,210.3624962,-7.2867414,-115677469.881,-96587707.118,5215.000,114,19.852,g,I11,116
60795.3093339,210.3633985,-7.2874870,-115676637.450,-96588716.374,5216.376,115,20.058,g,I11,117
60795.3098461,210.3643099,-7.2882400,-115675796.003,-96589736.478,5217.745,116,20.408,g,I11,118
60797.0227856,188.6564936,8.5870869,-112875176.358,-99942183.736,2405.094,117,19.943,i,I11,119
60797.0237553,188.6566678,8.5882812,-112873574.092,-99944090.175,2417.630,118,20.060,i,I11,120
60797.0252147,188.6569299,8.5900806,-112871162.467,-99946959.210,2436.554,119,19.867,i,I11,121
60797.0276273,188.6573618,8.5930531,-112867174.428,-99951702.555,2467.987,120,19.990,i,I11,122
60797.0300970,188.6578028,8.5960967,-112863090.612,-99956558.374,2500.348,121,19.898,i,I11,123
60797.0334971,188.6584075,8.6002857,-112857465.977,-99963243.852,2545.193,122,20.097,i,I11,124
60797.0349599,188.6586670,8.6020881,-112855045.222,-99966120.295,2564.586,123,20.060,i,I11,125
60797.0374841,188.6591136,8.6051972,-112850866.859,-99971083.931,2598.184,124,19.998,i,I11,126
60797.0384617,188.6592863,8.6064019,-112849248.201,-99973006.359,2611.240,125,20.019,i,I11,127
60797.0398995,188.6595399,8.6081730,-112846867.233,-99975833.712,2630.485,126,19.972,i,I11,128
60797.0408561,188.6597083,8.6093504,-112845282.701,-99977715.014,2643.319,127,19.973,i,I11,129
60797.0423208,188.6599660,8.6111546,-112842856.336,-99980595.355,2663.009,128,20.087,i,I11,130
60797.0433082,188.6601394,8.6123701,-112841220.211,-99982537.282,2676.311,129,19.934,i,I11,131
60797.0447990,188.6604009,8.6142061,-112838749.651,-99985469.114,2696.436,130,19.995,i,I11,132
60797.0481666,188.6609904,8.6183529,-112833166.844,-99992092.071,2742.072,131,20.035,i,I11,133
60797.0556636,188.6622957,8.6275813,-112820728.089,-100006837.113,2844.448,132,19.906,r,I11,134
60797.0571015,188.6625451,8.6293510,-112818340.849,-100009665.165,2864.192,133,19.936,r,I11,135
60797.0580659,188.6627121,8.6305373,-112816739.449,-100011561.937,2877.452,134,19.919,r,I11,136
60797.0595469,188.6629685,8.6323598,-112814279.698,-100014474.856,2897.841,135,19.954,r,I11,137
60797.0605036,188.6631340,8.6335373,-112812690.447,-100016356.561,2911.028,136,19.978,r,I11,138
60797.0619600,188.6633855,8.6353288,-112810270.748,-100019221.022,2931.126,137,19.968,r,I11,139
60797.0629323,188.6635533,8.6365246,-112808655.028,-100021133.377,2944.558,138,19.989,r,I11,140
60797.0643761,188.6638023,8.6383011,-112806255.198,-100023973.283,2964.527,139,19.908,r,I11,141
60797.0677729,188.6643871,8.6424797,-112800607.538,-100030654.149,3011.590,140,19.969,r,I11,142
60797.0692211,188.6646360,8.6442607,-112798198.728,-100033502.578,3031.690,141,20.000,r,I11,143
60797.0702702,188.6648162,8.6455508,-112796453.400,-100035566.039,3046.263,142,19.944,r,I11,144
60797.0717140,188.6650640,8.6473266,-112794051.218,-100038405.531,3066.329,143,19.996,r,I11,145
60797.0726707,188.6652282,8.6485035,-112792459.029,-100040287.222,3079.636,144,19.895,r,I11,146
60797.0750785,188.6656406,8.6514631,-112788450.971,-100045022.792,3113.149,145,19.931,r,I11,147
60797.0765333,188.6658897,8.6532521,-112786028.433,-100047884.175,3133.415,146,20.009,r,I11,148
60797.0775190,188.6660584,8.6544643,-112784386.964,-100049822.619,3147.149,147,19.979,r,I11,149
60797.0789936,188.6663106,8.6562775,-112781930.621,-100052722.793,3167.705,148,19.948,r,I11,150
60797.0824316,188.6668977,8.6605035,-112776201.807,-100059484.043,3215.653,149,20.018,r,I11,151
60797.0838779,188.6671445,8.6622807,-112773790.894,-100062328.314,3235.830,150,19.987,r,I11,152
60797.0895675,188.6681141,8.6692725,-112764301.448,-100073516.865,3315.197,151,20.513,g,I11,153
60797.0910060,188.6683590,8.6710392,-112761900.851,-100076345.608,3335.254,152,20.453,g,I11,154
60797.0919668,188.6685225,8.6722198,-112760297.229,-100078234.854,3348.646,153,20.502,g,I11,155
60797.0934041,188.6687670,8.6739851,-112757897.984,-100081060.858,3368.673,154,20.520,g,I11,156
60797.0943714,188.6689315,8.6751729,-112756282.797,-100082962.951,3382.146,155,20.461,g,I11,157
60797.0958159,188.6691773,8.6769477,-112753870.590,-100085803.055,3402.256,156,20.486,g,I11,158
60797.0982317,188.6695881,8.6799149,-112749835.127,-100090552.787,3435.859,157,20.513,g,I11,159
60797.1016235,188.6701647,8.6840801,-112744166.793,-100097221.049,3482.964,158,20.522,g,I11,160
60797.1030809,188.6704123,8.6858690,-112741730.328,-100100086.108,3503.172,159,20.495,g,I11,161
60797.1041243,188.6705896,8.6871495,-112739985.709,-100102137.170,3517.627,160,20.483,g,I11,162
60797.1055708,188.6708355,8.6889259,-112737566.621,-100104980.547,3537.647,161,20.549,g,I11,163
60797.1065428,188.6710008,8.6901191,-112735940.664,-100106891.276,3551.087,162,20.465,g,I11,164
60797.1079909,188.6712469,8.6918965,-112733517.985,-100109737.654,3571.088,163,20.523,g,I11,165
60797.1089530,188.6714104,8.6930772,-112731908.168,-100111628.603,3584.362,164,20.499,g,I11,166
60797.1103932,188.6716553,8.6948446,-112729497.813,-100114459.286,3604.209,165,20.503,g,I11,167
60797.1128223,188.6720683,8.6978254,-112725431.349,-100119233.219,3637.617,166,20.576,g,I11,168
60797.1176507,188.6728901,8.7037504,-112717343.729,-100128721.666,3703.748,167,20.516,g,I11,169
60797.1187078,188.6730701,8.7050471,-112715572.376,-100130798.714,3718.172,168,20.545,g,I11,170
60797.1201628,188.6733180,8.7068319,-112713133.852,-100133657.414,3737.992,169,20.488,g,I11,171
60797.1211346,188.6734836,8.7080241,-112711504.668,-100135566.893,3751.208,170,20.546,g,I11,172
60797.1225877,188.6737313,8.7098063,-112709068.410,-100138421.662,3770.933,171,20.588,g,I11,173
60797.1250173,188.6741457,8.7127852,-112704993.714,-100143194.612,3803.816,172,20.595,g,I11,174
60797.1260113,188.6743154,8.7140041,-112703326.216,-100145147.238,3817.233,173,20.466,g,I11,175
60797.1308959,188.6751503,8.7199935,-112695128.831,-100154741.037,3882.829,174,20.540,g,I11,176
60797.1323642,188.6754016,8.7217931,-112692663.392,-100157624.740,3902.435,175,20.603,g,I11,177
60797.1334223,188.6755829,8.7230900,-112690886.650,-100159702.413,3916.527,176,20.545,g,I11,178
60797.1375251,188.6762867,8.7281187,-112683994.150,-100167758.375,3970.891,177,24.804,u,I11,179
60797.1392524,188.6765835,8.7302351,-112681091.208,-100171149.456,3993.637,178,23.642,u,I11,180
60797.1404214,188.6767846,8.7316675,-112679126.120,-100173444.346,4008.982,179,24.460,u,I11,181
60797.1421538,188.6770829,8.7337908,-112676213.396,-100176844.970,4031.646,180,23.989,u,I11,182
60797.1433154,188.6772830,8.7352132,-112674259.981,-100179124.961,4046.791,181,24.034,u,I11,183
60797.1450459,188.6775817,8.7373338,-112671349.255,-100182521.363,4069.275,182,24.713,u,I11,184
60797.1462287,188.6777860,8.7387829,-112669359.369,-100184842.626,4084.587,183,24.339,u,I11,185
60797.1479644,188.6780860,8.7409081,-112666438.607,-100188248.823,4106.974,184,24.599,u,I11,186
60797.1520463,188.6787934,8.7459072,-112659567.227,-100196257.721,4159.214,185,24.262,u,I11,187
60797.1537911,188.6790966,8.7480440,-112656628.828,-100199680.617,4181.364,186,24.539,u,I11,188
60797.1550443,188.6793146,8.7495782,-112654518.005,-100202138.764,4197.204,187,25.133,u,I11,189
60797.1567779,188.6796167,8.7517011,-112651597.159,-100205539.226,4219.021,188,23.960,u,I11,190
60797.1579515,188.6798215,8.7531383,-112649619.562,-100207840.900,4233.724,189,24.403,u,I11,191
60797.1596985,188.6801267,8.7552768,-112646675.180,-100211266.809,4255.512,190,23.954,u,I11,192
60797.1608698,188.6803315,8.7567102,-112644700.684,-100213563.558,4270.052,191,24.149,u,I11,193
60797.1626117,188.6806367,8.7588423,-112641763.708,-100216978.893,4291.574,192,24.177,u,I11,194
60797.1638044,188.6808459,8.7603011,-112639752.226,-100219317.319,4306.240,193,24.579,u,I11,195
60797.1890357,188.6853430,8.7911603,-112597128.338,-100268739.779,4601.333,194,24.009,u,I11,196
60798.1451572,210.7789554,-8.1224103,-110985451.794,-102101017.211,4241.241,195,21.500,r,I11,197
60798.1739958,210.8014959,-8.1740710,-110935897.414,-102156710.366,4596.968,196,21.500,r,I11,198
60798.1780194,210.8046385,-8.1812666,-110928968.844,-102164472.209,4643.704,197,21.500,r,I11,199
60798.1785625,210.8050635,-8.1822394,-110928033.315,-102165519.778,4649.952,198,21.500,r,I11,200
60798.3359522,255.4834350,-42.8473874,-110654957.463,-102466767.759,5612.046,199,21.500,i,I11,201
60798.3494201,255.4661734,-42.8557041,-110631486.655,-102492295.671,5600.682,200,21.500,i,I11,202
60798.3859718,255.4195457,-42.8779701,-110567789.460,-102561369.634,5491.444,201,23.181,r,I11,203
60799.2116277,271.2016231,-25.3268488,-109151164.083,-104115748.634,5180.348,202,26.828,u,I11,204
60799.2162752,271.2031670,-25.3312970,-109142977.379,-104124544.509,5223.571,203,31.384,u,I11,205
60799.2174736,271.2035648,-25.3324447,-109140865.767,-104126811.949,5234.486,204,25.466,u,I11,206
60799.2180566,271.2037582,-25.3330027,-109139838.323,-104127915.022,5239.762,205,26.661,u,I11,207
60799.2204005,271.2045353,-25.3352462,-109135707.373,-104132348.783,5260.741,206,25.611,u,I11,208
60799.2233254,271.2055036,-25.3380448,-109130551.058,-104137880.235,5286.399,207,21.500,u,I11,209
60799.2239376,271.2057064,-25.3386315,-109129471.567,-104139037.864,5291.696,208,21.500,u,I11,210
60799.2293649,271.2075002,-25.3438253,-109119899.568,-104149296.727,5337.512,209,25.502,u,I11,211
60799.2341732,271.2090863,-25.3484262,-109111415.254,-104158380.886,5376.366,210,21.500,u,I11,212
60799.2353718,271.2094814,-25.3495735,-109109299.781,-104160644.619,5385.793,211,21.500,u,I11,213
60799.2359753,271.2096801,-25.3501505,-109108234.379,-104161784.491,5390.501,212,25.857,u,I11,214
60799.2383729,271.2104696,-25.3524450,-109104001.914,-104166311.505,5408.939,213,21.500,u,I11,215
60799.2413669,271.2114544,-25.3553096,-109098715.214,-104171963.219,5431.371,214,25.571,u,I11,216
60799.2419718,271.2116533,-25.3558884,-109097646.831,-104173104.977,5435.823,215,21.500,u,I11,217
60799.2509292,271.2145931,-25.3644570,-109081821.815,-104190001.605,5498.519,216,25.632,g,I11,218
60799.2549332,271.2159045,-25.3682867,-109074744.319,-104197549.213,5524.561,217,21.500,g,I11,219
60799.2564355,271.2163964,-25.3697242,-109072088.344,-104200380.165,5534.011,218,21.500,g,I11,220
60799.2584426,271.2170529,-25.3716436,-109068539.387,-104204161.704,5546.360,219,21.500,g,I11,221
60799.2609936,271.2178869,-25.3740832,-109064028.068,-104208966.668,5561.597,220,24.542,g,I11,222
60799.2615090,271.2180551,-25.3745757,-109063116.471,-104209937.329,5564.614,221,21.500,g,I11,223
60799.2661674,271.2195761,-25.3790296,-109054875.967,-104218707.631,5590.912,222,21.500,g,I11,224
60799.2711560,271.2212032,-25.3837994,-109046048.466,-104228094.510,5617.139,223,21.500,g,I11,225
60799.2716645,271.2213691,-25.3842860,-109045148.403,-104229051.137,5619.699,224,21.500,g,I11,226
60799.2736468,271.2220149,-25.3861807,-109041639.901,-104232779.311,5629.476,225,21.500,g,I11,227
60799.2761637,271.2228345,-25.3885867,-109037184.383,-104237511.914,5641.427,226,21.500,g,I11,228
60799.3186867,252.8937263,-39.5532596,-108961827.413,-104317253.139,5762.603,227,25.615,u,I11,229
60799.3198638,252.8954116,-39.5536352,-108959739.889,-104319454.474,5763.746,228,25.483,u,I11,230
60799.3204565,252.8962609,-39.5538238,-108958688.619,-104320562.912,5764.276,229,25.736,u,I11,231
60799.3227539,252.8995522,-39.5545508,-108954613.796,-104324858.409,5766.042,230,25.610,u,I11,232
60799.3374582,252.9206871,-39.5590640,-108928528.956,-104352322.407,5766.462,231,24.873,u,I11,233
60799.3449255,252.9314738,-39.5612649,-108915280.191,-104366250.480,5759.474,232,25.651,u,I11,234
60799.3460965,252.9331689,-39.5616046,-108913202.484,-104368433.485,5757.939,233,24.618,u,I11,235
60799.3478351,252.9356868,-39.5621059,-108910117.745,-104371673.952,5755.442,234,25.108,u,I11,236
60799.3490205,252.9374064,-39.5624462,-108908014.485,-104373882.982,5753.590,235,21.500,u,I11,237
60799.3496099,252.9382608,-39.5626146,-108906968.654,-104374981.284,5752.623,236,27.241,u,I11,238
60799.3507972,252.9399836,-39.5629529,-108904862.046,-104377193.338,5750.586,237,25.817,u,I11,239
60799.3519525,252.9416610,-39.5632807,-108902812.312,-104379345.358,5748.486,238,25.312,u,I11,240
60799.3525457,252.9425242,-39.5634487,-108901759.795,-104380450.279,5747.364,239,27.418,u,I11,241
60799.3577967,252.9501679,-39.5649178,-108892442.877,-104390227.604,5736.107,240,24.728,u,I11,242
60799.3626203,252.9572111,-39.5662419,-108883884.581,-104399203.466,5723.686,241,25.489,u,I11,243
60799.3664233,252.9627809,-39.5672691,-108877137.164,-104406276.608,5712.496,242,23.395,g,I11,244
60799.3674094,252.9642275,-39.5675330,-108875387.721,-104408110.013,5709.394,243,23.331,g,I11,245
60799.3679120,252.9649658,-39.5676673,-108874496.060,-104409044.392,5707.782,244,23.776,g,I11,246
60799.3688963,252.9664109,-39.5679293,-108872749.683,-104410874.287,5704.562,245,19.568,g,I11,247
60799.3703695,252.9685775,-39.5683198,-108870136.071,-104413612.527,5699.591,246,22.582,g,I11,248
60799.3713358,252.9699988,-39.5685746,-108868421.909,-104415408.193,5696.231,247,23.945,g,I11,249
60799.3723303,252.9714622,-39.5688358,-108866657.652,-104417256.143,5692.691,248,23.321,g,I11,250
60799.3767764,252.9780217,-39.5699922,-108858770.409,-104425515.202,5675.854,249,19.948,g,I11,251
60799.3772610,252.9787386,-39.5701172,-108857910.626,-104426415.289,5673.919,250,21.761,g,I11,252
60799.3813003,252.9847197,-39.5711492,-108850745.718,-104433914.378,5657.036,251,22.784,g,I11,253
60799.3822720,252.9861620,-39.5713953,-108849022.120,-104435717.924,5652.774,252,23.487,g,I11,254
60799.3827647,252.9868940,-39.5715197,-108848148.323,-104436632.188,5650.583,253,23.447,g,I11,255
60799.3837540,252.9883633,-39.5717687,-108846393.641,-104438468.002,5646.124,254,24.058,g,I11,256
60799.3847464,252.9898383,-39.5720175,-108844633.500,-104440309.353,5641.570,255,22.826,g,I11,257
60799.3852420,252.9905763,-39.5721415,-108843754.541,-104441228.803,5639.266,256,23.300,g,I11,258
60799.3862167,252.9920278,-39.5723847,-108842025.858,-104443036.997,5634.676,257,23.036,g,I11,259
60800.3108383,254.6094783,-39.8821263,-107221484.151,-106155788.112,5925.840,258,23.160,r,I11,260
60800.3118081,254.6107643,-39.8823920,-107219734.347,-106157573.583,5927.233,259,21.500,r,I11,261
60800.3128083,254.6120905,-39.8826647,-107217929.731,-106159414.705,5928.584,260,23.713,r,I11,262
60800.3133096,254.6127563,-39.8828013,-107217025.105,-106160337.524,5929.229,261,26.181,r,I11,263
60800.3142749,254.6140364,-39.8830629,-107215283.360,-106162114.100,5930.409,262,21.500,r,I11,264
60800.3152826,254.6153739,-39.8833351,-107213465.117,-106163968.425,5931.554,263,24.606,r,I11,265
60800.3157805,254.6160335,-39.8834688,-107212566.763,-106164884.502,5932.088,264,23.602,r,I11,266
60800.3205210,254.6223298,-39.8847312,-107204012.133,-106173604.471,5936.086,265,18.539,r,I11,267
60800.3210232,254.6229970,-39.8848634,-107203105.862,-106174527.898,5936.395,266,18.305,r,I11,268
60800.3215230,254.6236616,-39.8849949,-107202203.901,-106175446.865,5936.681,267,20.550,r,I11,269
60800.3225151,254.6249805,-39.8852547,-107200413.425,-106177270.901,5937.183,268,23.257,r,I11,270
60800.3235628,254.6263744,-39.8855281,-107198522.531,-106179196.950,5937.621,269,22.624,r,I11,271
60800.3250601,254.6283663,-39.8859166,-107195820.165,-106181949.048,5938.081,270,22.376,r,I11,272
60800.3260681,254.6297081,-39.8861767,-107194000.944,-106183801.413,5938.280,271,21.500,r,I11,273
60800.3265421,254.6303392,-39.8862987,-107193145.441,-106184672.409,5938.344,272,22.956,r,I11,274
60800.3275227,254.6316458,-39.8865503,-107191375.651,-106186474.063,5938.412,273,21.500,r,I11,275
60800.3286544,254.6331527,-39.8868391,-107189332.988,-106188553.190,5938.387,274,23.917,r,I11,276
60800.3291402,254.6338004,-39.8869627,-107188456.087,-106189445.642,5938.343,275,23.326,r,I11,277
60800.3301267,254.6351162,-39.8872131,-107186675.549,-106191257.569,5938.188,276,22.870,r,I11,278
60800.3310895,254.6364006,-39.8874563,-107184937.749,-106193025.762,5937.956,277,21.500,r,I11,279
60800.3315755,254.6370489,-39.8875787,-107184060.402,-106193918.363,5937.808,278,21.500,r,I11,280
60800.3358964,254.6428180,-39.8886552,-107176261.035,-106201850.691,5935.589,279,21.500,u,I11,281
60800.3370533,254.6443650,-39.8889402,-107174172.681,-106203973.851,5934.719,280,25.068,u,I11,282
60800.3381937,254.6458914,-39.8892197,-107172114.045,-106206066.471,5933.748,281,21.500,u,I11,283
60800.3387832,254.6466797,-39.8893635,-107171049.924,-106207148.034,5933.202,282,26.650,u,I11,284
60800.3399388,254.6482274,-39.8896446,-107168963.826,-106209268.076,5932.043,283,25.143,u,I11,285
60800.3410774,254.6497519,-39.8899199,-107166908.587,-106211356.440,5930.789,284,21.500,u,I11,286
60800.3416646,254.6505399,-39.8900616,-107165848.459,-106212433.530,5930.098,285,26.080,u,I11,287
60800.3428289,254.6521006,-39.8903411,-107163746.743,-106214568.631,5928.639,286,27.244,u,I11,288
60800.3439816,254.6536475,-39.8906165,-107161665.882,-106216682.225,5927.080,287,26.657,u,I11,289
60800.3445576,254.6544206,-39.8907536,-107160626.062,-106217738.284,5926.257,288,24.909,u,I11,290
60800.3457296,254.6559944,-39.8910314,-107158510.424,-106219886.719,5924.495,289,25.199,u,I11,291
60800.3468778,254.6575370,-39.8913021,-107156437.635,-106221991.328,5922.654,290,21.500,u,I11,292
60800.3486146,254.6598729,-39.8917091,-107153302.289,-106225174.223,5919.652,291,21.500,u,I11,293
60800.3497745,254.6614341,-39.8919791,-107151208.395,-106227299.484,5917.503,292,26.140,u,I11,294
60800.3514950,254.6637510,-39.8923769,-107148102.569,-106230451.269,5914.102,293,25.734,u,I11,295
60800.3527886,254.6654956,-39.8926742,-107145767.341,-106232820.614,5911.376,294,26.552,u,I11,296
60800.3533683,254.6662766,-39.8928066,-107144720.964,-106233882.156,5910.109,295,25.915,u,I11,297
60800.3545253,254.6678382,-39.8930703,-107142632.238,-106236000.929,5907.492,296,26.808,u,I11,298
60820.9711717,149.3708113,0.8296617,-64922561.018,-136930581.588,4607.788,297,24.022,g,I11,299
60820.9716959,149.3716390,0.8294537,-64921368.896,-136931180.880,4614.708,298,27.131,g,I11,300
60820.9722200,149.3724668,0.8292458,-64920176.759,-136931780.154,4621.634,299,21.500,g,I11,301
60820.9727432,149.3732931,0.8290382,-64918986.783,-136932378.316,4628.554,300,26.057,g,I11,302
60820.9732629,149.3741146,0.8288318,-64917804.703,-136932972.483,4635.435,301,21.500,g,I11,303
60820.9737859,149.3749409,0.8286243,-64916615.034,-136933570.438,4642.367,302,21.500,g,I11,304
60820.9748275,149.3765872,0.8282107,-64914245.457,-136934761.365,4656.192,304,21.500,g,I11,306
60820.9758706,149.3782353,0.8277967,-64911872.190,-136935954.040,4670.063,305,21.500,g,I11,307
60820.9763993,149.3790697,0.8275871,-64910669.199,-136936558.557,4677.103,306,28.681,g,I11,308
60820.9769210,149.3798946,0.8273799,-64909481.971,-136937155.125,4684.057,307,21.500,g,I11,309
60820.9795278,149.3840150,0.8263450,-64903549.509,-136940135.707,4718.893,310,21.500,g,I11,312
60820.9800553,149.3848481,0.8261358,-64902348.605,-136940738.978,4725.962,311,25.396,g,I11,313
60820.9833117,149.3899974,0.8248428,-64894935.013,-136944462.527,4769.719,312,26.216,u,I11,314
60820.9839295,149.3909730,0.8245978,-64893528.384,-136945168.891,4778.044,313,21.500,u,I11,315
60820.9851605,149.3929213,0.8241086,-64890724.934,-136946576.568,4794.655,314,21.500,u,I11,316
60820.9857773,149.3938956,0.8238640,-64889320.064,-136947281.922,4802.989,315,21.500,u,I11,317
60820.9863931,149.3948699,0.8236194,-64887917.559,-136947986.046,4811.316,316,21.500,u,I11,318
60820.9870100,149.3958458,0.8233744,-64886512.324,-136948691.497,4819.665,318,21.500,u,I11,320
60820.9876256,149.3968202,0.8231298,-64885110.027,-136949395.430,4828.003,319,26.116,u,I11,321
60820.9882402,149.3977915,0.8228860,-64883709.942,-136950098.209,4836.333,320,26.197,u,I11,322
60820.9894663,149.3997311,0.8223991,-64880916.633,-136951500.192,4852.971,321,24.796,u,I11,323
60820.9906965,149.4016789,0.8219102,-64878113.480,-136952906.938,4869.690,322,26.527,u,I11,324
60820.9931574,149.4055719,0.8209332,-64872505.096,-136955720.926,4903.203,323,27.708,u,I11,325
60820.9970992,149.4118125,0.8193674,-64863518.557,-136960228.337,4957.061,325,21.500,r,I11,327
60820.9976213,149.4126390,0.8191600,-64862327.976,-136960825.354,4964.209,326,24.275,r,I11,328
60820.9981433,149.4134656,0.8189527,-64861137.756,-136961422.154,4971.358,327,21.500,r,I11,329
60820.9986665,149.4142955,0.8187445,-64859944.585,-136962020.399,4978.528,328,21.500,r,I11,330
60820.9991919,149.4151269,0.8185360,-64858746.135,-136962621.254,4985.732,329,21.500,r,I11,331
60820.9997159,149.4159569,0.8183278,-64857551.096,-136963220.364,4992.918,330,21.500,r,I11,332
60821.0002390,149.4167853,0.8181200,-64856357.878,-136963818.524,5000.096,331,21.500,r,I11,333
60821.0007643,149.4176169,0.8179114,-64855159.713,-136964419.129,5007.306,332,25.115,r,I11,334
60821.0018105,149.4192755,0.8174955,-64852773.063,-136965615.375,5021.675,333,24.986,r,I11,335
60821.0023348,149.4201057,0.8172873,-64851577.017,-136966214.807,5028.879,334,21.500,r,I11,336
60821.0028567,149.4209327,0.8170799,-64850386.317,-136966811.522,5036.053,335,21.500,r,I11,337
60821.0033751,149.4217535,0.8168740,-64849203.294,-136967404.355,5043.183,336,21.500,r,I11,338
60821.0038993,149.4225838,0.8166658,-64848007.212,-136968003.693,5050.394,337,21.500,r,I11,339
60821.0044224,149.4234126,0.8164580,-64846813.577,-136968601.768,5057.592,338,21.500,r,I11,340
60821.0049465,149.4242447,0.8162494,-64845617.634,-136969200.961,5064.805,339,24.674,r,I11,341
60821.0059869,149.4258930,0.8158362,-64843243.159,-136970390.512,5079.132,340,23.846,r,I11,342
60821.0065111,149.4267236,0.8156279,-64842046.805,-136970989.798,5086.353,342,21.500,r,I11,344
60821.0075574,149.4283818,0.8152123,-64839658.417,-136972186.089,5100.773,343,26.253,r,I11,345
60821.0080781,149.4292078,0.8150052,-64838469.815,-136972781.375,5107.952,345,21.500,r,I11,347
60821.0111507,149.4340808,0.8137840,-64831454.453,-136976294.082,5150.344,346,21.500,i,I11,348
60821.0116755,149.4349135,0.8135753,-64830256.079,-136976893.990,5157.588,347,21.500,i,I11,349
60821.0121996,149.4357447,0.8133670,-64829059.252,-136977493.084,5164.824,348,21.500,i,I11,350
60821.0127227,149.4365743,0.8131592,-64827864.554,-136978091.071,5172.048,350,21.500,i,I11,352
60821.0132457,149.4374040,0.8129513,-64826669.878,-136978689.006,5179.272,351,21.500,i,I11,353
60821.0137688,149.4382338,0.8127434,-64825475.109,-136979286.947,5186.498,352,21.500,i,I11,354
60821.0148150,149.4398935,0.8123276,-64823085.353,-136980482.816,5200.951,353,21.500,i,I11,355
60821.0153389,149.4407250,0.8121194,-64821888.366,-136981081.743,5208.191,354,21.500,i,I11,356
60821.0163839,149.4423835,0.8117040,-64819500.910,-136982276.212,5222.632,356,21.500,i,I11,358
60821.0169069,149.4432136,0.8114961,-64818306.041,-136982873.955,5229.859,357,24.148,i,I11,359
60821.0174288,149.4440422,0.8112886,-64817113.331,-136983470.575,5237.073,358,25.266,i,I11,360
60821.0179529,149.4448740,0.8110802,-64815915.889,-136984069.520,5244.316,359,24.970,i,I11,361
60821.0184739,149.4457011,0.8108731,-64814725.163,-136984665.064,5251.518,360,24.969,i,I11,362
60821.0189941,149.4465267,0.8106664,-64813536.417,-136985259.575,5258.707,361,21.500,i,I11,363
60821.0235807,149.4538118,0.8088427,-64803051.504,-136990501.398,5322.096,362,28.034,i,I11,364
60821.0241039,149.4546427,0.8086347,-64801855.076,-136991099.325,5329.326,363,21.500,i,I11,365
60821.0246290,149.4554769,0.8084260,-64800654.365,-136991699.348,5336.580,364,21.500,i,I11,366
60821.0256734,149.4571359,0.8080108,-64798266.020,-136992892.725,5351.005,366,23.303,i,I11,368
60821.0261986,149.4579719,0.8078017,-64797064.768,-136993492.882,5358.258,367,21.500,i,I11,369
60821.0267208,149.4588015,0.8075941,-64795870.386,-136994089.562,5365.468,368,21.500,i,I11,370
60821.0272462,149.4596360,0.8073853,-64794668.687,-136994689.852,5372.721,369,21.500,i,I11,371
60821.0277703,149.4604690,0.8071769,-64793469.857,-136995288.663,5379.955,370,24.014,i,I11,372
60821.0295799,149.4633467,0.8064571,-64789330.102,-136997356.100,5404.922,371,24.991,i,I11,373
60821.0301019,149.4641768,0.8062495,-64788135.769,-136997952.460,5412.121,372,24.459,i,I11,374
60821.0306272,149.4650117,0.8060407,-64786933.607,-136998552.682,5419.365,373,24.522,i,I11,375
60821.0311524,149.4658467,0.8058319,-64785731.900,-136999152.629,5426.605,374,24.673,i,I11,376
60821.0316777,149.4666833,0.8056227,-64784529.964,-136999752.645,5433.843,375,24.513,i,I11,377
60821.0327227,149.4683457,0.8052071,-64782138.294,-137000946.441,5448.239,376,21.500,i,I11,378
60820.9748275,151.0625125,0.6256790,-64914245.457,-136934761.365,4656.192,303,21.500,g,I11,305
60820.9774465,151.0720657,0.6202683,-64908286.190,-136937755.964,4691.067,308,21.500,g,I11,310
60820.9795278,151.0796568,0.6159692,-64903549.509,-136940135.707,4718.893,309,21.500,g,I11,311
60820.9863931,151.1047021,0.6017879,-64887917.559,-136947986.046,4811.316,317,21.500,u,I11,319
60820.9937723,151.1316284,0.5865468,-64871103.478,-136956424.069,4911.591,324,27.632,u,I11,326
60821.0059869,151.1762192,0.5613216,-64843243.159,-136970390.512,5079.132,341,26.230,r,I11,343
60821.0080781,151.1838550,0.5570041,-64838469.815,-136972781.375,5107.952,344,23.901,r,I11,346
60821.0127227,151.2008205,0.5474135,-64827864.554,-136978091.071,5172.048,349,23.372,i,I11,351
60821.0153389,151.2103772,0.5420127,-64821888.366,-136981081.743,5208.191,355,21.500,i,I11,357
60821.0246290,151.2443279,0.5228351,-64800654.365,-136991699.348,5336.580,365,21.500,i,I11,367
60823.9709295,148.9296587,2.7540792,-57988169.876,-140091519.871,4787.828,378,21.481,i,I11,380
60823.9714491,148.9287229,2.7538356,-57986959.781,-140092052.388,4794.818,379,21.459,i,I11,381
60823.9719733,148.9277800,2.7535902,-57985739.111,-140092589.534,4801.875,381,21.507,i,I11,383
60823.9724978,148.9268354,2.7533443,-57984517.559,-140093127.044,4808.943,382,21.561,i,I11,384
60823.9730242,148.9258890,2.7530979,-57983291.532,-140093666.497,4816.041,383,21.455,i,I11,385
60823.9735494,148.9249445,2.7528519,-57982068.219,-140094204.731,4823.130,384,21.445,i,I11,386
60823.9740714,148.9240054,2.7526074,-57980852.492,-140094739.602,4830.179,385,21.540,i,I11,387
60823.9751176,148.9221220,2.7521169,-57978415.277,-140095811.801,4844.327,386,21.514,i,I11,388
60823.9756374,148.9211884,2.7518738,-57977204.430,-140096344.448,4851.364,387,21.529,i,I11,389
60823.9761616,148.9202442,2.7516279,-57975983.123,-140096881.671,4858.466,388,21.457,i,I11,390
60823.9766836,148.9193053,2.7513833,-57974766.912,-140097416.625,4865.543,389,21.460,i,I11,391
60823.9772066,148.9183648,2.7511383,-57973548.376,-140097952.576,4872.639,390,21.389,i,I11,392
60823.9777341,148.9174171,2.7508914,-57972319.281,-140098493.144,4879.801,392,21.416,i,I11,394
60823.9782571,148.9164766,2.7506464,-57971100.542,-140099029.130,4886.907,393,21.504,i,I11,395
60823.9787790,148.9155380,2.7504018,-57969884.270,-140099564.004,4894.003,395,21.467,i,I11,397
60823.9792988,148.9146031,2.7501582,-57968672.927,-140100096.683,4901.075,397,21.500,i,I11,399
60823.9798218,148.9136628,2.7499132,-57967454.032,-140100632.657,4908.195,398,21.528,i,I11,400
60823.9803434,148.9127261,2.7496691,-57966238.390,-140101167.171,4915.300,399,21.520,i,I11,401
60823.9808620,148.9117931,2.7494259,-57965029.507,-140101698.687,4922.371,400,21.721,i,I11,402
60823.9813873,148.9108494,2.7491799,-57963805.164,-140102236.972,4929.535,401,21.534,i,I11,403
60823.9819124,148.9099058,2.7489340,-57962581.047,-140102775.129,4936.703,403,21.555,i,I11,405
60823.9824371,148.9089622,2.7486880,-57961357.775,-140103312.886,4943.869,404,21.475,i,I11,406
60823.9829615,148.9080186,2.7484420,-57960135.229,-140103850.296,4951.035,405,21.527,i,I11,407
60823.9834882,148.9070733,2.7481955,-57958907.319,-140104390.033,4958.237,407,21.466,i,I11,409
60823.9840101,148.9061353,2.7479510,-57957690.377,-140104924.921,4965.378,408,21.410,i,I11,410
60823.9845318,148.9051973,2.7477064,-57956474.049,-140105459.510,4972.519,410,21.580,i,I11,412
60823.9850545,148.9042576,2.7474613,-57955255.210,-140105995.173,4979.678,412,21.295,i,I11,414
60823.9855767,148.9033198,2.7472167,-57954037.340,-140106530.380,4986.835,413,21.408,i,I11,415
60823.9861000,148.9023802,2.7469717,-57952817.169,-140107066.569,4994.009,415,21.504,i,I11,417
60823.9868594,148.9010167,2.7466160,-57951045.972,-140107844.847,5004.429,416,21.608,i,I11,418
60823.9873809,148.9000791,2.7463714,-57949829.739,-140108379.231,5011.588,417,21.406,i,I11,419
60823.9879109,148.8991271,2.7461231,-57948593.392,-140108922.423,5018.868,418,21.416,i,I11,420
60824.0005205,148.8764978,2.7402134,-57919162.582,-140121843.184,5192.930,419,21.852,z,I11,421
60824.0010580,148.8755350,2.7399617,-57917907.169,-140122393.902,5200.378,420,21.419,z,I11,422
60824.0015821,148.8745956,2.7397161,-57916683.002,-140122930.877,5207.641,421,21.937,z,I11,423
60824.0026259,148.8727242,2.7392268,-57914244.915,-140124000.225,5222.111,422,21.699,z,I11,424
60824.0031482,148.8717886,2.7389821,-57913024.705,-140124535.357,5229.354,423,21.805,z,I11,425
60824.0036734,148.8708477,2.7387360,-57911797.832,-140125073.375,5236.638,424,21.792,z,I11,426
60824.0041990,148.8699051,2.7384894,-57910569.927,-140125611.809,5243.928,425,21.673,z,I11,427
60824.0047197,148.8689715,2.7382452,-57909353.323,-140126145.251,5251.152,426,21.590,z,I11,428
60824.0052440,148.8680326,2.7379996,-57908128.179,-140126682.401,5258.427,428,21.796,z,I11,430
60824.0062847,148.8661676,2.7375116,-57905696.480,-140127748.441,5272.869,429,21.690,z,I11,431
60824.0068080,148.8652308,2.7372665,-57904473.605,-140128284.485,5280.132,430,21.620,z,I11,432
60824.0090343,148.8612442,2.7362230,-57899270.130,-140130564.996,5311.038,432,21.676,z,I11,434
60824.0095540,148.8603131,2.7359792,-57898055.344,-140131097.297,5318.253,433,21.911,z,I11,435
60824.0100784,148.8593749,2.7357336,-57896829.481,-140131634.414,5325.534,434,21.812,z,I11,436
60824.0106029,148.8584350,2.7354875,-57895603.250,-140132171.653,5332.817,435,21.450,z,I11,437
60824.0111286,148.8574934,2.7352409,-57894374.251,-140132710.066,5340.116,437,21.747,z,I11,439
60824.0116519,148.8565573,2.7349957,-57893150.704,-140133246.052,5347.382,438,21.650,z,I11,440
60824.0123821,148.8552508,2.7346535,-57891443.495,-140133993.844,5357.520,440,21.747,z,I11,442
60824.0129065,148.8543113,2.7344074,-57890217.126,-140134530.972,5364.802,441,21.673,z,I11,443
60824.0134329,148.8533700,2.7341608,-57888986.326,-140135070.000,5372.109,442,21.550,z,I11,444
60824.0147086,148.8510871,2.7335626,-57886002.702,-140136376.510,5389.820,444,21.667,z,I11,446
60824.0152334,148.8501497,2.7333169,-57884775.394,-140136913.872,5397.104,445,21.645,z,I11,447
60824.0157590,148.8492089,2.7330703,-57883545.859,-140137452.167,5404.399,446,21.869,z,I11,448
60824.0173378,148.8463850,2.7323300,-57879852.754,-140139068.778,5426.307,447,21.680,z,I11,449
60824.0183860,148.8445112,2.7318387,-57877400.490,-140140142.020,5440.847,448,21.845,z,I11,450
60824.0189047,148.8435833,2.7315953,-57876186.868,-140140673.105,5448.041,449,21.729,z,I11,451
60824.0194283,148.8426484,2.7313501,-57874961.596,-140141209.247,5455.302,450,21.859,z,I11,452
60824.0204703,148.8407860,2.7308616,-57872523.193,-140142276.092,5469.747,451,21.761,z,I11,453
60824.0209946,148.8398478,2.7306154,-57871296.292,-140142812.821,5477.013,452,21.895,z,I11,454
60824.0215208,148.8389079,2.7303688,-57870064.767,-140143351.530,5484.304,453,21.741,z,I11,455
60824.0220432,148.8379752,2.7301241,-57868842.177,-140143886.288,5491.541,454,21.811,z,I11,456
60824.0309872,148.8220083,2.7259302,-57847898.744,-140153040.166,5615.122,455,21.399,r,I11,457
60824.0315092,148.8210772,2.7256854,-57846675.899,-140153574.240,5622.311,456,21.287,r,I11,458
60824.0320350,148.8201391,2.7254388,-57845444.185,-140154112.142,5629.549,458,21.419,r,I11,460
60824.0325602,148.8192029,2.7251926,-57844213.656,-140154649.480,5636.776,459,21.525,r,I11,461
60824.0336108,148.8173290,2.7246997,-57841751.961,-140155724.295,5651.223,460,21.554,r,I11,462
60824.0341381,148.8163895,2.7244526,-57840516.136,-140156263.805,5658.470,461,21.417,r,I11,463
60824.0346637,148.8154519,2.7242059,-57839284.483,-140156801.447,5665.689,462,21.344,r,I11,464
60824.0351878,148.8145179,2.7239602,-57838056.168,-140157337.585,5672.884,463,21.363,r,I11,465
60824.0357085,148.8135894,2.7237159,-57836835.931,-140157870.151,5680.028,464,21.375,r,I11,466
60824.0362338,148.8126539,2.7234697,-57835604.655,-140158407.488,5687.233,465,21.441,r,I11,467
60824.0367592,148.8117184,2.7232235,-57834373.103,-140158944.897,5694.435,466,21.272,r,I11,468
60824.0383309,148.8089180,2.7224863,-57830688.768,-140160552.336,5715.954,467,21.359,r,I11,469
60824.0388573,148.8079812,2.7222396,-57829454.761,-140161090.625,5723.153,468,21.395,r,I11,470
60824.0399082,148.8061096,2.7217467,-57826990.822,-140162165.280,5737.513,469,21.348,r,I11,471
60824.0404341,148.8051731,2.7215000,-57825757.561,-140162703.097,5744.694,470,21.383,r,I11,472
60824.0409571,148.8042420,2.7212547,-57824531.195,-140163237.859,5751.829,471,21.520,r,I11,473
60824.0420208,148.8023481,2.7207557,-57822036.813,-140164325.395,5766.328,473,21.345,r,I11,475
60824.0425472,148.8014119,2.7205090,-57820802.198,-140164863.606,5773.496,474,21.422,r,I11,476
60824.0435957,148.7995453,2.7200171,-57818343.138,-140165935.445,5787.759,476,21.478,r,I11,478
60824.0441230,148.7986077,2.7197699,-57817106.210,-140166474.514,5794.925,477,21.403,r,I11,479
60824.0446487,148.7976720,2.7195232,-57815873.049,-140167011.891,5802.064,478,21.503,r,I11,480
60824.0457015,148.7957991,2.7190293,-57813403.286,-140168087.994,5816.346,479,21.335,r,I11,481
60824.0462300,148.7948601,2.7187817,-57812163.213,-140168628.231,5823.508,480,21.336,r,I11,482
60824.0469989,148.7934928,2.7184210,-57810359.158,-140169414.075,5833.918,481,21.204,r,I11,483
60824.0475220,148.7925630,2.7181757,-57809131.847,-140169948.628,5840.993,482,21.305,r,I11,484
60824.0480466,148.7916297,2.7179295,-57807900.824,-140170484.746,5848.083,483,21.460,r,I11,485
60824.0485718,148.7906965,2.7176833,-57806668.426,-140171021.413,5855.175,484,21.447,r,I11,486
60824.0490972,148.7897635,2.7174370,-57805435.239,-140171558.372,5862.266,485,21.492,r,I11,487
60823.9719733,151.5673922,3.3963106,-57985739.111,-140092589.534,4801.875,380,25.166,i,I11,382
60823.9777341,151.5747877,3.3936161,-57972319.281,-140098493.144,4879.801,391,23.746,i,I11,393
60823.9782571,151.5754591,3.3933715,-57971100.542,-140099029.130,4886.907,394,22.960,i,I11,396
60823.9787790,151.5761293,3.3931273,-57969884.270,-140099564.004,4894.003,396,23.248,i,I11,398
60823.9813873,151.5794773,3.3919075,-57963805.164,-140102236.972,4929.535,402,21.500,i,I11,404
60823.9829615,151.5814992,3.3911709,-57960135.229,-140103850.296,4951.035,406,21.500,i,I11,408
60823.9840101,151.5828446,3.3906808,-57957690.377,-140104924.921,4965.378,409,21.500,i,I11,411
60823.9850545,151.5841862,3.3901920,-57955255.210,-140105995.173,4979.678,411,22.540,i,I11,413
60823.9861000,151.5855278,3.3897033,-57952817.169,-140107066.569,4994.009,414,24.391,i,I11,416
60824.0052440,151.6101082,3.3807502,-57908128.179,-140126682.401,5258.427,427,21.500,z,I11,429
60824.0090343,151.6149754,3.3789779,-57899270.130,-140130564.996,5311.038,431,28.733,z,I11,433
60824.0106029,151.6169905,3.3782442,-57895603.250,-140132171.653,5332.817,436,21.500,z,I11,438
60824.0116519,151.6183378,3.3777536,-57893150.704,-140133246.052,5347.382,439,21.500,z,I11,441
60824.0139575,151.6212997,3.3766753,-57887759.314,-140135607.330,5379.393,443,21.500,z,I11,445
60824.0320350,151.6445249,3.3682226,-57845444.185,-140154112.142,5629.549,457,21.500,r,I11,459
60824.0414934,151.6566822,3.3638005,-57823273.609,-140163786.185,5759.141,472,23.548,r,I11,474
60824.0430703,151.6587098,3.3630632,-57819575.431,-140165398.345,5780.614,475,21.500,r,I11,477
60825.0756274,226.5256983,-36.6589028,-55395780.296,-141168345.576,6315.170,486,21.500,r,I11,488
60825.0761165,226.5248343,-36.6595402,-55394621.398,-141168824.222,6321.367,487,26.358,r,I11,489
60825.0819784,226.5144979,-36.6671591,-55380728.129,-141174558.439,6394.948,488,21.500,r,I11,490
60826.2260288,224.5950156,-38.0742365,-52672143.368,-142236805.834,7672.356,489,21.500,r,I11,491
60826.2264730,224.5942625,-38.0747495,-52671074.178,-142237209.558,7673.499,490,23.938,r,I11,492
60826.2269097,224.5935214,-38.0752543,-52670023.041,-142237606.415,7674.607,491,24.437,r,I11,493
60826.2286550,224.5905625,-38.0772698,-52665822.066,-142239192.001,7678.871,492,23.015,r,I11,494
60826.2290915,224.5898216,-38.0777744,-52664771.477,-142239588.406,7679.896,493,25.400,r,I11,495
60826.2304221,224.5875673,-38.0793098,-52661568.665,-142240796.574,7682.921,494,21.500,r,I11,496
60826.2317314,224.5853491,-38.0808205,-52658416.898,-142241985.043,7685.749,495,25.054,r,I11,497
60826.2321680,224.5846086,-38.0813248,-52657365.985,-142242381.223,7686.659,496,21.500,r,I11,498
60826.2326062,224.5838666,-38.0818301,-52656310.984,-142242778.895,7687.556,497,25.559,r,I11,499
60826.2330509,224.5831127,-38.0823435,-52655240.623,-142243182.306,7688.449,498,26.883,r,I11,500
60826.2334914,224.5823674,-38.0828511,-52654180.218,-142243581.916,7689.318,499,24.873,r,I11,501
60826.2339292,224.5816256,-38.0833562,-52653126.365,-142243979.006,7690.164,500,26.039,r,I11,502
60826.2343659,224.5808854,-38.0838602,-52652074.919,-142244375.141,7690.991,501,21.500,r,I11,503
60826.2348036,224.5801437,-38.0843653,-52651021.292,-142244772.048,7691.804,502,24.059,r,I11,504
60826.2361201,224.5779155,-38.0858826,-52647852.112,-142245965.600,7694.149,503,25.171,r,I11,505
60826.2370227,224.5763868,-38.0869234,-52645679.070,-142246783.739,7695.671,504,24.625,r,I11,506
60826.2432618,224.5658327,-38.0941090,-52630658.205,-142252433.337,7704.256,505,26.326,u,I11,507
60826.2437921,224.5649367,-38.0947190,-52629381.367,-142252913.122,7704.830,506,27.290,u,I11,508
60826.2453796,224.5622528,-38.0965461,-52625559.157,-142254348.931,7706.402,507,25.705,u,I11,509
60826.2464533,224.5604398,-38.0977803,-52622974.117,-142255319.639,7707.340,508,21.500,u,I11,510
60826.2469814,224.5595478,-38.0983875,-52621702.453,-142255797.054,7707.766,509,27.246,u,I11,511
60826.2485996,224.5568132,-38.1002490,-52617806.275,-142257259.345,7708.917,510,21.500,u,I11,512
60826.2501927,224.5541235,-38.1020799,-52613970.293,-142258698.402,7709.828,511,25.615,u,I11,513
60826.2507361,224.5532069,-38.1027039,-52612661.846,-142259189.116,7710.088,512,21.500,u,I11,514
60826.2512654,224.5523140,-38.1033117,-52611387.338,-142259667.032,7710.317,513,25.976,u,I11,515
60826.2518023,224.5514077,-38.1039286,-52610094.550,-142260151.731,7710.524,514,21.500,u,I11,516
60826.2523326,224.5505117,-38.1045385,-52608817.737,-142260630.370,7710.704,515,25.479,u,I11,517
60826.2528618,224.5496191,-38.1051461,-52607543.550,-142261107.955,7710.859,516,21.500,u,I11,518
60826.2533901,224.5487283,-38.1057525,-52606271.332,-142261584.733,7710.989,517,29.635,u,I11,519
60826.2539257,224.5478241,-38.1063680,-52604981.669,-142262067.977,7711.097,518,30.445,u,I11,520
60826.2555317,224.5451155,-38.1082117,-52601114.507,-142263516.599,7711.269,519,26.492,u,I11,521
60826.2566194,224.5432828,-38.1094593,-52598495.527,-142264497.296,7711.259,520,21.500,u,I11,522
60826.2577105,224.5414421,-38.1107123,-52595867.987,-142265480.904,7711.144,521,26.425,u,I11,523
60826.2587887,224.5396254,-38.1119489,-52593271.869,-142266452.463,7710.929,522,21.500,u,I11,524
60826.2689979,224.5224426,-38.1236466,-52568687.873,-142275638.611,7703.882,523,27.146,u,I11,525
60826.2735467,224.5147992,-38.1288511,-52557734.502,-142279723.410,7697.828,524,21.500,g,I11,526
60826.2739832,224.5140671,-38.1293496,-52556683.326,-142280115.163,7697.153,525,26.035,g,I11,527
60826.2748566,224.5125997,-38.1303490,-52554580.198,-142280898.823,7695.753,526,24.692,g,I11,528
60826.2753085,224.5118409,-38.1308657,-52553491.923,-142281304.261,7695.002,527,25.154,g,I11,529
60826.2757504,224.5111006,-38.1313698,-52552427.823,-142281700.646,7694.251,528,21.500,g,I11,530
60826.2761883,224.5103655,-38.1318705,-52551373.534,-142282093.331,7693.491,529,21.500,g,I11,531
60826.2770628,224.5088972,-38.1328705,-52549267.731,-142282877.533,7691.922,530,21.500,g,I11,532
60826.2775128,224.5081422,-38.1333847,-52548184.180,-142283280.978,7691.089,531,25.382,g,I11,533
60826.2792586,224.5052135,-38.1353795,-52543980.497,-142284845.713,7687.692,532,24.397,g,I11,534
60826.2796953,224.5044823,-38.1358775,-52542928.977,-142285237.009,7686.802,533,21.500,g,I11,535
60826.2801374,224.5037412,-38.1363824,-52541864.372,-142285633.128,7685.883,534,24.128,g,I11,536
60826.2814465,224.5015451,-38.1378783,-52538712.221,-142286805.719,7683.065,535,20.634,g,I11,537
60826.2831988,224.4986092,-38.1398784,-52534492.908,-142288374.671,7679.063,536,26.610,g,I11,538
60826.2840967,224.4971049,-38.1409034,-52532331.000,-142289178.303,7676.910,537,24.294,g,I11,539
60826.2849895,224.4956092,-38.1419224,-52530181.303,-142289977.212,7674.701,538,21.500,g,I11,540
60826.2858751,224.4941273,-38.1429322,-52528048.963,-142290769.490,7672.442,539,21.500,g,I11,541
60827.2546788,222.9363537,-39.2322592,-50222630.308,-143144181.178,7816.175,540,21.500,r,I11,542
60827.2555520,222.9349326,-39.2331798,-50220515.019,-143144932.738,7816.043,541,21.500,r,I11,543
60827.2559886,222.9342213,-39.2336405,-50219457.387,-143145308.443,7815.952,542,21.500,r,I11,544
60827.2568683,222.9327909,-39.2345672,-50217326.605,-143146065.224,7815.717,543,27.269,r,I11,545
60827.2573042,222.9320815,-39.2350267,-50216270.672,-143146440.185,7815.576,544,24.543,r,I11,546
60827.2581937,222.9306336,-39.2359647,-50214115.851,-143147205.216,7815.237,545,21.500,r,I11,547
60827.2612568,222.9256530,-39.2391913,-50206695.779,-143149838.107,7813.543,546,21.500,r,I11,548
60827.2786728,222.8974044,-39.2574985,-50164508.097,-143164764.985,7788.442,547,26.703,g,I11,549
60827.2885654,222.8814157,-39.2678684,-50140547.090,-143173211.386,7762.560,548,24.293,g,I11,550
60827.2890064,222.8807039,-39.2683302,-50139478.973,-143173587.388,7761.212,549,21.500,g,I11,551
60827.2938994,222.8728117,-39.2734520,-50127628.905,-143177755.962,7745.154,550,21.500,g,I11,552
60827.2943424,222.8720977,-39.2739155,-50126555.923,-143178133.150,7743.600,551,21.500,g,I11,553
60827.2952281,222.8706699,-39.2748423,-50124411.093,-143178886.997,7740.445,552,21.500,g,I11,554
60827.2956727,222.8699529,-39.2753078,-50123334.490,-143179265.328,7738.837,553,26.255,g,I11,555
60827.2979781,222.8662405,-39.2777183,-50117751.655,-143181226.509,7730.229,554,21.500,i,I11,556
60827.2984148,222.8655369,-39.2781751,-50116694.123,-143181597.876,7728.548,555,21.500,i,I11,557
60827.2988734,222.8647996,-39.2786539,-50115583.519,-143181987.836,7726.766,556,21.500,i,I11,558
60831.3005295,321.8269334,-16.4993790,-40453483.891,-146291935.809,8146.842,558,27.805,i,I11,560
60831.3040937,321.8348370,-16.4959129,-40444676.450,-146294369.672,8128.736,559,21.500,i,I11,561
60831.3076621,321.8427468,-16.4924407,-40435859.698,-146296803.468,8109.586,560,25.977,i,I11,562
60831.3081653,321.8438617,-16.4919510,-40434616.474,-146297146.441,8106.804,561,21.500,i,I11,563
60831.3123588,321.8531555,-16.4878665,-40424256.631,-146300002.447,8082.839,562,21.500,i,I11,564
60831.3196782,321.8693664,-16.4807313,-40406177.665,-146304978.064,8037.712,563,24.304,g,I11,565
60831.3233167,321.8774208,-16.4771811,-40397192.562,-146307447.022,8013.745,564,24.613,g,I11,566
60831.3269335,321.8854287,-16.4736481,-40388262.142,-146309898.458,7988.927,565,24.112,g,I11,567
60831.3305806,321.8934989,-16.4700845,-40379258.320,-146312367.567,7962.911,566,21.500,g,I11,568
60831.3481336,321.9323173,-16.4528990,-40335944.258,-146324212.305,7824.260,567,27.020,r,I11,569
60836.2981097,317.7744314,-10.9923158,-28138995.101,-149243869.275,8493.595,568,23.570,z,I11,570
60836.3124737,317.7987503,-10.9906444,-28102836.651,-149250636.012,8400.681,569,22.234,z,I11,571
60836.3211126,317.8133701,-10.9896269,-28081100.094,-149254684.159,8337.304,570,23.084,i,I11,572
60836.3246990,317.8194380,-10.9892018,-28072078.709,-149256360.102,8309.395,571,21.994,i,I11,573
60836.3629031,317.8841095,-10.9845708,-27976081.529,-149274054.911,7958.309,572,22.914,z,I11,574
60847.1509443,237.2250772,-13.6163556,-835314.975,-152026203.826,7972.379,573,21.814,i,I11,575
60847.1700617,237.2175530,-13.5972721,-786253.349,-152026811.609,8031.711,575,21.761,z,I11,577
60847.1685827,243.9322505,-14.3421179,-790049.401,-152026767.707,8028.230,574,21.758,z,I11,576
60847.1903813,243.9158567,-14.4217068,-734090.825,-152027361.235,8060.424,581,23.010,z,I11,583
60847.2165645,243.8965324,-14.5171812,-666870.551,-152027921.268,8044.517,591,21.682,i,I11,593
60847.1847078,271.5664623,-15.8185470,-748656.266,-152027217.857,8056.006,576,19.351,z,I11,578
60847.1852400,271.5654827,-15.8185866,-747289.860,-152027231.641,8056.540,577,19.259,z,I11,579
60847.2110210,271.5179371,-15.8204756,-681101.782,-152027816.634,8052.857,587,18.918,i,I11,589
60847.1852400,269.0040611,-15.9256081,-747289.860,-152027231.641,8056.540,578,20.752,z,I11,580
60847.2115898,269.0165276,-15.9561041,-679641.496,-152027827.714,8052.124,588,19.233,i,I11,590
60847.1884534,249.2863438,-14.7655559,-739040.150,-152027313.395,8059.236,580,25.843,z,I11,582
60847.2146982,249.2546268,-14.7745332,-671661.601,-152027886.875,8047.622,590,25.676,i,I11,592
60847.1884534,250.6203713,-15.9454781,-739040.150,-152027313.395,8059.236,579,20.778,z,I11,581
60847.2146982,250.5907566,-15.9452398,-671661.601,-152027886.875,8047.622,589,22.038,i,I11,591
60847.1959885,236.7150713,-30.1372163,-719695.228,-152027495.231,8062.037,583,21.500,z,I11,585
60847.2221800,236.7487209,-30.1592999,-652455.169,-152028019.659,8033.359,592,24.565,i,I11,594
60847.1979174,244.1704072,-33.2956360,-714743.079,-152027539.554,8061.960,584,23.003,z,I11,586
60847.2240686,244.1268282,-33.3255135,-647607.088,-152028051.036,8028.996,593,20.654,i,I11,595
60847.2404116,318.6938200,-20.0098922,-605661.779,-152028286.763,7978.522,596,18.107,i,I11,598
60847.2642677,318.6556678,-20.0291195,-544461.983,-152028517.749,7864.831,602,18.034,r,I11,604
60847.2413447,320.8835326,-25.8782020,-603267.104,-152028298.300,7974.957,598,21.500,i,I11,600
60847.2652363,320.9178593,-25.8777478,-541978.294,-152028524.356,7859.240,604,21.500,r,I11,606
60847.2473972,326.9148564,-21.4253788,-587736.915,-152028368.137,7950.075,599,17.791,i,I11,601
60847.2714700,326.9335004,-21.4027782,-525994.722,-152028561.813,7821.489,605,17.663,r,I11,607
60847.2483130,327.4137842,-17.8326032,-585387.313,-152028377.954,7946.045,601,18.489,i,I11,603
60847.2724074,327.4275941,-17.8533071,-523591.419,-152028566.693,7815.549,606,18.426,r,I11,608
60847.2867336,310.0699578,-17.2124785,-486874.287,-152028617.219,7716.416,607,21.463,i,I11,609
60847.3111235,310.2076244,-17.2437136,-424420.805,-152028603.501,7513.368,610,22.072,z,I11,612
60847.2958312,331.1308987,-10.3468969,-463569.717,-152028626.417,7645.562,609,26.760,i,I11,611
60847.3205408,331.1588506,-10.3388408,-400328.354,-152028566.465,7424.238,612,21.500,z,I11,614
60848.0825256,250.7419075,-12.2840179,1522107.763,-152029473.107,7464.402,618,21.328,i,I11,620
60848.1143812,250.8081927,-12.3878856,1603692.384,-152029542.958,7712.794,625,25.110,g,I11,627
60848.0825256,250.8301760,-15.3107387,1522107.763,-152029473.107,7464.402,619,19.320,i,I11,621
60848.1143812,250.7859139,-15.3044271,1603692.384,-152029542.958,7712.794,626,19.102,g,I11,628
60848.0839876,242.6075521,-10.1701204,1525849.090,-152029480.836,7477.355,620,21.153,i,I11,622
60848.1159216,242.6049871,-10.2047076,1607640.611,-152029540.901,7722.921,627,21.300,g,I11,629
60848.1115186,266.4236933,-14.4318835,1596356.149,-152029545.407,7693.494,624,19.113,g,I11,626
60848.1708469,266.3373953,-14.4261539,1748546.059,-152029113.767,7959.265,628,19.503,g,I11,630
60848.1734350,250.9311983,-12.5802887,1755189.861,-152029076.063,7964.160,629,22.760,g,I11,631
60848.1758282,242.6002959,-10.2689171,1761333.413,-152029039.756,7968.172,632,23.090,g,I11,634
60848.2359059,317.0944124,-20.8323880,1915561.214,-152027672.020,7906.116,634,21.981,r,I11,636
60848.2368457,317.0927161,-20.8332189,1917973.085,-152027643.698,7902.681,636,17.752,r,I11,638
60851.0243130,241.7867717,-29.3690861,8967348.919,-151796427.160,6807.531,650,24.505,r,I11,652
60851.0349777,241.7775036,-29.4126913,8994518.113,-151795193.976,6930.531,654,25.436,r,I11,656
60851.0298314,244.5142045,-16.2094491,8981404.915,-151795791.220,6871.857,652,25.925,r,I11,654
60851.0671901,244.4621256,-16.2248076,9076699.989,-151791355.150,7265.193,657,21.500,r,I11,659
60857.3611832,308.5121194,-19.8481556,24917911.808,-150034386.635,6663.805,681,20.275,i,I11,683
60857.3762918,308.5413217,-19.8870503,24955811.489,-150027687.271,6466.374,685,20.002,i,I11,687
60857.3644325,298.2319475,-17.5190314,24926066.649,-150032947.958,6621.887,682,20.082,i,I11,684
60857.3832159,298.2311816,-17.5424533,24973164.088,-150024609.308,6373.997,686,19.635,i,I11,688
60857.3671662,303.0090584,-27.1365294,24932925.839,-150031736.635,6586.378,683,19.885,i,I11,685
60857.3685315,303.0087681,-27.1328921,24936351.060,-150031131.335,6568.563,684,19.726,i,I11,686
60857.3927524,303.0038200,-27.0681430,24997046.247,-150020363.164,6245.255,689,19.619,i,I11,691
60857.3932134,303.0037297,-27.0669059,24998200.210,-150020157.717,6238.994,690,19.287,i,I11,692
60857.9883487,221.7066949,-40.0460935,26472626.222,-149767406.188,6847.551,691,22.145,i,I11,693
60857.9950912,221.7104810,-40.0396468,26489537.088,-149764635.637,6931.273,692,18.438,i,I11,694
60858.1032068,278.0805400,-20.6544990,26761685.999,-149719164.587,7931.103,694,23.313,z,I11,696
60858.1036489,278.0795638,-20.6542216,26762801.702,-149718973.821,7933.524,695,20.903,z,I11,697
60858.1464111,277.9842547,-20.6267625,26870779.221,-149700306.322,8091.335,700,20.457,i,I11,702
60858.1626550,302.1314629,-15.7764849,26911812.730,-149693100.778,8110.392,703,20.180,r,I11,705
60858.2133373,302.1034750,-15.7233009,27039813.328,-149670208.332,8022.820,712,20.576,r,I11,714
60858.1635782,296.6273031,-12.9027802,26914144.645,-149692689.379,8110.787,704,20.945,r,I11,706
60858.1649610,296.6330032,-12.9055626,26917637.908,-149692072.705,8111.238,705,20.965,r,I11,707
60858.2369034,296.9312418,-13.0507160,27099281.169,-149659356.445,7908.277,720,21.692,i,I11,722
60858.2374073,296.9333437,-13.0517334,27100552.137,-149659123.030,7905.339,721,21.222,i,I11,723
60858.2104905,309.8394067,-7.9310499,27032626.677,-149671510.504,8033.563,711,21.239,r,I11,713
60858.2325890,309.8606258,-7.9745365,27088397.714,-149661352.677,7932.607,719,21.306,i,I11,721
60858.2464010,309.8738521,-8.0017066,27123233.097,-149654947.308,7849.570,723,20.892,r,I11,725
60858.2192409,322.5112886,-11.4153033,27054715.086,-149667501.844,7998.388,713,20.465,r,I11,715
60858.2201708,322.5107211,-11.4160624,27057062.142,-149667074.781,7994.277,714,21.017,r,I11,716
60858.2507426,296.9891856,-13.0787183,27134178.938,-149652925.144,7820.420,725,22.076,r,I11,727
60858.2512056,296.9911285,-13.0796556,27135346.232,-149652709.229,7817.226,726,22.009,r,I11,728
60858.2418673,314.8721175,-19.4073251,27111800.846,-149657054.505,7878.468,722,18.512,i,I11,724
60858.2557601,314.8715772,-19.4231246,27146826.013,-149650583.098,7784.963,727,18.571,r,I11,729
60858.2643436,336.6768353,-7.6257672,27168454.273,-149646564.122,7720.009,729,17.415,i,I11,731
60858.3323712,336.7397898,-7.5168915,27339468.516,-149614213.840,7037.807,740,18.276,i,I11,742
60858.2845774,346.3090028,-14.1790765,27219398.774,-149637030.535,7546.458,732,24.988,r,I11,734
60858.3361740,346.3428693,-14.1270924,27349003.920,-149612382.673,6992.354,741,24.471,i,I11,743
60858.3514066,336.7573525,-7.4863305,27387170.518,-149605027.785,6804.411,742,20.466,r,I11,744
60859.1080226,284.2636281,-12.3260226,29261756.504,-149251638.269,8015.806,744,20.528,i,I11,746
60859.1467966,284.3428082,-12.3742192,29359359.215,-149233038.850,8141.961,749,21.500,z,I11,751
60859.1780270,240.9458317,-27.0520181,29437995.605,-149217795.402,8149.504,753,20.978,i,I11,755
60859.1794465,240.9468401,-27.0532896,29441569.754,-149217096.886,8147.830,755,21.013,i,I11,757
60859.1823246,250.7967325,-28.8025349,29448815.863,-149215679.208,8143.901,757,21.500,i,I11,759
60859.1961617,250.7791249,-28.7938260,29483649.067,-149208835.479,8115.027,758,21.500,z,I11,760
60859.3051535,322.9429610,-20.9923680,29757415.219,-149153422.740,7357.853,761,20.725,r,I11,763
60859.3056600,322.9425670,-20.9927170,29758683.691,-149153159.667,7352.446,762,20.771,r,I11,764
60859.9848852,222.9870694,-38.0671474,31433290.224,-148806396.586,6955.620,764,17.985,i,I11,766
60859.9904197,222.9904207,-38.0615559,31447080.010,-148803657.890,7023.928,765,17.962,i,I11,767
60859.9908781,222.9906978,-38.0610929,31448222.564,-148803430.843,7029.532,766,18.001,i,I11,768
60859.9945801,222.9929378,-38.0573493,31457450.186,-148801596.367,7074.457,767,17.877,i,I11,769
60859.9975742,222.9947486,-38.0543196,31464914.821,-148800111.342,7110.360,768,18.366,g,I11,770
60859.9980371,222.9950286,-38.0538509,31466069.154,-148799881.612,7115.876,769,18.388,g,I11,771
60860.0041703,222.9987362,-38.0476384,31481366.017,-148796835.078,7188.037,770,18.268,g,I11,772
60860.0114934,223.0031614,-38.0402092,31499639.100,-148793190.095,7271.848,771,18.308,g,I11,773
60860.0587162,223.0316956,-37.9920396,31617676.060,-148769465.502,7739.671,773,17.944,r,I11,775
60860.1065061,223.0607576,-37.9428226,31737410.481,-148745002.393,8056.744,774,18.356,z,I11,776
60860.1083986,223.0619161,-37.9408638,31742156.117,-148744023.196,8065.615,775,18.350,z,I11,777
60860.2227481,327.9263406,-13.3245501,32028989.557,-148683272.425,8033.910,776,20.183,z,I11,778
60860.2646333,327.8258094,-13.4468242,32133867.160,-148660256.080,7750.746,779,19.979,r,I11,781
60860.3703610,302.6187578,-16.1693199,32397356.883,-148600731.314,6561.899,794,19.541,g,I11,796
60860.3942508,302.6107823,-16.0481830,32456576.986,-148587087.303,6237.973,796,19.350,r,I11,798
60861.1684572,312.9013053,-13.7869013,34362578.676,-148160746.683,8207.792,800,21.912,y,I11,802
60861.1905415,312.9227460,-13.8309203,34417772.003,-148148006.715,8169.259,801,22.335,y,I11,803
60862.9903141,277.5321112,-21.9915340,38831114.990,-147046295.899,7137.604,802,21.385,y,I11,804
60863.0034794,277.5640829,-22.0597451,38863563.150,-147038113.234,7289.297,803,21.500,y,I11,805
60863.0583031,299.2225922,-23.6374619,38998974.005,-147003720.368,7815.430,804,21.842,y,I11,806
60863.0664541,299.2173288,-23.6692390,39019140.016,-146998557.268,7876.609,805,22.704,y,I11,807
60863.0800437,299.2083795,-23.7222437,39052776.413,-146989917.769,7967.564,809,22.672,y,I11,811
60863.0882400,299.2028806,-23.7542222,39073071.534,-146984687.484,8015.509,810,22.550,y,I11,812
60863.0999241,299.1949147,-23.7998222,39102011.898,-146977205.352,8074.562,816,20.452,i,I11,818
60863.1003791,299.1946015,-23.8015982,39103138.853,-146976913.411,8076.636,818,20.704,i,I11,820
60863.1262005,299.1764915,-23.9024098,39167123.983,-146960263.123,8166.013,825,20.774,z,I11,827
60863.1266642,299.1761610,-23.9042177,39168273.273,-146959962.674,8167.101,826,20.929,z,I11,828
60863.0664541,298.0701071,-24.3004205,39019140.016,-146998557.268,7876.609,806,21.092,y,I11,808
60863.0882400,298.0685454,-24.3249659,39073071.534,-146984687.484,8015.509,811,21.033,y,I11,813
60863.0999241,298.0676646,-24.3381125,39102011.898,-146977205.352,8074.562,817,19.762,i,I11,819
60863.1262005,298.0655843,-24.3676295,39167123.983,-146960263.123,8166.013,824,20.192,z,I11,826
60863.0700472,299.6134966,-10.0945541,39028031.699,-146996276.860,7902.019,807,22.690,y,I11,809
60863.0918657,299.5995155,-10.0675542,39082050.942,-146982369.031,8035.015,813,21.378,y,I11,815
60863.0713820,293.3703827,-17.0152443,39031335.317,-146995428.980,7911.213,808,21.510,y,I11,810
60863.0895788,293.4093258,-17.0367226,39076387.014,-146983831.753,8022.834,812,21.650,y,I11,814
60863.0932476,293.4171294,-17.0410401,39085473.707,-146981484.568,8042.172,814,22.063,y,I11,816
60863.1140173,308.7557293,-11.4316408,39136930.404,-146968138.702,8130.846,822,21.014,i,I11,824
60863.1447344,308.7411018,-11.4597490,39213063.287,-146948214.273,8195.046,828,21.370,z,I11,830
60863.1470557,308.7399906,-11.4618728,39218817.296,-146946699.353,8196.582,829,21.378,z,I11,831
60863.2791812,348.6688489,-2.5211830,39545804.682,-146858399.856,7545.017,833,23.181,y,I11,835
60863.2796187,348.6687722,-2.5216593,39546883.951,-146858101.316,7540.702,835,24.962,y,I11,837
60863.2791812,347.8671924,-3.9759335,39545804.682,-146858399.856,7545.017,834,21.151,y,I11,836
60863.2974668,347.8619896,-3.9536466,39590889.937,-146845891.906,7355.042,839,21.458,y,I11,841
60863.2974668,348.6655975,-2.5410618,39590889.937,-146845891.906,7355.042,838,21.500,y,I11,840
60863.2864074,341.8641325,1.2813766,39563628.570,-146853463.946,7472.257,837,18.706,y,I11,839
60863.3119861,341.8906124,1.3311071,39626645.861,-146835920.314,7191.261,843,17.721,z,I11,845
60863.3068748,344.0616625,-5.0870595,39614062.971,-146839434.497,7250.128,840,22.350,z,I11,842
60863.3073493,344.0627161,-5.0865224,39615231.463,-146839108.387,7244.716,841,21.500,z,I11,843
60867.0434532,260.1544288,-19.3163489,48647891.574,-144085103.020,7508.996,850,21.500,z,I11,852
60867.0439104,260.1540813,-19.3156291,48648999.766,-144084739.764,7512.643,851,21.500,z,I11,853
60867.0443840,260.1537225,-19.3148856,48650147.595,-144084363.478,7516.405,852,27.638,z,I11,854
60867.0448413,260.1533757,-19.3141673,48651256.142,-144084000.035,7520.023,853,21.512,z,I11,855
60867.0505273,257.8676313,-25.9848189,48665040.552,-144079477.807,7563.754,854,21.500,z,I11,856
60867.0509850,257.8688455,-25.9848951,48666150.535,-144079113.418,7567.173,855,21.500,z,I11,857
60867.1428216,251.8445807,-27.4248337,48889114.473,-144005064.586,7914.361,863,19.228,z,I11,865
60867.1432805,251.8455355,-27.4244920,48890229.183,-144004689.595,7914.301,864,19.075,z,I11,866
60867.1617249,333.8995687,-12.8957442,48935030.106,-143989575.192,7896.732,865,18.363,z,I11,867
60867.2390623,334.0187506,-12.7720893,49122640.871,-143925333.691,7512.420,899,18.748,z,I11,901
60867.1983238,350.3841276,-6.8108840,49023880.732,-143959343.762,7775.402,870,19.525,z,I11,872
60867.2546297,350.4464043,-6.8330152,49160324.403,-143912244.662,7379.522,902,19.642,z,I11,904
60867.1983238,351.7307106,-5.4256964,49023880.732,-143959343.762,7775.402,869,24.919,z,I11,871
60867.2546297,351.7571027,-5.3732148,49160324.403,-143912244.662,7379.522,903,25.558,z,I11,905
60867.2550880,350.4469087,-6.8331952,49161433.300,-143911858.578,7375.359,905,19.639,z,I11,907
60867.2550880,351.7573134,-5.3727877,49161433.300,-143911858.578,7375.359,904,24.119,z,I11,906
60867.1997898,346.7431277,1.1383245,49027437.640,-143958126.318,7768.206,871,20.814,z,I11,873
60867.2119098,346.7385259,1.1552035,49056837.020,-143948042.257,7702.056,881,20.770,z,I11,883
60867.2123671,346.7383514,1.1558401,49057945.836,-143947661.185,7699.331,882,20.821,z,I11,884
60867.2816020,346.7111861,1.2523789,49225524.512,-143889456.884,7111.998,926,20.292,z,I11,928
60867.2820584,346.7110031,1.2530154,49226626.457,-143889070.253,7107.100,927,20.342,z,I11,929
60867.2004288,355.2406582,-12.6335904,49028987.979,-143957595.500,7765.015,872,20.389,z,I11,874
60867.2008905,355.2412282,-12.6333467,49030108.229,-143957211.874,7762.688,874,20.279,z,I11,876
60867.2197509,355.2644686,-12.6233873,49075848.809,-143941500.885,7653.052,886,19.723,z,I11,888
60867.2201880,355.2650064,-12.6231563,49076908.431,-143941135.834,7650.180,887,19.805,z,I11,889
60867.2206452,355.2655689,-12.6229147,49078016.767,-143940753.947,7647.160,889,19.627,z,I11,891
60867.2210816,355.2661067,-12.6226836,49079074.600,-143940389.412,7644.262,892,19.787,z,I11,894
60867.2008905,356.6802568,-9.9536948,49030108.229,-143957211.874,7762.688,875,19.217,z,I11,877
60867.2074507,356.6885818,-9.9536028,49046022.136,-143951756.221,7727.764,879,19.224,z,I11,881
60867.2206452,356.7053037,-9.9534156,49078016.767,-143940753.947,7647.160,890,19.001,z,I11,892
60867.2210816,356.7058571,-9.9534093,49079074.600,-143940389.412,7644.262,891,18.989,z,I11,893
60867.2303359,356.7175682,-9.9532759,49101502.413,-143932649.108,7579.404,896,19.404,z,I11,898
60867.2307777,356.7181273,-9.9532695,49102573.014,-143932279.071,7576.147,897,19.430,z,I11,899
60867.2042926,353.3319132,-3.0560075,49038361.636,-143954383.811,7745.010,876,21.739,z,I11,878
60867.2564714,353.3587305,-3.0100189,49164780.252,-143910692.957,7362.709,908,22.039,z,I11,910
60867.2569289,353.3589610,-3.0096158,49165886.810,-143910307.479,7358.498,909,22.965,z,I11,911
60867.2069367,353.8921800,-0.8152008,49044775.446,-143952184.018,7730.626,878,22.321,z,I11,880
60867.2298142,353.9501785,-0.7901815,49100238.521,-143933085.889,7583.231,894,22.843,z,I11,896
60867.2069367,354.4530083,0.1698526,49044775.446,-143952184.018,7730.626,877,21.500,z,I11,879
60867.2298142,354.5227148,0.2059131,49100238.521,-143933085.889,7583.231,895,21.500,z,I11,897
60867.2573895,354.0196342,-0.7600337,49167001.246,-143909919.204,7354.244,910,21.500,z,I11,912
60867.2573895,354.6066458,0.2494651,49167001.246,-143909919.204,7354.244,911,21.500,z,I11,913
60867.2578469,354.0207814,-0.7595341,49168107.728,-143909533.649,7350.006,912,21.500,z,I11,914
60867.2578469,354.6080361,0.2501876,49168107.728,-143909533.649,7350.006,913,21.500,z,I11,915
60867.2079253,355.1093847,-1.4541294,49047173.487,-143951361.078,7725.103,880,19.628,z,I11,882
60867.2555495,355.2370305,-1.4699786,49162549.744,-143911469.814,7371.153,906,19.912,z,I11,908
60867.2560078,355.2382453,-1.4701307,49163658.494,-143911083.677,7366.963,907,20.032,z,I11,909
60867.2603612,355.2497797,-1.4715756,49174189.304,-143907413.594,7326.469,915,20.462,z,I11,917
60867.2608196,355.2509948,-1.4717280,49175297.786,-143907027.007,7322.135,916,20.618,z,I11,918
60867.2622200,355.2546995,-1.4721925,49178684.670,-143905845.499,7308.807,917,20.872,z,I11,919
60867.2626773,355.2559084,-1.4723442,49179790.583,-143905459.599,7304.427,918,25.342,z,I11,920
60867.2146647,330.1439672,-13.1364708,49063517.368,-143945745.568,7685.387,884,20.352,z,I11,886
60867.2419246,330.1772673,-13.1800665,49129572.368,-143922930.679,7489.250,900,21.011,z,I11,902
60867.2938373,355.3553210,-12.5840166,49255058.499,-143879077.898,6976.757,928,21.005,z,I11,930
60867.2942968,355.3558835,-12.5837708,49256167.096,-143878687.643,6971.526,929,20.917,z,I11,931
60867.2947617,355.3564521,-12.5835222,49257288.654,-143878292.778,6966.222,931,20.964,z,I11,933
60867.2952202,355.3570121,-12.5832775,49258394.695,-143877903.328,6960.981,933,21.070,z,I11,935
60867.2956938,356.7999514,-9.9522716,49259537.170,-143877500.999,6955.556,934,19.315,z,I11,936
60867.2961510,356.8005258,-9.9522642,49260640.114,-143877112.545,6950.307,935,19.210,z,I11,937
60867.2966213,356.8011165,-9.9522565,49261774.527,-143876712.957,6944.899,936,19.285,z,I11,938
60867.2970797,356.8016934,-9.9522490,49262880.402,-143876323.375,6939.615,937,19.227,z,I11,939
60867.2287715,3.7435553,-0.3017613,49097711.924,-143933958.830,7590.821,893,22.957,z,I11,895
60867.2583426,3.8071773,-0.2809381,49169306.590,-143909115.845,7345.399,914,21.500,z,I11,916
60867.3029801,3.9027752,-0.2494746,49277109.140,-143871306.656,6870.710,939,28.227,z,I11,941
60867.3034385,3.9037559,-0.2491509,49278214.235,-143870916.705,6865.288,940,25.746,z,I11,942
60867.2345575,0.8840427,4.6201612,49111729.995,-143929112.060,7547.693,898,21.500,z,I11,900
60867.2631389,0.9183934,4.6348780,49180906.689,-143905070.090,7299.994,919,21.500,z,I11,921
60867.2635973,0.9189432,4.6351138,49182015.285,-143904683.152,7295.577,922,23.539,z,I11,924
60867.3048232,0.9683471,4.6563369,49281552.276,-143869738.543,6848.850,941,21.500,z,I11,943
60867.3052805,0.9688952,4.6565726,49282654.542,-143869349.407,6843.402,942,21.500,z,I11,944
60867.3447011,355.4700021,-1.4994295,49377513.975,-143835699.579,6343.066,978,19.614,z,I11,980
60867.2631389,359.7270241,2.9055480,49180906.689,-143905070.090,7299.994,920,18.805,z,I11,922
60867.2635973,359.7275479,2.9058639,49182015.285,-143904683.152,7295.577,921,17.067,z,I11,923
60867.3194396,7.3427210,3.5288129,49316763.988,-143857285.621,6670.253,946,21.500,z,I11,948
60867.3198956,7.3432580,3.5291169,49317861.902,-143856896.616,6664.540,948,27.152,z,I11,950
60867.3351708,17.5487170,1.1745714,49354611.426,-143843851.826,6468.878,955,23.877,z,I11,957
60867.3516554,17.5634114,1.1894163,49394213.223,-143829745.047,6249.762,981,21.500,z,I11,983
60867.3360799,15.7309916,8.6572516,49356796.766,-143843074.676,6456.991,958,21.500,z,I11,960
60867.3365360,15.7311375,8.6582375,49357893.230,-143842684.694,6451.017,966,23.804,z,I11,968
60867.3360799,16.8562094,7.8315657,49356796.766,-143843074.676,6456.991,963,22.279,z,I11,965
60867.3365360,16.8566445,7.8317528,49357893.230,-143842684.694,6451.017,964,24.340,z,I11,966
60867.3365360,16.3989568,10.6669299,49357893.230,-143842684.694,6451.017,968,21.500,z,I11,970
60867.3369781,16.3994737,10.6671362,49358956.092,-143842306.625,6445.220,969,21.500,z,I11,971
60867.3365360,15.1539023,9.3129111,49357893.230,-143842684.694,6451.017,965,25.451,z,I11,967
60867.3392285,15.1565206,9.3139418,49364364.876,-143840382.107,6415.626,970,23.566,z,I11,972
60867.3419568,354.8638352,0.3835931,49370920.912,-143838048.121,6379.554,973,21.500,z,I11,975
60867.3478011,354.8816224,0.3928931,49384959.209,-143833045.851,6301.617,979,24.394,z,I11,981
60867.3482453,354.8829739,0.3935999,49386025.986,-143832665.477,6295.658,980,25.032,z,I11,982
60867.9747642,255.9459175,-27.7947495,50871588.180,-143308596.582,6724.369,985,21.500,i,I11,987
60867.9858214,255.9704992,-27.7911043,50898138.079,-143299485.492,6852.131,988,21.500,r,I11,990
60867.9761141,257.9816287,-18.9072992,50874828.204,-143307485.269,6740.267,986,19.332,i,I11,988
60868.0126124,258.0056115,-18.8681009,50962549.516,-143277330.015,7135.638,991,22.422,r,I11,993
60868.0309638,258.0172001,-18.8481618,51006731.146,-143262081.014,7305.286,1003,24.182,i,I11,1005
60868.0539378,258.0313711,-18.8229618,51062100.566,-143242898.103,7485.502,1007,22.858,z,I11,1009
60867.9788290,253.6412471,-26.8113873,50881345.760,-143305249.321,6771.994,987,18.925,i,I11,989
60868.0073613,253.6986251,-26.7911680,50949916.000,-143281682.073,7083.242,989,18.853,r,I11,991
60868.0612342,258.0358096,-18.8149012,51079697.143,-143236782.824,7534.674,1011,23.322,z,I11,1013
60868.0130532,260.4618133,-14.4480577,50963610.209,-143276964.463,7139.961,992,20.586,r,I11,994
60868.0314059,260.4765040,-14.4619476,51007795.899,-143261712.923,7309.102,1004,20.761,i,I11,1006
60868.0544006,260.4948336,-14.4793099,51063216.534,-143242510.558,7488.740,1008,21.226,z,I11,1010
60868.0962320,260.5280282,-14.5107701,51164160.417,-143207286.455,7712.260,1017,20.630,r,I11,1019
60868.0144610,254.1039350,-13.0782116,50966997.948,-143275796.760,7153.689,993,20.059,r,I11,995
60868.0332099,254.1109029,-13.1058398,51012141.559,-143260210.298,7324.537,1005,20.033,i,I11,1007
60868.0562705,254.1194130,-13.1397605,51067725.767,-143240944.238,7501.659,1009,20.574,z,I11,1011
60868.0836502,254.1294619,-13.1799415,51133786.094,-143217922.408,7659.832,1013,22.415,y,I11,1015
60868.0928544,254.1328337,-13.1934266,51156005.513,-143210145.296,7699.475,1015,21.976,y,I11,1017
60868.0951622,254.1336790,-13.1968064,51161577.463,-143208192.219,7708.314,1016,20.156,r,I11,1018
60868.0167775,245.0272461,-9.5111874,50972573.115,-143273874.515,7176.014,994,21.500,r,I11,996
60868.0582285,245.0419516,-9.5609649,51072447.673,-143239303.374,7514.905,1010,21.500,z,I11,1012
60868.0800969,245.0496823,-9.5871675,51125209.813,-143220919.524,7642.669,1012,26.887,y,I11,1014
60868.0892864,245.0529339,-9.5981658,51147391.553,-143213162.418,7684.938,1014,21.500,y,I11,1016
60868.1000733,245.0567574,-9.6110677,51173435.497,-143204031.911,7725.638,1019,26.617,r,I11,1021
60868.0205987,248.2231583,-17.7758720,50981771.243,-143270701.541,7212.109,995,19.650,r,I11,997
60868.0210856,248.2243498,-17.7767297,50982943.380,-143270297.058,7216.642,996,19.901,r,I11,998
60868.0230767,259.4558167,-17.7728511,50987737.162,-143268642.467,7235.022,997,24.342,y,I11,999
60868.0305075,259.4503871,-17.7611959,51005632.009,-143262460.960,7301.333,1002,21.500,i,I11,1004
60868.0534631,259.4335881,-17.7251736,51060955.985,-143243295.545,7482.164,1006,21.500,z,I11,1008
60868.0274957,262.3470500,-14.0528362,50998378.030,-143264967.713,7274.895,1000,22.063,y,I11,1002
60868.0300514,262.3432486,-14.0514202,51004533.320,-143262840.720,7297.368,1001,20.126,i,I11,1003
60868.0967592,262.2423704,-14.0135650,51165433.393,-143206839.969,7714.170,1018,19.955,r,I11,1020
60868.1078543,262.2254166,-14.0070937,51192224.949,-143197428.875,7748.913,1022,20.047,i,I11,1024
60868.1073150,260.5368053,-14.5190776,51190922.540,-143197887.008,7747.466,1021,20.663,i,I11,1023
60868.1062485,254.1377403,-13.2130318,51188346.934,-143198792.804,7744.531,1020,20.204,i,I11,1022
60868.1509292,254.1541637,-13.2782519,51296258.215,-143160613.604,7783.358,1028,21.120,z,I11,1030
60868.1713130,254.1617211,-13.3079192,51345477.244,-143143036.531,7743.511,1035,21.885,y,I11,1037
60868.1169023,239.3061963,-21.7418957,51214076.123,-143189732.679,7769.479,1023,25.558,i,I11,1025
60868.1563757,239.2516555,-21.7034074,51309410.926,-143155926.841,7776.228,1029,29.408,z,I11,1031
60868.1765748,239.2238745,-21.6836229,51358179.237,-143138483.135,7727.429,1036,21.500,y,I11,1038
60868.1178768,236.2865997,-21.3010150,51216429.693,-143188902.604,7771.275,1025,20.784,i,I11,1027
60868.1573404,236.1633212,-21.1790089,51311740.576,-143155095.927,7774.697,1030,19.560,z,I11,1032
60868.1178768,236.5032041,-23.3980432,51216429.693,-143188902.604,7771.275,1024,23.313,i,I11,1026
60868.1573404,236.4109334,-23.3719876,51311740.576,-143155095.927,7774.697,1031,24.954,z,I11,1033
60868.1774772,236.1009963,-21.1161998,51360357.447,-143137701.574,7724.434,1038,22.054,y,I11,1040
60868.1774772,236.3642444,-23.3585918,51360357.447,-143137701.574,7724.434,1037,26.632,y,I11,1039
60868.1240729,245.9463834,-20.3626006,51231394.592,-143183619.478,7780.770,1026,20.703,z,I11,1028
60868.1631727,245.9481695,-20.2772965,51325823.681,-143150067.889,7763.724,1033,21.342,y,I11,1035
60868.1245979,248.4773650,-17.9565781,51232662.716,-143183171.371,7781.422,1027,20.823,z,I11,1029
60868.1636493,248.5743503,-18.0231342,51326974.430,-143149656.658,7762.698,1034,21.743,y,I11,1036
60868.1610090,244.0680440,-25.5076286,51320599.117,-143151934.204,7768.138,1032,19.963,z,I11,1034
60868.1811624,244.0881304,-25.5326779,51369252.276,-143134507.842,7711.490,1039,21.314,y,I11,1041
60868.1865244,254.0545163,-26.6600580,51382192.592,-143129855.260,7690.614,1040,18.518,i,I11,1042
60868.2044194,254.0901252,-26.6465717,51425362.216,-143114279.748,7603.734,1044,18.744,i,I11,1046
60868.2109176,254.1030757,-26.6416602,51441030.705,-143108605.890,7565.778,1045,19.039,z,I11,1047
60868.2284963,254.1381732,-26.6283380,51483393.395,-143093210.428,7446.661,1049,19.083,z,I11,1051
60868.2003030,258.1204642,-18.6557460,51415434.215,-143117869.157,7626.032,1042,21.500,i,I11,1044
60868.2007493,258.1207511,-18.6552195,51416510.886,-143117480.107,7623.680,1043,23.490,i,I11,1045
60868.2244202,258.1362647,-18.6271445,51473573.788,-143096786.220,7476.372,1047,21.500,z,I11,1049
60868.2248631,258.1365608,-18.6266168,51474640.876,-143096397.850,7473.204,1048,21.500,z,I11,1050
60868.2382801,345.5064676,-13.7945036,51506954.290,-143084613.284,7370.368,1050,19.810,y,I11,1052
60868.2794960,345.6006085,-13.8252530,51606049.513,-143048189.988,6978.177,1055,19.824,y,I11,1057
60868.3069294,345.6631588,-13.8456460,51671840.647,-143023783.284,6663.131,1066,18.108,i,I11,1068
60868.2495271,358.0485932,-9.9332704,51534022.356,-143074706.178,7274.289,1051,20.307,y,I11,1053
60868.2818608,358.0906469,-9.9327678,51611726.627,-143046090.758,6952.540,1057,20.255,y,I11,1059
60868.2715211,340.6366166,-5.1156631,51586897.638,-143055261.977,7062.304,1053,21.500,y,I11,1055
60868.2937194,340.6658821,-5.1026353,51640178.572,-143035550.401,6819.491,1065,21.500,y,I11,1067
60868.2804400,351.6239183,-7.2428471,51608315.888,-143047352.107,6967.980,1056,20.597,y,I11,1058
60868.3083417,351.6552935,-7.2543387,51675223.516,-143022523.778,6645.949,1067,19.225,i,I11,1069
60868.2855222,352.2642696,-4.4152889,51620513.907,-143042838.887,6912.248,1059,21.500,y,I11,1061
60868.3087970,352.2742388,-4.3938667,51676314.243,-143022117.588,6640.390,1068,24.181,i,I11,1070
60868.2869139,356.6581276,0.3523193,51623853.401,-143041602.234,6896.745,1061,21.500,y,I11,1063
60868.3097170,356.7134763,0.3766304,51678517.508,-143021296.949,6629.134,1070,21.500,i,I11,1072
60868.2873639,353.9313899,-2.0898394,51624933.310,-143041202.235,6891.709,1062,21.500,y,I11,1064
60868.3092515,353.9420828,-2.0701485,51677402.682,-143021712.205,6634.834,1069,21.532,i,I11,1071
60868.2882432,353.5116022,3.1193996,51627042.847,-143040420.726,6881.842,1063,20.746,y,I11,1065
60868.3219966,353.5230969,3.1583840,51707910.790,-143010331.854,6475.632,1078,19.616,i,I11,1080
60868.2905249,346.3453438,2.6831097,51632516.706,-143038392.022,6856.047,1064,21.134,y,I11,1066
60868.3242651,346.3305332,2.7317933,51713337.150,-143008304.149,6446.655,1079,20.461,i,I11,1081
60868.3259707,61.4142734,-50.2875993,51717416.536,-143006779.093,6424.749,1080,13.331,i,I11,1082
60868.3289777,61.4131630,-50.2827580,51724606.826,-143004089.627,6385.890,1081,14.005,g,I11,1083
60868.3294119,61.4130022,-50.2820592,51725644.856,-143003701.212,6380.255,1082,14.069,g,I11,1084
60868.3372999,63.7472405,-47.7783533,51744496.509,-142996640.841,6276.858,1083,18.962,i,I11,1085
60868.3377332,63.7479890,-47.7774055,51745531.721,-142996252.785,6271.125,1084,18.862,i,I11,1086
60868.3398634,63.7516666,-47.7727433,51750619.945,-142994344.917,6242.867,1085,19.590,g,I11,1087
60868.3402979,63.7524168,-47.7717912,51751657.692,-142993955.702,6237.088,1086,19.658,g,I11,1088
60868.3463390,5.5791231,2.4064096,51766082.018,-142988542.142,6156.237,1090,21.500,y,I11,1092
60868.3468425,5.5788635,2.4058977,51767283.975,-142988090.739,6149.457,1091,24.679,y,I11,1093
60868.9878275,255.6973507,-26.0750038,53278432.733,-142426488.690,6765.530,1092,22.661,g,I11,1094
60869.0112398,255.7421125,-26.0584805,53334392.906,-142406180.309,7009.006,1099,18.873,r,I11,1101
60868.9882740,258.4050340,-27.3743309,53279499.183,-142426102.221,6770.454,1093,21.500,g,I11,1095
60868.9896118,258.4081966,-27.3737971,53282694.501,-142424944.159,6785.144,1095,21.500,g,I11,1097
60869.0116870,258.4602176,-27.3648773,53335462.644,-142405791.461,7013.348,1100,23.590,r,I11,1102
60868.9887215,263.4662838,-26.1461610,53280567.862,-142425714.925,6775.377,1094,29.076,g,I11,1096
60869.0121302,263.5315228,-26.1480314,53336522.932,-142405406.024,7017.639,1101,21.500,r,I11,1103
60869.0187134,263.5497974,-26.1485161,53352273.488,-142399677.315,7079.936,1102,21.500,r,I11,1104
60869.0048320,258.8773704,-17.7231170,53319068.823,-142411747.820,6945.473,1096,22.670,g,I11,1098
60869.0285769,258.8935279,-17.6960426,53375883.323,-142391078.833,7168.061,1103,22.678,r,I11,1105
60869.0053027,258.7812150,-16.2303329,53320194.282,-142411339.092,6950.223,1097,21.500,g,I11,1099
60869.0290593,258.7645155,-16.1932447,53377038.244,-142390657.859,7172.205,1104,21.500,r,I11,1106
60869.0457294,261.3299964,-15.2133499,53416968.642,-142376080.733,7305.501,1106,20.654,i,I11,1108
60869.1015275,261.3741666,-15.2543115,53550804.883,-142326853.241,7597.433,1117,20.496,r,I11,1119
60869.0541153,281.9592171,-26.5475819,53437066.925,-142368726.174,7364.978,1107,23.070,i,I11,1109
60869.0777406,281.9469046,-26.5237488,53493723.306,-142347924.604,7503.542,1110,15.832,z,I11,1112
60869.0673501,261.0836697,-13.4505245,53468800.011,-142357088.383,7447.999,1108,20.018,i,I11,1110
60869.0912244,261.0490429,-13.4372733,53526076.990,-142335996.200,7562.548,1111,20.578,z,I11,1113
60869.0935313,261.0456904,-13.4359817,53531613.252,-142333951.213,7571.134,1112,19.886,r,I11,1114
60869.0940509,261.0449343,-13.4356901,53532860.330,-142333490.408,7573.007,1113,19.983,r,I11,1115
60869.1058251,261.0278066,-13.4290606,53561120.569,-142323032.166,7609.328,1118,20.093,i,I11,1120
60869.1063415,261.0270543,-13.4287683,53562360.096,-142322572.748,7610.651,1119,20.064,i,I11,1121
60869.0957755,244.7079871,-10.1330867,53536999.364,-142331960.585,7579.059,1114,20.973,r,I11,1116
60869.0962591,244.7079361,-10.1337798,53538159.997,-142331531.489,7580.712,1116,20.910,r,I11,1118
60869.1080152,244.7067022,-10.1506424,53566377.702,-142321083.251,7614.784,1122,20.898,i,I11,1124
60869.0957755,245.4806348,-10.7947925,53536999.364,-142331960.585,7579.059,1115,21.500,r,I11,1117
60869.1080152,245.4851428,-10.8092006,53566377.702,-142321083.251,7614.784,1120,25.684,i,I11,1122
60869.1084932,244.7066524,-10.1513278,53567525.131,-142320657.733,7615.920,1123,20.772,i,I11,1125
60869.1254885,245.1082011,-26.7133422,53608324.236,-142305493.237,7643.525,1126,19.381,i,I11,1128
60869.1266029,245.1093268,-26.7147062,53610999.692,-142304496.426,7644.461,1127,19.376,i,I11,1129
60869.2903571,8.3606753,1.1829640,54003168.744,-142154947.691,6682.465,1128,23.022,i,I11,1130
60869.3138208,8.4132756,1.2002286,54059041.493,-142133095.966,6399.773,1144,21.500,z,I11,1146
60869.2912739,5.1518225,1.4577364,54005353.968,-142154095.383,6671.894,1130,21.500,i,I11,1132
60869.2917204,5.1515983,1.4572937,54006418.211,-142153680.224,6666.731,1131,21.500,i,I11,1133
60869.3147411,5.1399866,1.4345040,54061230.659,-142132237.330,6388.210,1145,23.598,z,I11,1147
60869.3151932,5.1397574,1.4340567,54062306.140,-142131815.438,6382.518,1146,21.500,z,I11,1148
60869.2921712,1.4048929,3.7089393,54007492.432,-142153261.125,6661.509,1132,24.027,i,I11,1134
60869.3156472,1.4877481,3.7516432,54063385.951,-142131391.804,6376.795,1147,21.500,z,I11,1149
60869.2926151,359.1674720,1.4081337,54008550.355,-142152848.340,6656.356,1133,23.721,i,I11,1135
60869.3160902,359.2227640,1.4324087,54064439.560,-142130978.408,6371.202,1148,21.500,z,I11,1150
60869.2949113,2.1693209,4.3534600,54014022.195,-142150712.591,6629.550,1135,21.500,i,I11,1137
60869.3184233,2.1980573,4.3708141,54069987.764,-142128800.823,6341.630,1150,27.494,z,I11,1152
60869.2949113,3.4379704,5.6893463,54014022.195,-142150712.591,6629.550,1134,21.500,i,I11,1136
60869.3184233,3.4671275,5.7017123,54069987.764,-142128800.823,6341.630,1149,24.849,z,I11,1151
60869.2953576,3.8212347,7.1354651,54015085.517,-142150297.418,6624.311,1136,21.696,i,I11,1138
60869.3188716,3.8143952,7.1597843,54071053.941,-142128382.234,6335.924,1151,22.193,z,I11,1153
60869.2958027,2.5026194,11.0813524,54016145.947,-142149883.330,6619.076,1137,21.500,i,I11,1139
60869.3193170,2.5225084,11.0950689,54072112.892,-142127966.441,6330.249,1152,22.705,z,I11,1154
60869.2966976,357.7878094,9.4635537,54018277.984,-142149050.654,6608.524,1138,19.383,i,I11,1140
60869.3202149,357.8370959,9.4633789,54074247.801,-142127128.051,6318.785,1153,19.085,z,I11,1155
60869.2989633,353.8771896,4.3108421,54023675.177,-142146941.944,6581.639,1139,19.578,i,I11,1141
60869.3211218,353.8848356,4.3375565,54076403.815,-142126281.204,6307.178,1154,19.839,z,I11,1156
60869.3224786,353.8853032,4.3391931,54079629.037,-142125014.073,6289.760,1155,19.961,z,I11,1157
60869.3008318,348.8511685,3.2377831,54028125.247,-142145202.411,6559.291,1140,20.142,i,I11,1142
60869.3243686,348.8414642,3.2162090,54084121.077,-142123248.602,6265.391,1156,20.890,z,I11,1158
60869.3012933,345.9457791,4.1633928,54029224.335,-142144772.657,6553.747,1141,20.290,i,I11,1143
60869.3248357,345.9346072,4.1984604,54085231.146,-142122812.209,6259.350,1158,20.181,z,I11,1160
60869.3027534,354.4924873,-1.1674902,54032701.366,-142143412.791,6536.143,1142,21.601,i,I11,1144
60869.3263024,354.5038061,-1.1459222,54088716.565,-142121441.724,6240.333,1159,21.887,z,I11,1161
60869.3543165,61.0579073,-48.5823390,54155195.262,-142095222.425,5865.642,1161,14.472,r,I11,1163
60869.3591062,61.0561655,-48.5746252,54166543.573,-142090732.430,5799.867,1162,16.437,z,I11,1164
60869.3595415,61.0560063,-48.5739228,54167574.725,-142090324.260,5793.871,1163,15.770,z,I11,1165
60869.3599758,61.0558477,-48.5732236,54168603.328,-142089917.067,5787.886,1164,14.968,z,I11,1166
60869.3604264,61.0556831,-48.5724987,54169670.517,-142089494.565,5781.674,1165,14.767,z,I11,1167
60869.3608617,61.0555235,-48.5717962,54170701.642,-142089086.310,5775.669,1166,16.401,z,I11,1168
60869.3612981,61.0553639,-48.5710938,54171735.150,-142088677.080,5769.647,1167,15.490,z,I11,1169
60869.9761662,260.9499612,-26.8920685,55611406.683,-141525741.168,6511.209,1168,21.500,r,I11,1170
60869.9876076,260.9787312,-26.8866931,55638554.420,-141515389.503,6639.193,1171,21.500,i,I11,1173
60869.9775341,257.6184124,-25.3589239,55614651.260,-141524504.593,6526.849,1169,18.321,r,I11,1171
60869.9889807,257.6393118,-25.3509705,55641813.736,-141514145.874,6654.105,1172,18.473,i,I11,1174
60869.9784621,254.2585712,-21.3634025,55616852.696,-141523665.490,6537.409,1170,19.218,r,I11,1172
60869.9898983,254.2946192,-21.3863570,55643992.173,-141513314.562,6664.015,1173,19.665,i,I11,1175
60870.0301797,281.4879806,-25.5602710,55739740.626,-141476677.965,7050.317,1175,15.195,r,I11,1177
60870.0528497,281.4767082,-25.5377157,55793716.440,-141455921.763,7220.151,1180,15.476,g,I11,1182
60870.0762940,281.4649840,-25.5143627,55849586.374,-141434341.001,7354.847,1187,14.884,r,I11,1189
60870.0439141,258.0946338,-14.6097231,55772434.873,-141464115.701,7157.674,1179,21.500,y,I11,1181
60870.1222150,258.0415041,-14.4881622,55959106.456,-141391705.358,7487.535,1194,21.740,r,I11,1196
60870.0551609,300.4888811,-29.6001075,55799222.190,-141453799.632,7235.334,1181,22.934,g,I11,1183
60870.0786137,300.5260528,-29.5664510,55855116.431,-141432199.096,7365.790,1188,22.625,r,I11,1190
60870.0583480,296.1619979,-16.3613553,55806815.532,-141450871.278,7255.601,1182,21.026,g,I11,1184
60870.0587911,296.1611164,-16.3616281,55807871.130,-141450464.042,7258.356,1183,20.997,g,I11,1185
60870.0817766,296.1152845,-16.3757546,55862657.385,-141429276.558,7380.003,1190,21.682,r,I11,1192
60870.1044188,296.0699754,-16.3896106,55916655.181,-141408287.276,7457.389,1192,22.711,y,I11,1194
60870.1130557,296.0526546,-16.3948793,55937257.097,-141400249.151,7475.433,1193,23.748,y,I11,1195
60870.0666658,259.9483349,-12.8935038,55826636.167,-141443218.622,7304.777,1184,20.632,g,I11,1186
60870.1464651,259.8382104,-12.8500048,56016953.176,-141368987.524,7484.355,1199,20.039,i,I11,1201
60870.0691984,245.9086431,-11.9342838,55832672.437,-141440885.430,7318.667,1186,21.500,g,I11,1188
60870.0931905,245.9177630,-11.9621091,55889874.915,-141418710.833,7424.403,1191,21.500,r,I11,1193
60870.1256223,245.9301648,-11.9996291,55967234.633,-141388521.897,7490.179,1195,24.755,r,I11,1197
60870.0691984,244.6719410,-11.5183023,55832672.437,-141440885.430,7318.667,1185,21.730,g,I11,1187
60870.1275707,244.6669384,-11.6003516,55971882.660,-141386700.208,7491.238,1197,21.388,r,I11,1199
60870.1275707,245.9309144,-12.0018806,55971882.660,-141386700.208,7491.238,1196,21.500,r,I11,1198
60870.1503654,245.9397314,-12.0281863,56026255.790,-141365320.502,7479.067,1200,21.500,i,I11,1202
60870.1522925,244.6649572,-11.6350002,56030851.816,-141363507.359,7475.967,1202,21.107,i,I11,1204
60870.1522925,245.9404815,-12.0304078,56030851.816,-141363507.359,7475.967,1201,21.500,i,I11,1203
60870.1299082,237.6046585,-14.7291433,55977458.675,-141384513.602,7492.072,1198,16.811,r,I11,1200
60870.1546660,237.6995434,-14.7840978,56036512.420,-141361272.936,7471.707,1203,16.771,i,I11,1205
60870.1712468,246.2571248,-27.9890687,56076048.981,-141345626.130,7428.429,1204,19.331,i,I11,1206
60870.1954387,246.2825851,-28.0176516,56133700.538,-141322681.287,7323.670,1210,20.119,z,I11,1212
60870.1831236,262.2774935,-16.0331031,56104358.526,-141334378.442,7383.071,1205,21.208,i,I11,1207
60870.2071360,262.2965365,-16.0499857,56161557.301,-141311539.029,7255.898,1212,20.704,z,I11,1214
60870.1840666,259.9288168,-16.2931971,56106605.693,-141333484.029,7378.964,1206,21.490,i,I11,1208
60870.2080812,259.9463628,-16.2623233,56163807.632,-141310637.349,7249.950,1213,22.137,z,I11,1215
60870.1855301,255.0110817,-16.1268850,56110093.327,-141332095.423,7372.444,1207,20.206,i,I11,1209
60870.2095282,255.0202884,-16.1588308,56167252.464,-141309256.587,7240.708,1214,21.041,z,I11,1216
60870.1864873,254.9100641,-21.7683804,56112374.269,-141331186.957,7368.083,1208,19.554,i,I11,1210
60870.1869577,254.9115724,-21.7692656,56113495.138,-141330740.442,7365.913,1209,19.656,i,I11,1211
60870.2104732,254.9873482,-21.8132985,56169501.981,-141308354.634,7234.585,1215,20.397,z,I11,1217
60870.2109479,254.9888890,-21.8141849,56170632.142,-141307901.401,7231.483,1216,19.989,z,I11,1218
60870.2235961,281.3907559,-25.3668121,56200730.409,-141295809.046,7142.510,1217,15.560,i,I11,1219
60870.2249977,281.3900527,-25.3654005,56204064.430,-141294466.963,7131.914,1218,14.632,i,I11,1220
60870.2447229,281.3801825,-25.3455282,56250956.860,-141275536.305,6967.884,1221,15.976,z,I11,1223
60870.2461141,281.3794881,-25.3441259,56254261.947,-141274198.216,6955.301,1222,15.338,z,I11,1224
60870.2351620,267.0920531,-26.1356760,56228234.820,-141284721.949,7050.806,1219,21.500,i,I11,1221
60870.2560377,267.1507525,-26.1335895,56277828.741,-141264642.650,6861.865,1223,22.394,z,I11,1225
60870.2397721,276.9853029,-33.1555313,56239192.697,-141280295.061,7011.606,1220,21.500,i,I11,1222
60870.2606616,276.9982119,-33.1339773,56288804.301,-141260183.881,6816.191,1225,23.696,z,I11,1227
60870.2724270,10.6371662,1.9099104,56316714.268,-141248821.513,6694.177,1226,21.500,y,I11,1228
60870.2833238,10.6621799,1.9180537,56342541.198,-141238276.942,6574.204,1228,21.500,y,I11,1230
60870.2988897,300.8616686,-29.2403023,56379395.052,-141223181.551,6392.338,1229,23.273,r,I11,1231
60870.3327239,300.9133575,-29.1884420,56459328.110,-141190255.784,5962.327,1238,22.790,i,I11,1240
60870.3573754,300.9514221,-29.1504151,56517407.683,-141166188.206,5627.993,1241,22.962,z,I11,1243
60870.2998581,306.7899554,-27.4715092,56381686.368,-141222241.179,6380.648,1230,19.675,r,I11,1232
60870.3345949,306.7534936,-27.4451192,56463741.069,-141188431.103,5937.442,1239,19.629,i,I11,1241
60870.3592766,306.7276849,-27.4263174,56521881.283,-141164329.876,5601.738,1242,20.213,z,I11,1244
60870.3755868,306.7106840,-27.4138726,56560224.434,-141148377.971,5374.877,1244,19.641,i,I11,1246
60870.3207562,298.0287536,-16.9163123,56431082.598,-141201918.219,6119.066,1237,23.819,i,I11,1239
60870.3815211,298.0873201,-16.8860142,56574159.757,-141142570.335,5291.906,1246,21.486,i,I11,1248
60870.3878808,300.9991101,-29.1031212,56589084.821,-141136344.676,5202.937,1248,22.371,i,I11,1250
60870.3925958,306.6930049,-27.4008794,56600143.881,-141131728.117,5137.024,1249,20.141,z,I11,1251
60870.3350652,309.1309004,-23.8866485,56464850.215,-141187972.384,5931.172,1240,20.047,i,I11,1242
60870.3597360,309.1750365,-23.9036648,56522962.218,-141163880.765,5595.385,1243,20.663,z,I11,1245
60870.3764975,309.2053383,-23.9150616,56562363.391,-141147486.882,5362.153,1245,20.158,i,I11,1247
60870.3935287,309.2364248,-23.9265185,56602331.479,-141130814.572,5123.993,1250,20.324,z,I11,1252
60870.9771879,247.1790941,-28.9496098,57959176.144,-140574196.594,6390.214,1251,21.218,r,I11,1253
60870.9865583,247.1890670,-28.9608232,57981266.527,-140565344.345,6493.686,1254,21.572,r,I11,1256
60870.9883735,247.1909973,-28.9629941,57985547.270,-140563627.975,6513.203,1255,21.588,i,I11,1257
60870.9977711,247.2009741,-28.9742160,58007718.263,-140554733.051,6611.352,1257,22.846,i,I11,1259
60870.9817952,259.4716114,-24.6434169,57970035.707,-140569845.855,6441.648,1253,21.204,r,I11,1255
60870.9929869,259.4910123,-24.6357649,57996429.584,-140559263.198,6562.001,1256,23.009,i,I11,1258
60871.0000690,259.5032599,-24.6309134,58013141.605,-140552555.760,6634.588,1258,22.409,g,I11,1260
60871.0014333,255.3670557,-17.2012054,58016361.962,-140551262.607,6648.238,1259,25.504,g,I11,1261
60871.0337439,255.3793810,-17.2431711,58092700.418,-140520537.643,6937.091,1266,25.487,g,I11,1268
60871.0153556,269.4383315,-26.0794353,58049238.750,-140538047.723,6781.039,1263,23.776,g,I11,1265
60871.0389056,269.5043689,-26.0782569,58104907.405,-140515610.387,6976.671,1267,23.976,r,I11,1269
60871.0398146,266.5262904,-29.5088696,58107057.454,-140514742.091,6983.442,1268,24.296,r,I11,1270
60871.0402566,266.5253584,-29.5086374,58108102.902,-140514319.838,6986.713,1269,24.875,r,I11,1271
60872.0028952,221.6418203,-39.3105358,60348660.063,-139558693.327,6520.980,1271,22.552,r,I11,1273
60872.0101685,221.6514904,-39.3103274,60365717.273,-139551502.529,6589.968,1272,20.281,r,I11,1274
60872.9753974,223.0462652,-39.2778070,62596796.521,-138556381.049,6095.113,1273,19.070,r,I11,1275
60872.9763205,223.0475349,-39.2777740,62598941.829,-138555436.663,6105.336,1274,19.031,r,I11,1276
60872.9767806,223.0481677,-39.2777576,62600011.045,-138554965.956,6110.414,1275,19.026,r,I11,1277
60872.9777414,223.0494896,-39.2777229,62602244.246,-138553982.764,6120.985,1276,19.081,r,I11,1278
60872.9782008,223.0501210,-39.2777063,62603312.063,-138553512.617,6126.023,1277,19.147,r,I11,1279
60872.9786572,223.0507482,-39.2776897,62604372.934,-138553045.510,6131.017,1278,19.106,r,I11,1280
60872.9791122,223.0513741,-39.2776730,62605430.623,-138552579.786,6135.985,1279,19.096,r,I11,1281
60872.9819275,223.0552476,-39.2775688,62611975.284,-138549697.614,6166.481,1280,19.061,r,I11,1282
60872.9823796,223.0558693,-39.2775519,62613026.359,-138549234.668,6171.338,1281,19.142,r,I11,1283
60872.9862637,223.0612118,-39.2774038,62622058.311,-138545255.754,6212.621,1282,19.143,r,I11,1284
60872.9900710,223.0664484,-39.2772543,62630913.809,-138541353.137,6252.278,1283,19.751,g,I11,1285
60872.9915634,223.0685021,-39.2771945,62634385.459,-138539822.776,6267.598,1284,19.657,g,I11,1286
60872.9940024,223.0718558,-39.2770955,62640060.071,-138537320.806,6292.361,1285,19.731,g,I11,1287
60872.9954142,223.0737982,-39.2770374,62643345.285,-138535872.041,6306.537,1286,19.806,g,I11,1288
60872.9958923,223.0744558,-39.2770176,62644457.707,-138535381.418,6311.310,1287,19.742,g,I11,1289
60873.0018059,223.0825926,-39.2767668,62658221.510,-138529308.878,6369.223,1288,19.823,g,I11,1290
60873.0028247,223.0839947,-39.2767226,62660593.190,-138528262.088,6378.985,1289,19.822,g,I11,1291
60873.0032939,223.0846401,-39.2767021,62661685.544,-138527779.913,6383.460,1290,19.794,g,I11,1292
60873.1416653,223.2771721,-39.2680228,62984630.384,-138383546.702,6979.205,1291,19.107,i,I11,1293
60873.1439555,223.2804190,-39.2678406,62989979.218,-138381122.184,6975.579,1292,19.063,i,I11,1294
60873.1444128,223.2810670,-39.2678042,62991047.351,-138380637.860,6974.801,1293,19.122,i,I11,1295
60873.1448702,223.2817151,-39.2677677,62992115.568,-138380153.443,6974.004,1294,19.071,i,I11,1296
60873.1453285,223.2823661,-39.2677310,62993185.890,-138379668.018,6973.187,1295,19.070,i,I11,1297
60873.1476201,223.2856171,-39.2675473,62998537.989,-138377239.857,6968.832,1296,19.118,i,I11,1298
60873.1480764,223.2862660,-39.2675105,62999603.627,-138376756.233,6967.911,1297,19.174,i,I11,1299
60873.1485326,223.2869135,-39.2674738,63000668.993,-138376272.677,6966.972,1298,19.111,i,I11,1300
60873.1521835,223.2921016,-39.2671785,63009194.755,-138372401.000,6958.810,1299,19.144,i,I11,1301
60873.1551474,223.2963171,-39.2669371,63016115.648,-138369255.560,6951.342,1300,19.623,g,I11,1302
60873.1556060,223.2969705,-39.2668996,63017186.591,-138368768.627,6950.119,1301,19.629,g,I11,1303
60873.1560659,223.2976255,-39.2668619,63018260.395,-138368280.338,6948.874,1302,19.639,g,I11,1304
60873.1574406,223.2995839,-39.2667492,63021470.299,-138366820.373,6945.046,1303,19.646,g,I11,1305
60873.1597247,223.3028392,-39.2665612,63026803.075,-138364393.759,6938.330,1304,19.646,g,I11,1306
60873.1610963,223.3047945,-39.2664480,63030005.298,-138362935.965,6934.082,1305,19.667,g,I11,1307
60873.1615535,223.3054480,-39.2664101,63031072.873,-138362449.847,6932.631,1306,19.669,g,I11,1308
60873.1620130,223.3061029,-39.2663721,63032145.642,-138361961.308,6931.154,1307,19.695,g,I11,1309
60873.1624660,223.3067495,-39.2663346,63033203.075,-138361479.699,6929.681,1308,19.659,g,I11,1310
60873.1642962,223.3093623,-39.2661825,63037475.764,-138359533.142,6923.552,1309,19.641,g,I11,1311
60873.1665808,223.3126274,-39.2659920,63042808.755,-138357102.283,6915.503,1310,19.692,g,I11,1312
60873.1670358,223.3132779,-39.2659539,63043871.045,-138356617.908,6913.848,1311,19.696,g,I11,1313
60873.1679506,223.3145863,-39.2658773,63046006.309,-138355644.122,6910.466,1312,19.661,g,I11,1314
60873.1684096,223.3152429,-39.2658389,63047077.761,-138355155.402,6908.743,1313,19.650,g,I11,1315
60873.1705833,223.3183527,-39.2656563,63052151.134,-138352840.529,6900.342,1314,19.066,r,I11,1316
60873.1710405,223.3190084,-39.2656177,63053218.442,-138352353.378,6898.525,1315,19.066,r,I11,1317
60873.1714976,223.3196629,-39.2655792,63054285.160,-138351866.441,6896.690,1316,19.051,r,I11,1318
60873.1719583,223.3203218,-39.2655404,63055360.342,-138351375.583,6894.824,1317,19.085,r,I11,1319
60873.1724144,223.3209750,-39.2655020,63056424.910,-138350889.515,6892.958,1318,19.049,r,I11,1320
60873.1728749,223.3216356,-39.2654630,63057499.505,-138350398.812,6891.057,1319,19.091,r,I11,1321
60873.1733345,223.3222948,-39.2654241,63058572.222,-138349908.910,6889.142,1320,19.096,r,I11,1322
60873.1737916,223.3229498,-39.2653855,63059639.096,-138349421.620,6887.220,1321,19.108,r,I11,1323
60873.1747153,223.3242731,-39.2653073,63061794.577,-138348436.943,6883.283,1322,19.084,r,I11,1324
60873.1751714,223.3249285,-39.2652685,63062858.975,-138347950.615,6881.313,1323,19.071,r,I11,1325
60873.1765442,223.3268968,-39.2651520,63066062.555,-138346486.549,6875.278,1324,19.078,r,I11,1326
60873.1779211,223.3288733,-39.2650348,63069275.537,-138345017.676,6869.069,1325,19.052,r,I11,1327
60873.1783828,223.3295366,-39.2649954,63070352.767,-138344525.087,6866.952,1326,19.133,r,I11,1328
60873.1806728,223.3328265,-39.2647998,63075695.975,-138342080.927,6856.192,1327,19.101,r,I11,1329
60873.1811291,223.3334820,-39.2647607,63076760.453,-138341593.831,6853.997,1328,19.079,r,I11,1330
60873.1825032,223.3354577,-39.2646430,63079966.474,-138340126.442,6847.282,1329,19.100,r,I11,1331
60873.1838684,223.3374230,-39.2645256,63083151.402,-138338668.203,6840.458,1330,19.082,r,I11,1332
60873.1870428,223.3419935,-39.2642520,63090556.154,-138335275.941,6824.004,1331,23.917,u,I11,1333
60873.1875960,223.3427904,-39.2642043,63091846.636,-138334684.467,6821.053,1332,23.512,u,I11,1334
60873.1892531,223.3451793,-39.2640608,63095711.572,-138332912.532,6812.066,1333,23.850,u,I11,1335
60873.1909087,223.3475683,-39.2639172,63099572.869,-138331141.521,6802.867,1334,23.385,u,I11,1336
60873.1925562,223.3499459,-39.2637740,63103414.977,-138329378.574,6793.495,1335,23.179,u,I11,1337
60873.1947531,223.3531199,-39.2635825,63108537.920,-138327026.769,6780.661,1336,23.811,u,I11,1338
60873.1952991,223.3539092,-39.2635349,63109811.055,-138326442.104,6777.412,1337,23.131,u,I11,1339
60873.1958457,223.3547000,-39.2634871,63111085.531,-138325856.742,6774.136,1338,23.210,u,I11,1340
60873.1969446,223.3562895,-39.2633910,63113647.796,-138324679.657,6767.478,1339,23.497,u,I11,1341
60873.1980433,223.3578782,-39.2632948,63116209.450,-138323502.524,6760.726,1340,24.089,u,I11,1342
60873.1985999,223.3586845,-39.2632460,63117506.991,-138322906.153,6757.270,1341,23.473,u,I11,1343
60873.1991457,223.3594749,-39.2631981,63118779.347,-138322321.274,6753.857,1342,23.533,u,I11,1344
60873.2008040,223.3618763,-39.2630525,63122645.261,-138320543.689,6743.345,1343,23.888,u,I11,1345
60873.2044164,223.3671135,-39.2627344,63131065.167,-138316669.545,6719.707,1344,19.952,z,I11,1346
60873.2048664,223.3677680,-39.2626946,63132114.066,-138316186.680,6716.692,1345,19.943,z,I11,1347
60873.2062451,223.3697684,-39.2625728,63135327.059,-138314707.222,6707.358,1346,20.096,z,I11,1348
60873.2067000,223.3704292,-39.2625326,63136387.379,-138314218.873,6704.246,1347,20.056,z,I11,1349
60873.2071529,223.3710871,-39.2624925,63137442.633,-138313732.800,6701.132,1348,19.999,z,I11,1350
60873.2076113,223.3717525,-39.2624520,63138510.935,-138313240.662,6697.965,1349,19.976,z,I11,1351
60873.2103687,223.3757619,-39.2622075,63144935.986,-138310279.601,6678.576,1350,20.043,z,I11,1352
60873.2117439,223.3777624,-39.2620853,63148139.942,-138308802.248,6668.693,1351,19.986,z,I11,1353
60873.2122045,223.3784334,-39.2620443,63149212.917,-138308307.382,6665.351,1352,20.010,z,I11,1354
60873.2131173,223.3797612,-39.2619632,63151339.408,-138307326.453,6658.681,1353,19.863,z,I11,1355
60873.2135778,223.3804325,-39.2619222,63152412.334,-138306831.437,6655.292,1354,20.088,z,I11,1356
60873.2140406,223.3811069,-39.2618810,63153490.250,-138306334.061,6651.871,1355,20.024,z,I11,1357
60873.2149598,223.3824459,-39.2617991,63155631.531,-138305345.851,6645.029,1356,19.995,z,I11,1358
60873.2158746,223.3837796,-39.2617175,63157762.356,-138304362.239,6638.157,1357,20.068,z,I11,1359
60873.2167858,223.3851079,-39.2616362,63159884.726,-138303382.304,6631.251,1358,19.986,z,I11,1360
60873.9830509,272.6227646,-24.0706195,64909622.191,-137479725.748,6046.208,1359,24.216,i,I11,1361
60873.9947440,272.6581021,-24.0608275,64936618.529,-137467278.471,6165.786,1360,23.434,z,I11,1362
60874.0124384,289.8023123,-25.5282507,64977506.736,-137448396.586,6330.974,1362,18.799,g,I11,1364
60874.0370207,289.8852883,-25.4542495,65034374.833,-137422064.119,6525.525,1367,18.009,r,I11,1369
60874.0167622,291.7303709,-24.4989670,64987504.362,-137443773.649,6368.250,1363,23.931,g,I11,1365
60874.0413618,291.7564244,-24.5086006,65044423.961,-137417401.091,6555.338,1368,23.961,r,I11,1370
60874.0249308,279.6360543,-11.8038607,65006398.017,-137435029.947,6435.179,1364,21.500,g,I11,1366
60874.0503935,279.6661074,-11.8523145,65065336.593,-137407686.763,6612.773,1371,21.500,r,I11,1373
60874.0273975,279.7633810,-21.6716308,65012104.803,-137432386.995,6454.470,1365,15.920,g,I11,1367
60874.0529355,279.7527943,-21.6478798,65071223.764,-137404949.436,6627.800,1372,15.574,r,I11,1374
60874.0847291,302.2916542,-14.9141150,65144892.209,-137370590.296,6771.731,1374,21.527,g,I11,1376
60874.1004692,302.3096364,-14.9051052,65181379.685,-137353493.526,6811.730,1385,24.640,g,I11,1387
60874.1078705,302.3180550,-14.9008537,65198538.175,-137345434.135,6823.182,1388,21.464,r,I11,1390
60874.0847291,302.6928323,-14.8916573,65144892.209,-137370590.296,6771.731,1375,21.818,g,I11,1377
60874.1078705,302.7399548,-14.9318513,65198538.175,-137345434.135,6823.182,1387,20.886,r,I11,1389
60874.0860801,303.0846432,-24.6301454,65148023.847,-137369125.072,6775.992,1376,20.528,g,I11,1378
60874.1093871,303.0623061,-24.6130016,65202054.237,-137343781.043,6824.943,1389,19.616,r,I11,1391
60874.0892001,306.6913923,-23.5503239,65155255.759,-137365739.900,6785.241,1377,21.337,g,I11,1379
60874.1125809,306.7216940,-23.5164458,65209458.637,-137340298.043,6828.000,1390,20.702,r,I11,1392
60874.0907119,308.7716882,-25.9842211,65158760.291,-137364098.700,6789.426,1379,18.752,g,I11,1381
60874.0912216,308.7730397,-25.9851815,65159941.715,-137363545.316,6790.792,1380,19.462,g,I11,1382
60874.0907119,310.1117055,-24.9813823,65158760.291,-137364098.700,6789.426,1378,19.236,g,I11,1380
60874.0917237,310.1164955,-24.9815647,65161105.700,-137363000.043,6792.117,1381,19.831,g,I11,1383
60874.1151384,310.2262982,-24.9855295,65215387.939,-137337507.161,6829.809,1391,18.709,r,I11,1393
60874.0926929,316.0915402,-26.2948386,65163352.434,-137361947.394,6794.613,1382,29.314,g,I11,1384
60874.1160923,316.1280019,-26.3092522,65217599.542,-137336465.770,6830.338,1392,23.541,r,I11,1394
60874.0952314,312.1570484,-17.7032374,65169237.209,-137359189.239,6800.771,1383,21.022,g,I11,1385
60874.1185783,312.1446742,-17.7246317,65223362.841,-137333750.932,6831.345,1393,20.483,r,I11,1395
60874.0967062,314.9770497,-8.6963796,65172655.958,-137357586.227,6804.095,1384,19.881,g,I11,1386
60874.1200488,314.9285756,-8.6481307,65226772.015,-137332144.310,6831.687,1394,20.301,r,I11,1396
60874.2070613,329.6603608,-13.2285442,65428300.780,-137236171.118,6523.506,1399,21.426,r,I11,1401
60874.2080321,329.6618218,-13.2297790,65430545.305,-137235090.694,6516.595,1401,21.324,r,I11,1403
60874.2406551,329.7107877,-13.2712294,65505896.509,-137198670.049,6244.960,1407,20.932,r,I11,1409
60874.2412216,329.7116371,-13.2719492,65507203.579,-137198035.736,6239.601,1408,20.955,r,I11,1410
60874.2613526,329.7417745,-13.2974889,65553614.541,-137175457.427,6036.305,1415,21.159,i,I11,1417
60874.2619247,329.7426305,-13.2982141,65554932.542,-137174814.682,6030.178,1416,21.169,i,I11,1418
60874.2075241,332.8283101,-12.3430616,65429370.613,-137235656.175,6520.221,1400,21.500,r,I11,1402
60874.2084977,332.8291614,-12.3418229,65431621.797,-137234572.422,6513.256,1402,25.338,r,I11,1404
60874.2416952,332.8580079,-12.2995185,65508296.181,-137197505.436,6235.106,1409,21.500,r,I11,1411
60874.2421524,332.8584039,-12.2989337,65509351.076,-137196993.381,6230.752,1410,21.500,r,I11,1412
60874.2624159,332.8758849,-12.2730265,65556063.866,-137174262.904,6024.903,1417,21.500,i,I11,1419
60874.2628774,332.8762826,-12.2724350,65557127.089,-137173744.285,6019.934,1418,21.500,i,I11,1420
60874.2099136,329.7999020,-4.6812952,65434895.109,-137232996.137,6503.001,1403,21.974,r,I11,1405
60874.2327407,329.8242980,-4.6887121,65487630.845,-137207525.238,6317.625,1406,22.108,r,I11,1408
60874.2533451,329.8462716,-4.6954033,65535162.361,-137184446.981,6120.090,1413,21.890,i,I11,1415
60874.2168485,337.4522973,-21.8865592,65450924.040,-137225269.359,6450.629,1404,26.322,r,I11,1406
60874.2445879,337.5011481,-22.0016618,65514969.400,-137194265.254,6207.336,1412,21.170,r,I11,1414
60874.2173561,338.1581845,-17.2148041,65452097.152,-137224703.340,6446.657,1405,23.223,r,I11,1407
60874.2440781,338.1961643,-17.2248075,65513793.435,-137194836.407,6212.269,1411,20.753,r,I11,1413
60874.2649668,338.2258698,-17.2326028,65561939.254,-137171396.314,5997.292,1419,20.699,i,I11,1421
60874.2689882,345.7297075,-15.2908841,65571198.993,-137166875.102,5953.041,1420,22.330,r,I11,1422
60874.2694544,345.7290762,-15.2909301,65572272.121,-137166350.862,5947.856,1421,22.591,r,I11,1423
60874.2807127,350.4859270,-0.8769337,65598178.104,-137153678.671,5819.231,1425,25.035,r,I11,1427
60874.2832331,350.4905758,-0.8748246,65603974.140,-137150839.130,5789.582,1426,21.500,r,I11,1428
60874.2836771,346.7119814,-1.5973521,65604995.112,-137150338.782,5784.328,1427,19.928,r,I11,1429
60874.2970687,346.7050197,-1.6110409,65635768.264,-137135235.217,5621.739,1437,19.806,r,I11,1439
60874.3095778,346.6985034,-1.6238295,65664479.095,-137121105.485,5463.345,1438,19.731,i,I11,1440
60874.2865650,346.0242488,-10.9529846,65611634.341,-137147083.909,5749.933,1428,21.091,r,I11,1430
60874.3119718,345.9979611,-10.8982293,65669969.987,-137118399.110,5432.395,1439,20.967,i,I11,1441
60874.2941655,352.2657230,6.8045569,65629099.901,-137138511.740,5657.639,1435,18.241,r,I11,1437
60874.2946099,352.2674191,6.8064912,65630120.857,-137138010.220,5652.165,1436,18.201,r,I11,1438
60874.3408113,290.8669345,-24.5176814,65736014.551,-137085749.553,5046.889,1440,18.580,i,I11,1442
60874.3689106,290.9589214,-24.4292621,65800178.439,-137053873.306,4657.147,1453,18.786,r,I11,1455
60874.3408113,292.0597892,-24.6082571,65736014.551,-137085749.553,5046.889,1441,22.791,i,I11,1443
60874.3689106,292.0905144,-24.6159721,65800178.439,-137053873.306,4657.147,1454,22.962,r,I11,1456
60874.3422714,294.8285898,-25.6319423,65739353.229,-137084094.516,5026.875,1442,20.174,i,I11,1444
60874.3684653,294.8131127,-25.6675866,65799163.031,-137054378.831,4663.370,1452,19.920,r,I11,1454
60874.3703383,294.8120265,-25.6701385,65803433.600,-137052252.493,4637.194,1455,20.528,r,I11,1457
60874.3451958,302.8357968,-24.4376789,65746038.668,-137080779.192,4986.684,1443,19.679,i,I11,1445
60874.3737321,302.8087364,-24.4162474,65811169.477,-137048399.320,4589.754,1456,19.757,r,I11,1458
60874.3476712,307.0171835,-23.1671250,65751696.204,-137077972.328,4952.561,1444,17.327,i,I11,1446
60874.3761131,307.0537357,-23.1238382,65816595.245,-137045695.707,4556.473,1457,20.683,r,I11,1459
60874.3481715,302.7813676,-25.9672048,65752839.331,-137077405.050,4945.654,1445,20.191,i,I11,1447
60874.3766206,302.8142200,-25.9817044,65817751.487,-137045119.447,4549.380,1458,20.232,r,I11,1460
60874.3565194,312.0161958,-17.9417883,65771906.519,-137067936.104,4829.955,1448,20.343,i,I11,1450
60874.3789551,312.0041537,-17.9621751,65823069.581,-137042468.455,4516.761,1459,20.314,r,I11,1461
60874.3846025,312.0011310,-17.9673059,65835929.259,-137036054.723,4437.939,1461,20.337,r,I11,1463
60874.3588738,302.6014565,-14.7501849,65777281.202,-137065264.710,4797.195,1450,21.542,i,I11,1452
60874.3598606,302.6026093,-14.7495688,65779533.468,-137064144.969,4783.452,1451,21.129,i,I11,1453
60874.3868781,302.6344119,-14.7326551,65841108.755,-137033470.154,4406.230,1463,21.027,r,I11,1465
60874.3878330,302.6355451,-14.7320555,65843282.009,-137032385.482,4392.934,1465,21.000,r,I11,1467
60875.0728169,281.1838535,-25.2145408,67392635.329,-136272282.491,6590.199,1472,27.690,u,I11,1474
60875.0768247,281.1943775,-25.2133875,67401850.034,-136267788.546,6605.541,1474,27.559,u,I11,1476
60875.1602440,314.6344386,-24.9620743,67593670.201,-136173388.720,6611.785,1480,21.500,u,I11,1482
60875.1613908,314.6381973,-24.9620691,67596305.592,-136172079.452,6607.692,1481,22.773,u,I11,1483
60875.2108423,331.3199497,-14.5305473,67709829.912,-136115338.194,6329.323,1492,31.181,u,I11,1494
60875.2113834,331.3208186,-14.5312782,67711070.549,-136114714.369,6325.226,1493,26.324,u,I11,1495
60875.2316438,345.1343346,-8.8954893,67757492.924,-136091313.840,6156.794,1497,20.945,r,I11,1499
60875.2325739,345.1333646,-8.8934579,67759622.672,-136090237.571,6148.381,1498,20.964,r,I11,1500
60875.2983443,345.0640508,-8.7495277,67909821.204,-136013754.989,5426.489,1516,20.738,r,I11,1518
60875.2336303,339.7724462,1.6236228,67762041.425,-136089014.966,6138.757,1499,21.500,r,I11,1501
60875.2936508,339.7797514,1.5334197,67899131.164,-136019234.825,5485.037,1515,21.500,r,I11,1517
60875.2625103,352.4359019,-0.0310659,67828089.431,-136055513.090,5848.598,1504,24.776,r,I11,1506
60875.2890702,352.4879011,-0.0075114,67888693.654,-136024580.074,5541.319,1513,25.774,r,I11,1515
60875.3148359,352.5382681,0.0153730,67947345.012,-135994478.838,5214.443,1518,21.500,i,I11,1520
60875.2727044,355.8197221,1.1044407,67851367.021,-136043653.224,5734.771,1505,18.832,r,I11,1507
60875.2881651,355.8206827,1.0763309,67886630.918,-136025635.834,5552.334,1512,19.343,r,I11,1514
60875.2736298,357.7238362,4.5690829,67853478.975,-136042575.863,5724.174,1507,21.537,r,I11,1509
60875.2877208,357.7303031,4.5832808,67885618.147,-136026154.122,5557.730,1511,21.645,r,I11,1513
60875.2872614,358.9093649,2.0478308,67884570.877,-136026690.014,5563.299,1510,29.291,r,I11,1512
60875.3132647,358.9348646,2.0533356,67943772.754,-135996316.611,5235.031,1517,25.447,i,I11,1519
60875.2913365,346.2132449,-2.6366920,67893858.347,-136021935.775,5513.582,1514,19.841,r,I11,1516
60875.3171492,346.1992124,-2.6635739,67952603.714,-135991772.455,5183.998,1519,20.141,i,I11,1521
60875.3194869,339.7827772,1.4944953,67957916.792,-135989036.882,5153.075,1520,21.500,i,I11,1522
60875.3245095,345.0362237,-8.6921138,67969327.392,-135983157.800,5086.141,1521,21.502,i,I11,1523
60875.3622555,58.0653701,-48.5760233,68054894.740,-135938906.922,4567.794,1522,21.500,r,I11,1524
60875.3626910,58.0651388,-48.5765647,68055880.160,-135938395.755,4561.719,1523,24.319,r,I11,1525
60875.3631275,58.0649063,-48.5771086,68056867.477,-135937883.571,4555.632,1524,21.500,r,I11,1526
60875.3713903,328.8995201,-21.3717130,68075552.105,-135928184.593,4440.290,1526,20.400,r,I11,1528
60875.3792328,328.9067962,-21.3785165,68093271.305,-135918976.510,4330.847,1527,20.266,i,I11,1529
60875.3815829,331.6903568,-21.4724268,68098578.155,-135916216.864,4298.098,1528,20.058,i,I11,1530
60875.3869533,331.6863220,-21.4671024,68110700.389,-135909910.045,4223.400,1531,20.087,i,I11,1533
60875.3820949,324.9180382,-14.9047964,68099734.096,-135915615.647,4290.968,1529,21.122,i,I11,1531
60875.3881148,324.9279375,-14.9020914,68113321.385,-135908545.877,4207.275,1532,21.109,i,I11,1534
60875.3907998,324.9323580,-14.9008832,68119378.650,-135905392.485,4170.055,1534,21.374,i,I11,1536
60875.3825717,331.7355027,-17.9311555,68100810.604,-135915055.708,4284.329,1530,18.886,i,I11,1532
60875.3899948,331.7478584,-17.9185087,68117562.841,-135906337.894,4181.206,1533,19.121,i,I11,1535
60875.9780103,253.4054999,-22.6140164,69433389.002,-135231474.754,5766.985,1536,16.984,r,I11,1538
60875.9895525,253.4255930,-22.6230816,69459606.124,-135218298.396,5885.160,1538,16.833,i,I11,1540
60876.0156115,267.4561888,-21.3175334,69518863.268,-135188461.762,6121.691,1542,22.562,u,I11,1544
60876.0222499,267.4650151,-21.3135874,69533971.691,-135180840.182,6174.650,1546,19.074,g,I11,1548
60876.0162039,266.7233689,-15.1431036,69520211.283,-135187782.001,6126.542,1543,21.424,u,I11,1545
60876.0167416,266.7237591,-15.1436848,69521435.013,-135187164.870,6130.925,1544,21.329,u,I11,1546
60876.0194741,266.7257394,-15.1466355,69527653.731,-135184028.112,6152.884,1545,18.441,g,I11,1547
60876.0408826,266.7411901,-15.1697118,69576402.324,-135159399.332,6306.155,1551,17.855,g,I11,1553
60876.0430540,266.7427508,-15.1720472,69581349.190,-135156895.860,6319.777,1552,17.408,r,I11,1554
60876.0801783,266.7693024,-15.2118445,69665973.048,-135113932.476,6494.257,1556,17.672,r,I11,1558
60876.0244941,273.5313011,-21.7690203,69539080.594,-135178261.482,6191.845,1547,25.057,g,I11,1549
60876.0482747,273.5343505,-21.8072730,69593244.355,-135150872.642,6351.026,1553,24.159,r,I11,1555
60876.0340628,283.8352228,-24.8833382,69560868.413,-135167255.385,6261.028,1549,21.500,g,I11,1551
60876.0728414,283.9347570,-24.8708648,69649242.843,-135122448.273,6468.755,1554,25.890,r,I11,1556
60876.0363575,279.2587865,-22.0187737,69566094.757,-135164613.109,6276.607,1550,20.241,g,I11,1552
60876.0751557,279.3801369,-21.9774465,69654519.991,-135119763.396,6477.287,1555,20.289,r,I11,1557
60876.0857493,293.7460637,-28.7516722,69678677.520,-135107458.064,6510.582,1559,24.094,u,I11,1561
60876.0957433,293.7358458,-28.7747985,69701470.758,-135095824.927,6533.225,1563,23.845,u,I11,1565
60876.0940984,296.3202026,-19.3967653,69697719.184,-135097741.202,6530.088,1562,22.936,u,I11,1564
60876.0979521,296.3301047,-19.3862600,69706508.500,-135093250.706,6537.071,1564,22.482,u,I11,1566
60876.1030665,242.1821088,-19.0934874,69718173.499,-135087285.674,6544.356,1565,24.541,g,I11,1567
60876.1302904,242.2114382,-19.1048806,69780262.713,-135055428.882,6544.884,1577,21.500,g,I11,1579
60876.1030665,244.8301551,-19.4488220,69718173.499,-135087285.674,6544.356,1566,22.847,g,I11,1568
60876.1302904,244.8310290,-19.4817066,69780262.713,-135055428.882,6544.884,1576,22.423,g,I11,1578
60876.1589633,242.2424115,-19.1168127,69845628.294,-135021685.593,6476.039,1585,21.500,u,I11,1587
60876.1589633,244.8321016,-19.5162384,69845628.294,-135021685.593,6476.039,1584,26.802,u,I11,1586
60876.1131052,301.2376164,-23.1366620,69741069.883,-135075559.234,6552.057,1567,24.320,u,I11,1569
60876.1136441,301.2371260,-23.1362721,69742299.009,-135074929.043,6552.223,1569,24.324,u,I11,1571
60876.1152660,304.8935049,-13.6406123,69745998.124,-135073032.023,6552.569,1570,24.710,u,I11,1572
60876.1234907,304.9037093,-13.6352809,69764756.028,-135063402.353,6550.796,1573,21.949,g,I11,1575
60876.1274926,248.8236842,-18.5663026,69773882.612,-135058710.928,6547.803,1575,26.239,g,I11,1577
60876.1561802,248.8370357,-18.5953759,69839285.881,-135024969.300,6485.800,1583,27.435,u,I11,1585
60876.1452585,253.5207923,-25.1765517,69814391.264,-135037838.058,6517.747,1578,21.500,g,I11,1580
60876.1740511,253.4282017,-25.1398951,69880001.783,-135003852.374,6411.848,1586,26.056,u,I11,1588
60876.1458544,257.5909080,-23.1345486,69815749.749,-135037136.638,6516.267,1580,21.915,g,I11,1582
60876.1746150,257.6024107,-23.1636632,69881286.116,-135003184.840,6409.084,1587,25.006,u,I11,1589
60876.1464285,253.6944814,-22.7421648,69817058.355,-135036460.884,6514.812,1582,17.267,g,I11,1584
60876.1751966,253.7435485,-22.7631767,69882610.621,-135002496.335,6406.207,1589,21.463,u,I11,1591
60876.2063306,333.0726288,-15.8964397,69953464.247,-134965527.837,6212.984,1591,22.230,g,I11,1593
60876.2067725,333.0733855,-15.8970699,69954469.068,-134965001.614,6209.706,1592,22.248,g,I11,1594
60876.2076857,334.7419978,-9.7054541,69956545.506,-134963914.014,6202.886,1593,21.500,g,I11,1595
60876.2475126,334.7766119,-9.6517967,70046980.488,-134916320.299,5849.091,1609,26.258,u,I11,1611
60876.2382374,344.1552423,-6.6727689,70025942.223,-134927431.345,5940.822,1601,30.409,u,I11,1603
60876.2387972,344.1546425,-6.6715303,70027212.360,-134926761.208,5935.437,1603,25.607,u,I11,1605
60876.2387972,346.5178505,-8.1626177,70027212.360,-134926761.208,5935.437,1602,27.158,u,I11,1604
60876.2593251,346.5381326,-8.1547186,70073751.815,-134902147.695,5724.864,1611,23.941,g,I11,1613
60876.2463867,332.1370129,-5.3782095,70044427.561,-134917669.839,5860.507,1608,26.050,u,I11,1610
60876.2480543,332.1388803,-5.3788147,70048208.942,-134915670.784,5843.571,1610,26.214,u,I11,1612
60876.2750818,359.9098984,2.2563841,70109420.950,-134883207.043,5547.360,1615,28.436,u,I11,1617
60876.2756174,359.9104347,2.2564974,70110632.503,-134882562.561,5541.107,1616,25.887,u,I11,1618
60876.2933601,310.9786651,-19.7433735,70150735.254,-134861188.990,5326.671,1623,21.481,g,I11,1625
60876.2942592,310.9781405,-19.7442196,70152765.629,-134860104.777,5315.453,1627,21.531,g,I11,1629
60876.3495280,310.9459939,-19.7961761,70277229.477,-134793288.126,4579.921,1638,20.815,g,I11,1640
60876.3499807,310.9457315,-19.7966015,70278246.209,-134792739.664,4573.646,1639,20.816,g,I11,1641
60876.3730012,310.9324274,-19.8182123,70329874.479,-134764840.669,4253.160,1650,20.823,r,I11,1652
60876.3734410,310.9321737,-19.8186252,70330859.723,-134764307.378,4247.030,1651,20.820,r,I11,1653
60876.2938227,309.5887341,-20.3257930,70151779.984,-134860631.133,5320.903,1624,21.589,g,I11,1626
60876.2942592,309.5892246,-20.3251594,70152765.629,-134860104.777,5315.453,1626,21.867,g,I11,1628
60876.2938227,307.7335735,-18.8211324,70151779.984,-134860631.133,5320.903,1625,21.712,g,I11,1627
60876.3540615,307.8735426,-18.9299919,70287407.405,-134787796.043,4517.016,1640,21.855,g,I11,1642
60876.3540615,309.6571989,-20.2378771,70287407.405,-134787796.043,4517.016,1641,20.877,g,I11,1643
60876.3730012,309.6791009,-20.2101012,70329874.479,-134764840.669,4253.160,1649,20.646,r,I11,1651
60876.3775584,309.6844036,-20.2034102,70340080.120,-134759315.073,4189.689,1653,20.568,r,I11,1655
60876.3037756,57.5969316,-49.7176829,70174245.531,-134848622.608,5194.861,1628,21.500,g,I11,1630
60876.3042120,57.5966967,-49.7182455,70175230.065,-134848095.803,5189.254,1631,27.424,g,I11,1633
60876.3037756,59.1314121,-49.5719559,70174245.531,-134848622.608,5194.861,1629,21.500,g,I11,1631
60876.3042120,59.1327658,-49.5714424,70175230.065,-134848095.803,5189.254,1630,21.500,g,I11,1632
60876.3121155,57.5924125,-49.7284428,70193053.580,-134838551.083,5086.626,1632,21.500,i,I11,1634
60876.3121155,59.1572909,-49.5621291,70193053.580,-134838551.083,5086.626,1633,21.500,i,I11,1635
60876.3125522,57.5921748,-49.7290053,70194037.993,-134838023.497,5080.899,1635,24.112,i,I11,1637
60876.3125522,59.1586429,-49.5616151,70194037.993,-134838023.497,5080.899,1634,23.529,i,I11,1636
60876.3129887,57.5919364,-49.7295691,70195021.765,-134837496.210,5075.169,1636,24.869,i,I11,1638
60876.3129887,59.1599979,-49.5610999,70195021.765,-134837496.210,5075.169,1637,21.500,i,I11,1639
60876.3775584,307.9289284,-18.9722641,70340080.120,-134759315.073,4189.689,1652,20.822,r,I11,1654
60876.3608995,301.0126017,-22.9557162,70302749.682,-134779510.081,4421.865,1643,20.110,g,I11,1645
60876.3843047,300.9917049,-22.9384807,70355178.892,-134751134.294,4095.954,1655,19.631,r,I11,1657
60876.3622650,305.4071554,-27.1038268,70305811.942,-134777855.232,4402.839,1644,20.615,g,I11,1646
60876.3856655,305.4369964,-27.1159036,70358223.082,-134749484.074,4077.092,1656,20.285,r,I11,1658
60876.3668576,318.2572926,-24.8353091,70316108.509,-134772288.572,4338.812,1645,19.925,g,I11,1647
60876.3673028,318.2583395,-24.8352204,70317106.368,-134771748.905,4332.604,1647,19.500,g,I11,1649
60876.3902174,318.3124500,-24.8305096,70368403.065,-134743963.682,4014.139,1657,19.056,r,I11,1659
60876.3906528,318.3134838,-24.8304174,70369376.513,-134743435.648,4008.130,1658,19.209,r,I11,1660
60876.3673028,319.6814443,-27.4198836,70317106.368,-134771748.905,4332.604,1646,29.365,g,I11,1648
60876.3906528,319.7130970,-27.4288092,70369376.513,-134743435.648,4008.130,1659,21.346,r,I11,1661
60877.0209486,268.8210877,-20.7172982,71769087.913,-133996209.426,6072.050,1666,19.028,g,I11,1668
60877.0493194,268.8568172,-20.7010146,71833149.511,-133962444.194,6259.284,1670,23.442,u,I11,1672
60877.0315630,286.4973128,-24.5016737,71793046.982,-133983596.808,6149.241,1667,21.500,g,I11,1669
60877.0600962,286.5683021,-24.4915206,71857499.882,-133949572.360,6313.921,1672,21.500,u,I11,1674
60877.0845076,286.6285393,-24.4825937,71912679.329,-133920317.391,6402.225,1677,31.042,u,I11,1679
60877.0427097,267.5063662,-16.1992641,71818218.749,-133970326.053,6221.183,1668,17.802,g,I11,1670
60877.0715021,267.5259817,-16.2278480,71883278.640,-133935920.558,6361.394,1674,21.586,u,I11,1676
60877.0721021,267.5263891,-16.2284421,71884634.953,-133935201.548,6363.592,1675,21.611,u,I11,1677
60877.1068088,322.3846431,-17.0555417,71963101.569,-133893469.309,6438.517,1682,21.888,r,I11,1684
60877.1403471,322.4172752,-17.0757397,72038919.433,-133852869.816,6411.797,1690,21.179,i,I11,1692
60877.1086102,328.0304123,-14.0988487,71967174.599,-133891295.431,6439.568,1683,22.397,r,I11,1685
60877.1421972,328.0912648,-14.0826809,72043100.648,-133850622.362,6407.487,1691,22.088,i,I11,1693
60877.1467669,328.0995102,-14.0804699,72053426.958,-133845067.934,6395.583,1697,21.732,i,I11,1699
60877.1099660,331.0679312,-23.1580571,71970240.092,-133889658.779,6440.173,1684,22.532,r,I11,1686
60877.1435794,331.1123839,-23.1997772,72046224.098,-133848942.876,6404.075,1692,21.170,i,I11,1694
60877.1117777,334.7722737,-17.1999294,71974336.159,-133887471.207,6440.731,1685,24.382,r,I11,1687
60877.1122254,334.7731108,-17.2006031,71975348.370,-133886930.494,6440.825,1686,24.668,r,I11,1688
60877.1454301,334.8349703,-17.2506374,72050406.394,-133846693.246,6399.250,1694,22.152,i,I11,1696
60877.1458752,334.8357952,-17.2513076,72051411.996,-133846152.203,6398.047,1696,22.031,i,I11,1698
60877.1122254,334.8771186,-14.9591518,71975348.370,-133886930.494,6440.825,1687,22.305,r,I11,1689
60877.1458752,334.9340937,-14.9013886,72051411.996,-133846152.203,6398.047,1695,19.685,i,I11,1697
60877.1342244,306.2879437,-12.9451839,72025081.211,-133860301.574,6423.957,1689,21.747,r,I11,1691
60877.1577362,306.3182351,-12.9289440,72078209.706,-133831714.548,6359.751,1699,21.541,i,I11,1701
60877.1832617,306.3509775,-12.9111887,72135839.916,-133800534.264,6237.615,1702,27.172,u,I11,1704
60877.2106541,335.0410772,-14.7895208,72197605.248,-133766913.474,6049.314,1712,19.463,r,I11,1714
60877.1978940,347.5340197,-7.7774677,72168845.121,-133782594.882,6144.103,1705,21.500,r,I11,1707
60877.2213787,347.5588991,-7.7677918,72221759.760,-133753707.698,5960.567,1714,21.500,i,I11,1716
60877.2041549,339.6238944,2.4744507,72182959.470,-133774904.812,6099.096,1707,22.013,r,I11,1709
60877.2289895,339.6560434,2.4542257,72238890.395,-133744322.384,5892.787,1715,21.321,i,I11,1717
60877.2294304,339.6566144,2.4538657,72239882.499,-133743778.345,5888.743,1716,21.007,i,I11,1718
60877.2046187,340.1280165,-1.4797238,72184004.832,-133774334.816,6095.646,1708,24.017,r,I11,1710
60877.2299028,340.1307216,-1.5214481,72240945.457,-133743195.392,5884.395,1717,24.557,i,I11,1719
60877.2092676,333.2856521,-5.7351099,72194481.294,-133768619.034,6060.192,1710,22.033,r,I11,1712
60877.2346516,333.3148500,-5.7448216,72251628.772,-133737332.923,5839.882,1718,22.866,i,I11,1720
60877.2097394,335.7018584,-8.3328536,72195544.330,-133768038.718,6056.506,1711,25.858,r,I11,1713
60877.2351385,335.7239503,-8.2978116,72252723.846,-133736731.646,5835.237,1719,21.500,i,I11,1721
60877.2360607,335.0822957,-14.7453547,72254798.000,-133735592.600,5826.397,1720,21.002,i,I11,1722
60877.2143327,341.8639164,-15.5250011,72205892.346,-133762386.402,6019.786,1713,22.475,r,I11,1715
60877.2397791,341.8144985,-15.5286684,72263159.711,-133730998.272,5790.209,1721,22.545,i,I11,1723
60877.2612409,356.7607392,1.8423108,72311372.938,-133704433.396,5565.296,1724,24.931,r,I11,1726
60877.2824603,356.8075215,1.8633495,72358954.159,-133678095.630,5318.983,1727,21.500,r,I11,1729
60877.2898821,356.8238659,1.8707120,72375574.400,-133668868.354,5228.012,1732,21.500,i,I11,1734
60877.3066509,356.8607684,1.8873535,72413082.419,-133647994.372,5014.745,1737,25.986,i,I11,1739
60877.2806717,9.4244986,2.0205952,72354947.098,-133680318.190,5340.558,1725,21.500,r,I11,1727
60877.3048395,9.4536782,2.0326923,72409033.864,-133650250.747,5038.247,1735,21.500,i,I11,1737
60877.2820086,0.9486782,2.4685522,72357942.355,-133678656.915,5324.445,1726,25.812,r,I11,1728
60877.3061914,0.9733123,2.4736540,72412055.557,-133648566.745,5020.716,1736,25.862,i,I11,1738
60877.2833759,0.9688995,6.2866715,72361005.206,-133676957.678,5307.885,1728,21.500,r,I11,1730
60877.3075731,1.0062356,6.2854265,72415143.429,-133646845.413,5002.740,1739,24.754,i,I11,1741
60877.2833759,358.7795459,6.6146529,72361005.206,-133676957.678,5307.885,1729,23.963,r,I11,1731
60877.3075731,358.7903122,6.6397099,72415143.429,-133646845.413,5002.740,1738,22.663,i,I11,1740
60877.2847652,357.6952364,7.5531076,72364117.016,-133675230.791,5290.977,1731,23.462,r,I11,1733
60877.3089629,357.6956961,7.5156373,72418248.906,-133645113.815,4984.599,1740,21.721,i,I11,1742
60878.1061146,307.6800538,-12.2445270,74177732.920,-132666866.283,6349.338,1746,21.025,i,I11,1748
60878.1065840,307.6806922,-12.2441882,74178784.695,-132666281.907,6349.566,1747,21.147,i,I11,1749
60878.1264181,307.7076019,-12.2298280,74223218.855,-132641543.627,6341.679,1752,21.990,z,I11,1754
60878.1268941,307.7082457,-12.2294826,74224284.882,-132640948.895,6341.069,1753,22.480,z,I11,1755
60878.1163146,323.4205747,-17.6511297,74200585.128,-132654157.130,6349.975,1749,21.993,z,I11,1751
60878.1172335,323.4214803,-17.6516908,74202643.908,-132653010.872,6349.588,1750,21.947,z,I11,1752
60878.1821334,9.2684784,-42.4943463,74347922.141,-132571557.267,6139.505,1763,19.004,g,I11,1765
60878.1841284,9.2715423,-42.4957991,74352382.193,-132569038.181,6127.530,1764,18.430,i,I11,1766
60878.1845639,9.2722122,-42.4961167,74353355.842,-132568488.103,6124.874,1765,18.323,i,I11,1767
60878.1850003,9.2728819,-42.4964343,74354331.456,-132567936.861,6122.197,1766,18.338,i,I11,1768
60878.1854368,9.2735532,-42.4967527,74355307.206,-132567385.488,6119.506,1767,18.389,i,I11,1769
60878.1873572,9.2765017,-42.4981511,74359599.891,-132564959.150,6107.487,1768,22.541,u,I11,1770
60878.1878864,9.2773139,-42.4985364,74360782.562,-132564290.489,6104.125,1769,22.443,u,I11,1771
60878.1884155,9.2781276,-42.4989224,74361965.233,-132563621.748,6100.741,1770,22.522,u,I11,1772
60878.1889446,9.2789396,-42.4993076,74363147.811,-132562952.980,6097.336,1771,22.361,u,I11,1773
60878.1976040,334.4904281,-6.1197758,74382496.639,-132551999.542,6038.560,1773,25.344,u,I11,1775
60878.2353900,334.5349580,-6.1349587,74466801.692,-132504023.969,5718.936,1793,21.915,r,I11,1795
60878.2567014,334.5599951,-6.1435104,74514244.996,-132476847.884,5498.197,1805,21.959,i,I11,1807
60878.1981538,332.5549244,-2.4856276,74383724.828,-132551303.537,6034.637,1774,25.148,u,I11,1776
60878.2372419,332.5528826,-2.5373011,74470927.787,-132501665.518,5700.823,1794,22.911,r,I11,1796
60878.2586271,332.5516364,-2.5656181,74518527.902,-132474388.411,5476.989,1806,22.034,i,I11,1808
60878.2014450,323.6236128,-6.0634807,74391075.923,-132547135.925,6010.680,1775,24.409,u,I11,1777
60878.2395412,323.6456778,-6.1565823,74476049.578,-132498736.592,5678.041,1795,19.322,r,I11,1797
60878.2609932,323.6578890,-6.2086675,74523789.194,-132471365.716,5450.662,1807,20.546,i,I11,1809
60878.2135939,336.8101156,-13.0114266,74418198.473,-132531732.325,5915.400,1782,20.501,g,I11,1784
60878.2445285,336.8595202,-12.9565957,74487156.065,-132492380.201,5627.527,1797,19.415,r,I11,1799
60878.2660222,336.8936154,-12.9183617,74534968.085,-132464938.235,5393.750,1809,19.412,i,I11,1811
60878.2172754,342.1610509,-2.2422341,74426413.216,-132527058.638,5884.457,1783,21.783,g,I11,1785
60878.2293435,342.1475517,-2.2151154,74453326.350,-132511719.666,5776.571,1786,22.479,g,I11,1788
60878.2172754,340.2927749,-3.1876557,74426413.216,-132527058.638,5884.457,1784,25.069,g,I11,1786
60878.2331237,340.2942293,-3.2150320,74461751.852,-132506909.115,5740.810,1791,25.817,r,I11,1793
60878.2543974,340.2960904,-3.2518012,74509119.918,-132479789.644,5523.310,1802,21.500,i,I11,1804
60878.2543974,342.1193688,-2.1588042,74509119.918,-132479789.644,5523.310,1801,21.260,i,I11,1803
60878.2553045,340.2961679,-3.2533711,74511137.922,-132478631.497,5513.457,1803,21.500,i,I11,1805
60878.2200127,336.6687824,-6.9177450,74432519.642,-132523581.950,5860.845,1785,21.500,g,I11,1787
60878.2344766,336.6813233,-6.8973427,74464766.493,-132505186.921,5727.791,1792,27.164,r,I11,1794
60878.2557498,336.6996750,-6.8672987,74512128.500,-132478062.914,5508.603,1804,21.500,i,I11,1806
60878.2302494,341.5087186,-6.0345444,74455345.742,-132510567.060,5768.084,1787,24.741,g,I11,1789
60878.2326629,341.5111040,-6.0334796,74460724.966,-132507495.632,5745.218,1790,21.500,r,I11,1792
60878.2302494,344.6320177,-5.7702759,74455345.742,-132510567.060,5768.084,1788,20.989,g,I11,1790
60878.2326629,344.6305592,-5.7729098,74460724.966,-132507495.632,5745.218,1789,19.952,r,I11,1791
60878.2539325,341.5321064,-6.0240831,74508085.625,-132480383.145,5528.342,1800,21.500,i,I11,1802
60878.2539325,344.6176670,-5.7961262,74508085.625,-132480383.145,5528.342,1799,19.914,i,I11,1801
60878.2431033,330.1949924,-13.5080731,74483982.720,-132494197.057,5642.113,1796,21.310,r,I11,1798
60878.2645215,330.2350646,-13.4964496,74531632.542,-132466856.773,5410.868,1808,21.441,i,I11,1810
60878.2501508,348.7224724,-7.3220530,74499670.979,-132485209.451,5568.831,1798,24.758,r,I11,1800
60878.2717647,348.7468996,-7.3123546,74547726.713,-132457594.165,5327.235,1810,21.500,i,I11,1812
60878.2793282,3.6095763,-8.5842637,74564520.822,-132447913.893,5237.279,1811,22.943,g,I11,1813
60878.2797897,3.6102345,-8.5837552,74565545.236,-132447322.927,5231.707,1812,21.578,g,I11,1814
60878.2839145,2.2997832,4.3985172,74574698.680,-132442040.019,5181.508,1815,21.500,g,I11,1817
60878.2843773,2.3002095,4.3987063,74575725.439,-132441447.152,5175.832,1816,27.739,g,I11,1818
60878.2852853,1.4437341,8.5986779,74577739.657,-132440283.949,5164.670,1818,25.037,g,I11,1820
60878.2866433,1.4451924,8.5993422,74580752.201,-132438543.824,5147.911,1820,21.500,g,I11,1822
60878.3108321,65.1781490,-46.9425047,74634340.695,-132407512.737,4838.276,1825,24.389,i,I11,1827
60878.3112699,65.1794199,-46.9419001,74635309.275,-132406950.564,4832.502,1826,24.023,i,I11,1828
60878.3131969,65.1850103,-46.9392398,74639572.600,-132404475.555,4807.020,1827,21.500,g,I11,1829
60878.3136359,65.1862836,-46.9386337,74640543.684,-132403911.686,4801.201,1828,25.031,g,I11,1830
60878.3140725,65.1875510,-46.9380303,74641509.478,-132403350.845,4795.408,1829,26.477,g,I11,1831
60878.3231847,65.2139584,-46.9254441,74661655.871,-132391641.737,4673.457,1830,21.500,i,I11,1832
60878.3321228,17.6054181,8.5349968,74681398.527,-132380149.267,4552.126,1836,18.017,r,I11,1838
60878.3325637,17.6063501,8.5349161,74682371.766,-132379582.283,4546.105,1838,15.872,r,I11,1840
60878.3485512,323.6445445,-17.7899463,74717636.548,-132359010.598,4325.991,1842,20.147,r,I11,1844
60878.3797492,323.6748939,-17.8080920,74786275.786,-132318830.582,3893.035,1851,21.473,g,I11,1853
60878.3535756,305.4694211,-9.3918548,74728706.585,-132352542.346,4256.318,1843,22.473,r,I11,1845
60878.3847927,305.4549819,-9.4654041,74797350.111,-132312332.546,3823.490,1852,21.305,g,I11,1854
60878.3678260,313.1037623,-22.6841100,74760070.929,-132334190.520,4058.296,1845,20.871,r,I11,1847
60878.3733065,313.1181621,-22.6941560,74772120.318,-132327130.700,3982.222,1849,21.109,r,I11,1851
60878.3943526,313.1737249,-22.7326650,74818325.051,-132300014.834,3692.588,1857,21.508,g,I11,1859
60878.3719219,308.2679372,-28.2537131,74769076.781,-132328914.407,4001.428,1847,20.614,r,I11,1849
60878.3723651,308.2685521,-28.2539414,74770050.923,-132328343.532,3995.280,1848,20.576,r,I11,1850
60878.3929472,308.2973277,-28.2644957,74815242.866,-132301825.688,3711.742,1855,21.247,g,I11,1857
60878.3933904,308.2979529,-28.2647223,74816215.022,-132301254.553,3705.697,1856,21.486,g,I11,1858
60879.1167497,304.2897435,-11.0712041,76396634.721,-131388073.208,6279.871,1864,22.501,g,I11,1866
60879.1172147,304.2905238,-11.0711097,76397666.627,-131387475.444,6279.566,1865,23.234,g,I11,1867
60879.1490895,304.3438012,-11.0645253,76468374.704,-131346380.149,6214.084,1869,22.254,r,I11,1871
60879.1172147,303.3859191,-11.9360336,76397666.627,-131387475.444,6279.566,1866,20.588,g,I11,1868
60879.1495359,303.4431595,-11.8667875,76469364.461,-131345802.961,6212.550,1870,19.723,r,I11,1872
60879.1172147,305.1572958,-11.2223083,76397666.627,-131387475.444,6279.566,1867,21.670,g,I11,1869
60879.1495359,305.1409521,-11.3010064,76469364.461,-131345802.961,6212.550,1871,22.016,r,I11,1873
60879.1669120,312.9480623,-16.3470464,76507880.591,-131323298.759,6139.876,1875,25.230,u,I11,1877
60879.1681091,312.9492052,-16.3454717,76510532.987,-131321745.895,6133.952,1876,25.639,u,I11,1878
60879.1711889,10.6198103,-44.8704982,76517356.604,-131317749.094,6118.175,1878,26.383,u,I11,1880
60879.1717180,10.6184473,-44.8698532,76518528.710,-131317062.285,6115.387,1880,25.832,u,I11,1882
60879.1711889,10.8102819,-43.1831132,76517356.604,-131317749.094,6118.175,1877,22.653,u,I11,1879
60879.1717180,10.8111063,-43.1834898,76518528.710,-131317062.285,6115.387,1879,22.620,u,I11,1881
60879.1722460,10.6170865,-44.8692094,76519698.405,-131316376.809,6112.583,1882,21.500,u,I11,1884
60879.1722460,10.8119289,-43.1838657,76519698.405,-131316376.809,6112.583,1881,22.580,u,I11,1883
60879.1727751,10.6157227,-44.8685643,76520870.551,-131315689.817,6109.750,1883,25.963,u,I11,1885
60879.1727751,10.8127531,-43.1842424,76520870.551,-131315689.817,6109.750,1884,22.695,u,I11,1886
60879.1749627,10.6100777,-44.8658958,76525716.307,-131312848.885,6097.800,1885,25.825,r,I11,1887
60879.1749627,10.8161610,-43.1858000,76525716.307,-131312848.885,6097.800,1886,18.319,r,I11,1888
60879.1753994,10.6089520,-44.8653639,76526683.587,-131312281.632,6095.369,1888,24.927,r,I11,1890
60879.1753994,10.8168399,-43.1861103,76526683.587,-131312281.632,6095.369,1887,18.280,r,I11,1889
60879.1758361,10.6078234,-44.8648309,76527650.852,-131311714.334,6092.922,1889,26.817,r,I11,1891
60879.1758361,10.8175203,-43.1864214,76527650.852,-131311714.334,6092.922,1890,18.438,r,I11,1892
60879.1762714,10.6066972,-44.8642990,76528615.073,-131311148.766,6090.468,1892,26.550,r,I11,1894
60879.1762714,10.8181992,-43.1867317,76528615.073,-131311148.766,6090.468,1891,18.509,r,I11,1893
60879.1767079,10.6055707,-44.8637671,76529581.850,-131310581.646,6087.992,1893,21.500,r,I11,1895
60879.1767079,10.8188779,-43.1870420,76529581.850,-131310581.646,6087.992,1894,18.378,r,I11,1896
60879.1790643,10.8225448,-43.1887188,76534800.657,-131307519.302,6074.365,1895,22.604,u,I11,1897
60879.1812109,10.8258850,-43.1902465,76539554.184,-131304728.596,6061.569,1896,18.966,z,I11,1898
60879.1816464,10.8265616,-43.1905560,76540518.302,-131304162.419,6058.929,1897,18.855,z,I11,1899
60879.1820816,10.8272397,-43.1908662,76541482.151,-131303596.346,6056.275,1898,18.759,z,I11,1900
60879.1825192,10.5905309,-44.8566748,76542450.917,-131303027.330,6053.593,1900,28.006,z,I11,1902
60879.1825192,10.8279193,-43.1911771,76542450.917,-131303027.330,6053.593,1899,18.879,z,I11,1901
60879.1829557,10.5893979,-44.8561412,76543417.474,-131302459.557,6050.902,1901,21.500,z,I11,1903
60879.1829557,10.8285989,-43.1914880,76543417.474,-131302459.557,6050.902,1902,19.875,z,I11,1904
60879.2914764,12.0132961,3.0694630,76782766.083,-131160181.536,4988.490,1913,21.500,i,I11,1915
60879.3413071,12.0792808,3.0966556,76891866.989,-131094292.503,4324.686,1932,26.822,r,I11,1934
60879.2928410,5.7888887,9.7654783,76785761.324,-131158380.558,4971.217,1915,22.922,i,I11,1917
60879.2950924,5.7921115,9.7643002,76790702.143,-131155408.712,4942.575,1919,22.850,i,I11,1921
60879.2950924,5.2891524,12.8318144,76790702.143,-131155408.712,4942.575,1918,21.500,i,I11,1920
60879.2955409,5.2897211,12.8318207,76791686.270,-131154816.617,4936.849,1920,23.828,i,I11,1922
60879.3295072,19.0348857,-1.1916899,76866084.391,-131109914.471,4486.574,1925,20.178,z,I11,1927
60879.3304270,19.0358431,-1.1917542,76868095.230,-131108697.157,4474.025,1927,20.169,z,I11,1929
60879.3821704,10.0532386,-44.6033016,76980895.036,-131040140.025,3759.113,1941,30.617,g,I11,1943
60879.3826060,10.0520499,-44.6027192,76981841.976,-131039562.480,3753.129,1942,21.500,g,I11,1944
60879.3821704,11.1340977,-43.3310228,76980895.036,-131040140.025,3759.113,1940,18.834,g,I11,1942
60879.3826060,11.1347596,-43.3313209,76981841.976,-131039562.480,3753.129,1943,18.798,g,I11,1945
60879.3830437,10.0508530,-44.6021326,76982793.318,-131038982.222,3747.120,1944,26.662,g,I11,1946
60879.3830437,11.1354261,-43.3316211,76982793.318,-131038982.222,3747.120,1945,18.809,g,I11,1947
60879.3834804,10.0496590,-44.6015472,76983742.517,-131038403.241,3741.126,1947,27.703,g,I11,1949
60879.3834804,11.1360910,-43.3319206,76983742.517,-131038403.241,3741.126,1946,18.877,g,I11,1948
60879.3856558,10.0437168,-44.5986312,76988470.130,-131035519.113,3711.309,1948,26.878,u,I11,1950
60879.3856558,11.1394005,-43.3334107,76988470.130,-131035519.113,3711.309,1949,22.272,u,I11,1951
60879.3861850,10.0422718,-44.5979214,76989619.954,-131034817.543,3704.066,1951,26.790,u,I11,1953
60879.3861850,11.1402054,-43.3337730,76989619.954,-131034817.543,3704.066,1950,22.329,u,I11,1952
60879.3883454,11.1434936,-43.3352524,76994313.635,-131031953.240,3674.538,1952,18.335,i,I11,1954
60879.3887820,10.0351791,-44.5944334,76995261.958,-131031374.445,3668.580,1954,21.500,i,I11,1956
60879.3887820,11.1441570,-43.3355508,76995261.958,-131031374.445,3668.580,1953,18.299,i,I11,1955
60879.3892198,10.0339830,-44.5938446,76996212.823,-131030794.070,3662.609,1955,27.545,i,I11,1957
60879.3896551,10.0327953,-44.5932597,76997158.337,-131030216.935,3656.674,1957,21.500,i,I11,1959
60879.3896551,11.1454854,-43.3361482,76997158.337,-131030216.935,3656.674,1956,18.454,i,I11,1958
60879.3923633,10.0254028,-44.5896150,77003039.688,-131026626.381,3619.824,1958,25.790,u,I11,1960
60879.3923633,11.1496060,-43.3380004,77003039.688,-131026626.381,3619.824,1959,22.429,u,I11,1961
60879.3928923,10.0239590,-44.5889023,77004188.257,-131025925.059,3612.641,1961,21.500,u,I11,1963
60879.3928923,11.1504110,-43.3383621,77004188.257,-131025925.059,3612.641,1960,22.451,u,I11,1962
60879.3934221,10.0225126,-44.5881880,77005338.614,-131025222.607,3605.452,1963,21.500,u,I11,1965
60879.3934221,11.1512175,-43.3387244,77005338.614,-131025222.607,3605.452,1962,22.341,u,I11,1964
60880.1824779,272.6915646,-18.9822894,78714383.193,-129997723.923,5989.802,1964,18.797,i,I11,1966
60880.2165898,272.7283878,-18.9644777,78789075.289,-129951954.109,5730.306,1966,19.565,z,I11,1968
60880.1910035,259.5882505,-25.0136637,78733066.103,-129986307.258,5932.972,1965,17.448,i,I11,1967
60880.2251366,259.6273141,-25.0271888,78807762.190,-129940449.962,5652.521,1967,17.853,z,I11,1969
60880.2606374,343.6654994,-5.0990213,78885242.270,-129892526.424,5282.000,1980,21.500,g,I11,1982
60880.2610915,343.6659773,-5.0988046,78886231.568,-129891912.210,5276.815,1981,21.500,g,I11,1983
60880.2954600,6.6408760,-6.2949289,78960996.103,-129845332.257,4858.013,1988,22.342,r,I11,1990
60880.3399948,6.7049273,-6.2432735,79057479.752,-129784781.715,4261.075,2002,21.810,r,I11,2004
60880.3240467,13.4399779,3.6442707,79022982.126,-129806484.334,4479.400,1998,21.500,i,I11,2000
60880.3245083,13.4406185,3.6445334,79023981.510,-129805856.411,4473.134,1999,25.808,i,I11,2001
60880.3598847,12.6791198,-43.9905989,79100418.534,-129757694.348,3985.789,2005,19.075,g,I11,2007
60880.3607972,12.6805221,-43.9912102,79102386.229,-129756451.208,3973.143,2007,19.179,g,I11,2009
60880.3696080,12.6940689,-43.9971087,79121374.678,-129744446.984,3851.200,2015,19.676,g,I11,2017
60880.3700655,12.6947730,-43.9974149,79122360.027,-129743823.684,3844.880,2016,19.823,g,I11,2018
60880.3714485,12.6968991,-43.9983394,79125338.678,-129741939.264,3825.785,2017,20.119,g,I11,2019
60880.3853787,12.7183112,-44.0076326,79155316.010,-129722956.619,3634.550,2026,19.147,r,I11,2028
60880.3603419,7.7929575,-43.3214927,79101404.453,-129757071.489,3979.452,2006,21.500,g,I11,2008
60880.3617632,7.7894889,-43.3197016,79104469.002,-129755135.196,3959.758,2008,25.486,g,I11,2010
60880.3627045,7.7871896,-43.3185135,79106498.148,-129753852.904,3946.719,2009,25.616,g,I11,2011
60880.3631619,7.7860742,-43.3179368,79107484.109,-129753229.779,3940.383,2010,25.762,g,I11,2012
60880.3654615,7.7804608,-43.3150322,79112440.695,-129750096.658,3908.543,2011,24.635,g,I11,2013
60880.3668401,7.7770979,-43.3132901,79115411.395,-129748218.385,3889.467,2012,25.183,g,I11,2014
60880.3672984,7.7759803,-43.3127107,79116398.845,-129747593.978,3883.128,2013,25.421,g,I11,2015
60880.3686803,7.7726082,-43.3109616,79119376.096,-129745711.112,3864.021,2014,21.500,g,I11,2016
60880.3719122,7.7647232,-43.3068655,79126337.388,-129741307.364,3819.385,2018,24.349,g,I11,2020
60880.3723770,7.7635889,-43.3062756,79127338.424,-129740673.956,3812.972,2019,21.500,g,I11,2021
60880.3751767,7.7567600,-43.3027197,79133366.199,-129736859.089,3774.389,2020,23.530,r,I11,2022
60880.3756350,7.7556431,-43.3021374,79134352.851,-129736234.530,3768.080,2021,23.650,r,I11,2023
60880.3760900,7.7545336,-43.3015589,79135332.173,-129735614.576,3761.819,2022,23.205,r,I11,2024
60880.3774729,7.7511616,-43.2997994,79138308.796,-129733730.034,3742.802,2023,23.796,r,I11,2025
60880.3816767,7.7409147,-43.2944421,79147354.011,-129728001.471,3685.135,2024,24.174,r,I11,2026
60880.3825981,7.7386705,-43.2932667,79149335.935,-129726745.892,3672.527,2025,22.651,r,I11,2027
60880.3862986,7.7296553,-43.2885368,79157294.007,-129721703.001,3622.013,2027,23.414,r,I11,2029
60880.3872195,7.7274126,-43.2873582,79159273.876,-129720448.067,3609.476,2028,22.595,r,I11,2030
60880.3876726,7.7263096,-43.2867783,79160247.918,-129719830.627,3603.312,2029,23.181,r,I11,2031
60880.3881363,7.7251824,-43.2861853,79161244.867,-129719198.633,3597.008,2030,23.227,r,I11,2032
60880.3885915,7.7240722,-43.2856012,79162223.357,-129718578.311,3590.823,2031,24.063,r,I11,2033
60880.3927641,7.7139194,-43.2802500,79171190.402,-129712892.156,3534.303,2032,26.091,u,I11,2034
60880.3949962,7.7084906,-43.2773818,79175985.554,-129709850.443,3504.207,2033,26.211,u,I11,2035
60880.3961593,7.7056628,-43.2758858,79178483.802,-129708265.451,3488.564,2034,19.987,u,I11,2036
60885.1045379,231.8282668,-39.7010058,89064925.467,-123043066.135,6162.390,2035,21.500,i,I11,2037
60885.1098632,231.8309935,-39.7060468,89075990.253,-123035061.819,6156.113,2037,21.500,r,I11,2039
60885.1108480,231.8314985,-39.7069790,89078036.460,-123033580.754,6154.682,2038,21.500,r,I11,2040
60885.1225067,231.8374909,-39.7180045,89102255.356,-123016030.807,6131.382,2040,25.426,i,I11,2042
60885.1234815,231.8379933,-39.7189259,89104279.989,-123014561.980,6128.904,2041,21.500,i,I11,2043
60885.1287492,231.8407109,-39.7239016,89115219.688,-123006620.854,6114.110,2043,25.716,r,I11,2045
60885.1066001,235.7890527,-32.9040852,89069210.289,-123039967.370,6160.251,2036,25.839,i,I11,2038
60885.1128835,235.8001116,-32.9029977,89082265.417,-123030518.963,6151.459,2039,24.912,r,I11,2041
60885.1254910,235.8223108,-32.9008034,89108453.476,-123011533.368,6123.540,2042,26.572,i,I11,2044
60885.1317239,235.8332931,-32.8997125,89121396.441,-123002133.682,6104.712,2044,26.349,r,I11,2046
60885.3485844,331.0593648,-22.0101395,89567979.453,-122670641.511,3894.460,2048,20.647,i,I11,2050
60885.3722050,331.0831563,-22.0238702,89616002.683,-122634239.939,3569.906,2061,21.898,z,I11,2063
60885.3545831,314.6617888,-11.0254557,89580188.210,-122661397.915,3811.591,2051,20.771,i,I11,2053
60885.3550341,314.6627069,-11.0239066,89581105.866,-122660702.828,3805.368,2052,20.298,i,I11,2054
60885.3568740,308.7881408,-9.3367186,89584848.654,-122657867.387,3779.996,2053,19.093,i,I11,2055
60885.3573432,308.7893726,-9.3360597,89585802.845,-122657144.406,3773.530,2054,19.149,i,I11,2056
60885.3808674,308.8514113,-9.3029983,89633580.558,-122620889.493,3452.726,2062,19.561,z,I11,2064
60885.3614491,303.2825214,-19.2114613,89594151.608,-122650816.740,3717.025,2056,20.741,i,I11,2058
60885.3849195,303.3067367,-19.2306433,89641796.912,-122614644.716,3398.420,2064,21.643,z,I11,2066
60885.3867596,313.5117927,-23.3869112,89645526.663,-122611809.052,3373.881,2066,21.167,z,I11,2068
60885.3872080,313.5112615,-23.3868308,89646435.475,-122611118.015,3367.913,2067,21.228,z,I11,2069
60894.3496345,56.8696346,-49.9882434,106801302.971,-107740236.200,2831.517,2072,20.029,i,I11,2074
60894.3500711,56.8705735,-49.9883683,106802079.372,-107739435.993,2825.524,2073,19.989,i,I11,2075
60894.3505075,56.8715145,-49.9884934,106802855.591,-107738635.925,2819.535,2074,19.977,i,I11,2076
60894.3579485,334.3322887,-20.1855778,106816081.923,-107724996.182,2717.978,2075,20.290,i,I11,2077
60894.3886792,334.2952642,-20.2047919,106870565.322,-107668680.788,2313.504,2078,20.401,r,I11,2080
60894.3683946,327.6790516,-18.9891264,106834627.274,-107705849.587,2577.457,2076,16.779,i,I11,2078
60894.3831200,327.6638226,-18.9758872,106860725.769,-107678865.372,2384.495,2077,17.082,r,I11,2079
60897.2986261,9.4893755,-42.0430307,111932564.239,-102298226.814,2838.740,2079,25.926,y,I11,2081
60897.3013886,9.4948373,-42.0433301,111937250.801,-102292919.877,2800.023,2080,23.754,y,I11,2082
60897.3018470,9.4957424,-42.0433793,111938028.287,-102292039.232,2793.595,2081,25.605,y,I11,2083
60897.3045914,9.5011634,-42.0436719,111942681.772,-102286766.891,2755.091,2082,23.307,y,I11,2084
60897.3050488,9.5020679,-42.0437203,111943457.318,-102285887.971,2748.670,2083,21.500,y,I11,2085
60897.3055085,9.5029764,-42.0437688,111944236.517,-102285004.842,2742.217,2084,21.500,y,I11,2086
60897.3059658,9.5038788,-42.0438169,111945011.742,-102284126.152,2735.797,2085,24.775,y,I11,2087
60897.3068926,9.5057092,-42.0439142,111946582.509,-102282345.537,2722.784,2086,21.500,y,I11,2088
60897.3078152,9.5075294,-42.0440104,111948145.924,-102280572.985,2709.830,2087,22.865,y,I11,2089
60897.3091841,9.5102316,-42.0441525,111950465.364,-102277942.776,2690.606,2088,25.910,y,I11,2090
60897.3101229,9.5120846,-42.0442493,111952055.821,-102276138.881,2677.420,2089,21.500,y,I11,2091
60897.3169152,9.5254806,-42.0449357,111963555.786,-102263087.428,2582.054,2090,24.200,i,I11,2092
60897.3187425,9.5290838,-42.0451162,111966647.592,-102259576.071,2556.420,2091,23.457,i,I11,2093
60897.3252041,9.5418126,-42.0457393,111977573.940,-102247158.960,2465.919,2092,23.337,i,I11,2094
60897.3261757,9.5437267,-42.0458311,111979216.106,-102245291.666,2452.336,2093,22.775,i,I11,2095
60897.3266179,9.5445971,-42.0458727,111979963.277,-102244441.972,2446.158,2094,23.475,i,I11,2096
60897.3270841,9.5455146,-42.0459164,111980751.158,-102243545.919,2439.644,2095,21.500,i,I11,2097
60897.3300569,9.5513675,-42.0461924,111985773.079,-102237833.026,2398.167,2096,22.589,z,I11,2098
60897.3305166,9.5522729,-42.0462347,111986549.528,-102236949.516,2391.761,2097,22.959,z,I11,2099
60897.3332910,9.5577324,-42.0464872,111991234.103,-102231617.718,2353.151,2098,21.500,z,I11,2100
60897.3404652,9.5718458,-42.0471207,112003338.865,-102217830.498,2253.791,2099,24.019,z,I11,2101
60897.3437427,9.5782924,-42.0474008,112008864.652,-102211531.955,2208.668,2100,24.225,z,I11,2102
60898.2127169,299.0363880,-20.4018146,113466893.436,-100561768.185,3710.717,2101,24.841,y,I11,2103
60898.2811254,298.9645040,-20.3819530,113581611.724,-100428664.908,2824.520,2108,27.650,y,I11,2110
60898.2155343,308.8725480,-17.5226514,113471639.214,-100556297.018,3677.689,2102,21.714,y,I11,2104
60898.2314409,308.8410818,-17.5374221,113498400.395,-100525387.924,3484.413,2104,22.055,y,I11,2106
60898.2774224,308.7511380,-17.5795313,113575430.481,-100435880.998,2875.737,2106,22.090,y,I11,2108
60898.2961481,308.7150465,-17.5964500,113606653.166,-100399382.068,2614.996,2109,22.391,y,I11,2111
60898.2174964,308.2618226,-16.6652243,113474943.238,-100552486.162,3654.463,2103,20.380,y,I11,2105
60898.2314409,308.2382541,-16.6674930,113498400.395,-100525387.924,3484.413,2105,20.141,y,I11,2107
60898.2774224,308.1607180,-16.6748538,113575430.481,-100435880.998,2875.737,2107,19.721,y,I11,2109
60898.2961481,308.1292476,-16.6778032,113606653.166,-100399382.068,2614.996,2110,19.606,y,I11,2112
60898.2970879,308.1276698,-16.6779506,113608217.876,-100397549.769,2601.822,2111,19.683,y,I11,2113
60898.3125485,308.6837378,-17.6111701,113633926.765,-100367402.338,2384.709,2113,20.549,i,I11,2115
60898.3134721,308.1002010,-16.6805100,113635460.698,-100365601.126,2371.739,2114,18.115,i,I11,2116
60898.3242809,308.0821139,-16.6821892,113653396.082,-100344520.786,2220.279,2115,18.496,z,I11,2117
60898.3242809,308.6615278,-17.6216479,113653396.082,-100344520.786,2220.279,2116,21.110,z,I11,2118
60898.2998179,298.9450245,-20.3764773,113612761.843,-100392227.031,2563.527,2112,21.500,y,I11,2114
60900.3804686,324.9067967,-8.5254851,117000558.345,-96338115.237,953.023,2117,21.368,i,I11,2119
60900.3915292,324.9022984,-8.5126793,117018000.722,-96315950.550,818.584,2119,21.025,r,I11,2121
60900.3826862,332.0688323,-14.5490535,117004057.532,-96333670.772,925.643,2118,23.020,i,I11,2120
60900.3937622,332.0737763,-14.5651150,117021518.758,-96311477.002,792.113,2120,22.635,r,I11,2122
60901.3356090,332.5400325,-15.9498744,118508919.579,-94439418.687,1293.286,2122,22.522,r,I11,2124
60901.3476577,332.5452044,-15.9674056,118527638.350,-94414921.971,1130.110,2124,21.452,i,I11,2126
60901.3576244,332.5495239,-15.9818961,118543095.916,-94394661.611,997.955,2127,22.644,i,I11,2129
60901.3594244,332.5503077,-15.9845105,118545884.979,-94391003.066,974.404,2128,22.609,i,I11,2130
60901.3598665,332.5505009,-15.9851543,118546569.941,-94390104.436,968.635,2129,22.618,i,I11,2131
60901.3709314,332.5553535,-16.0012275,118563697.186,-94367618.089,826.438,2132,22.535,r,I11,2134
60901.3804673,332.5595772,-16.0150695,118578434.959,-94348244.803,707.594,2134,21.772,r,I11,2136
60901.3917331,332.5646205,-16.0314149,118595819.981,-94325365.292,572.215,2137,22.666,i,I11,2139
60901.3383239,320.0166935,-11.9082467,118513140.622,-94433898.506,1256.234,2123,16.407,r,I11,2125
60901.3503952,320.0022844,-11.8944849,118531886.498,-94409356.648,1093.531,2125,16.652,i,I11,2127
60901.3513070,320.0011969,-11.8934448,118533300.955,-94407503.155,1081.393,2126,16.701,i,I11,2128
60901.3652789,319.9845560,-11.8775051,118554951.356,-94379104.380,898.541,2130,17.035,i,I11,2132
60901.3657385,319.9840088,-11.8769802,118555662.685,-94378170.460,892.635,2131,17.079,i,I11,2133
60901.3767904,319.9708747,-11.8643645,118572754.781,-94355714.110,752.982,2133,17.051,r,I11,2135
60901.3844650,339.1032519,-4.8580979,118584607.179,-94340125.009,658.901,2136,19.101,r,I11,2138
60901.3957356,339.0911623,-4.8595546,118601989.700,-94317239.281,525.547,2138,19.138,i,I11,2140
60902.1412165,326.7039653,-7.9521291,119754635.595,-92823075.202,3450.063,2144,16.079,r,I11,2146
60902.1873000,326.7246766,-7.9960133,119826553.750,-92728808.468,3014.497,2148,16.250,i,I11,2150
60902.1436006,319.0746706,-10.9864625,119758365.286,-92818207.757,3431.011,2145,16.977,r,I11,2147
60902.1887735,319.0194439,-10.9342154,119828846.633,-92725788.521,2998.425,2149,16.286,i,I11,2151
60902.1892895,319.0188127,-10.9336177,119829649.559,-92724730.774,2992.767,2150,16.249,i,I11,2152
60902.1567466,358.8278003,0.3515941,119778914.011,-92791349.657,3318.770,2146,18.036,i,I11,2148
60902.1658723,358.8406603,0.3645133,119793161.243,-92772686.561,3233.981,2147,18.160,r,I11,2149
60904.1639891,9.6863159,-45.7979155,122791526.247,-88675209.679,2852.217,2151,20.181,g,I11,2153
60904.1644293,9.6869557,-45.7980654,122792182.620,-88674285.885,2847.908,2152,20.137,g,I11,2154
60904.1859351,345.5905047,-10.8582494,122824203.667,-88629115.776,2623.368,2154,20.812,i,I11,2156
60904.2442432,345.5802731,-10.9208348,122910519.398,-88506328.495,1903.189,2156,20.580,r,I11,2158
60904.2567419,345.5780580,-10.9342385,122928917.325,-88479962.643,1734.174,2159,20.718,i,I11,2161
60904.2214739,359.3352919,1.8344214,122876905.969,-88554324.125,2200.199,2155,23.735,r,I11,2157
60904.2493858,359.3631880,1.8143515,122918093.939,-88495481.665,1834.068,2158,23.725,r,I11,2160
60904.2620157,359.3757347,1.8052703,122936668.680,-88468834.208,1661.921,2161,24.412,i,I11,2163
60904.2447225,346.9712559,-9.4300540,122911225.665,-88505317.597,1896.774,2157,24.231,r,I11,2159
60904.2572441,346.9931666,-9.4408117,122929655.723,-88478903.052,1727.315,2160,25.718,i,I11,2162
60904.2750774,307.1241879,-14.7926278,122955836.566,-88441265.027,1481.236,2162,18.796,i,I11,2164
60904.2933685,307.1095910,-14.7795999,122982606.096,-88402645.257,1225.964,2166,19.171,r,I11,2168
60904.2787156,298.2558826,-17.4383725,122961167.966,-88433584.302,1430.588,2163,18.076,i,I11,2165
60904.2969802,298.2257501,-17.4396964,122987881.826,-88395018.405,1175.502,2168,18.089,r,I11,2170
60904.2823266,300.2323675,-21.8180071,122966456.124,-88425960.541,1380.231,2164,21.686,i,I11,2166
60904.2827886,300.2318211,-21.8182238,122967132.484,-88424985.075,1373.783,2165,21.105,i,I11,2167
60904.3432428,327.7760279,-10.0240809,123055169.278,-88297322.549,541.757,2169,16.391,r,I11,2171
60904.3866411,327.7960143,-10.0641199,123117820.172,-88205746.614,0.588,2170,16.705,z,I11,2172
60914.3358059,337.4006746,-13.5607028,135816754.588,-66333894.479,-433.700,2174,21.500,i,I11,2176
60914.3470299,337.4049007,-13.5805326,135828777.381,-66307717.240,-571.403,2176,21.500,r,I11,2178
60914.3358059,337.8023097,-14.5669807,135816754.588,-66333894.479,-433.700,2173,18.630,i,I11,2175
60914.3470299,337.8134998,-14.5836176,135828777.381,-66307717.240,-571.403,2175,18.342,r,I11,2177
60914.3493397,337.4057762,-13.5846125,135831247.980,-66302331.331,-599.083,2177,25.498,r,I11,2179
60914.3605212,337.4100424,-13.6043543,135843190.761,-66276265.445,-729.604,2180,26.070,i,I11,2182
60914.3691308,337.8357770,-14.6162811,135852367.882,-66256202.856,-825.894,2181,18.573,i,I11,2183
60914.3796330,337.4174494,-13.6380786,135863540.960,-66231740.764,-937.942,2184,25.818,r,I11,2186
60914.3796330,337.8464836,-14.6317605,135863540.960,-66231740.764,-937.942,2185,18.215,r,I11,2187
60914.3529326,339.3058657,-3.0733192,135835088.551,-66293954.510,-641.663,2178,21.500,r,I11,2180
60914.3750011,339.3446265,-3.1777163,135858615.930,-66242528.219,-889.284,2183,21.500,i,I11,2185
60914.3855548,339.3633501,-3.2277490,135869831.061,-66217953.034,-998.331,2186,24.847,r,I11,2188
60914.3722820,350.6543107,-8.1266055,135855722.747,-66248861.825,-860.157,2182,24.470,i,I11,2184
60914.3896505,350.6292340,-8.1245842,135874177.515,-66208419.244,-1038.864,2187,21.500,r,I11,2189
60915.1567760,335.6602394,-6.7241975,136695725.874,-64441440.788,1813.080,2189,18.946,i,I11,2191
60915.1739345,335.6440641,-6.7311308,136714167.891,-64401195.325,1616.567,2190,25.108,i,I11,2192
60915.1811884,335.6372177,-6.7340621,136721944.702,-64384169.804,1529.326,2191,28.182,z,I11,2193
60924.2953726,355.9506421,2.1345008,144659462.970,-42562219.449,-1804.147,2193,21.500,i,I11,2195
60924.3018781,355.9593327,2.1370130,144663828.035,-42546033.275,-1888.896,2194,21.500,z,I11,2196
60924.3268388,355.9928354,2.1466200,144680482.352,-42483957.944,-2199.195,2196,26.378,i,I11,2198
60932.2871804,340.5008656,-6.9596223,148782408.177,-22581414.283,-3770.327,2199,19.494,r,I11,2201
60932.2990260,340.5055232,-6.9472343,148786304.582,-22551054.926,-3916.329,2200,21.500,r,I11,2202
60932.3482693,348.3364506,-8.0364704,148802167.088,-22425008.907,-4448.472,2201,15.528,z,I11,2203
60932.3533707,348.3343398,-8.0454361,148803782.109,-22411968.791,-4495.401,2202,14.858,z,I11,2204
60932.3602275,348.3315106,-8.0574872,148805945.280,-22394447.816,-4555.730,2203,14.394,i,I11,2205
60937.2609883,8.2136668,-45.8051994,149962871.174,-9905556.913,-4117.311,2204,21.500,i,I11,2206
60937.2659320,8.2002715,-45.8049252,149963440.891,-9892758.174,-4180.765,2205,21.500,i,I11,2207
60937.2663928,8.1990227,-45.8048989,149963493.682,-9891565.436,-4186.637,2206,21.500,i,I11,2208
60938.1440919,317.7366827,-20.9624985,150059221.605,-7647872.135,-2626.100,2207,24.860,i,I11,2209
60938.1601305,317.8208409,-21.0087142,150060816.282,-7606296.905,-2839.366,2211,23.371,z,I11,2213
60938.1802763,317.9266211,-21.0663911,150062725.767,-7554057.237,-3114.537,2216,25.414,i,I11,2218
60938.1530842,304.7469466,-23.1785949,150060123.713,-7624564.413,-2744.884,2209,21.500,i,I11,2211
60938.1690629,304.7584470,-23.1960525,150061675.909,-7583136.395,-2960.595,2213,23.347,z,I11,2215
60938.1535542,299.4746956,-22.1580262,150060170.311,-7623345.810,-2751.151,2210,23.337,i,I11,2212
60938.1695127,299.4775642,-22.1383342,150061718.653,-7581969.999,-2966.736,2215,21.500,z,I11,2217
60939.1584308,303.3373848,-22.4717725,150127616.873,-5047864.873,-2909.789,2217,21.922,z,I11,2219
60939.1729803,303.3589414,-22.4649778,150128362.943,-5010110.037,-3108.154,2219,22.136,i,I11,2221
60940.1055857,299.8969378,-19.8537039,150149672.018,-2620597.528,-2326.385,2223,21.500,i,I11,2225
60940.1334807,299.9022229,-19.8217644,150150177.729,-2548261.837,-2672.843,2226,21.500,z,I11,2228
60940.1084001,306.8667252,-23.8750593,150149731.409,-2613302.725,-2359.907,2224,19.385,i,I11,2226
60940.1362388,306.8572041,-23.8269000,150150217.469,-2541105.897,-2708.623,2228,19.714,z,I11,2230
