detid,mjd,ra,dec,mag,band1,obscode,ObjID
0,60795.033979226006,188.20654809984887,6.165953348204402,20.251544120618483,r,I11,K25F28Z
1,60795.035448367766,188.20675020690527,6.1677321301627615,20.311247319567848,r,I11,K25F28Z
2,60795.071146279304,188.2115414216229,6.210936159591174,20.429416307534513,r,I11,K25F28Z
3,60795.09297099848,188.21439227329293,6.237327661923538,20.375952373251874,r,I11,K25F28Z
4,60795.154893607265,188.2224664617137,6.312105093018792,20.8252084634724,g,I11,K25F28Z
5,60795.16655930801,188.22402661100023,6.326174463563271,20.786072226433618,g,I11,K25F28Z
6,60795.16754664082,188.22415978805608,6.32736586368941,20.9007221121973,g,I11,K25F28Z
7,60795.19716710158,188.228245864522,6.363066517124664,24.19854289429768,u,I11,K25F28Z
8,60795.20312092577,188.22909264443123,6.37023891996351,23.79442550643898,u,I11,K25F28Z
9,60795.20489180858,188.22934638891,6.37237208970996,25.562549020667113,u,I11,K25F28Z
10,60795.22306509908,210.21254485418828,-7.160357018519572,19.606759734042946,g,I11,K25H06Z
11,60795.223546736845,210.2133760961559,-7.161069001822632,19.44648584042596,g,I11,K25H06Z
12,60795.224036145846,210.21421950121453,-7.161791302919624,19.479152692596312,g,I11,K25H06Z
13,60795.224521073935,210.215056100524,-7.162507675149088,19.277919728274647,g,I11,K25H06Z
14,60795.22500469281,210.215891067074,-7.163222549031158,19.57416228792796,g,I11,K25H06Z
15,60795.225491903446,210.21673130276508,-7.1639418325447775,20.01710216339756,g,I11,K25H06Z
16,60795.22645526239,210.2183930772699,-7.16536409160343,20.56479016221118,g,I11,K25H06Z
17,60795.22693628171,210.2192232429704,-7.166074451943525,20.80474918543871,g,I11,K25H06Z
18,60795.2274276243,210.22007249171588,-7.166801036040137,20.989977753252212,g,I11,K25H06Z
19,60795.22794543546,210.22096500109248,-7.167564516833252,20.487478455466047,g,I11,K25H06Z
20,60795.228429300325,210.2218006426984,-7.168279243305027,20.144618819041142,g,I11,K25H06Z
21,60795.22891758583,210.222645016504,-7.169001331955131,20.02647227743592,g,I11,K25H06Z
22,60795.22988416246,210.2243133418386,-7.17042772766775,19.93061200863086,g,I11,K25H06Z
23,60795.23085054934,210.2259837956345,-7.171855517821645,19.50606931544577,g,I11,K25H06Z
24,60795.23181610143,210.2276512001074,-7.173280272789997,19.349220708834984,g,I11,K25H06Z
25,60795.23230097155,210.2284893763089,-7.173996309955204,19.25617883610243,g,I11,K25H06Z
26,60795.232792397044,210.2293380290466,-7.174721185033854,19.24124917616224,g,I11,K25H06Z
27,60795.23375175837,210.23099762060767,-7.176138394109704,19.872510840721276,g,I11,K25H06Z
28,60795.23422928006,210.2318223856209,-7.1768425401981455,19.939722147172105,g,I11,K25H06Z
29,60795.23472421402,210.23267838307493,-7.177573236324416,20.5642214241143,g,I11,K25H06Z
30,60795.23520584323,210.23351200819693,-7.178284722091468,21.5,g,I11,K25H06Z
31,60795.23572735395,210.2344132053348,-7.179053753548555,20.176684477123178,g,I11,K25H06Z
32,60795.236213719356,210.2352557058585,-7.179772577650123,19.8471732713643,g,I11,K25H06Z
33,60795.23669797073,210.2360931261571,-7.180486952870972,19.5671169950202,g,I11,K25H06Z
34,60795.241577948436,210.24454283434767,-7.18768861376355,20.087997578747363,i,I11,K25H06Z
35,60795.24256093927,210.24624632105727,-7.1891390291213,20.442199292261183,i,I11,K25H06Z
36,60795.24304912173,210.247092180918,-7.18985904171509,20.226959741835888,i,I11,K25H06Z
37,60795.24353407124,210.24793296102075,-7.190574607534365,19.65258711958809,i,I11,K25H06Z
38,60795.24401709043,210.24877039496027,-7.191287203344413,19.420859637288657,i,I11,K25H06Z
39,60795.24450443195,210.24961488561,-7.192005679886403,19.137807235905548,i,I11,K25H06Z
40,60795.24498706988,210.25045256258767,-7.192718235963396,19.002684305255748,i,I11,K25H06Z
41,60795.2454731382,210.2512955653357,-7.193435197614551,19.107548976354273,i,I11,K25H06Z
42,60795.24648463869,210.25305135309665,-7.194928065873283,19.278491789677325,i,I11,K25H06Z
43,60795.246970551874,210.25389474193608,-7.195644966818055,19.459981433774843,i,I11,K25H06Z
44,60795.247454914715,210.25473478483687,-7.196358897112719,19.391380204235674,i,I11,K25H06Z
45,60795.24794015831,210.2555766894349,-7.197074282421751,19.136126425743605,i,I11,K25H06Z
46,60795.248429749314,210.2564274031708,-7.197797023223046,19.083766636782414,i,I11,K25H06Z
47,60795.249877397415,210.258940378226,-7.199931204111119,19.97411655462294,i,I11,K25H06Z
48,60795.250355775715,210.25977250195376,-7.200637643179107,20.10940493495508,i,I11,K25H06Z
49,60795.25084193417,210.2606169161492,-7.201354386255154,20.028874249852887,i,I11,K25H06Z
50,60795.251331385276,210.2614666755744,-7.202075533602402,25.705670810198704,i,I11,K25H06Z
51,60795.25181310077,210.2623044024804,-7.202786338685938,19.158477036366023,i,I11,K25H06Z
52,60795.25280805708,210.2640341512301,-7.204253604566257,18.898822979306424,i,I11,K25H06Z
53,60795.254313923404,210.2666533181292,-7.206474255167273,19.191931196410202,i,I11,K25H06Z
54,60795.25673593052,210.2708683150169,-7.210045192017845,20.04776088221905,r,I11,K25H06Z
55,60795.25724024913,210.27174585936345,-7.210788217504662,20.275844666912548,r,I11,K25H06Z
56,60795.26236651189,210.280681523802,-7.218345572993547,19.13975757058836,r,I11,K25H06Z
57,60795.26286838956,210.28155556901297,-7.219083950054332,19.34912353777613,r,I11,K25H06Z
58,60795.26382772695,210.2832308283005,-7.220498749280376,19.43896621488876,r,I11,K25H06Z
59,60795.26479390892,210.28491714938235,-7.221922318806673,19.523520231773254,r,I11,K25H06Z
60,60795.26527837599,210.28576227958493,-7.222635549505708,24.98696291217369,r,I11,K25H06Z
61,60795.26626524911,210.28748618397177,-7.224089953024171,19.957683079282297,r,I11,K25H06Z
62,60795.266744298635,210.28832303818385,-7.224795761296243,19.81329987913358,r,I11,K25H06Z
63,60795.26722856122,210.2891705264611,-7.225510391898803,19.420948751664564,r,I11,K25H06Z
64,60795.26771444275,210.29001816938333,-7.226225005032002,19.169900175587344,r,I11,K25H06Z
65,60795.26819549549,210.2908589732316,-7.226933705867374,18.963349910569427,r,I11,K25H06Z
66,60795.26870363194,210.29174888942327,-7.227683643330117,18.791159438807448,r,I11,K25H06Z
67,60795.269670466936,210.29344002692835,-7.22910832106726,18.63915020242259,r,I11,K25H06Z
68,60795.27163730924,210.29688019745865,-7.23200460397887,20.11653997105868,r,I11,K25H06Z
69,60795.272125816686,210.2977362717435,-7.23272494672147,20.456401400059434,r,I11,K25H06Z
70,60795.27263440484,210.2986257802528,-7.233473258386183,20.35981688410529,r,I11,K25H06Z
71,60795.2731280759,210.299490944753,-7.234200929267224,20.174285808342443,r,I11,K25H06Z
72,60795.27364305496,210.30039306593363,-7.2349595140139265,20.00045005153914,r,I11,K25H06Z
73,60795.274180269815,210.30133391950227,-7.235750483521941,19.698628112707183,r,I11,K25H06Z
74,60795.27514615387,210.30302690776887,-7.23717329053876,24.354334510810016,r,I11,K25H06Z
75,60795.27565962705,210.30392799741404,-7.237930325715678,18.990193337506717,r,I11,K25H06Z
76,60795.27662706212,210.30562374031848,-7.239354500414361,18.761283933561522,r,I11,K25H06Z
77,60795.277110393756,210.3064709813528,-7.24006582519175,18.751329817317707,r,I11,K25H06Z
78,60795.27759156305,210.3073166335353,-7.240775660603126,18.88527005347747,r,I11,K25H06Z
79,60795.278075275615,210.30816420645093,-7.241486952105045,19.095450704884392,r,I11,K25H06Z
80,60795.278557236365,210.30901019021,-7.242196753720694,19.52428977957244,r,I11,K25H06Z
81,60795.27904071541,210.3098598518614,-7.242909483681539,19.683148076711667,r,I11,K25H06Z
82,60795.279520793134,210.31070265787872,-7.243616306573913,19.639809259761865,r,I11,K25H06Z
83,60795.28004798071,210.31162818049123,-7.244392320332055,19.286730557492817,r,I11,K25H06Z
84,60795.28101158528,210.3133216878662,-7.245811770005933,19.42784871416778,r,I11,K25H06Z
85,60795.28149019893,210.3141616665561,-7.24651558106908,19.489370184566816,r,I11,K25H06Z
86,60795.28199916378,210.31505630399005,-7.24726501822785,19.330025422782384,r,I11,K25H06Z
87,60795.28251357034,210.31596168120927,-7.248023271034483,19.338553590734733,r,I11,K25H06Z
88,60795.28352068151,210.3177325675005,-7.249505859002422,19.15590909635089,r,I11,K25H06Z
89,60795.28402359937,210.31861741303288,-7.250246390024614,18.971640698969708,r,I11,K25H06Z
90,60795.284503003044,210.3194602151642,-7.250951571535368,18.8095507887587,r,I11,K25H06Z
91,60795.28599789554,210.32209177873943,-7.253152400197514,19.13190834300853,r,I11,K25H06Z
92,60795.28750249794,210.32474265185544,-7.25536779472128,20.412519406022735,r,I11,K25H06Z
93,60795.28798884268,210.32559904998072,-7.256083164753559,20.297720509259637,r,I11,K25H06Z
94,60795.29044170493,210.32992434433908,-7.259693626096439,19.827024531271725,g,I11,K25H06Z
95,60795.29092774997,210.33078184609988,-7.260408899968231,19.725061706285015,g,I11,K25H06Z
96,60795.29877690634,210.3446566379688,-7.27195858779368,19.726848368265426,g,I11,K25H06Z
97,60795.29929326773,210.3455705234516,-7.272717737097698,19.676236602790766,g,I11,K25H06Z
98,60795.29980315984,210.34647399748133,-7.273468042758486,19.720925596485504,g,I11,K25H06Z
99,60795.300309433485,210.34737236924929,-7.274213918547905,19.904645286522104,g,I11,K25H06Z
100,60795.300811763605,210.34826209128312,-7.274952423263376,19.81678272001352,g,I11,K25H06Z
101,60795.30131598622,210.34915556761908,-7.27569385402547,19.900597129033958,g,I11,K25H06Z
102,60795.301820916786,210.35005103005423,-7.276436741382353,20.139867755348636,g,I11,K25H06Z
103,60795.3023468749,210.35098395492645,-7.277210503809294,20.294118581366305,g,I11,K25H06Z
104,60795.302848160805,210.35187275472143,-7.277947474961272,20.904946712764502,g,I11,K25H06Z
105,60795.30335228049,210.3527670897622,-7.278688844253608,20.636774803731193,g,I11,K25H06Z
106,60795.30383428019,210.3536225861656,-7.279397837725911,20.39546327864061,g,I11,K25H06Z
107,60795.304335658264,210.3545137891451,-7.280136235520108,20.211300214567736,g,I11,K25H06Z
108,60795.30481746602,210.3553679109868,-7.280843730245454,19.914311670932626,g,I11,K25H06Z
109,60795.305327031056,210.3562737424222,-7.281593864950637,19.800191764614862,g,I11,K25H06Z
110,60795.30633897756,210.3580718538272,-7.283082323620934,19.659928322866737,g,I11,K25H06Z
111,60795.30682390665,210.3589339067112,-7.283795644254432,19.700516247098715,g,I11,K25H06Z
112,60795.3078362745,210.36073331647705,-7.2852840149888,19.988431620332875,g,I11,K25H06Z
113,60795.30832464758,210.36160310984937,-7.286003176489097,19.782631686568735,g,I11,K25H06Z
114,60795.30882724817,210.3624962423029,-7.286741443101341,19.851887844200174,g,I11,K25H06Z
115,60795.309333922894,210.36339849198848,-7.287487048163829,20.057932575384356,g,I11,K25H06Z
116,60795.30984607275,210.36430986694552,-7.288239992014274,20.407891895179404,g,I11,K25H06Z
117,60797.022785570116,188.6564936178297,8.58708688411284,19.94332885115044,i,I11,K25F28Z
118,60797.023755323855,188.6566678467813,8.588281203480607,20.059668485573802,i,I11,K25F28Z
119,60797.02521468164,188.65692993937128,8.590080601334892,19.86696752312647,i,I11,K25F28Z
120,60797.02762731428,188.6573618461131,8.593053060048057,19.989740190081662,i,I11,K25F28Z
121,60797.03009702377,188.6578027728452,8.596096676771866,19.897703711911127,i,I11,K25F28Z
122,60797.03349711282,188.65840753079303,8.600285734184782,20.09748100287308,i,I11,K25F28Z
123,60797.03495994296,188.65866699938533,8.602088068087616,20.059641983028147,i,I11,K25F28Z
124,60797.037484140346,188.6591136063822,8.605197217915645,19.99796543644426,i,I11,K25F28Z
125,60797.038461740565,188.65928631375456,8.606401857114461,20.01856837618352,i,I11,K25F28Z
126,60797.03989948997,188.6595399126719,8.608172998526621,19.97226680385304,i,I11,K25F28Z
127,60797.0408561427,188.659708287386,8.609350410970956,19.97260450861136,i,I11,K25F28Z
128,60797.04232078805,188.6599659734163,8.611154610187821,20.08741202554989,i,I11,K25F28Z
129,60797.04330823697,188.66013935628985,8.612370066792327,19.933787476613926,i,I11,K25F28Z
130,60797.04479901924,188.66040093801712,8.614206077441619,19.994558446561904,i,I11,K25F28Z
131,60797.04816658249,188.660990374001,8.618352949544384,20.03538313355737,i,I11,K25F28Z
132,60797.055663629835,188.6622957088072,8.627581315515343,19.905554932519912,r,I11,K25F28Z
133,60797.057101502876,188.6625451019328,8.629351031008191,19.93627242618744,r,I11,K25F28Z
134,60797.05806587908,188.66271212295536,8.630537335737342,19.918666627916437,r,I11,K25F28Z
135,60797.05954688984,188.6629684659206,8.632359755956523,19.954007794822566,r,I11,K25F28Z
136,60797.060503599736,188.6631339520657,8.633537306854317,19.978237494042553,r,I11,K25F28Z
137,60797.06195996696,188.6633854937242,8.635328751711217,19.968147635711503,r,I11,K25F28Z
138,60797.062932258326,188.6635532663707,8.636524617583266,19.989232116726733,r,I11,K25F28Z
139,60797.06437614105,188.6638022906965,8.638301086755645,19.908024235703753,r,I11,K25F28Z
140,60797.06777288076,188.6643871378276,8.642479716629847,19.969003483312516,r,I11,K25F28Z
141,60797.06922111231,188.6646360375412,8.644260677979648,20.000274443025763,r,I11,K25F28Z
142,60797.07027024622,188.6648162121225,8.64555081033808,19.94426884765131,r,I11,K25F28Z
143,60797.07171395034,188.6650640458532,8.647326630367086,19.995588015980072,r,I11,K25F28Z
144,60797.072670678564,188.66522818135405,8.648503470290542,19.894695916311804,r,I11,K25F28Z
145,60797.07507846317,188.6656406235365,8.65146314915541,19.93141558492091,r,I11,K25F28Z
146,60797.07653334539,188.66588968715584,8.653252061310244,20.008560322255818,r,I11,K25F28Z
147,60797.077518966034,188.66605836620528,8.654464265377584,19.979203021358664,r,I11,K25F28Z
148,60797.07899360517,188.6663105538456,8.65627754104137,19.948441913007873,r,I11,K25F28Z
149,60797.08243156139,188.66689773267515,8.660503477316784,20.01758381750809,r,I11,K25F28Z
150,60797.08387785754,188.66714445493875,8.662280654505466,19.987271761202308,r,I11,K25F28Z
151,60797.089567470335,188.6681141395568,8.669272543286551,20.512593264636497,g,I11,K25F28Z
152,60797.091006029426,188.6683589532156,8.671039233983171,20.452559671774342,g,I11,K25F28Z
153,60797.09196682747,188.6685225132561,8.672219820768282,20.502165651494117,g,I11,K25F28Z
154,60797.09340405729,188.66876702496955,8.67398506172205,20.520452435451723,g,I11,K25F28Z
155,60797.09437143416,188.66893152615177,8.675172870132066,20.4612243975836,g,I11,K25F28Z
156,60797.09581590492,188.66917729217136,8.676947714244662,20.486275227153968,g,I11,K25F28Z
157,60797.09823170838,188.6695880954807,8.679914902597396,20.51302758265158,g,I11,K25F28Z
158,60797.10162354045,188.6701646932603,8.684080118697176,20.521860986909946,g,I11,K25F28Z
159,60797.10308094823,188.6704123346865,8.685869016002705,20.49492499715296,g,I11,K25F28Z
160,60797.104124323436,188.6705896067988,8.687149521915636,20.48332576710117,g,I11,K25F28Z
161,60797.10557079716,188.6708355472045,8.688925906628773,20.54859680799863,g,I11,K25F28Z
162,60797.10654284942,188.67100076007424,8.690119088949771,20.465060779415705,g,I11,K25F28Z
163,60797.107990947305,188.6712468959789,8.691896472417747,20.523033911831142,g,I11,K25F28Z
164,60797.1089530039,188.6714104348709,8.693077227381792,20.499395534689025,g,I11,K25F28Z
165,60797.110393218994,188.6716552624763,8.69484456510771,20.50321615648444,g,I11,K25F28Z
166,60797.1128222801,188.67206834200832,8.697825412291818,20.575981913735767,g,I11,K25F28Z
167,60797.117650741406,188.67289011268608,8.703750369253616,20.51636384907006,g,I11,K25F28Z
168,60797.118707812566,188.6730701101961,8.70504705469224,20.54545497670822,g,I11,K25F28Z
169,60797.12016275576,188.6733179700857,8.706831871068825,20.488293276562146,g,I11,K25F28Z
170,60797.121134633395,188.6734836108444,8.708024124419447,20.545658768799786,g,I11,K25F28Z
171,60797.12258770633,188.6737313169424,8.709806256049482,20.588482083291982,g,I11,K25F28Z
172,60797.1250173132,188.67414569398267,8.712785160298465,20.594677025486227,g,I11,K25F28Z
173,60797.12601133866,188.6743153769808,8.714004081021592,20.466437051198437,g,I11,K25F28Z
174,60797.13089585844,188.67515034231909,8.719993511213595,20.540092170781442,g,I11,K25F28Z
175,60797.13236424656,188.67540163907927,8.721793099699719,20.60343778926491,g,I11,K25F28Z
176,60797.13342226214,188.6755828699285,8.72308999096353,20.54539379893537,g,I11,K25F28Z
177,60797.137525091515,188.6762867125608,8.728118734775842,24.80449570122401,u,I11,K25F28Z
178,60797.13925237635,188.676583487143,8.730235062021285,23.642367797125868,u,I11,K25F28Z
179,60797.14042138633,188.6767845595979,8.731667486235786,24.45952148685726,u,I11,K25F28Z
180,60797.1421537782,188.6770829315198,8.733790838592784,23.98899692155859,u,I11,K25F28Z
181,60797.14331536663,188.67728302217432,8.735213240890358,24.033789642798894,u,I11,K25F28Z
182,60797.14504586284,188.67758165884075,8.737333817029446,24.713055909136088,u,I11,K25F28Z
183,60797.14622865567,188.67778597401025,8.738782949261008,24.339129544965207,u,I11,K25F28Z
184,60797.14796440829,188.6780859612012,8.740908097552309,24.599271380204513,u,I11,K25F28Z
185,60797.15204628293,188.67879341488523,8.74590724688083,24.26202435054074,u,I11,K25F28Z
186,60797.15379110599,188.67909659271103,8.748043988391474,24.53899867441379,u,I11,K25F28Z
187,60797.15504425543,188.67931458086983,8.749578158357245,25.132891317672936,u,I11,K25F28Z
188,60797.15677794286,188.6796166634244,8.751701097753871,23.960051700532617,u,I11,K25F28Z
189,60797.15795152617,188.6798214671782,8.753138318949855,24.403206711075796,u,I11,K25F28Z
190,60797.15969849043,188.68012666029787,8.755276848952182,23.953789000787708,u,I11,K25F28Z
191,60797.16086976918,188.68033152351663,8.756710179404122,24.149249226413726,u,I11,K25F28Z
192,60797.162611652806,188.6806367311396,8.75884226573065,24.176555257084157,u,I11,K25F28Z
193,60797.1638044027,188.68084589286136,8.76030108024581,24.57919761586027,u,I11,K25F28Z
194,60797.189035663454,188.685342965549,8.791160264263393,24.00911221845968,u,I11,K25F28Z
195,60798.14515724832,210.77895541091087,-8.12241026659658,21.5,r,I11,K22H01V
196,60798.173995792895,210.80149585988613,-8.174070983145645,21.5,r,I11,K22H01V
197,60798.17801940136,210.80463849791303,-8.181266576020679,21.5,r,I11,K22H01V
198,60798.17856253454,210.80506348849104,-8.182239374064729,21.5,r,I11,K22H01V
199,60798.335952222435,255.4834350156339,-42.84738743852417,21.5,i,I11,K21G12Z
200,60798.34942013149,255.4661734382412,-42.85570411665884,21.5,i,I11,K21G12Z
201,60798.38597178964,255.4195456840269,-42.87797013719552,23.180761871223133,r,I11,K21G12Z
202,60799.2116277181,271.2016230987145,-25.326848837548656,26.82810731136356,u,I11,K16W01V
203,60799.216275210085,271.203166987497,-25.33129700997845,31.384182954420588,u,I11,K16W01V
204,60799.21747359655,271.2035648472394,-25.332444664208936,25.465805934961757,u,I11,K16W01V
205,60799.21805664257,271.20375823070043,-25.333002690816887,26.661483496515668,u,I11,K16W01V
206,60799.22040050759,271.20453527894404,-25.33524623481366,25.611498463292627,u,I11,K16W01V
207,60799.22332541254,271.20550356866585,-25.33804480764766,21.5,u,I11,K16W01V
208,60799.223937647315,271.2057064221386,-25.338631496028874,21.5,u,I11,K16W01V
209,60799.229364891,271.2075002069612,-25.343825282135505,25.50190774387875,u,I11,K16W01V
210,60799.234173184275,271.20908631432496,-25.348426234789216,21.5,u,I11,K16W01V
211,60799.23537176185,271.20948141517715,-25.349573534199745,21.5,u,I11,K16W01V
212,60799.23597534599,271.20968005429137,-25.35015052205952,25.856990098535952,u,I11,K16W01V
213,60799.238372862776,271.2104695772691,-25.35244500679837,21.5,u,I11,K16W01V
214,60799.24136687386,271.2114543993837,-25.35530959764219,25.570584103335673,u,I11,K16W01V
215,60799.24197183932,271.2116532803041,-25.35588842497264,21.5,u,I11,K16W01V
216,60799.250929194866,271.21459306692464,-25.364456979784546,25.631509951473454,g,I11,K16W01V
217,60799.25493321822,271.21590454766704,-25.36828672275353,21.5,g,I11,K16W01V
218,60799.25643550265,271.21639644037776,-25.36972420829809,21.5,g,I11,K16W01V
219,60799.25844262299,271.21705294569745,-25.37164363520712,21.5,g,I11,K16W01V
220,60799.26099359641,271.2178868610118,-25.374083174106666,24.541790948135166,g,I11,K16W01V
221,60799.261509013304,271.2180551418724,-25.374575651261488,21.5,g,I11,K16W01V
222,60799.266167372654,271.219576134318,-25.37902961485475,21.5,g,I11,K16W01V
223,60799.27115598109,271.22120320843896,-25.383799411375048,21.5,g,I11,K16W01V
224,60799.271664536915,271.22136909917134,-25.384286007305256,21.5,g,I11,K16W01V
225,60799.273646770125,271.2220148751489,-25.38618069630312,21.5,g,I11,K16W01V
226,60799.276163707545,271.2228345467009,-25.38858665195672,21.5,g,I11,K16W01V
227,60799.318686729486,252.89372628065928,-39.55325958912735,25.6147508438026,u,I11,K25F20L
228,60799.31986375121,252.8954115804653,-39.553635183904,25.483125250134197,u,I11,K25F20L
229,60799.32045648176,252.89626089833632,-39.553823821762734,25.736348434481055,u,I11,K25F20L
230,60799.32275388291,252.8995522320069,-39.55455075610098,25.610323803130754,u,I11,K25F20L
231,60799.33745816448,252.92068707454536,-39.5590640247505,24.872825091630652,u,I11,K25F20L
232,60799.34492552349,252.9314738247122,-39.561264942282925,25.650744671968987,u,I11,K25F20L
233,60799.34609653872,252.93316894706084,-39.56160456933701,24.61794775889425,u,I11,K25F20L
234,60799.34783511417,252.9356868292056,-39.56210592817306,25.108324612079624,u,I11,K25F20L
235,60799.34902051685,252.93740640504345,-39.56244619613845,21.5,u,I11,K25F20L
236,60799.34960994845,252.9382608198988,-39.562614624673735,27.240534567741527,u,I11,K25F20L
237,60799.350797233696,252.9399835783899,-39.56295293356092,25.81701553962762,u,I11,K25F20L
238,60799.35195246298,252.9416610308147,-39.56328068657661,25.312109936108456,u,I11,K25F20L
239,60799.35254566133,252.9425241647096,-39.56344869563764,27.417811219346678,u,I11,K25F20L
240,60799.35779669366,252.95016787637297,-39.56491777511541,24.72780984190336,u,I11,K25F20L
241,60799.36262026755,252.957211104633,-39.56624185349452,25.488518478338555,u,I11,K25F20L
242,60799.366423331485,252.962780944778,-39.5672691064538,23.39460790387974,g,I11,K25F20L
243,60799.36740939834,252.96422745062733,-39.56753304941562,23.331059306750056,g,I11,K25F20L
244,60799.367911983834,252.96496576542657,-39.567667320737385,23.776466475992482,g,I11,K25F20L
245,60799.36889634026,252.96641087585053,-39.56792925638464,19.567705702853658,g,I11,K25F20L
246,60799.37036954196,252.9685775384352,-39.56831981563734,22.5819501715605,g,I11,K25F20L
247,60799.371335771684,252.969998755696,-39.56857459863907,23.945039129529054,g,I11,K25F20L
248,60799.37233025254,252.9714622346169,-39.56883580075659,23.3213395546203,g,I11,K25F20L
249,60799.37677635004,252.9780216832806,-39.56999222208994,19.948398835523392,g,I11,K25F20L
250,60799.37726103703,252.97873860024004,-39.57011720567238,21.761381314879998,g,I11,K25F20L
251,60799.38130030641,252.9847197264811,-39.57114924163323,22.784244590948532,g,I11,K25F20L
252,60799.38227204865,252.986162027134,-39.5713952757019,23.48693917104737,g,I11,K25F20L
253,60799.38276469287,252.98689400432613,-39.571519721821545,23.44711263244336,g,I11,K25F20L
254,60799.38375399365,252.9883633142257,-39.571768678520485,24.058470496832268,g,I11,K25F20L
255,60799.38474639534,252.9898382984032,-39.572017464879565,22.82592669323845,g,I11,K25F20L
256,60799.385241978634,252.99057625099044,-39.572141511728,23.29986143418899,g,I11,K25F20L
257,60799.38621668016,252.9920277649353,-39.57238468334298,23.03585057410053,g,I11,K25F20L
258,60800.310838270816,254.6094782847601,-39.882126311995975,23.16000636611326,r,I11,K25F20L
259,60800.3118080992,254.61076434485776,-39.88239197008044,21.5,r,I11,K25F20L
260,60800.31280827922,254.61209045934288,-39.8826647433356,23.71329929151888,r,I11,K25F20L
261,60800.31330964336,254.61275628043984,-39.88280125457497,26.18126581373343,r,I11,K25F20L
262,60800.31427493897,254.6140364121464,-39.88306288192021,21.5,r,I11,K25F20L
263,60800.3152826038,254.61537390121748,-39.88333505891388,24.606111358974974,r,I11,K25F20L
264,60800.31578045945,254.6160334810725,-39.88346884101469,23.60214463856729,r,I11,K25F20L
265,60800.32052101605,254.6223297936468,-39.88473123279408,18.53908084366947,r,I11,K25F20L
266,60800.321023197124,254.6229969810624,-39.884863443657245,18.305094405708044,r,I11,K25F20L
267,60800.32152298437,254.6236616119975,-39.8849948510225,20.55034182760526,r,I11,K25F20L
268,60800.322515092776,254.62498054949629,-39.88525474705093,23.25656640878014,r,I11,K25F20L
269,60800.32356282194,254.62637440099564,-39.88552813686335,22.623567746354286,r,I11,K25F20L
270,60800.32506014409,254.62836627338044,-39.885916561542565,22.375883195308894,r,I11,K25F20L
271,60800.32606811151,254.62970807496828,-39.88617672032888,21.5,r,I11,K25F20L
272,60800.32654210985,254.63033920710035,-39.88629867196414,22.95634067390455,r,I11,K25F20L
273,60800.327522664265,254.63164575631288,-39.88655028460676,21.5,r,I11,K25F20L
274,60800.328654384524,254.63315267581908,-39.886839065247486,23.91719534929623,r,I11,K25F20L
275,60800.329140218324,254.63380041064127,-39.88696272799881,23.32587836629296,r,I11,K25F20L
276,60800.3301266873,254.6351162495054,-39.88721307855707,22.869840608450815,r,I11,K25F20L
277,60800.33108946436,254.636400588806,-39.8874563203629,21.5,r,I11,K25F20L
278,60800.331575528086,254.6370489499748,-39.887578695529,21.5,r,I11,K25F20L
279,60800.33589636795,254.6428180264831,-39.888655243979095,21.5,u,I11,K25F20L
280,60800.33705327954,254.64436499711127,-39.88894015553145,25.067823344495146,u,I11,K25F20L
281,60800.338193715455,254.6458913867285,-39.88921972079466,21.5,u,I11,K25F20L
282,60800.33878320952,254.64667965266457,-39.88936349100553,26.65047080350484,u,I11,K25F20L
283,60800.339938842284,254.6482273917609,-39.8896445841161,25.143232552413423,u,I11,K25F20L
284,60800.34107737191,254.6497518893973,-39.88991990932765,21.5,u,I11,K25F20L
285,60800.34166464169,254.65053993051023,-39.89006162905884,26.08021503848221,u,I11,K25F20L
286,60800.34282890607,254.65210062606064,-39.89034109450625,27.24350871788549,u,I11,K25F20L
287,60800.34398161091,254.6536475005047,-39.89061650501346,26.656692428624638,u,I11,K25F20L
288,60800.34455762333,254.6544206183392,-39.89075356486472,24.908713017159812,u,I11,K25F20L
289,60800.34572958574,254.6559944358333,-39.891031364513765,25.19854127368354,u,I11,K25F20L
290,60800.34687780857,254.65753699858988,-39.89130207573604,21.5,u,I11,K25F20L
291,60800.34861463183,254.6598728738706,-39.89170905531756,21.5,u,I11,K25F20L
292,60800.34977454248,254.6614340999737,-39.891979089890654,26.13975724567078,u,I11,K25F20L
293,60800.351495013645,254.6637509657242,-39.89237691149537,25.733768496504535,u,I11,K25F20L
294,60800.352788615884,254.6654955678433,-39.892674183609,26.552444292445596,u,I11,K25F20L
295,60800.353368259144,254.6662766328517,-39.89280663833395,25.91487065136431,u,I11,K25F20L
296,60800.3545253171,254.66783824756124,-39.89307028561655,26.80818467923262,u,I11,K25F20L
297,60820.97117170756,149.3708113019662,0.8296616850049817,24.022442969436106,g,I11,K20M02Y
298,60820.971695882035,149.37163904528697,0.8294537306362559,27.13132614456861,g,I11,K20M02Y
299,60820.972220035575,149.37246682213163,0.8292457719603518,21.5,g,I11,K20M02Y
300,60820.97274321155,149.3732930518742,0.8290382061369804,26.057039587622768,g,I11,K20M02Y
301,60820.97326288884,149.37411457484475,0.828831826975777,21.5,g,I11,K20M02Y
302,60820.97378587482,149.37494087127607,0.8286242529744565,21.5,g,I11,K20M02Y
303,60820.97482747467,151.06251245742897,0.6256790494790703,21.5,g,I11,K11UJ2Y
304,60820.97482747467,149.37658724580345,0.8282106803330916,21.5,g,I11,K20M02Y
305,60820.97587058709,149.37823533796922,0.8277966944224845,21.5,g,I11,K20M02Y
306,60820.97639929077,149.37906970765573,0.827587115417706,28.680931761792504,g,I11,K20M02Y
307,60820.97692103904,149.37989463131902,0.8273799139173276,21.5,g,I11,K20M02Y
308,60820.977446518904,151.07206567752678,0.6202682721882933,21.5,g,I11,K11UJ2Y
309,60820.97952775342,151.0796568289684,0.6159691606421451,21.5,g,I11,K11UJ2Y
310,60820.97952775342,149.384015049925,0.8263450359321822,21.5,g,I11,K20M02Y
311,60820.98005534505,149.38484809602505,0.8261358250334234,25.395932190320316,g,I11,K20M02Y
312,60820.983311723336,149.38999740098072,0.8248427547196832,26.21582842962176,u,I11,K20M02Y
313,60820.98392945569,149.39097304661692,0.8245977800468939,21.5,u,I11,K20M02Y
314,60820.9851604967,149.3929213411742,0.8241086081187529,21.5,u,I11,K20M02Y
315,60820.985777339905,149.39389557270025,0.8238640137403113,21.5,u,I11,K20M02Y
316,60820.986393106185,149.39486986105652,0.8236194137529276,21.5,u,I11,K20M02Y
317,60820.986393106185,151.10470205603644,0.6017879400852385,21.5,u,I11,K11UJ2Y
318,60820.98701003194,149.39584578816215,0.8233744111627808,21.5,u,I11,K20M02Y
319,60820.987625629394,149.39682019176308,0.8231297999698705,26.116472810322797,u,I11,K20M02Y
320,60820.98824021709,149.39779148972968,0.8228859774092092,26.196939396540134,u,I11,K20M02Y
321,60820.98946626492,149.39973109710948,0.8223991098980941,24.7963093940382,u,I11,K20M02Y
322,60820.99069647894,149.40167885281434,0.8219102346341767,26.527449111221447,u,I11,K20M02Y
323,60820.99315735164,149.40557193157176,0.8209332115889026,27.708021119075433,u,I11,K20M02Y
324,60820.993772263195,151.13162841872634,0.5865468485357649,27.63190444749657,u,I11,K11UJ2Y
325,60820.99709920843,149.41181245174093,0.8193674073698749,21.5,r,I11,K20M02Y
326,60820.99762132482,149.4126390219099,0.819160046334442,24.27510162768739,r,I11,K20M02Y
327,60820.99814325482,149.41346563893055,0.8189526815204636,21.5,r,I11,K20M02Y
328,60820.998666450614,149.4142954719936,0.8187445180310434,21.5,r,I11,K20M02Y
329,60820.99919193251,149.4151269370397,0.8185359533717306,21.5,r,I11,K20M02Y
330,60820.99971589072,149.41595686685673,0.8183277820855965,21.5,r,I11,K20M02Y
331,60821.000239021814,149.41678526220147,0.8181200040127996,21.5,r,I11,K20M02Y
332,60821.000764293705,149.41761687496484,0.8179114273837215,25.115120583127926,r,I11,K20M02Y
333,60821.00181050827,149.41927549738267,0.8174954541779229,24.985615779500133,r,I11,K20M02Y
334,60821.00233476552,149.4201056765304,0.8172872628302043,21.5,r,I11,K20M02Y
335,60821.002856651525,149.4209327366291,0.8170798623535744,21.5,r,I11,K20M02Y
336,60821.003375144894,149.42175350973568,0.8168740470905884,21.5,r,I11,K20M02Y
337,60821.0038993329,149.4225838401129,0.8166658440946803,21.5,r,I11,K20M02Y
338,60821.00442242049,149.42341263760107,0.8164580343960746,21.5,r,I11,K20M02Y
339,60821.00494649089,149.4242446564012,0.8162494260438031,24.673884340605518,r,I11,K20M02Y
340,60821.00598691785,149.42589300056247,0.8158361711506563,23.846298485996833,r,I11,K20M02Y
341,60821.00598691785,151.17621921587264,0.5613216204503776,26.22984070821352,r,I11,K11UJ2Y
342,60821.00651108364,149.42672359129827,0.8156279482640728,21.5,r,I11,K20M02Y
343,60821.00755743646,149.4283817597302,0.8152122858226706,26.252673438805683,r,I11,K20M02Y
344,60821.00807812068,151.18385501352606,0.5570040620436713,23.90137398793173,r,I11,K11UJ2Y
345,60821.00807812068,149.42920775324242,0.815005243425958,21.5,r,I11,K20M02Y
346,60821.01115072802,149.4340807805134,0.8137839717782762,21.5,i,I11,K20M02Y
347,60821.011675497255,149.43491349158182,0.8135753127982046,21.5,i,I11,K20M02Y
348,60821.01219956014,149.43574467200733,0.8133670474427932,21.5,i,I11,K20M02Y
349,60821.012722662526,151.2008204718481,0.5474135360714929,23.371504054065056,i,I11,K11UJ2Y
350,60821.012722662526,149.43657432249566,0.8131591755492134,21.5,i,I11,K20M02Y
351,60821.013245726775,149.43740402914258,0.8129512997663062,21.5,i,I11,K20M02Y
352,60821.013768803256,149.43823379223377,0.8127434200896787,21.5,i,I11,K20M02Y
353,60821.014814966504,149.43989348887246,0.8123276490866241,21.5,i,I11,K20M02Y
354,60821.015338928504,149.44072500955792,0.8121193603507139,21.5,i,I11,K20M02Y
355,60821.015338928504,151.2103771766402,0.5420126568091744,21.5,i,I11,K11UJ2Y
356,60821.01638391444,149.44238346421625,0.8117039634875811,21.5,i,I11,K20M02Y
357,60821.0169068641,149.4432135718908,0.811496060540908,24.148053379935185,i,I11,K20M02Y
358,60821.01742884031,149.4440421502285,0.8112885513543528,25.2661282448339,i,I11,K20M02Y
359,60821.017952859016,149.4448739620237,0.8110802432363761,24.970280601348016,i,I11,K20M02Y
360,60821.01847391052,149.44570107056248,0.8108731237956078,24.969257360333074,i,I11,K20M02Y
361,60821.01899406759,149.44652665054792,0.8106663979886496,21.5,i,I11,K20M02Y
362,60821.023580709094,149.4538117947025,0.8088426740566494,28.034256535278065,i,I11,K20M02Y
363,60821.02410394958,149.45464273058963,0.8086347181730879,21.5,i,I11,K20M02Y
364,60821.024629034146,149.4554769066516,0.8084259631941234,21.5,i,I11,K20M02Y
365,60821.024629034146,151.2443278858338,0.5228351299591244,21.5,i,I11,K11UJ2Y
366,60821.02567340035,149.45713591264203,0.808010827595126,23.302643399366797,i,I11,K20M02Y
367,60821.02619863588,149.4579718674163,0.8078016633754859,21.5,i,I11,K20M02Y
368,60821.02672083935,149.45880152763738,0.8075940861436075,21.5,i,I11,K20M02Y
369,60821.027246213685,149.45963602030966,0.807385312012455,21.5,i,I11,K20M02Y
370,60821.02777030504,149.46046898723856,0.8071769318217472,24.014312264617796,i,I11,K20M02Y
371,60821.029579858296,149.46334671868277,0.8064571155728623,24.99087487573006,i,I11,K20M02Y
372,60821.03010185725,149.46417679384126,0.806249513839937,24.459304456207562,i,I11,K20M02Y
373,60821.030627249565,149.4650117055731,0.8060407150877653,24.522419365545492,i,I11,K20M02Y
374,60821.03115241413,149.46584668338127,0.8058319125247538,24.673368712475796,i,I11,K20M02Y
375,60821.0316776508,149.46668331854045,0.8056227083299748,24.51291880400363,i,I11,K20M02Y
376,60821.032722705946,149.46834565238285,0.8052070729995692,21.5,i,I11,K20M02Y
377,60823.337903804,286.9558720522442,-18.19721870853921,21.5,i,I11,K16X18F
378,60823.970929467236,148.92965865025957,2.754079227126518,21.48123917009646,i,I11,K25H12F
379,60823.971449116994,148.92872291065632,2.753835648151367,21.45884853342772,i,I11,K25H12F
380,60823.971973280684,151.5673921649017,3.396310569560492,25.16554270510018,i,I11,K20P02Y
381,60823.971973280684,148.92778002354623,2.753590192792033,21.50665379643826,i,I11,K25H12F
382,60823.9724977966,148.92683538705404,2.7533442659769176,21.56113405525752,i,I11,K25H12F
383,60823.97302420653,148.92588900188775,2.7530978676964737,21.45454055713009,i,I11,K25H12F
384,60823.97354942407,148.92494446775842,2.7528519350603693,21.44544663084306,i,I11,K25H12F
385,60823.974071357734,148.92400538274677,2.7526074050018776,21.539877560904017,i,I11,K25H12F
386,60823.975117617665,148.92212197115367,2.75211693082963,21.513731649386536,i,I11,K25H12F
387,60823.97563737584,148.92118843806858,2.751873797525666,21.528571603200035,i,I11,K25H12F
388,60823.97616159748,148.92024416574202,2.75162785056582,21.457079520609607,i,I11,K25H12F
389,60823.97668360425,148.91930534227296,2.7513833060919257,21.460181589693626,i,I11,K25H12F
390,60823.97720658222,148.91836477449888,2.7511382904268777,21.389363646337273,i,I11,K25H12F
391,60823.97773406464,151.57478773850704,3.393616066702592,23.74592683380608,i,I11,K20P02Y
392,60823.97773406464,148.91741706793465,2.750891397979255,21.415722765197458,i,I11,K25H12F
393,60823.9782570753,148.9164766095344,2.750646376676454,21.504451212856942,i,I11,K25H12F
394,60823.9782570753,151.57545913576024,3.39337145531613,22.959546872793275,i,I11,K20P02Y
395,60823.978779000485,148.91553800470612,2.750401821191368,21.466705059992194,i,I11,K25H12F
396,60823.978779000485,151.57612925046834,3.393127312302298,23.247688265766772,i,I11,K20P02Y
397,60823.979298783684,148.9146030502378,2.7501581997313345,21.499969359236204,i,I11,K25H12F
398,60823.97982178057,148.91366275877314,2.7499131703097093,21.527796970559734,i,I11,K25H12F
399,60823.980343354226,148.91272611826392,2.7496690749389225,21.519755745061158,i,I11,K25H12F
400,60823.980862001554,148.91179312931334,2.7494259138808235,21.72063689736948,i,I11,K25H12F
401,60823.98138725439,148.9108494115339,2.749179938935609,21.533757196805695,i,I11,K25H12F
402,60823.98138725439,151.57947728429244,3.3919075405717467,21.5,i,I11,K20P02Y
403,60823.98191238269,148.90990575175064,2.74893396122904,21.555419731474803,i,I11,K25H12F
404,60823.9824371213,148.90896215036855,2.7486879807674134,21.474795718771702,i,I11,K25H12F
405,60823.98296152152,148.90801860781116,2.748441997564932,21.52676061375407,i,I11,K25H12F
406,60823.98296152152,151.58149922485413,3.391170913688511,21.5,i,I11,K20P02Y
407,60823.983488194426,148.90707332700086,2.7481955429694365,21.466276530534874,i,I11,K25H12F
408,60823.984010136104,148.9061352947122,2.7479509600796472,21.40960689598714,i,I11,K25H12F
409,60823.984010136104,151.58284463033038,3.390680767405021,21.5,i,I11,K20P02Y
410,60823.984531787224,148.9051973217986,2.747706374509464,21.579929770886878,i,I11,K25H12F
411,60823.98505448804,151.58418619529044,3.390192026663221,22.53954106244183,i,I11,K20P02Y
412,60823.98505448804,148.90425761150826,2.7474613175868834,21.29548657395618,i,I11,K25H12F
413,60823.98557674613,148.90331975781947,2.7472167264535954,21.407797229132342,i,I11,K25H12F
414,60823.98609996366,151.58552777292002,3.389703288054456,24.391432970285493,i,I11,K20P02Y
415,60823.98609996366,148.902380168636,2.7469716641983664,21.504105355324768,i,I11,K25H12F
416,60823.9868594163,148.90101670570184,2.746616014674217,21.60820392089446,i,I11,K25H12F
417,60823.98738087852,148.90007906391114,2.746371414624657,21.40584224080169,i,I11,K25H12F
418,60823.987910936696,148.89912711458393,2.7461230629873103,21.4160485314312,i,I11,K25H12F
419,60824.00052049079,148.87649781301647,2.74021340222169,21.851837154850795,z,I11,K25H12F
420,60824.001058014765,148.87553503037952,2.739961706174991,21.41874660607595,z,I11,K25H12F
421,60824.00158213176,148.87459562879167,2.739716100872473,21.937234967437423,z,I11,K25H12F
422,60824.002625896646,148.8727242160914,2.7392267583540173,21.699049289943776,z,I11,K25H12F
423,60824.003148237476,148.8717886200847,2.7389820837368823,21.805304889211097,z,I11,K25H12F
424,60824.0036734024,148.87084772105618,2.7387360005047765,21.79167789005288,z,I11,K25H12F
425,60824.00419898181,148.86990510548367,2.738489446328205,21.67318164889254,z,I11,K25H12F
426,60824.00471969636,148.86897152442114,2.738245233457285,21.590412678265643,z,I11,K25H12F
427,60824.00524403843,151.61010818347734,3.3807502314266875,21.5,z,I11,K20P02Y
428,60824.00524403843,148.86803264248977,2.737999611975788,21.795669533543368,z,I11,K25H12F
429,60824.006284685405,148.86616764782022,2.7375116438506577,21.690382795279852,z,I11,K25H12F
430,60824.00680797392,148.86523078538167,2.737266484500956,21.619589707896594,z,I11,K25H12F
431,60824.00903431997,151.61497544636458,3.378977873791544,28.73296246284789,z,I11,K20P02Y
432,60824.00903431997,148.86124416110516,2.736223009040753,21.67649719133113,z,I11,K25H12F
433,60824.00955400299,148.86031307814963,2.7359792445984867,21.91110308153236,z,I11,K25H12F
434,60824.0100783978,148.85937491084667,2.7357336026489576,21.81169928634389,z,I11,K25H12F
435,60824.010602922135,148.8584350331859,2.7354874898619754,21.449976228144862,z,I11,K25H12F
436,60824.010602922135,151.61699053938767,3.37824415705986,21.5,z,I11,K20P02Y
437,60824.01112860269,148.85749344599492,2.7352409062341105,21.746953836627405,z,I11,K25H12F
438,60824.01165192337,148.85655730878213,2.7349957267506726,21.650494881925113,z,I11,K25H12F
439,60824.01165192337,151.61833782985863,3.3777536135395603,21.5,z,I11,K20P02Y
440,60824.01238206441,148.85525078888318,2.7346535033267867,21.747146820661577,z,I11,K25H12F
441,60824.01290652601,148.85431126548315,2.7344073811872214,21.672518263017576,z,I11,K25H12F
442,60824.013432854816,148.85337003489045,2.734160788247179,21.549562306137542,z,I11,K25H12F
443,60824.013957535906,151.62129968165928,3.376675270219193,21.5,z,I11,K20P02Y
444,60824.014708630355,148.85108708801764,2.7335625805540835,21.66725528957297,z,I11,K25H12F
445,60824.01523337104,148.8501497181452,2.733316917937857,21.64546539772611,z,I11,K25H12F
446,60824.015759035334,148.84920885488347,2.733070315846146,21.868835307309627,z,I11,K25H12F
447,60824.01733778625,148.8463849816483,2.732330028241716,21.679816462909212,z,I11,K25H12F
448,60824.01838595644,148.84451116864568,2.731838681128927,21.844936036832465,z,I11,K25H12F
449,60824.018904653494,148.84358332827304,2.731595348903284,21.729401534086943,z,I11,K25H12F
450,60824.019428302316,148.84264842184865,2.7313501393442188,21.858937739957636,z,I11,K25H12F
451,60824.02047032899,148.8407860151327,2.730861589938039,21.761391945329922,z,I11,K25H12F
452,60824.02099459154,148.8398477921075,2.73061543693716,21.895427019841627,z,I11,K25H12F
453,60824.021520801994,148.83890787005654,2.7303688132776283,21.741149688462386,z,I11,K25H12F
454,60824.022043167475,148.83797518203977,2.7301240630141645,21.810629655728704,z,I11,K25H12F
455,60824.030987239064,148.82200825081432,2.725930214257162,21.39921947958325,r,I11,K25H12F
456,60824.03150921826,148.8210771971986,2.7256854326302444,21.28657200111592,r,I11,K25H12F
457,60824.032034955926,151.64452487077403,3.368222563185088,21.5,r,I11,K20P02Y
458,60824.032034955926,148.82013910434748,2.7254387738701182,21.41888743354223,r,I11,K25H12F
459,60824.03256016,148.81920288947902,2.725192582336477,21.5246613701839,r,I11,K25H12F
460,60824.03361075795,148.81732896323982,2.7246997256886734,21.55377244430388,r,I11,K25H12F
461,60824.03413813954,148.816389469864,2.724452591538942,21.41699491970942,r,I11,K25H12F
462,60824.03466371316,148.81545185547867,2.724205924679272,21.343510176026427,r,I11,K25H12F
463,60824.035187835245,148.8145179033899,2.7239601944158847,21.362794289493586,r,I11,K25H12F
464,60824.03570848347,148.81358939368337,2.7237158694147703,21.37471990290252,r,I11,K25H12F
465,60824.036233814564,148.81265385210986,2.723469667092594,21.440751533033584,r,I11,K25H12F
466,60824.03675923546,148.81171840809537,2.7232234632846306,21.272165882411663,r,I11,K25H12F
467,60824.03833093225,148.80891800869873,2.722486250146853,21.359379822623804,r,I11,K25H12F
468,60824.038857291715,148.8079811763514,2.722239571482023,21.394978600245487,r,I11,K25H12F
469,60824.039908189545,148.80610959265962,2.7217466792360283,21.34813754070531,r,I11,K25H12F
470,60824.04043414835,148.80517306078627,2.721499996597624,21.38339572208629,r,I11,K25H12F
471,60824.04095713926,148.80424196972666,2.721254719440585,21.519940146931553,r,I11,K25H12F
472,60824.04149341594,151.6566822300176,3.363800482162656,23.54753315709778,r,I11,K20P02Y
473,60824.04202079975,148.80234805051836,2.720755719289775,21.344528179793116,r,I11,K25H12F
474,60824.04254722603,148.8014119247988,2.720509031251472,21.421901628603564,r,I11,K25H12F
475,60824.0430702788,151.6587097584053,3.36306318846829,21.5,r,I11,K20P02Y
476,60824.04359566094,148.79954531592466,2.7200170579365435,21.47825225044608,r,I11,K25H12F
477,60824.044122991545,148.79860771775384,2.7197698971422755,21.403364365641515,r,I11,K25H12F
478,60824.044648688796,148.7976720004736,2.719523203757896,21.503197880596005,r,I11,K25H12F
479,60824.04570146889,148.79579909870654,2.7190293445945777,21.335396055549598,r,I11,K25H12F
480,60824.04623003084,148.79486013576587,2.718781709505376,21.336305381364852,r,I11,K25H12F
481,60824.046998932594,148.79349278255924,2.718421042254743,21.20373102151118,r,I11,K25H12F
482,60824.04752198832,148.79256296730654,2.7181757494193737,21.305302436179378,r,I11,K25H12F
483,60824.0480465993,148.79162970070507,2.717929517404845,21.45969026889632,r,I11,K25H12F
484,60824.048571769206,148.79069653898986,2.717683284252013,21.447094337256704,r,I11,K25H12F
485,60824.04909724841,148.78976348247107,2.717437049975558,21.491913262168882,r,I11,K25H12F
486,60825.07562739395,226.5256983088281,-36.65890277155779,21.5,r,I11,K24W02L
487,60825.07611650105,226.52483432829365,-36.659540205644944,26.35823393532209,r,I11,K24W02L
488,60825.081978404385,226.5144979143979,-36.66715911762849,21.5,r,I11,K24W02L
489,60826.22602879508,224.5950155515367,-38.07423645447966,21.5,r,I11,K24W02L
490,60826.22647301195,224.59426248609967,-38.07474945547612,23.938000486954756,r,I11,K24W02L
491,60826.22690972402,224.593521352534,-38.07525431615459,24.43715904350424,r,I11,K24W02L
492,60826.22865504463,224.5905624895921,-38.077269779397305,23.01524168129487,r,I11,K24W02L
493,60826.22909150822,224.589821649764,-38.077774382768574,25.39984200629602,r,I11,K24W02L
494,60826.23042207907,224.5875672846844,-38.07930981756141,21.5,r,I11,K24W02L
495,60826.23173140891,224.585349057834,-38.08082054574743,25.05383645752045,r,I11,K24W02L
496,60826.232167978866,224.58460864006744,-38.08132478921506,21.5,r,I11,K24W02L
497,60826.23260624358,224.58386658850367,-38.08183013580597,25.559294564173115,r,I11,K24W02L
498,60826.23305088536,224.5831127406102,-38.08234350624532,26.88338385107965,r,I11,K24W02L
499,60826.23349138747,224.5823674248716,-38.08285105698855,24.872539783806076,r,I11,K24W02L
500,60826.23392916375,224.5816255586523,-38.08335624967306,26.038680650289432,r,I11,K24W02L
501,60826.234365937315,224.5808854481157,-38.08386023802647,21.5,r,I11,K24W02L
502,60826.23480361281,224.5801437054089,-38.08436532926796,24.05942848033181,r,I11,K24W02L
503,60826.23612006681,224.5779154654589,-38.08588260425821,25.17125412007801,r,I11,K24W02L
504,60826.23702271472,224.5763868400209,-38.08692344983829,24.62501893644705,r,I11,K24W02L
505,60826.24326179668,224.5658326805809,-38.09410904173133,26.3259259362686,u,I11,K24W02L
506,60826.243792119916,224.5649367162385,-38.094718990358736,27.289712469935353,u,I11,K24W02L
507,60826.245379618325,224.5622527814556,-38.09654610448026,25.70493419591582,u,I11,K24W02L
508,60826.246453258864,224.5604397601448,-38.09778030803717,21.5,u,I11,K24W02L
509,60826.24698141242,224.5595477591836,-38.09838752519785,27.2460905240042,u,I11,K24W02L
510,60826.24859957224,224.55681323548072,-38.10024898847739,21.5,u,I11,K24W02L
511,60826.250192704916,224.55412352867583,-38.10207991364003,25.615115919906422,u,I11,K24W02L
512,60826.250736114314,224.5532069050564,-38.10270386842943,21.5,u,I11,K24W02L
513,60826.25126542631,224.55231401515127,-38.103311665506325,25.975513291512904,u,I11,K24W02L
514,60826.25180232716,224.55140772463977,-38.10392858288908,21.5,u,I11,K24W02L
515,60826.25233259163,224.5505116622477,-38.10453853669485,25.479168226737453,u,I11,K24W02L
516,60826.25286176255,224.54961907593463,-38.10514612344068,21.5,u,I11,K24W02L
517,60826.25339011436,224.5487282782088,-38.1057524921648,29.634576884685416,u,I11,K24W02L
518,60826.253925708545,224.54782408681228,-38.10636797780608,30.44462114505747,u,I11,K24W02L
519,60826.25553172016,224.5451155122766,-38.10821171449482,26.492406112726552,u,I11,K24W02L
520,60826.25661935941,224.54328278537608,-38.10945926409094,21.5,u,I11,K24W02L
521,60826.25771054649,224.54144206741785,-38.11071226127039,26.42524482863383,u,I11,K24W02L
522,60826.258788678824,224.5396253824434,-38.11194890972137,21.5,u,I11,K24W02L
523,60826.2689979236,224.52244261910027,-38.12364658429639,27.145865518951204,u,I11,K24W02L
524,60826.27354665327,224.5147992360406,-38.12885107223028,21.5,g,I11,K24W02L
525,60826.273983190695,224.5140670858658,-38.12934964943493,26.035473916699022,g,I11,K24W02L
526,60826.274856590004,224.512599656418,-38.13034896132801,24.69209737688778,g,I11,K24W02L
527,60826.27530853657,224.5118408779503,-38.13086569988096,25.15381629572529,g,I11,K24W02L
528,60826.27575044479,224.51110064439368,-38.13136981877701,21.5,g,I11,K24W02L
529,60826.27618827946,224.51036552376104,-38.1318704652929,21.5,g,I11,K24W02L
530,60826.277062799374,224.50889719357963,-38.13287048635734,21.5,g,I11,K24W02L
531,60826.277512789675,224.50814217285,-38.13338471655885,25.382007267441317,g,I11,K24W02L
532,60826.27925855903,224.5052134735658,-38.13537950325415,24.39725445042167,g,I11,K24W02L
533,60826.279695253674,224.5044823325616,-38.13587752289336,21.5,g,I11,K24W02L
534,60826.28013738383,224.5037412086716,-38.1363823538576,24.12783071139421,g,I11,K24W02L
535,60826.28144648053,224.5015451370453,-38.13787832029383,20.633626441540912,g,I11,K24W02L
536,60826.283198795936,224.498609209412,-38.13987844687757,26.61026206734141,g,I11,K24W02L
537,60826.284096664924,224.4971048729728,-38.14090336795768,24.294073079725308,g,I11,K24W02L
538,60826.28498947065,224.49560924570025,-38.14192241031028,21.5,g,I11,K24W02L
539,60826.285875076115,224.49412734636687,-38.14293215474774,21.5,g,I11,K24W02L
540,60827.25467879596,222.9363536595229,-39.23225921035306,21.5,r,I11,K24W02L
541,60827.255552030256,222.93493256295227,-39.23317978267038,21.5,r,I11,K24W02L
542,60827.25598864106,222.9342213099211,-39.23364052929437,21.5,r,I11,K24W02L
543,60827.25686826631,222.93279088574093,-39.234567160754665,27.268706429367555,r,I11,K24W02L
544,60827.257304173385,222.93208147862808,-39.23502672078936,24.54267691015297,r,I11,K24W02L
545,60827.25819371832,222.93063360283435,-39.235964677972646,21.5,r,I11,K24W02L
546,60827.26125682915,222.9256529699097,-39.23919134193213,21.5,r,I11,K24W02L
547,60827.27867278871,222.89740442961207,-39.25749852402624,26.70324315680196,g,I11,K24W02L
548,60827.288565385796,222.88141569421308,-39.267868355767966,24.292547315665168,g,I11,K24W02L
549,60827.28900639991,222.8807038679757,-39.26833020426896,21.5,g,I11,K24W02L
550,60827.293899363816,222.8728116730689,-39.273451994681615,21.5,g,I11,K24W02L
551,60827.29434242399,222.8720976511064,-39.27391548273704,21.5,g,I11,K24W02L
552,60827.2952280862,222.87066986578552,-39.27484234823287,21.5,g,I11,K24W02L
553,60827.295672652006,222.86995288116307,-39.2753078173241,26.25511764139003,g,I11,K24W02L
554,60827.29797805204,222.8662404643668,-39.27771825207257,21.5,i,I11,K24W02L
555,60827.29841476544,222.86553690161068,-39.27817513003712,21.5,i,I11,K24W02L
556,60827.29887339937,222.86479961985816,-39.278653925953584,21.5,i,I11,K24W02L
557,60828.09144915962,221.64274617709737,-40.106364466313146,24.999295842436688,i,I11,K24W02L
558,60831.300529522,321.8269334094358,-16.499378962176596,27.8045417012616,i,I11,K16M00O
559,60831.30409374884,321.8348370492482,-16.49591285806912,21.5,i,I11,K16M00O
560,60831.307662115265,321.84274684334287,-16.492440695247033,25.97709394074558,i,I11,K16M00O
561,60831.30816531138,321.8438617173788,-16.491951030542914,21.5,i,I11,K16M00O
562,60831.31235878196,321.85315554741925,-16.487866520174173,21.5,i,I11,K16M00O
563,60831.31967823925,321.86936640521924,-16.480731263749437,24.30374094682392,g,I11,K16M00O
564,60831.32331667877,321.8774207510989,-16.477181094836222,24.612826077847206,g,I11,K16M00O
565,60831.32693348518,321.8854287174528,-16.47364811782917,24.11230125636188,g,I11,K16M00O
566,60831.33058055797,321.8934988926518,-16.470084460235228,21.5,g,I11,K16M00O
567,60831.348133566615,321.9323173275342,-16.45289901795411,27.019586377867817,r,I11,K16M00O
568,60836.29810965012,317.7744314146292,-10.9923157847674,23.570144964120807,z,I11,K22M01M
569,60836.31247372161,317.79875030182586,-10.990644387809937,22.233776292303673,z,I11,K22M01M
570,60836.32111260923,317.8133701228026,-10.989626887363851,23.083705055759186,i,I11,K22M01M
571,60836.32469899781,317.8194380392968,-10.989201780279856,21.993984668106947,i,I11,K22M01M
572,60836.362903097266,317.88410954792715,-10.984570754862917,22.91362780612262,z,I11,K22M01M
573,60847.150944278415,237.22507719005017,-13.616355644540006,21.813877293397894,i,I11,K25M02F
574,60847.16858272617,243.9322505356256,-14.342117886399471,21.757941000788,z,I11,K25M00X
575,60847.17006165018,237.2175529660329,-13.597272064801931,21.760928379817543,z,I11,K25M02F
576,60847.18470776189,271.56646232964965,-15.818547022581814,19.35110055478636,z,I11,K25M90E
577,60847.185240010964,271.565482679212,-15.818586627278185,19.25862153308935,z,I11,K25M90E
578,60847.185240010964,269.00406112768866,-15.92560809686474,20.75201042239144,z,I11,K25L00V
579,60847.18845343702,250.62037128610257,-15.9454781038109,20.777983098033577,z,I11,K16L47V
580,60847.18845343702,249.2863438208215,-14.765555912143231,25.843459193379136,z,I11,K17Y08E
581,60847.19038126904,243.9158566529833,-14.42170677733218,23.009746837732116,z,I11,K25M00X
582,60847.19182229831,236.627671321746,-16.615022279799526,21.449028767238392,z,I11,K25M02K
583,60847.19598847686,236.71507125073776,-30.13721630655432,21.5,z,I11,K25O11H
584,60847.1979173657,244.1704072052571,-33.29563601630738,23.003295520513383,z,I11,K13Y38E
585,60847.20557169417,298.14388242574296,-13.850361763611568,21.004362477605383,z,I11,K25K02Q
586,60847.20557169417,297.63215278462644,-12.587297496372384,20.98329883835887,z,I11,K25M89C
587,60847.21102098795,271.5179371329241,-15.820475632366488,18.91808366596334,i,I11,K25M90E
588,60847.2115898011,269.0165275689339,-15.956104120407984,19.232531193161226,i,I11,K25L00V
589,60847.21469818522,250.590756570104,-15.945239757466853,22.037868085102353,i,I11,K16L47V
590,60847.21469818522,249.2546267836323,-14.774533156975298,25.676277800737587,i,I11,K17Y08E
591,60847.216564467235,243.89653239741384,-14.517181229734655,21.682012850358447,i,I11,K25M00X
592,60847.22217997891,236.74872087387192,-30.159299876354908,24.56514902140514,i,I11,K25O11H
593,60847.22406863292,244.12682818690072,-33.32551348074016,20.6538503467374,i,I11,K13Y38E
594,60847.227492546095,251.957275108675,-15.477380754178292,18.931073000552267,i,I11,K19L05H
595,60847.23164590803,298.3704022084549,-12.709412193850389,20.00490035629159,i,I11,K14W07D
596,60847.24041155989,318.69382001077804,-20.009892177495725,18.10671405617165,i,I11,J99M00N
597,60847.24041155989,318.6314046905022,-20.18811033216476,20.770645286728346,i,I11,K25M89F
598,60847.24134474121,320.8835325660688,-25.87820202270283,21.5,i,I11,K12V77H
599,60847.24739720211,326.91485643424136,-21.425378830940325,17.790752361785998,i,I11,K02N00X
600,60847.24785451119,323.2951608329622,-19.111968102808586,21.057316919057815,i,I11,K25M89G
601,60847.24831297403,327.4137842256004,-17.832603170191916,18.48887473444624,i,I11,J99Y00A
602,60847.264267745886,318.65566780036886,-20.02911954357764,18.034495591690398,r,I11,J99M00N
603,60847.264267745886,318.7895918670595,-20.193932980861607,20.80339795507814,r,I11,K25M89F
604,60847.26523627469,320.9178593331588,-25.877747780994063,21.5,r,I11,K12V77H
605,60847.27146995916,326.9335004258058,-21.40277816022991,17.662959710091357,r,I11,K02N00X
606,60847.27240738494,327.42759405256413,-17.853307149924863,18.426420863278118,r,I11,J99Y00A
607,60847.286733588364,310.06995783223243,-17.212478455127506,21.46257747866031,i,I11,K25M02N
608,60847.29536308626,334.1380243023325,-12.045749735412535,20.72370305575673,i,I11,K25M88P
609,60847.29583121737,331.1308986618739,-10.346896888770424,26.759562854963136,i,I11,K20X02O
610,60847.31112347644,310.2076243745656,-17.243713626001657,22.0716327335895,z,I11,K25M02N
611,60847.32005830399,334.11484007931267,-11.767292536750244,21.01035533175824,z,I11,K25M88P
612,60847.320540791814,331.1588506291765,-10.33884078499658,21.5,z,I11,K20X02O
613,60847.32343066027,333.9263676230522,-1.9921967871594264,22.502708153967458,z,I11,K18P22D
614,60847.32388707378,329.91845132418786,-3.7770337116180506,21.184923911126504,z,I11,K25M02E
615,60847.36782868342,298.3953207795265,-31.44659996258905,21.5,z,I11,I47P00A
616,60847.36830455088,299.68741300051704,-26.780911121413308,20.694980584163794,z,I11,K25M01T
617,60848.07931283738,260.05171294321235,-12.87871909872482,20.626695273490157,i,I11,K25M88Q
618,60848.082525633276,250.74190750533367,-12.284017946699302,21.328089219192236,i,I11,K25M88W
619,60848.082525633276,250.83017602714463,-15.310738707083445,19.319621093076353,i,I11,K19L05H
620,60848.08398760824,242.60755209978296,-10.170120445726562,21.152717436321343,i,I11,K25M00E
621,60848.08592337213,248.2373848321467,-15.083317910050424,21.5,i,I11,K17Y08E
622,60848.08592337213,249.6199712313139,-15.937975449032596,20.523720276960873,i,I11,K16L47V
623,60848.0978139619,269.5674361939349,-16.87101014363271,20.316390425321053,g,I11,K25L00V
624,60848.111518622245,266.4236932739045,-14.431883490737995,19.112869106514257,g,I11,K22B00J
625,60848.114381176274,250.8081926933341,-12.387885644053172,25.109748326176465,g,I11,K25M88W
626,60848.114381176274,250.78591390246328,-15.30442705570923,19.102091523473174,g,I11,K19L05H
627,60848.11592160784,242.60498708889344,-10.204707565423773,21.30009213290093,g,I11,K25M00E
628,60848.1708468861,266.3373953052662,-14.4261539195888,19.502825442662864,g,I11,K22B00J
629,60848.17343499857,250.93119826302265,-12.580288745504276,22.759517459832974,g,I11,K25M88W
630,60848.17437610276,249.51832817742377,-15.93712784146792,22.3029408990999,g,I11,K16L47V
631,60848.17437610276,248.126266708377,-15.115329974302371,21.5,g,I11,K17Y08E
632,60848.17582816672,242.60029588077555,-10.26891713716698,23.090234450957247,g,I11,K25M00E
633,60848.23348533089,316.2449594302629,-26.45617408092404,23.380484224689777,r,I11,K25N01A
634,60848.23590589711,317.0944124141024,-20.83238804045028,21.981458216806786,r,I11,J99M00N
635,60848.23637860485,315.9854851777186,-18.40896633662817,22.599225138053338,r,I11,K25M02N
636,60848.23684573286,317.0927161416672,-20.83321890486108,17.7523554709276,r,I11,J99M00N
637,60848.26272332803,298.840652249959,-13.23627767694224,20.48656292846571,r,I11,K25M89C
638,60848.2637168623,300.04342923672016,-14.839722278292571,20.63235285368261,r,I11,K25M88Z
639,60848.2637168623,300.95809783292185,-16.659362066255735,19.619575365319044,r,I11,K25K02Q
640,60848.26429029157,297.05764299251484,-13.039306944273545,20.072193727276332,r,I11,K14W07D
641,60848.27264349608,328.0275624340149,-18.72632333759764,20.461133630937592,z,I11,J99Y00A
642,60848.27311827376,326.3034814883312,-20.26826633442329,21.030499906740275,z,I11,K25M89F
643,60848.27689573071,332.2977971867351,-10.018091528234663,21.5,z,I11,K20X02O
644,60848.27918799779,328.2821388633662,-2.0215640486013204,25.415032212752298,z,I11,K25A03P
645,60848.28477026207,320.1116291271392,-20.28339193628621,21.338189232951514,z,I11,K25M89G
646,60848.293074790876,334.0354963782167,-2.664861415963287,19.98547726520438,r,I11,K25M88P
647,60849.185309853616,242.8332931460509,-22.028198787093444,20.93814562310552,r,I11,K25M00X
648,60850.11624511411,257.12256289479456,-15.876940792252793,19.86128642744456,r,I11,K25M88Q
649,60850.13848216685,285.1272750636209,-20.53542292044654,24.113849096530444,r,I11,K08X02B
650,60851.024313026384,241.7867716744381,-29.369086108438008,24.505059063093924,r,I11,K25M00X
651,60851.0266516205,243.1836020363503,-24.96436161354221,27.334560610155894,r,I11,J36C00A
652,60851.029831409236,244.51420450201283,-16.209449123233522,25.92473099207365,r,I11,K17Y08E
653,60851.03074714758,238.3185705551585,-13.28487364415516,20.59500909478374,r,I11,K25M88O
654,60851.03497769948,241.77750357322765,-29.412691313366697,25.435648025938892,r,I11,K25M00X
655,60851.04832205074,258.4608107717715,-22.6103810268022,21.229519415759313,r,I11,K25M88W
656,60851.06344575182,263.00124284880945,-16.034798024859526,19.106459155753882,r,I11,K25M90E
657,60851.06719009105,244.46212564694585,-16.22480761306519,21.5,r,I11,K17Y08E
658,60851.06768449592,246.1772258071266,-15.894119768282213,20.36780171382602,r,I11,K16L47V
659,60856.083034660565,271.6824285473373,-14.170485643194832,15.871819349479765,z,I11,K05V05O
660,60856.08987250983,244.56692082562017,-12.141467506881009,18.78331957871154,z,I11,K22B00J
661,60856.09091703824,243.0393430870123,-13.885326796474487,21.275967535437694,z,I11,K25M92C
662,60856.13550717593,284.8256384273093,-28.06352230801949,20.117833553193396,g,I11,K25M89G
663,60856.13691276272,287.3731081127081,-27.4135297000028,21.5,g,I11,K17M01A
664,60856.15067224037,292.6843377141235,-30.06866476975368,16.564168504005718,r,I11,J99M00N
665,60856.16794710343,239.9841194308524,-15.743370336051417,20.189510314186208,g,I11,K16L47V
666,60856.16888663708,238.93466301431465,-21.330357223052985,20.30149387506299,g,I11,K25M88O
667,60856.17006673886,237.5737047007656,-23.985014786356928,18.5420691977288,g,I11,J36C00A
668,60856.17052503768,238.7252277537102,-24.22902067541637,21.231705510842204,g,I11,K05L03O
669,60857.30301435829,348.85156865138487,-10.577483231217265,20.416331063591574,r,I11,K25N01V
670,60857.3039766424,344.9069531644868,-6.283955671464036,23.71905116598736,r,I11,K20X02O
671,60857.30724839482,335.7480624170914,-9.126276100948877,17.44386944163969,r,I11,K02N00X
672,60857.30818683228,334.44498031400855,-4.472993430395144,20.650026419867412,r,I11,K08N00A
673,60857.31000022325,329.2057746841341,-3.8499958858868304,20.220444184182718,r,I11,K25M91V
674,60857.31382668426,320.20449752119447,-7.686500511567097,21.403437405390676,r,I11,K18P22D
675,60857.31528997312,323.0244501382896,-10.67168979780975,19.25646493522204,r,I11,K25A03P
676,60857.33387391089,325.75024887707923,-9.169921906632135,17.915953771318232,r,I11,K23L02M
677,60857.33796558375,332.6145192473504,-12.573768161809046,24.654909558914355,r,I11,K20M01A
678,60857.338469899994,333.0396702679061,-10.362585027608375,21.5,r,I11,K18B01J
679,60857.342984740826,357.5554817725939,-13.674716426461654,29.93818352256799,r,I11,K20M03U
680,60857.34677143027,356.9784729374816,-2.214750632103526,21.5,r,I11,K16C29N
681,60857.361183219444,308.5121194283228,-19.848155618294967,20.274611806265703,i,I11,K25N00D
682,60857.36443246537,298.2319475047641,-17.519031404485112,20.082333445098868,i,I11,K25M91X
683,60857.36716616049,303.0090583639743,-27.13652935323437,19.885045207453594,i,I11,K19N05W
684,60857.36853150293,303.008768149281,-27.13289206817547,19.72588758860133,i,I11,K19N05W
685,60857.37629175475,308.54132169622017,-19.88705029348469,20.001997506195856,i,I11,K25N00D
686,60857.38321587858,298.2311816052782,-17.542453345619617,19.63475317784105,i,I11,K25M91X
687,60857.38818659993,285.6549579789995,-27.7877038284806,21.5,i,I11,K17M01A
688,60857.3890766228,285.85489602757974,-31.6164390495272,16.100092654365188,i,I11,J99M00N
689,60857.39275236794,303.0038199798775,-27.06814301538874,19.61935179016691,i,I11,K19N05W
690,60857.39321336636,303.0037296708893,-27.06690594032628,19.28724650909227,i,I11,K19N05W
691,60857.98834868114,221.70669488126447,-40.04609351298709,22.14522519220901,i,I11,K25N01T
692,60857.995091203804,221.71048095287088,-40.03964677248519,18.438318602660182,i,I11,K25N01T
693,60858.1018135356,283.1526966695586,-19.15051376618376,21.5,z,I11,K25O07S
694,60858.10320677707,278.08054000020013,-20.6544989534804,23.312884661267727,z,I11,K25M01T
695,60858.103648857206,278.0795638493851,-20.654221585873408,20.903077386413532,z,I11,K25M01T
696,60858.10505253569,271.5201435600553,-18.63279173376291,16.986417932053747,z,I11,K05V05O
697,60858.113553811716,247.95491005245344,-11.124717708482,23.971467961607686,i,I11,K25M92C
698,60858.11933786352,270.5885314672476,-19.35349104262444,21.5,i,I11,K16A09M
699,60858.13930786548,284.6860214540319,-27.99017988286928,21.5,i,I11,K17M01A
700,60858.14641108669,277.9842546794926,-20.62676247701551,20.456953143063075,i,I11,K25M01T
701,60858.14840158266,271.5584059824852,-13.195896705340909,18.79673278172848,i,I11,K25M90A
702,60858.16126451527,298.2296794997837,-18.5136548889009,19.85181971651962,r,I11,K25M91X
703,60858.162655038526,302.1314629315776,-15.776484881670196,20.18049115910206,r,I11,K25N00K
704,60858.16357815238,296.6273030711169,-12.902780239773785,20.94470076774924,r,I11,K25N00J
705,60858.16496099919,296.6330032461642,-12.905562643278175,20.965344135367303,r,I11,K25N00J
706,60858.16824413158,282.13816400714074,-11.18033167978232,18.55463171590504,r,I11,K25M00V
707,60858.177737069025,239.4170316609662,-25.084643974936355,21.100197811003877,z,I11,K25M88O
708,60858.177737069025,240.1878089841424,-26.13108739570799,22.05580804869887,z,I11,K05L03O
709,60858.20225622727,310.30403867952145,-22.05913972111886,21.234746238379863,r,I11,K25N00D
710,60858.2027209949,314.9030795865536,-21.72120128635048,21.965050632308945,r,I11,K25M89C
711,60858.210490463316,309.8394067419408,-7.931049930649078,21.23862288194334,r,I11,K25N00B
712,60858.21333725225,302.1034750325901,-15.723300943593774,20.575567286138615,r,I11,K25N00K
713,60858.21924088281,322.5112886476021,-11.415303312702646,20.46456892241592,r,I11,K25A03P
714,60858.220170810426,322.5107210843632,-11.416062418514953,21.01714717351725,r,I11,K25A03P
715,60858.222895086794,318.67971365754454,-8.300386147668982,21.631169858287755,r,I11,K18P22D
716,60858.22967997594,327.1507646637993,-10.194510309319265,20.156753394906055,i,I11,K23L02M
717,60858.230122426365,327.06852544495143,-7.839919469419214,20.42510822688386,i,I11,K24A04W
718,60858.23056776504,330.0723586789119,-5.0498767907308775,22.852815165317704,i,I11,K25M91V
719,60858.23258900867,309.8606258257935,-7.974536478628933,21.30578924388753,i,I11,K25N00B
720,60858.23690338769,296.9312418156592,-13.050715998260666,21.692297279992506,i,I11,K25N00J
721,60858.237407267225,296.9333437149149,-13.051733369308913,21.222085559595378,i,I11,K25N00J
722,60858.241867302306,314.8721175065633,-19.407325121607435,18.51186898126815,i,I11,K07M24E
723,60858.246400965,309.8738520904514,-8.001706596903066,20.891951932217736,r,I11,K25N00B
724,60858.24738067088,303.560091060529,-9.568636159808715,19.891218837106955,r,I11,K25N00L
725,60858.25074258266,296.98918562931595,-13.078718307352954,22.07594830778588,r,I11,K25N00J
726,60858.2512056353,296.9911284886173,-13.079655565892232,22.009472666948803,r,I11,K25N00J
727,60858.25576007464,314.87157722792847,-19.42312463126521,18.570717955789142,r,I11,K07M24E
728,60858.26388531948,334.4631395966797,-9.710560332394827,21.5,i,I11,K18B01J
729,60858.264343552655,336.676835326307,-7.625767248125859,17.414845730615966,i,I11,K02N00X
730,60858.268909873645,332.30219856881143,-7.460506075802296,19.916889098072964,i,I11,K08N00A
731,60858.2798038888,332.19264978003525,-13.677654069174515,24.75557147908279,i,I11,K20M01A
732,60858.2845774052,346.3090027610028,-14.179076509788466,24.988109275367858,r,I11,K25O13V
733,60858.28787934626,349.0474490834828,3.3811396710281403,24.10215045075609,r,I11,K17O19M
734,60858.314355023795,356.4977112166489,2.4334027289471853,21.5,i,I11,K14QT5O
735,60858.31616120534,350.8555444468681,0.3131056347058097,22.883826565471654,i,I11,K21T13V
736,60858.31661944097,350.66494393853424,-2.4231666596324453,21.5,i,I11,K20B01Y
737,60858.32005986985,357.66514548323653,10.129309521056712,21.5,i,I11,K23H03C
738,60858.32371927752,0.7388999974663485,-1.1822852160221635,21.5,i,I11,K06D00L
739,60858.32606524319,2.6049597384792524,3.0080290582387814,24.40371425023388,i,I11,K16R17Y
740,60858.33237118064,336.73978981229885,-7.516891501612675,18.27591760245481,i,I11,K02N00X
741,60858.336173951204,346.3428692528445,-14.127092444459066,24.47071652617203,i,I11,K25O13V
742,60858.35140662627,336.7573525370673,-7.486330525964671,20.46608994701996,r,I11,K02N00X
743,60858.996054181785,222.3415409438236,-39.06088075801257,19.189150145545085,i,I11,K25N01T
744,60859.10802261658,284.2636281478351,-12.326022623511822,20.527770913312448,i,I11,K25M00V
745,60859.122910173726,269.64786438012345,-13.814206917106306,18.342771196776663,i,I11,K25M90A
746,60859.13264513743,274.64255010418844,-33.30832980773367,17.47503949187349,z,I11,J99M00N
747,60859.14201513476,297.3279078918307,-25.45369271760475,20.44301643796951,z,I11,K25N00L
748,60859.145306172635,283.5291375913775,-15.656859908978577,21.545384936559778,z,I11,K25O07S
749,60859.14679660849,284.34280821024487,-12.374219170415492,21.5,z,I11,K25M00V
750,60859.170556789875,249.879078666342,-18.94873375904893,20.958849422988855,i,I11,K25M00S
751,60859.1743294561,237.2243225727068,-15.08332093511405,26.78193478120982,i,I11,K22F03G
752,60859.17617502527,238.47900913284417,-23.6959174761318,21.5,i,I11,K25O07Y
753,60859.178026957816,240.94583172836792,-27.05201808489369,20.978208969225395,i,I11,K05L03O
754,60859.17944653626,239.7225214982616,-27.0871826538128,19.974906109251798,i,I11,K25M88O
755,60859.17944653626,240.94684011622505,-27.0532896364876,21.012944660822797,i,I11,K05L03O
756,60859.17992233885,240.91837419643028,-30.492526294730304,19.817596665848907,i,I11,K25M88Q
757,60859.18232461125,250.79673249220195,-28.80253491191929,21.5,i,I11,K24A01Q
758,60859.19616165389,250.77912491264075,-28.793825986325857,21.5,z,I11,K24A01Q
759,60859.200331980115,298.2071797588214,-19.79004312393768,20.08398613962947,z,I11,K25M91X
760,60859.21647357891,302.0544422273516,-15.2969717166538,20.1449997576593,i,I11,K25N00J
761,60859.30515346798,322.9429610456817,-20.99236797544542,20.72456993155926,r,I11,K25M93L
762,60859.30566001409,322.9425670497389,-20.99271697793332,20.77131210696122,r,I11,K25M93L
763,60859.380131909595,342.15912557628485,-10.416240349419068,21.5,i,I11,K25O02D
764,60859.98488524995,222.98706942370387,-38.06714737064808,17.98507326797194,i,I11,K25N01T
765,60859.99041966231,222.990420656531,-38.061555872869945,17.96189244454353,i,I11,K25N01T
766,60859.99087811407,222.99069784499693,-38.06109291865234,18.00087102063228,i,I11,K25N01T
767,60859.99458014552,222.9929377705581,-38.0573493030112,17.8773767899036,i,I11,K25N01T
768,60859.99757415128,222.9947486159317,-38.05431959187517,18.366037879753122,g,I11,K25N01T
769,60859.99803708698,222.9950285983992,-38.05385090486111,18.388163101887038,g,I11,K25N01T
770,60860.004170322354,222.99873615733867,-38.047638400549445,18.268171186672244,g,I11,K25N01T
771,60860.011493409955,223.0031614359141,-38.040209240226815,18.308288493817145,g,I11,K25N01T
772,60860.011493409955,224.00928733629613,-36.141242376750455,22.206084980495703,g,I11,K18A04G
773,60860.058716217216,223.0316955787329,-37.99203960151181,17.944337453900047,r,I11,K25N01T
774,60860.106506092234,223.0607576456508,-37.94282261847018,18.355961410728284,z,I11,K25N01T
775,60860.10839861131,223.0619161104258,-37.94086382709944,18.34961914427175,z,I11,K25N01T
776,60860.22274814929,327.92634059920255,-13.324550120325547,20.183121893342935,z,I11,K08N00A
777,60860.23323529389,322.24657515116627,-21.635059581652595,21.640442673009645,z,I11,K25M93L
778,60860.23372053336,319.59784694206206,-23.946723093331425,20.65039825806997,z,I11,K25M89C
779,60860.26463334692,327.8258093694059,-13.446824161101905,19.97869692479526,r,I11,K08N00A
780,60860.265549873,330.0954725909572,-8.803185243408421,18.329069081750653,r,I11,K24A04W
781,60860.275649498086,274.0102123854024,-19.146210931719946,20.138549277982715,r,I11,K25M01T
782,60860.302836458584,349.29918844723124,-15.636885316842346,20.775294343487325,z,I11,K20M03N
783,60860.306066298625,352.47820069487454,-1.3707503314351577,21.5,z,I11,K20B01Y
784,60860.30652442341,352.95528156613113,1.2245315861044266,25.83697597968574,z,I11,K21T13V
785,60860.31953998927,332.071479970476,-7.907329638619029,20.655732219054947,r,I11,K25M91V
786,60860.33058428025,359.787548466961,-0.672323664428358,21.5,r,I11,K16C29N
787,60860.33289193822,3.1173944548496206,7.842586015669546,22.21512983148542,r,I11,K20M02P
788,60860.340866532424,7.352936191148752,-2.818586121488754,21.5,i,I11,K08T10S
789,60860.34222041341,10.924650317461932,-5.641666285759817,21.5,i,I11,K20T02H
790,60860.34313579534,7.743661300572319,0.7939612871004713,27.686068145713826,i,I11,K19F01C
791,60860.34359185167,12.042733692770788,3.183918532953338,21.5,i,I11,K23B02Y
792,60860.34540433332,8.857194042828407,9.703489868748616,21.5,i,I11,K23Q01Q
793,60860.34540433332,8.021836268767219,9.773646117004713,21.5,i,I11,K22O03W
794,60860.370360957546,302.6187577926165,-16.169319939596132,19.54083481085575,g,I11,K19N05W
795,60860.37128718326,300.39276548571087,-14.57523728971324,20.746664404769728,g,I11,K25N00T
796,60860.394250781246,302.6107822615325,-16.048182969312663,19.350434433207724,r,I11,K19N05W
797,60860.39566832424,298.16612587974555,-21.225856661006908,20.24820788807516,r,I11,K25M91X
798,60861.015833436926,259.9324614759501,-27.876624048741824,21.5,y,I11,K25M89G
799,60861.01726419525,260.842017472134,-33.92095426061806,23.02521566074556,y,I11,J99M00N
800,60861.16845718799,312.901305323103,-13.786901306845012,21.91198522811757,y,I11,K25N00B
801,60861.19054152972,312.92274602337795,-13.830920265066965,22.335362258862396,y,I11,K25N00B
802,60862.990314073424,277.53211121639333,-21.991533974316983,21.38454144633952,y,I11,K25M89D
803,60863.003479403706,277.5640829196467,-22.059745068869884,21.5,y,I11,K25M89D
804,60863.058303054175,299.22259219087385,-23.63746191922141,21.84227582468876,y,I11,K25N00T
805,60863.06645410127,299.2173287973678,-23.669239005979907,22.70431204109751,y,I11,K25N00T
806,60863.06645410127,298.07010708218064,-24.30042051433847,21.0919262653859,y,I11,K25M91X
807,60863.070047189074,299.6134965503321,-10.094554104075254,22.690398826837196,y,I11,K25N00K
808,60863.071382031296,293.37038273057806,-17.015244344713764,21.510408380094248,y,I11,K25M00V
809,60863.08004373174,299.20837950513703,-23.722243715463,22.671950865628737,y,I11,K25N00T
810,60863.088240020086,299.2028806053904,-23.754222220973748,22.550077304760126,y,I11,K25N00T
811,60863.088240020086,298.06854538389246,-24.32496594354184,21.03313139568299,y,I11,K25M91X
812,60863.08957878568,293.4093257883045,-17.036722574030758,21.65018120852234,y,I11,K25M00V
813,60863.09186570908,299.5995154584209,-10.067554233164138,21.377878215078745,y,I11,K25N00K
814,60863.0932476428,293.4171294177159,-17.04104005883423,22.062877963685654,y,I11,K25M00V
815,60863.09372776719,292.1290848304094,-10.735837974956745,27.104792549368497,y,I11,K25N01S
816,60863.09992414847,299.19491468200187,-23.7998221653832,20.451589185320458,i,I11,K25N00T
817,60863.09992414847,298.0676645892325,-24.33811248196213,19.76179914848809,i,I11,K25M91X
818,60863.10037905956,299.19460154062045,-23.8015981708945,20.70392217068783,i,I11,K25N00T
819,60863.109046325844,319.91085464772766,-23.65826840322452,21.014860269173735,i,I11,K25M93L
820,60863.10949036889,322.50459419856264,-24.08500750615304,21.5,i,I11,K25P00P
821,60863.110865075905,314.9092243638643,-17.61372604355091,22.710966864216438,i,I11,K25N00B
822,60863.11401730006,308.75572928498195,-11.431640771741652,21.014271722456954,i,I11,K19B01A
823,60863.11401730006,309.7777762970451,-11.730751543585786,20.91828942504594,i,I11,K18P22D
824,60863.12620054331,298.0655843081813,-24.36762953760461,20.192238023181147,z,I11,K25M91X
825,60863.12620054331,299.17649150019633,-23.90240984349873,20.7737972877673,z,I11,K25N00T
826,60863.12666424791,299.17616099240666,-23.90421769020273,20.928978440935087,z,I11,K25N00T
827,60863.13178402916,314.670554781755,-25.139403560029947,17.8500628765607,z,I11,K07M24E
828,60863.14473437627,308.7411017906117,-11.45974902275089,21.369814432014174,z,I11,K19B01A
829,60863.14705568568,308.7399906409651,-11.461872789701244,21.377976167303622,z,I11,K19B01A
830,60863.24527931964,322.8554523860517,-13.664025310987489,21.164665990701394,y,I11,K25N01B
831,60863.24868726265,328.593914323279,-17.872678352308778,19.844663881249033,y,I11,K12O00Q
832,60863.24868726265,327.5678980579219,-16.336699840605835,22.219599594335918,y,I11,K25N00Q
833,60863.2791811944,348.66884893634494,-2.5211829649700035,23.181443195216815,y,I11,K17O19M
834,60863.2791811944,347.86719236453274,-3.975933530488632,21.151351804395766,y,I11,K25N01V
835,60863.279618650005,348.6687721572724,-2.521659324546374,24.962054869297308,y,I11,K17O19M
836,60863.28229534709,342.8680196129801,-0.0714070365471126,20.898557168171905,y,I11,K25L00F
837,60863.28640735087,341.8641324624881,1.2813766246951093,18.705627605176023,y,I11,K02N00X
838,60863.29746677899,348.66559751161685,-2.541061818949657,21.5,y,I11,K17O19M
839,60863.29746677899,347.86198957838707,-3.95364658972386,21.45757724439214,y,I11,K25N01V
840,60863.30687476296,344.0616624573112,-5.0870595332074044,22.350090925576723,z,I11,K18B01J
841,60863.30734933613,344.062716121064,-5.086522439878999,21.5,z,I11,K18B01J
842,60863.30734933613,346.1783779755079,-5.437552965908327,19.60460143634132,z,I11,K02A31V
843,60863.31198612264,341.89061239124925,1.331107119891951,17.720945783305265,z,I11,K02N00X
844,60863.3142878419,331.0318837245548,-2.4772189324585665,20.019303387774034,z,I11,K25H03C
845,60866.99720128285,241.86790019739163,-21.00909339854104,19.15654876400665,z,I11,K25M90A
846,60866.99811365454,239.3993648859233,-24.44402435150212,18.718264925964235,z,I11,K18B06Y
847,60866.99811365454,240.7955688563561,-22.796268383986767,21.5,z,I11,K24A01Q
848,60866.99811365454,239.1928005813924,-24.12923510516975,23.356862395796618,z,I11,K25M89G
849,60866.998584337925,242.86357744546865,-24.023621530780872,19.99942754145949,z,I11,K25J01G
850,60867.0434532144,260.1544288127021,-19.316348916571823,21.5,z,I11,K25O04L
851,60867.0439104197,260.1540813306925,-19.31562906764074,21.5,z,I11,K25O04L
852,60867.04438396735,260.1537224523549,-19.314885629123832,27.638453399162394,z,I11,K25O04L
853,60867.04484129885,260.15337569843143,-19.314167325340524,21.51248389805051,z,I11,K25O04L
854,60867.050527253356,257.86763126325684,-25.98481888803716,21.5,z,I11,K25O07Y
855,60867.050985048096,257.8688454767663,-25.984895098443765,21.5,z,I11,K25O07Y
856,60867.05371017553,245.69871767511648,-16.162317485791853,20.21187944716153,z,I11,K25M92E
857,60867.056591399654,257.2021588840296,-19.92260741377756,21.5,z,I11,K25O01N
858,60867.0996096235,241.26742280104423,-21.11366284400535,18.676156722020608,z,I11,K25M90A
859,60867.1133680498,238.88991261797088,-24.052829720765622,21.5,z,I11,K25M89G
860,60867.1133680498,240.636328195035,-22.68997419319374,24.164404042667737,z,I11,K24A01Q
861,60867.1133680498,239.06092462259417,-24.14272370861216,21.420527036296146,z,I11,K18B06Y
862,60867.12780902828,242.9866948739448,-24.19034836942585,19.774450813159923,z,I11,K25J01G
863,60867.142821631525,251.8445806675641,-27.42483366856536,19.227526806895337,z,I11,K25F23V
864,60867.14328051693,251.8455354669008,-27.42449202058897,19.07536998359727,z,I11,K25F23V
865,60867.16172493424,333.89956865997647,-12.895744230128871,18.362703069670147,z,I11,K12O00Q
866,60867.16435370475,343.05321076853016,-13.0163326656735,18.76100801210699,z,I11,K24A04W
867,60867.17244998134,329.4521134314619,-8.698663979337272,20.671230111256826,z,I11,K25O02D
868,60867.187004412204,258.2290116829015,-26.0027681429475,21.5,z,I11,K25O07Y
869,60867.19832381072,351.73071058027983,-5.425696407351768,24.919397947866315,z,I11,K25O13V
870,60867.19832381072,350.38412760861416,-6.810883959872305,19.52460060089978,z,I11,K02A31V
871,60867.19978978099,346.74312766604925,1.1383245246746208,20.81401683477821,z,I11,K25N01V
872,60867.20042877372,355.2406581622364,-12.63359039901047,20.389221486689678,z,I11,K05O00X
873,60867.20042877372,355.7034669904415,-14.075827119186464,19.19202229383628,z,I11,K22M03A
874,60867.20089050902,355.24122816041523,-12.633346715228924,20.278502616408296,z,I11,K05O00X
875,60867.20089050902,356.68025684310936,-9.953694777178466,19.21727733658154,z,I11,K08A04F
876,60867.20429257884,353.3319132256462,-3.056007458074207,21.739284924082494,z,I11,K20B05A
877,60867.20693667607,354.4530083181743,0.1698526172349438,21.5,z,I11,K18B01J
878,60867.20693667607,353.89217997890364,-0.8152007694719845,22.32099122773362,z,I11,K25N02Y
879,60867.20745065743,356.6885817714622,-9.953602814015545,19.224199164470203,z,I11,K08A04F
880,60867.207925342445,355.10938468996324,-1.4541294290336344,19.62838749239298,z,I11,K25L00F
881,60867.21190984493,346.7385259041427,1.1552035454288416,20.770012223923274,z,I11,K25N01V
882,60867.2123670789,346.738351393413,1.155840113581562,20.82070302650321,z,I11,K25N01V
883,60867.214192001185,339.2103605443227,-5.71942956756569,21.24532349660335,z,I11,K22Y06N
884,60867.214664708925,330.14396719907074,-13.136470773430124,20.352068402959336,z,I11,K25N00E
885,60867.21975088841,355.7644074564658,-13.967687909005674,19.203369786896502,z,I11,K22M03A
886,60867.21975088841,355.26446855984784,-12.623387340161807,19.722741457851455,z,I11,K05O00X
887,60867.220187992396,355.26500642073404,-12.623156297913138,19.80534549819413,z,I11,K05O00X
888,60867.220187992396,355.7657791990932,-13.96524102021046,19.632173858506036,z,I11,K22M03A
889,60867.220645200665,355.2655688681186,-12.62291466778414,19.626912801085965,z,I11,K05O00X
890,60867.220645200665,356.7053037411328,-9.953415573916573,19.001405449577405,z,I11,K08A04F
891,60867.22108158529,356.70585710650465,-9.953409315942556,18.989346260319817,z,I11,K08A04F
892,60867.22108158529,355.26610667216266,-12.622683599159592,19.787076729347334,z,I11,K05O00X
893,60867.228771514885,3.743555261774635,-0.3017613368969313,22.956560904162632,z,I11,K20X02O
894,60867.22981424252,353.9501785313288,-0.7901815393732272,22.843169257068652,z,I11,K25N02Y
895,60867.22981424252,354.52271481504783,0.2059130832160128,21.5,z,I11,K18B01J
896,60867.23033587259,356.717568239388,-9.9532758746697,19.40372744341806,z,I11,K08A04F
897,60867.23077773936,356.7181272686555,-9.953269455579443,19.429706414484265,z,I11,K08A04F
898,60867.23455750483,0.8840427081845588,4.620161214693901,21.5,z,I11,K21T13V
899,60867.23906225369,334.01875057339964,-12.772089324396775,18.74845039596084,z,I11,K12O00Q
900,60867.24192464088,330.1772673067236,-13.180066538984178,21.010929697183137,z,I11,K25N00E
901,60867.24300089078,339.1351665789184,-18.45292046286559,20.446553186237377,z,I11,K25M91V
902,60867.25462970081,350.4464043301736,-6.833015242304416,19.641879085559125,z,I11,K02A31V
903,60867.25462970081,351.75710269823264,-5.37321478982614,25.558285779948804,z,I11,K25O13V
904,60867.25508802342,351.7573134202432,-5.372787749095551,24.11908735363977,z,I11,K25O13V
905,60867.25508802342,350.4469086595923,-6.833195235102523,19.639392332393626,z,I11,K02A31V
906,60867.25554947891,355.2370305441338,-1.4699786020486094,19.91188925884255,z,I11,K25L00F
907,60867.25600776806,355.2382453067575,-1.470130671946189,20.032453071874805,z,I11,K25L00F
908,60867.25647144779,353.35873047090814,-3.010018935927892,22.039392670578103,z,I11,K20B05A
909,60867.25692885797,353.35896104337,-3.0096157629167,22.964824410565285,z,I11,K20B05A
910,60867.25738953833,354.0196342038976,-0.76003365812065,21.5,z,I11,K25N02Y
911,60867.25738953833,354.6066458240669,0.2494650592069973,21.5,z,I11,K18B01J
912,60867.25784694459,354.02078137921865,-0.75953413089719,21.5,z,I11,K25N02Y
913,60867.25784694459,354.6080360940835,0.2501875938421206,21.5,z,I11,K18B01J
914,60867.25834255485,3.8071773392203214,-0.2809380965134608,21.5,z,I11,K20X02O
915,60867.26036123876,355.24977970087565,-1.4715756413680603,20.462097303161556,z,I11,K25L00F
916,60867.260819561336,355.2509947737005,-1.4717279672610133,20.61806707600745,z,I11,K25L00F
917,60867.26222001844,355.25469952042016,-1.4721925324147604,20.871659029408896,z,I11,K25L00F
918,60867.26267733583,355.25590841491487,-1.4723441649020894,25.342319371191266,z,I11,K25L00F
919,60867.26313888251,0.9183934313721216,4.634877950475207,21.5,z,I11,K21T13V
920,60867.26313888251,359.72702410212594,2.9055479598466625,18.805020179352994,z,I11,K20B01Y
921,60867.2635973374,359.72754787854115,2.905863942959102,17.06691745881603,z,I11,K20B01Y
922,60867.2635973374,0.9189431651835084,4.6351137655668815,23.538850637633992,z,I11,K21T13V
923,60867.273085375724,329.2371103545853,-8.67419924958989,21.5,z,I11,K25O02D
924,60867.27355580979,326.59929165603745,-11.76140297958764,20.233840470806566,z,I11,K25M01G
925,60867.279365956536,353.1517701484822,1.9800404564708467,19.893967587667483,z,I11,K19O00J
926,60867.28160204416,346.71118608097385,1.2523789332557196,20.291986802157204,z,I11,K25N01V
927,60867.28205835004,346.7110030689706,1.253015396021022,20.341868091143525,z,I11,K25N01V
928,60867.293837315694,355.3553210270588,-12.584016569460898,21.00547078810795,z,I11,K05O00X
929,60867.29429681023,355.35588350745223,-12.583770750548709,20.91662939208944,z,I11,K05O00X
930,60867.29476169351,355.99614410991967,-13.54682294993638,19.456116503199222,z,I11,K22M03A
931,60867.29476169351,355.3564520877961,-12.583522241556054,20.964214733210508,z,I11,K05O00X
932,60867.29522016187,355.99753898818943,-13.54424748273016,19.800592088562897,z,I11,K22M03A
933,60867.29522016187,355.35701209515906,-12.583277455766776,21.06971246775693,z,I11,K05O00X
934,60867.295693750595,356.7999513841452,-9.952271621449512,19.315009916570148,z,I11,K08A04F
935,60867.29615096907,356.80052578487783,-9.952264153228352,19.210292723048227,z,I11,K08A04F
936,60867.296621250876,356.80111650732823,-9.952256465364655,19.284812655573788,z,I11,K08A04F
937,60867.297079718504,356.80169338616054,-9.9522489503805,19.22723779566431,z,I11,K08A04F
938,60867.297906824606,339.31550074625585,-5.6731957589575694,21.5,z,I11,K22Y06N
939,60867.302980113716,3.902775197164062,-0.2494746111847382,28.22686534448419,z,I11,K20X02O
940,60867.30343849526,3.903755929792714,-0.2491508813940782,25.74570484210534,z,I11,K20X02O
941,60867.304823184415,0.96834711837678,4.656336875419228,21.5,z,I11,K21T13V
942,60867.30528046232,0.9688951965957882,4.656572608207324,21.5,z,I11,K21T13V
943,60867.3185426501,4.08035708544424,5.122990359957366,23.57165232061196,z,I11,K23Y01O
944,60867.31899768378,7.108381215822293,6.219024250447861,24.49394566207814,z,I11,K14QT5O
945,60867.319439577725,6.051481455037965,3.465080580005443,26.403841430101693,z,I11,K22O02O
946,60867.319439577725,7.342720975951868,3.528812899412744,21.5,z,I11,K16C29N
947,60867.319895617096,8.696364281532666,2.942275874303004,21.836354966335026,z,I11,K18B05J
948,60867.319895617096,7.34325802571645,3.5291169113165983,27.152275984254796,z,I11,K16C29N
949,60867.32035066445,10.46880508876614,3.802729652171657,21.5,z,I11,K06D00L
950,60867.32216867061,7.362103834363181,14.239688760644247,21.5,z,I11,K11Q08X
951,60867.32261048703,4.691977528612768,14.597154340503389,21.5,z,I11,K18B01V
952,60867.32261048703,5.250086645519162,15.067078711574414,21.5,z,I11,K21P23L
953,60867.326527629935,334.15196031897244,-12.629607055876304,18.680663633010603,z,I11,K12O00Q
954,60867.32970165221,330.2840108193096,-13.320310763257677,19.657316682255022,z,I11,K25N00E
955,60867.3351708414,17.54871702093019,1.1745713872036132,23.87685011519899,z,I11,K18M04X
956,60867.3351708414,16.514498764151874,1.309449785684828,25.979302763941355,z,I11,K08T10S
957,60867.33562925777,15.566488849788044,4.057806281621748,21.5,z,I11,K19F01C
958,60867.33607985517,15.73099163253085,8.657251645457642,21.5,z,I11,K23O03R
959,60867.33607985517,15.499361677029082,6.846775001121789,21.5,z,I11,K22U01C
960,60867.33607985517,15.169321107687852,8.192280654950652,21.5,z,I11,K16AG4H
961,60867.33607985517,14.697644726961329,7.378234808869612,21.5,z,I11,K20Q03E
962,60867.33607985517,13.574502967376828,7.928874321049475,21.776268511873997,z,I11,K20M02P
963,60867.33607985517,16.85620941778717,7.831565742792115,22.278879150490752,z,I11,K17W13W
964,60867.336535968345,16.856644466503422,7.831752816402866,24.34030403807816,z,I11,K17W13W
965,60867.336535968345,15.153902269835202,9.312911102195692,25.451282409774596,z,I11,K19R01H
966,60867.336535968345,15.73113750571606,8.658237450517316,23.803685557575577,z,I11,K23O03R
967,60867.336535968345,17.136807498660936,7.932745709325333,27.910873447177188,z,I11,K20U04X
968,60867.336535968345,16.398956788466492,10.666929866446765,21.5,z,I11,K18S03J
969,60867.33697812162,16.399473681264283,10.66713615508482,21.5,z,I11,K18S03J
970,60867.33922846678,15.156520626392371,9.313941798430267,23.56634082389828,z,I11,K19R01H
971,60867.33967172839,12.56447906772554,6.883675429125656,24.29493882119064,z,I11,K16R17Y
972,60867.341490826584,353.40070670521584,-2.934884189273121,22.330888955290355,z,I11,K20B05A
973,60867.34195675317,354.863835249139,0.383593064274285,21.5,z,I11,K18B01J
974,60867.34195675317,354.23025743379355,-0.6676513059046244,22.844259120715037,z,I11,K25N02Y
975,60867.34240200433,351.79665689003986,-5.291310098984286,21.5,z,I11,K25O13V
976,60867.34240200433,350.5426401530527,-6.86747891462492,19.550107433684396,z,I11,K02A31V
977,60867.3440490917,19.198510632973075,7.933258329625649,21.5,z,I11,K23T09A
978,60867.344701140406,355.47000213375486,-1.499429457338436,19.614077888498798,z,I11,K25L00F
979,60867.347801086915,354.8816223681855,0.3928931315401828,24.393825061319646,z,I11,K18B01J
980,60867.348245330526,354.8829739372874,0.3935998695779075,25.03191197374096,z,I11,K18B01J
981,60867.35165539942,17.563411387153927,1.1894162516862334,21.5,z,I11,K18M04X
982,60867.35335517926,18.95175367843798,-2.741581765970223,23.488333670723463,z,I11,K20T02H
983,60867.353836496884,20.29503401369556,5.973052822867616,21.5,z,I11,K16P08C
984,60867.353836496884,20.805205265661805,5.56050894704723,21.5,z,I11,K24A04R
985,60867.97476421378,255.94591747558465,-27.794749466924333,21.5,i,I11,K25O01Y
986,60867.97611405618,257.98162866769644,-18.907299185280547,19.332097903616443,i,I11,K25O01N
987,60867.978828967214,253.6412471490441,-26.81138731586841,18.925393200978334,i,I11,K25F23V
988,60867.98582144045,255.9704992173787,-27.79110431578827,21.5,r,I11,K25O01Y
989,60868.00736131608,253.69862512106835,-26.791167969230205,18.85314942587018,r,I11,K25F23V
990,60868.01041125521,245.94213242217364,-20.60808822734868,19.443443117035436,r,I11,K25N01W
991,60868.012612416715,258.0056115337365,-18.86810091141664,22.42190734844681,r,I11,K25O01N
992,60868.01305321577,260.4618132609053,-14.448057698166092,20.58595401437014,r,I11,K25H06V
993,60868.01446100362,254.1039350197497,-13.078211589176403,20.05921634227572,r,I11,K25D49K
994,60868.01677753034,245.0272460797549,-9.511187445508616,21.5,r,I11,K20O03O
995,60868.020598745614,248.2231582759902,-17.77587201167527,19.64967871267006,r,I11,K25M92E
996,60868.0210856312,248.22434979175125,-17.776729688527347,19.901202986943822,r,I11,K25M92E
997,60868.023076747304,259.45581667169154,-17.772851086179593,24.342414566446912,y,I11,K25O04L
998,60868.02406101499,260.65566948866683,-26.09315543679609,21.5,y,I11,K25O07Y
999,60868.025993758914,264.1395183939873,-27.801293133773704,23.77652204811963,y,I11,K16A09M
1000,60868.02749569036,262.3470499746818,-14.052836196626426,22.063047408129655,y,I11,K25M01T
1001,60868.03005137948,262.34324864706946,-14.05142020192524,20.12582370552017,i,I11,K25M01T
1002,60868.03050752108,259.45038706629794,-17.76119591664312,21.5,i,I11,K25O04L
1003,60868.030963837904,258.0172001278696,-18.84816182758828,24.18182470190666,i,I11,K25O01N
1004,60868.03140586958,260.4765040099185,-14.461947596460549,20.76060154469391,i,I11,K25H06V
1005,60868.03320986207,254.1109029416445,-13.105839848404418,20.033326388403434,i,I11,K25D49K
1006,60868.05346314634,259.4335881222298,-17.725173575446853,21.5,z,I11,K25O04L
1007,60868.053937816265,258.03137106838875,-18.8229617682636,22.857762098328763,z,I11,K25O01N
1008,60868.054400611305,260.4948336135046,-14.479309855196943,21.22595280059285,z,I11,K25H06V
1009,60868.05627051322,254.1194130122022,-13.139760471380225,20.574154029623546,z,I11,K25D49K
1010,60868.058228455455,245.04195160978568,-9.56096485283192,21.5,z,I11,K20O03O
1011,60868.06123416222,258.0358096278889,-18.814901233277023,23.32157891566256,z,I11,K25O01N
1012,60868.080096943995,245.0496822752928,-9.587167528412248,26.886800993403995,y,I11,K20O03O
1013,60868.083650168446,254.1294619366059,-13.179941504016991,22.415290955403037,y,I11,K25D49K
1014,60868.08928635512,245.05293394860865,-9.59816584395813,21.5,y,I11,K20O03O
1015,60868.09285438091,254.13283368958164,-13.19342663251924,21.975839577249943,y,I11,K25D49K
1016,60868.095162217025,254.1336790487032,-13.196806382282263,20.155584728771956,r,I11,K25D49K
1017,60868.09623200953,260.52802823366903,-14.510770104408644,20.630212047118036,r,I11,K25H06V
1018,60868.09675923505,262.2423703587338,-14.013564994703414,19.95477436805561,r,I11,K25M01T
1019,60868.10007333001,245.0567574111327,-9.61106765933158,26.617497543657624,r,I11,K20O03O
1020,60868.10624845521,254.1377402991966,-13.21303176784816,20.204227368121433,i,I11,K25D49K
1021,60868.10731500834,260.5368052600118,-14.519077568608363,20.663071049244582,i,I11,K25H06V
1022,60868.10785432764,262.2254166358721,-14.007093703424871,20.04729090152921,i,I11,K25M01T
1023,60868.1169022657,239.30619629610808,-21.741895732623647,25.557651488348736,i,I11,K24A01Q
1024,60868.11787676494,236.50320412039588,-23.39804320219491,23.313096444135205,i,I11,K25M89G
1025,60868.11787676494,236.2865996978746,-21.30101498725924,20.78433779878283,i,I11,K18B06Y
1026,60868.12407286624,245.94638342067407,-20.36260064678681,20.703284717261525,z,I11,K25N01W
1027,60868.12459791452,248.4773649678016,-17.956578140409206,20.82272233067454,z,I11,K25M92E
1028,60868.150929219875,254.154163699862,-13.278251906864252,21.119940966608123,z,I11,K25D49K
1029,60868.15637567097,239.25165550532807,-21.703407402393232,29.408486032674997,z,I11,K24A01Q
1030,60868.157340406586,236.16332120434453,-21.17900885212292,19.560347871853608,z,I11,K18B06Y
1031,60868.157340406586,236.4109333537895,-23.37198757464017,24.953638893385612,z,I11,K25M89G
1032,60868.16100896652,244.06804404000923,-25.50762864812577,19.963149072286022,z,I11,K25J01G
1033,60868.16317270641,245.94816946789408,-20.2772964551128,21.34230710785141,y,I11,K25N01W
1034,60868.163649297465,248.57435029629465,-18.023134223082867,21.74265639846095,y,I11,K25M92E
1035,60868.171313002844,254.16172112020223,-13.30791915898421,21.885008912739952,y,I11,K25D49K
1036,60868.176574829224,239.2238745114514,-21.6836229299684,21.5,y,I11,K24A01Q
1037,60868.17747722736,236.36424435624448,-23.358591790300245,26.632444284423748,y,I11,K25M89G
1038,60868.17747722736,236.10099630487733,-21.11619984367752,22.05363116673513,y,I11,K18B06Y
1039,60868.18116244382,244.08813037895544,-25.532677886500185,21.313513908925675,y,I11,K25J01G
1040,60868.186524448385,254.05451628813967,-26.66005795445608,18.51788907138813,i,I11,K25F23V
1041,60868.19979291533,259.32654366510434,-17.494838438797117,21.5,i,I11,K25O04L
1042,60868.20030295369,258.12046419091143,-18.655746018571893,21.5,i,I11,K25O01N
1043,60868.200749345415,258.12075108799564,-18.65521946128657,23.489942613556835,i,I11,K25O01N
1044,60868.204419440604,254.09012515268097,-26.646571684427123,18.744293402345527,i,I11,K25F23V
1045,60868.210917565535,254.10307567879508,-26.641660235725443,19.039426192300994,z,I11,K25F23V
1046,60868.210917565535,256.4662467541912,-27.70383354594613,21.5,z,I11,K25O01Y
1047,60868.224420208135,258.1362647004783,-18.627144516164314,21.5,z,I11,K25O01N
1048,60868.22486311238,258.1365607622173,-18.62661677984884,21.5,z,I11,K25O01N
1049,60868.22849630834,254.1381731983045,-26.62833801576441,19.082542684171134,z,I11,K25F23V
1050,60868.23828008401,345.5064676305136,-13.794503586460616,19.810367871828483,y,I11,K24A04W
1051,60868.24952714378,358.0485931905849,-9.933270353604112,20.306627310720735,y,I11,K08A04F
1052,60868.249976207386,359.0353566089075,-8.154078072248446,20.717081694190718,y,I11,K22M03A
1053,60868.27152111049,340.6366165936837,-5.115663081381573,21.5,y,I11,K22Y06N
1054,60868.27903715089,344.98005721479217,-19.272271582597817,21.5,y,I11,K25O00D
1055,60868.27949597237,345.6006085371108,-13.825253015950766,19.82377345288998,y,I11,K24A04W
1056,60868.28044000891,351.6239183281004,-7.2428470503689635,20.596740805374807,y,I11,K02A31V
1057,60868.28186084732,358.0906469168905,-9.932767770642434,20.25473850553964,y,I11,K08A04F
1058,60868.28230769726,359.129522180245,-7.973440915358016,20.937758575228656,y,I11,K22M03A
1059,60868.28552215035,352.264269592918,-4.415288905293585,21.5,y,I11,K25O13V
1060,60868.28646656273,357.9170846833605,1.9392186761306525,24.661280730230377,y,I11,K18B01J
1061,60868.28691385544,356.65812757425994,0.3523193255318522,21.5,y,I11,K25N02Y
1062,60868.28736393049,353.9313898884373,-2.089839431984179,21.5,y,I11,K20B05A
1063,60868.28824317141,353.5116021557033,3.1193995561482866,20.74618366087148,y,I11,K19O00J
1064,60868.29052492406,346.345343818602,2.6831097287091352,21.134308158982595,y,I11,K25N01V
1065,60868.29371943694,340.66588212705346,-5.102635294265589,21.5,y,I11,K22Y06N
1066,60868.30692939673,345.66315875247585,-13.845646023933206,18.108185216601726,i,I11,K24A04W
1067,60868.30834165321,351.6552935033825,-7.254338678326991,19.225146797051952,i,I11,K02A31V
1068,60868.30879703889,352.274238763373,-4.393866704090599,24.180597909512986,i,I11,K25O13V
1069,60868.30925148678,353.94208277687346,-2.070148490664547,21.532422156959726,i,I11,K20B05A
1070,60868.30971697021,356.71347633651743,0.3766303972870433,21.5,i,I11,K25N02Y
1071,60868.311959305356,356.6714662855934,-12.014408963627076,19.291541292466604,i,I11,K05O00X
1072,60868.312407986574,359.2161516208611,-7.805212836267987,25.01086379113677,i,I11,K22M03A
1073,60868.313298278954,358.0996826161654,-1.8097287835144635,19.478184635429027,i,I11,K25L00F
1074,60868.31797456741,0.9729977897927896,3.645171408603026,21.5,i,I11,K20B01Y
1075,60868.31797456741,2.2143177838143866,5.179556858308174,21.5,i,I11,K21T13V
1076,60868.32111726908,353.9103850044313,10.777806264649882,28.25323900757296,i,I11,K21R04R
1077,60868.32111726908,355.70371750177145,9.465280071278508,16.805262965798104,i,I11,K05J21F
1078,60868.321996621664,353.52309685742784,3.158383963858027,19.615837143882953,i,I11,K19O00J
1079,60868.324265053045,346.3305331752781,2.731793255389716,20.460686024259214,i,I11,K25N01V
1080,60868.325970700374,61.41427336858794,-50.28759929563484,13.330871036217705,i,I11,K00EE8Z
1081,60868.32897769913,61.41316295384608,-50.2827579785544,14.004879373673148,g,I11,K00EE8Z
1082,60868.32941187395,61.413002219070535,-50.28205920657816,14.069492366445889,g,I11,K00EE8Z
1083,60868.33729991883,63.74724046877761,-47.7783532717861,18.96170883222921,i,I11,K16L00T
1084,60868.337733245775,63.74798900447693,-47.77740549319686,18.861709252374542,i,I11,K16L00T
1085,60868.33986336714,63.75166664979193,-47.77274333638237,19.589884604219115,g,I11,K16L00T
1086,60868.340297858405,63.75241679267691,-47.771791230275575,19.657701955785498,g,I11,K16L00T
1087,60868.34408434911,17.83935108622712,1.907575961347162,21.5,y,I11,K08T10S
1088,60868.344537590834,14.483400393093342,3.8392655377088274,21.5,y,I11,K23Q02D
1089,60868.34633897156,6.214542689939771,0.4953129811944571,21.5,y,I11,K20X02O
1090,60868.34633897156,5.579123108721048,2.406409596964345,21.5,y,I11,K22O02O
1091,60868.34684252306,5.578863450790923,2.405897708871114,24.67931278236967,y,I11,K22O02O
1092,60868.98782752191,255.6973507032676,-26.075003842694333,22.661402668173178,g,I11,K25F23V
1093,60868.98827403176,258.4050339811845,-27.37433087247312,21.5,g,I11,K25O01Y
1094,60868.988721460504,263.4662837717722,-26.14616095302987,29.076157973923323,g,I11,K25O07Y
1095,60868.989611790705,258.40819663686017,-27.37379712774377,21.5,g,I11,K25O01Y
1096,60869.00483202619,258.87737039329767,-17.723117008237868,22.670007621978186,g,I11,K25O01N
1097,60869.00530271976,258.7812150116944,-16.230332911433972,21.5,g,I11,K25O04L
1098,60869.0075881276,251.0965418569696,-19.53491130814008,20.176935083683993,g,I11,K25M92E
1099,60869.01123975751,255.74211248594727,-26.058480513466844,18.873250593552935,r,I11,K25F23V
1100,60869.01168697384,258.4602175757381,-27.364877292187742,23.590423272907827,r,I11,K25O01Y
1101,60869.01213022754,263.53152280080474,-26.14803138817922,21.5,r,I11,K25O07Y
1102,60869.018713403726,263.5497974358948,-26.14851607342106,21.5,r,I11,K25O07Y
1103,60869.02857694296,258.8935278842951,-17.696042646262182,22.67758638073552,r,I11,K25O01N
1104,60869.029059303495,258.7645155070319,-16.19324465520953,21.5,r,I11,K25O04L
1105,60869.029516732044,254.5298604123104,-14.53851722353678,20.54156899480707,r,I11,K25D49K
1106,60869.04572943804,261.3299964142083,-15.213349884676402,20.653987000518732,i,I11,K25H06V
1107,60869.05411529021,281.95921706885656,-26.54758194243616,23.0700154254641,i,I11,K00S01E
1108,60869.06735006382,261.0836696975578,-13.450524450873552,20.01758289727977,i,I11,K25M01T
1109,60869.074466773156,275.888092478486,-34.31818973427535,21.5,z,I11,K08C74M
1110,60869.077740564564,281.9469045928645,-26.523748831480454,15.831522863999892,z,I11,K00S01E
1111,60869.09122440398,261.0490429388457,-13.4372732776499,20.57779708223496,z,I11,K25M01T
1112,60869.09353130657,261.0456904337807,-13.435981680794974,19.886069150090872,r,I11,K25M01T
1113,60869.09405093687,261.0449343281974,-13.43569014012445,19.98253993973728,r,I11,K25M01T
1114,60869.09577554517,244.707987054491,-10.133086673625307,20.97257855288361,r,I11,K25M89U
1115,60869.09577554517,245.48063476823503,-10.79479250947668,21.5,r,I11,K20O03O
1116,60869.09625913583,244.707936089228,-10.133779755108332,20.910028240473423,r,I11,K25M89U
1117,60869.10152751158,261.37416662232647,-15.254311544877798,20.495663699312388,r,I11,K25H06V
1118,60869.1058251404,261.0278065522063,-13.429060602753822,20.09259716933125,i,I11,K25M01T
1119,60869.10634152494,261.0270542814348,-13.428768250050284,20.063505663024316,i,I11,K25M01T
1120,60869.10801522969,245.48514278214748,-10.809200615964205,25.6836304401656,i,I11,K20O03O
1121,60869.10801522969,244.23838079660192,-10.171537096303474,20.37858171394088,i,I11,K25O00M
1122,60869.10801522969,244.7067022488564,-10.15064243902959,20.897655429885216,i,I11,K25M89U
1123,60869.10849323425,244.7066523786013,-10.151327809780486,20.77203587203045,i,I11,K25M89U
1124,60869.117614497,246.08598308833416,-18.15852075195879,21.495862541118413,i,I11,K25N01W
1125,60869.1186064597,237.97391065142065,-20.757377345197067,21.5,i,I11,K24A01Q
1126,60869.12548848582,245.1082011220048,-26.713342225203647,19.38103933131282,i,I11,K25J01G
1127,60869.12660292998,245.10932676211056,-26.71470620780201,19.37634591918316,i,I11,K25J01G
1128,60869.29035708895,8.360675266753796,1.1829639891205974,23.021994104213448,i,I11,K20X02O
1129,60869.29035708895,9.619091390122096,-0.1687819321198204,21.5,i,I11,K22Q01P
1130,60869.2912739019,5.151822510197295,1.4577363598426365,21.5,i,I11,K22O02O
1131,60869.291720430985,5.1515982622495615,1.4572937470568328,21.5,i,I11,K22O02O
1132,60869.292171163324,1.4048929338235636,3.708939288437457,24.027420698865036,i,I11,K18B01J
1133,60869.29261507311,359.16747202427075,1.4081337075825084,23.720941514879865,i,I11,K25N02Y
1134,60869.29491134465,3.437970444360944,5.689346337230008,21.5,i,I11,K21T13V
1135,60869.29491134465,2.169320932297654,4.353460046071965,21.5,i,I11,K20B01Y
1136,60869.295357621224,3.821234732669502,7.135465139184428,21.695687861692402,i,I11,K23Y01O
1137,60869.295802700566,2.5026194402573725,11.081352412704982,21.5,i,I11,K16X18H
1138,60869.296697599886,357.78780936978023,9.463553668157688,19.382903757224845,i,I11,K05J21F
1139,60869.29896331317,353.8771895688512,4.31084207942413,19.57800438827494,i,I11,K19O00J
1140,60869.300831753935,348.8511684871357,3.2377830522480635,20.141697157660353,i,I11,K24P03R
1141,60869.30129327139,345.94577910495207,4.163392813993807,20.289702226716635,i,I11,K25N01V
1142,60869.302753428245,354.492487347521,-1.1674901515574163,21.60056899351057,i,I11,K20B05A
1143,60869.30871918995,358.0370445201391,-11.41272470930146,20.882427114607577,z,I11,K05O00X
1144,60869.3138207817,8.413275583592872,1.2002286290893087,21.5,z,I11,K20X02O
1145,60869.314741088805,5.139986568211558,1.4345040484134517,23.5978548544547,z,I11,K22O02O
1146,60869.31519324006,5.139757416023071,1.434056655010201,21.5,z,I11,K22O02O
1147,60869.3156472295,1.4877481068136524,3.751643228834292,21.5,z,I11,K18B01J
1148,60869.31609022063,359.22276402292835,1.4324087316211205,21.5,z,I11,K25N02Y
1149,60869.31842325837,3.467127527232046,5.701712278234681,24.849199629988682,z,I11,K21T13V
1150,60869.31842325837,2.1980573194670314,4.370814148798921,27.49364959985257,z,I11,K20B01Y
1151,60869.31887164501,3.814395249631512,7.159784317587063,22.19294001096142,z,I11,K23Y01O
1152,60869.31931701081,2.5225083821080547,11.095068912882589,22.70491035315525,z,I11,K16X18H
1153,60869.32021494921,357.8370958985009,9.463378861618462,19.08521038186172,z,I11,K05J21F
1154,60869.321121838366,353.88483560053123,4.337556485824556,19.83909066781295,z,I11,K19O00J
1155,60869.32247860959,353.885303161483,4.339193126810427,19.961297488552233,z,I11,K19O00J
1156,60869.32436857897,348.84146415439204,3.216209020474809,20.8900817389651,z,I11,K24P03R
1157,60869.32483567648,345.1955372268651,5.8869803232341615,22.111081067981587,z,I11,K18X06T
1158,60869.32483567648,345.93460723625674,4.198460421374134,20.18086464568275,z,I11,K25N01V
1159,60869.32630240977,354.50380609860656,-1.145922175662269,21.887053632401084,z,I11,K20B05A
1160,60869.328250700906,352.85748896764983,-7.682228648361993,20.20992584087853,z,I11,K02A31V
1161,60869.354316539626,61.057907340155566,-48.582338971974096,14.472428116991633,r,I11,K00EE8Z
1162,60869.359106219075,61.05616553848822,-48.57462520689349,16.437139578005926,z,I11,K00EE8Z
1163,60869.35954153868,61.05600630313551,-48.57392282189492,15.77046254370158,z,I11,K00EE8Z
1164,60869.359975800355,61.055847689588894,-48.57322364022018,14.96826058458359,z,I11,K00EE8Z
1165,60869.36042637218,61.05568311414728,-48.572498662246616,14.76720650938988,z,I11,K00EE8Z
1166,60869.36086173591,61.05552354795434,-48.57179621990912,16.400592991164718,z,I11,K00EE8Z
1167,60869.36129812508,61.05536387270024,-48.57109375831338,15.48966564140417,z,I11,K00EE8Z
1168,60869.976166156455,260.94996118312486,-26.892068519661272,21.5,r,I11,K25O01Y
1169,60869.97753407529,257.61841242351244,-25.35892386427836,18.320611486929604,r,I11,K25F23V
1170,60869.97846212849,254.25857116040825,-21.36340248018775,19.218430946273106,r,I11,K25M92E
1171,60869.98760764829,260.9787311906183,-26.886693140754897,21.5,i,I11,K25O01Y
1172,60869.98898069146,257.6393117574112,-25.350970532036545,18.472585174241257,i,I11,K25F23V
1173,60869.989898325104,254.29461923498,-21.386357010239813,19.66494740355642,i,I11,K25M92E
1174,60870.019631121184,276.85412681602065,-33.358963259327695,21.5,r,I11,K08C74M
1175,60870.030179668036,281.4879805941031,-25.560270963290584,15.194864391113683,r,I11,K00S01E
1176,60870.042430882706,264.4509800131018,-17.56868482410485,21.15762308701602,y,I11,K25O00M
1177,60870.043408761805,262.1673289917819,-15.933729883080904,22.3011795213128,y,I11,K25H06V
1178,60870.043408761805,259.8309679069416,-16.468395339603713,23.394607987910625,y,I11,K25O01N
1179,60870.04391406891,258.094633830852,-14.60972313330454,21.5,y,I11,K25O04L
1180,60870.052849656124,281.4767081891589,-25.53771569398581,15.476269178078683,g,I11,K00S01E
1181,60870.05516085497,300.4888810642321,-29.60010749914248,22.934252762841968,g,I11,K25O09V
1182,60870.05834804871,296.16199793862444,-16.3613552993375,21.026493866680987,g,I11,K18P22D
1183,60870.058791090836,296.16111643527165,-16.361628098184394,20.99706721130069,g,I11,K18P22D
1184,60870.066665766375,259.9483348636041,-12.89350382786327,20.631669459016802,g,I11,K25M01T
1185,60870.069198427605,244.6719410082548,-11.518302312778063,21.729660026747354,g,I11,K25M89U
1186,60870.069198427605,245.9086431202632,-11.934283806264162,21.5,g,I11,K20O03O
1187,60870.076294048566,281.4649840135028,-25.51436267700292,14.883949070263458,r,I11,K00S01E
1188,60870.07861367667,300.52605277249614,-29.566450984431764,22.624990893187654,r,I11,K25O09V
1189,60870.07999386575,297.9876548466495,-23.685775828245035,20.221360340714874,r,I11,K21N00X
1190,60870.08177656986,296.1152844639012,-16.37575455541489,21.68176992948129,r,I11,K18P22D
1191,60870.09319051043,245.917762976732,-11.96210913884164,21.5,r,I11,K20O03O
1192,60870.104418822986,296.0699753813743,-16.389610564094767,22.71104546324746,y,I11,K18P22D
1193,60870.113055683425,296.05265456646765,-16.39487927430498,23.74790234937151,y,I11,K18P22D
1194,60870.12221498528,258.041504078108,-14.488162230364848,21.740208333454493,r,I11,K25O04L
1195,60870.12562228623,245.93016479547344,-11.999629074466606,24.755266208606514,r,I11,K20O03O
1196,60870.127570723766,245.930914439893,-12.00188057016439,21.5,r,I11,K20O03O
1197,60870.127570723766,244.66693842871248,-11.600351628800462,21.387560626330064,r,I11,K25M89U
1198,60870.12990818059,237.604658515347,-14.72914332018902,16.811149621711376,r,I11,K14Qh2X
1199,60870.14646514954,259.8382103501216,-12.850004834879906,20.038835320053902,i,I11,K25M01T
1200,60870.150365424815,245.93973144679424,-12.028186285218345,21.5,i,I11,K20O03O
1201,60870.15229246705,245.94048145939544,-12.030407814244816,21.5,i,I11,K20O03O
1202,60870.15229246705,244.66495719809805,-11.635000226535476,21.107118343013852,i,I11,K25M89U
1203,60870.15466595369,237.69954340666624,-14.784097767695812,16.770673477322568,i,I11,K14Qh2X
1204,60870.17124678206,246.2571247652073,-27.989068704976543,19.331465374908564,i,I11,K25J01G
1205,60870.18312363741,262.2774934718308,-16.033103141381872,21.208138093537144,i,I11,K25H06V
1206,60870.18406659446,259.92881679423016,-16.29319706194958,21.49012036630354,i,I11,K25O01N
1207,60870.1855301375,255.0110817220641,-16.126885040906924,20.205888578761822,i,I11,K25D49K
1208,60870.186487347164,254.91006414760693,-21.76838041400933,19.55411481853816,i,I11,K25M92E
1209,60870.18695773787,254.911572388587,-21.769265554557048,19.655827717865616,i,I11,K25M92E
1210,60870.195438670766,246.28258513693552,-28.017651602934954,20.118666530664548,z,I11,K25J01G
1211,60870.19817599308,258.01549285927365,-25.201265854976707,21.5,z,I11,K25F23V
1212,60870.20713598918,262.296536506695,-16.049985667422558,20.70419897304464,z,I11,K25H06V
1213,60870.20808119146,259.9463627917328,-16.262323256761913,22.1373621309076,z,I11,K25O01N
1214,60870.20952819983,255.0202884309544,-16.158830812984007,21.04072753151289,z,I11,K25D49K
1215,60870.2104731678,254.98734822194683,-21.813298494363423,20.396644276379153,z,I11,K25M92E
1216,60870.21094793753,254.98888902469432,-21.814184882756816,19.98909842602677,z,I11,K25M92E
1217,60870.223596134594,281.3907558845385,-25.366812074383304,15.560321104879225,i,I11,K00S01E
1218,60870.22499771346,281.3900527393645,-25.3654005412718,14.631923529528724,i,I11,K00S01E
1219,60870.23516199002,267.0920530816592,-26.13567597599442,21.5,i,I11,K25O07Y
1220,60870.23977209598,276.9853029439232,-33.15553132068237,21.5,i,I11,K08C74M
1221,60870.244722903386,281.38018247608073,-25.34552823593686,15.976457774538083,z,I11,K00S01E
1222,60870.24611409451,281.3794881474138,-25.34412594472833,15.338064184283681,z,I11,K00S01E
1223,60870.25603768712,267.15075252079777,-26.13358949043736,22.394343561782808,z,I11,K25O07Y
1224,60870.25648287835,261.64968287281806,-26.740998553983843,24.002240301390806,z,I11,K25O01Y
1225,60870.26066164594,276.9982119388592,-33.1339772716877,23.696375327934987,z,I11,K08C74M
1226,60870.27242703572,10.637166224560346,1.9099104120366768,21.5,y,I11,K20X02O
1227,60870.28108841968,12.034218821914406,-0.2106224682489235,22.132087309442827,y,I11,K18B05J
1228,60870.28332377657,10.66217989920846,1.9180536639765693,21.5,y,I11,K20X02O
1229,60870.298889655285,300.8616685940815,-29.24030232840054,23.27250304999101,r,I11,K25O09V
1230,60870.29985810839,306.78995543088394,-27.471509176305247,19.67538398142339,r,I11,K25A02H
1231,60870.30259403819,3.6676289284406174,8.167100132837627,22.460298859916662,r,I11,K23Y01O
1232,60870.3030510607,5.166255069998478,5.59501173158494,22.57619231694462,r,I11,K18B01J
1233,60870.3030510607,4.722147519741623,6.2204690136102645,22.950177839005523,r,I11,K21T13V
1234,60870.3030510607,3.44650631138142,5.1084500959349,22.829001355076795,r,I11,K20B01Y
1235,60870.30396650007,5.761383419344284,12.005153299048729,21.5,r,I11,K18R01S
1236,60870.31935794238,295.4993470654852,-8.998976685134295,27.96428337630822,i,I11,K25O11L
1237,60870.32075616172,298.02875360776005,-16.916312260524137,23.8188203986357,i,I11,K25O03Z
1238,60870.332723889114,300.9133575253447,-29.188441987692507,22.79002359679078,i,I11,K25O09V
1239,60870.334594890475,306.753493638708,-27.4451192432661,19.629377964446427,i,I11,K25A02H
1240,60870.3350651969,309.13090043799747,-23.886648501398664,20.04669721787723,i,I11,K25M00V
1241,60870.35737535657,300.9514221079811,-29.15041511368263,22.962114371324983,z,I11,K25O09V
1242,60870.35927660022,306.72768491785,-27.426317371593125,20.213496208027514,z,I11,K25A02H
1243,60870.359736042505,309.17503652021554,-23.9036648307502,20.6632407565626,z,I11,K25M00V
1244,60870.3755868193,306.7106840230972,-27.4138726418051,19.641433976535062,i,I11,K25A02H
1245,60870.376497457735,309.2053383374454,-23.915061631120352,20.157630177476648,i,I11,K25M00V
1246,60870.38152112459,298.08732013596097,-16.886014163604738,21.48649026530776,i,I11,K25O03Z
1247,60870.38199475337,298.26285874027826,-23.838181109228792,20.48776894071439,i,I11,K21N00X
1248,60870.387880813505,300.9991101436573,-29.103121238921656,22.370996814674868,i,I11,K25O09V
1249,60870.392595778394,306.6930048861465,-27.400879446757862,20.141227378586073,z,I11,K25A02H
1250,60870.39352871119,309.2364248158072,-23.926518515532425,20.323665045824903,z,I11,K25M00V
1251,60870.97718793001,247.17909409824512,-28.94960981291039,21.21812982009141,r,I11,K25J01G
1252,60870.98133662295,263.68082821511393,-26.322290112032448,21.5,r,I11,K25O01Y
1253,60870.98179515384,259.4716113908429,-24.643416939070413,21.203569276295852,r,I11,K25F23V
1254,60870.98655834957,247.18906700129844,-28.96082315728181,21.571588371020315,r,I11,K25J01G
1255,60870.98837348755,247.1909973498303,-28.962994148354344,21.58828045783232,i,I11,K25J01G
1256,60870.992986869394,259.4910123000888,-24.635764903383617,23.008829863182005,i,I11,K25F23V
1257,60870.997771067036,247.20097411064947,-28.97421604794405,22.846217307233342,i,I11,K25J01G
1258,60871.000068990776,259.5032598565361,-24.63091338779858,22.408981351559888,g,I11,K25F23V
1259,60871.00143333261,255.36705572717608,-17.2012053664223,25.503904607408582,g,I11,K25D49K
1260,60871.002384913925,257.4893509076304,-13.127175849677768,25.358265145605642,g,I11,K25O04L
1261,60871.00560115921,246.4249777273716,-13.691468770846155,26.302133099439903,g,I11,K25N01W
1262,60871.009667098464,240.87875196406333,-16.539123854640863,21.91609726482092,g,I11,K14Qh2X
1263,60871.01535560134,269.4383315271538,-26.079435310834423,23.77581657261583,g,I11,K25O07Y
1264,60871.02219363958,281.02909385613265,-24.570654150759665,19.400066220412704,g,I11,K00S01E
1265,60871.03232416787,262.99433214204805,-16.62891229513087,26.40467043505556,g,I11,K25H06V
1266,60871.033743878455,255.37938098335343,-17.243171071267636,25.486850898181974,g,I11,K25D49K
1267,60871.038905552596,269.5043689257406,-26.07825693341581,23.9757005958177,r,I11,K25O07Y
1268,60871.03981456637,266.5262904205613,-29.50886958064608,24.296486367837737,r,I11,K07A02C
1269,60871.040256555745,266.5253583576188,-29.5086374139635,24.87492843563208,r,I11,K07A02C
1270,60871.058536580334,260.8197595983245,-15.182476320325003,26.46367017032543,r,I11,K25O01N
1271,60872.00289522409,221.6418202931307,-39.31053581730432,22.551531917602787,r,I11,K22P20K
1272,60872.01016848745,221.6514903720827,-39.310327398346224,20.280937315161328,r,I11,K22P20K
1273,60872.97539740044,223.04626515405545,-39.27780695352369,19.069943328108614,r,I11,K22P20K
1274,60872.976320514106,223.047534867346,-39.27777404728842,19.031318929813608,r,I11,K22P20K
1275,60872.97678056924,223.04816765123388,-39.27775755482995,19.025909112654908,r,I11,K22P20K
1276,60872.977741409384,223.0494895990153,-39.27772290062093,19.081462914323385,r,I11,K22P20K
1277,60872.97820081768,223.050120989444,-39.27770625362344,19.14742798316202,r,I11,K22P20K
1278,60872.97865722337,223.0507482485076,-39.277689654455735,19.10600394386914,r,I11,K22P20K
1279,60872.97911224615,223.05137412712008,-39.27767303110933,19.096479307713757,r,I11,K22P20K
1280,60872.98192747536,223.0552476160036,-39.27756880150441,19.061489982484684,r,I11,K22P20K
1281,60872.98237955251,223.05586934546665,-39.27755185518552,19.142396844523148,r,I11,K22P20K
1282,60872.98626371632,223.0612117742624,-39.277403767662285,19.14323123488095,r,I11,K22P20K
1283,60872.99007103499,223.06644835981515,-39.27725431723331,19.750766399811926,g,I11,K22P20K
1284,60872.99156337592,223.0685020654049,-39.27719454375844,19.657471643729973,g,I11,K22P20K
1285,60872.99400238824,223.0718557908261,-39.27709552657828,19.730985533692778,g,I11,K22P20K
1286,60872.99541423975,223.07379822878312,-39.2770373795063,19.80598501347593,g,I11,K22P20K
1287,60872.99589228521,223.074455813356,-39.27701756216131,19.742025169385716,g,I11,K22P20K
1288,60873.00180590533,223.0825925535308,-39.27676680951573,19.823010665038378,g,I11,K22P20K
1289,60873.00282468571,223.0839947296484,-39.27672256411572,19.822038691497255,g,I11,K22P20K
1290,60873.003293897506,223.08464011042497,-39.27670209723531,19.793983134149585,g,I11,K22P20K
1291,60873.14166531446,223.27717210623075,-39.26802277055855,19.10667189532001,i,I11,K22P20K
1292,60873.14395545456,223.28041898833447,-39.26784061949124,19.062980338082678,i,I11,K22P20K
1293,60873.14441279354,223.281066973988,-39.26780416720505,19.122453738208776,i,I11,K22P20K
1294,60873.14487017262,223.2817150632656,-39.26776767615673,19.07126350826107,i,I11,K22P20K
1295,60873.14532845619,223.28236609334087,-39.26773098651623,19.070348676195962,i,I11,K22P20K
1296,60873.14762014261,223.28561714334884,-39.26754727997887,19.11816520110261,i,I11,K22P20K
1297,60873.14807644411,223.2862659654758,-39.26751052060517,19.17368802454895,i,I11,K22P20K
1298,60873.14853263344,223.2869134724104,-39.2674738041073,19.110507055833146,i,I11,K22P20K
1299,60873.152183515725,223.2921015924893,-39.26717849315151,19.143764164221174,i,I11,K22P20K
1300,60873.15514737979,223.296317070866,-39.26693711622717,19.622789538367602,g,I11,K22P20K
1301,60873.15560602791,223.29697049872524,-39.26689958961419,19.62947658036677,g,I11,K22P20K
1302,60873.15606590657,223.29762546025253,-39.26686194534511,19.63898201171599,g,I11,K22P20K
1303,60873.15744064521,223.2995838814632,-39.26674920903624,19.64602916695788,g,I11,K22P20K
1304,60873.15972467338,223.302839183332,-39.2665612475722,19.645869669799083,g,I11,K22P20K
1305,60873.161096252064,223.30479453891388,-39.26644801002662,19.667151834947013,g,I11,K22P20K
1306,60873.16155352765,223.3054479722689,-39.26641011366297,19.66896732383418,g,I11,K22P20K
1307,60873.16201303399,223.30610294364783,-39.26637210069452,19.695415482760623,g,I11,K22P20K
1308,60873.162465976835,223.30674946298564,-39.26633455150964,19.65947309244038,g,I11,K22P20K
1309,60873.16429620897,223.3093623434137,-39.26618253073789,19.641467566276788,g,I11,K22P20K
1310,60873.16658076435,223.3126273929968,-39.26599197595291,19.692395555497168,g,I11,K22P20K
1311,60873.16703584885,223.3132778807033,-39.26595393556585,19.69554287696101,g,I11,K22P20K
1312,60873.16795061381,223.3145863435281,-39.26587734115702,19.660842807334205,g,I11,K22P20K
1313,60873.168409642574,223.31524289059075,-39.26583887059488,19.65026862320746,g,I11,K22P20K
1314,60873.1705832555,223.3183526734604,-39.26565631477149,19.066360648925205,r,I11,K22P20K
1315,60873.17104054775,223.31900844604107,-39.26561774848008,19.066051836399673,r,I11,K22P20K
1316,60873.171497593765,223.3196629015131,-39.26557923572374,19.050984087269093,r,I11,K22P20K
1317,60873.1719582736,223.32032176909985,-39.26554043934999,19.085495408657767,r,I11,K22P20K
1318,60873.17241441244,223.32097502127323,-39.26550195005305,19.049234796468077,r,I11,K22P20K
1319,60873.17287485469,223.3216355528104,-39.26546300816086,19.09050394685898,r,I11,K22P20K
1320,60873.17333449959,223.3222947683685,-39.26542412025947,19.09619812421656,r,I11,K22P20K
1321,60873.17379164815,223.3229497997596,-39.26538545602268,19.107630353706146,r,I11,K22P20K
1322,60873.17471527954,223.32427311370915,-39.26530727560809,19.08376048567618,r,I11,K22P20K
1323,60873.17517138898,223.3249284934296,-39.265268522043165,19.070705358437174,r,I11,K22P20K
1324,60873.17654421207,223.32689676244763,-39.26515200119574,19.07765895207735,r,I11,K22P20K
1325,60873.17792113291,223.328873256374,-39.26503479441112,19.05244510224896,r,I11,K22P20K
1326,60873.17838279411,223.3295366303384,-39.264995412214894,19.13274275256252,r,I11,K22P20K
1327,60873.18067281686,223.3328265479653,-39.264799783058535,19.10070634658358,r,I11,K22P20K
1328,60873.181129060584,223.33348200917607,-39.26476074513605,19.078539044301728,r,I11,K22P20K
1329,60873.182503236225,223.33545772686887,-39.26464295375902,19.09992017497138,r,I11,K22P20K
1330,60873.18386844436,223.3374229973469,-39.2645256074936,19.081656994087993,r,I11,K22P20K
1331,60873.187042757425,223.3419935361664,-39.2642520406962,23.916912869361763,u,I11,K22P20K
1332,60873.187596011805,223.3427904401593,-39.26420425112973,23.51179344060892,u,I11,K22P20K
1333,60873.189253061355,223.34517931659792,-39.26406083587245,23.849947682393335,u,I11,K22P20K
1334,60873.19090866932,223.34756832626744,-39.26391718404204,23.385265547429984,u,I11,K22P20K
1335,60873.192556169175,223.34994591946784,-39.26377399984401,23.17854794995843,u,I11,K22P20K
1336,60873.194753083626,223.35311992885715,-39.26358252731536,23.810516583914925,u,I11,K22P20K
1337,60873.19529908665,223.3539091704073,-39.26353486027084,23.131490118737695,u,I11,K22P20K
1338,60873.195845679074,223.3547000316216,-39.263487073646665,23.21012220779278,u,I11,K22P20K
1339,60873.196944616044,223.3562895095085,-39.26339096710119,23.497110016292694,u,I11,K22P20K
1340,60873.198043348035,223.3578782443366,-39.26329482114485,24.088973134371155,u,I11,K22P20K
1341,60873.19859990474,223.3586844563285,-39.263245999879935,23.473451036687564,u,I11,K22P20K
1342,60873.19914567351,223.3594749231323,-39.2631981118998,23.533053320983097,u,I11,K22P20K
1343,60873.20080402108,223.3618763496065,-39.26305250939837,23.88790073458597,u,I11,K22P20K
1344,60873.2044163522,223.3671135234792,-39.26273438027532,19.952215165574593,z,I11,K22P20K
1345,60873.204866400345,223.3677679858568,-39.262694571575686,19.942571569368674,z,I11,K22P20K
1346,60873.206245054505,223.3697683972527,-39.26257282348465,20.096467054182504,z,I11,K22P20K
1347,60873.206700046314,223.37042915832768,-39.26253258597791,20.056235065706495,z,I11,K22P20K
1348,60873.207152874966,223.37108713629888,-39.26249250709744,19.998500919025872,z,I11,K22P20K
1349,60873.207611313395,223.3717525003092,-39.26245196746645,19.976452237376378,z,I11,K22P20K
1350,60873.21036872236,223.3757618522889,-39.26220746254638,20.04303237990067,z,I11,K22P20K
1351,60873.21174390299,223.37776240744063,-39.26208532738701,19.986001258779403,z,I11,K22P20K
1352,60873.212204461415,223.37843339190565,-39.262044344546354,20.009982421787413,z,I11,K22P20K
1353,60873.21311726023,223.379761180306,-39.2619632181814,19.862906324247824,z,I11,K22P20K
1354,60873.21357783287,223.38043254358143,-39.26192218542808,20.08789084696998,z,I11,K22P20K
1355,60873.21404055965,223.3811069476933,-39.26188095812655,20.024404035315552,z,I11,K22P20K
1356,60873.21495980236,223.3824459401401,-39.26179907843541,19.99526023972891,z,I11,K22P20K
1357,60873.2158746037,223.3837796088169,-39.26171749220277,20.0675384846031,z,I11,K22P20K
1358,60873.21678582323,223.38510794701216,-39.261636201588175,19.985836322838733,z,I11,K22P20K
1359,60873.983050890194,272.6227645654344,-24.07061951594705,24.216119171038542,i,I11,K25O01Y
1360,60873.9947439665,272.65810208179465,-24.06082753448691,23.433969706627362,z,I11,K25O01Y
1361,60874.00949156808,281.59525751053724,-33.220146946368125,23.964188787786345,g,I11,K11C03Z
1362,60874.01243835797,289.8023122785307,-25.52825068617265,18.798980244230915,g,I11,K25O00O
1363,60874.016762183295,291.73037092478705,-24.498967017649907,23.93089956017624,g,I11,K25O07X
1364,60874.02493080098,279.63605429806023,-11.80386069107224,21.5,g,I11,K11A37L
1365,60874.027397474085,279.76338099378245,-21.671630795319924,15.920291477534779,g,I11,K00S01E
1366,60874.030175292624,278.2441491339724,-25.52158417622801,21.5,g,I11,K25O07Y
1367,60874.037020718286,289.88528832693936,-25.454249496369645,18.00880856698136,r,I11,K25O00O
1368,60874.04136181613,291.75642437368265,-24.50860058232241,23.961464390588787,r,I11,K25O07X
1369,60874.04281797073,295.0145359968945,-25.223371583510826,20.292657300183407,r,I11,K25O01U
1370,60874.04751356392,288.642669520219,-18.534178056784008,21.02799247467209,r,I11,K18P22D
1371,60874.05039347085,279.6661073931296,-11.852314499465113,21.5,r,I11,K11A37L
1372,60874.052935466345,279.7527942778677,-21.647879789596743,15.57399180378573,r,I11,K00S01E
1373,60874.062585556036,273.20152356152954,-18.480143270691297,21.5,u,I11,K25M02D
1374,60874.08472908415,302.29165423886434,-14.914115005002524,21.52679596288428,g,I11,K25O03Z
1375,60874.08472908415,302.692832256871,-14.891657346799043,21.81814113391362,g,I11,K25O11L
1376,60874.0860801468,303.08464321865176,-24.63014540913262,20.52779361508204,g,I11,K25A02H
1377,60874.089200062255,306.6913923316039,-23.55032390134065,21.337175534020922,g,I11,K25O09V
1378,60874.09071190367,310.1117054865943,-24.981382323187447,19.235624014912183,g,I11,K25O00M
1379,60874.09071190367,308.7716881702788,-25.98422111706525,18.7521170382168,g,I11,K25O00F
1380,60874.09122155867,308.77303965168613,-25.98518150100629,19.461671614940634,g,I11,K25O00F
1381,60874.09172368786,310.1164955381236,-24.981564718587297,19.830826700590208,g,I11,K25O00M
1382,60874.09269289411,316.09154021111203,-26.29483861170517,29.314124463081228,g,I11,K25M00V
1383,60874.09523144609,312.15704844509537,-17.703237394474176,21.021638022585687,g,I11,K25N01U
1384,60874.096706183846,314.9770496848478,-8.696379568632702,19.881021606602232,g,I11,K03B01N
1385,60874.100469236335,302.3096363525352,-14.905105188787577,24.639651308670004,g,I11,K25O03Z
1386,60874.10137537095,296.9916563042109,-11.931646368156647,21.5,g,I11,K25O09W
1387,60874.10787045439,302.73995480420234,-14.931851303308582,20.88604064224498,r,I11,K25O11L
1388,60874.10787045439,302.3180549746652,-14.900853663955154,21.464466011533673,r,I11,K25O03Z
1389,60874.10938706565,303.0623060802775,-24.61300162761991,19.615814792344857,r,I11,K25A02H
1390,60874.11258085765,306.7216939614967,-23.51644576712571,20.702357694032365,r,I11,K25O09V
1391,60874.115138389214,310.2262981710429,-24.98552949059265,18.708513922148917,r,I11,K25O00M
1392,60874.11609233988,316.1280018591997,-26.30925220003912,23.540788213026616,r,I11,K25M00V
1393,60874.11857828892,312.1446741732971,-17.72463167066985,20.48282926466868,r,I11,K25N01U
1394,60874.12004881803,314.92857564567385,-8.648130719754809,20.301432206296177,r,I11,K03B01N
1395,60874.121513535865,309.49981404344413,-10.705065800345828,18.035157993882564,r,I11,K25O00J
1396,60874.20460735143,329.6276563172114,-19.867659746158825,18.95346407798573,r,I11,K18L15U
1397,60874.20460735143,327.78392297212685,-20.41253317522888,20.944196346737648,r,I11,K25O01D
1398,60874.20512030079,332.5235681105461,-22.60697776253538,20.863779056611627,r,I11,K15N13Y
1399,60874.20706134962,329.6603607673796,-13.22854419076605,21.42578750273956,r,I11,K25O04Q
1400,60874.207524050566,332.8283101232179,-12.34306158547961,21.5,r,I11,K25P00P
1401,60874.20803211637,329.66182177904693,-13.229778968759309,21.324029569545182,r,I11,K25O04Q
1402,60874.20849772209,332.82916136187714,-12.34182285867984,25.33799575710189,r,I11,K25P00P
1403,60874.20991357403,329.7999020168462,-4.68129522147104,21.974137301427014,r,I11,K25O17H
1404,60874.21684845351,337.4522973074634,-21.8865592493532,26.322042073965754,r,I11,K25N00W
1405,60874.21735610878,338.15818448634934,-17.214804106224932,23.223289615447996,r,I11,K25O02E
1406,60874.23274068955,329.82429798688355,-4.68871208700539,22.108392174798116,r,I11,K25O17H
1407,60874.240655067435,329.71078767639773,-13.271229436922432,20.93232528451347,r,I11,K25O04Q
1408,60874.241221579345,329.7116370921036,-13.271949216667126,20.95462488914309,r,I11,K25O04Q
1409,60874.24169515447,332.8580079109544,-12.29951850717634,21.5,r,I11,K25P00P
1410,60874.242152400824,332.8584039320157,-12.29893368012523,21.5,r,I11,K25P00P
1411,60874.24407811608,338.1961642621497,-17.22480746626387,20.753212079689238,r,I11,K25O02E
1412,60874.2445879297,337.5011481021015,-22.001661822317367,21.17035227850161,r,I11,K25N00W
1413,60874.25334514737,329.8462715824552,-4.695403327903799,21.890316262569925,i,I11,K25O17H
1414,60874.256144402534,324.6686554797788,-6.151108680333465,20.9229803378354,i,I11,K25P00H
1415,60874.26135257246,329.74177454394874,-13.297488920988176,21.158797556678543,i,I11,K25O04Q
1416,60874.261924720086,329.74263046331447,-13.298214146257656,21.16945068947604,i,I11,K25O04Q
1417,60874.26241585196,332.87588485472725,-12.273026467393947,21.5,i,I11,K25P00P
1418,60874.26287743707,332.8762826345277,-12.27243501731089,21.5,i,I11,K25P00P
1419,60874.264966795454,338.2258698483837,-17.232602800281484,20.69926218641267,i,I11,K25O02E
1420,60874.2689882166,345.7297074975851,-15.290884108459196,22.330417610788935,r,I11,K25O12U
1421,60874.26945435279,345.729076158496,-15.290930148103511,22.59136614952493,r,I11,K25O12U
1422,60874.27581884987,357.7467876849044,-12.767316323292407,21.5,r,I11,K19U03Y
1423,60874.279762034894,357.1951615334456,3.578149347874533,21.86504639439604,r,I11,K20B05A
1424,60874.279762034894,355.6682099858665,2.959358492441986,18.575784247896223,r,I11,K25F02V
1425,60874.280712745385,350.485927003828,-0.8769337494491153,25.03458242962663,r,I11,K22Y06N
1426,60874.28323312041,350.4905757500123,-0.8748245926430008,21.5,r,I11,K22Y06N
1427,60874.28367714274,346.7119814463771,-1.5973520619528494,19.928412357877242,r,I11,K24P03R
1428,60874.286564976996,346.0242487646072,-10.952984610703924,21.091292978391795,r,I11,K25O10K
1429,60874.28873440025,359.17788456542587,-10.051477370237093,19.785421137098588,r,I11,K02A31V
1430,60874.28923897253,6.890638351132144,-9.7912752983938,21.5,r,I11,K08A04F
1431,60874.28923897253,6.281661596655698,-7.573289443548172,19.484863752401452,r,I11,K05O00X
1432,60874.29020168609,2.882278581009009,-3.193223362561997,21.5,r,I11,K22O02O
1433,60874.29179746256,356.627670466519,6.379996956828797,26.93481173854037,r,I11,K24O02N
1434,60874.29179746256,357.19697042191376,6.6996464804672025,21.5,r,I11,K16S00C
1435,60874.29416546133,352.2657229794174,6.80455691330066,18.241024308477243,r,I11,K12O00Q
1436,60874.29460991299,352.2674191256634,6.806491212938922,18.200836186211042,r,I11,K12O00Q
1437,60874.29706871907,346.705019679823,-1.6110409378608397,19.805975688331323,r,I11,K24P03R
1438,60874.30957776167,346.69850337129924,-1.6238294796476316,19.731055281455156,i,I11,K24P03R
1439,60874.311971783405,345.9979610953517,-10.89822934496607,20.967496642961205,i,I11,K25O10K
1440,60874.34081128807,290.86693450772344,-24.51768138210482,18.579525005047834,i,I11,K25O00O
1441,60874.34081128807,292.05978918044906,-24.6082570596997,22.79096359899203,i,I11,K25O07X
1442,60874.34227139538,294.8285898191255,-25.6319423378722,20.173692558425067,i,I11,K25O01U
1443,60874.345195797665,302.8357968471859,-24.43767885873476,19.67946313540682,i,I11,K25A02H
1444,60874.347671249634,307.01718346455823,-23.16712499780801,17.326969255764453,i,I11,K25O09V
1445,60874.34817150039,302.7813675856049,-25.96720482650543,20.19084253238865,i,I11,K21N00X
1446,60874.34952733537,309.34064905916586,-26.37049634034516,18.584484723601825,i,I11,K25O00F
1447,60874.35300679999,316.47843608481327,-26.439081818685832,20.418527205478583,i,I11,K25M00V
1448,60874.35651940672,312.01619578698444,-17.941788315915787,20.342543853509945,i,I11,K25N01U
1449,60874.35788915606,308.54410984957445,-12.070395237020117,18.125491909427954,i,I11,K25O00J
1450,60874.3588738247,302.601456539371,-14.750184875762724,21.542040736766726,i,I11,K25O03Z
1451,60874.3598606166,302.602609288061,-14.749568839984894,21.12924728212497,i,I11,K25O03Z
1452,60874.368465253545,294.81311271831225,-25.66758664358673,19.919819109320468,r,I11,K25O01U
1453,60874.368910567675,290.9589214005564,-24.42926209094098,18.78640321652552,r,I11,K25O00O
1454,60874.368910567675,292.0905143998828,-24.61597207908565,22.961711948176923,r,I11,K25O07X
1455,60874.37033828076,294.8120265418535,-25.670138502193936,20.527577477432473,r,I11,K25O01U
1456,60874.37373208678,302.808736408363,-24.41624743800929,19.75666159796574,r,I11,K25A02H
1457,60874.37611314052,307.0537357130653,-23.123838212752016,20.683337712036458,r,I11,K25O09V
1458,60874.37662062406,302.8142199652869,-25.98170437265629,20.231922942949428,r,I11,K21N00X
1459,60874.37895512252,312.004153659992,-17.962175067757663,20.313814051470082,r,I11,K25N01U
1460,60874.379912317556,311.387453971711,-24.98914804680944,18.88897714318945,r,I11,K25O00M
1461,60874.38460251788,312.0011309632273,-17.96730590197722,20.337202855088567,r,I11,K25N01U
1462,60874.38597976134,308.4326678076379,-12.229703708604298,17.754086887057174,r,I11,K25O00J
1463,60874.38687805849,302.63441185915565,-14.732655062901095,21.02692368085971,r,I11,K25O03Z
1464,60874.38687805849,303.3079254455457,-15.410453496947868,20.86096775235172,r,I11,K25O11L
1465,60874.387833008586,302.6355451269071,-14.7320555110013,21.000046753683737,r,I11,K25O03Z
1466,60874.98586678455,251.91133363616387,-33.38120370910197,19.72288264734349,g,I11,K25J01G
1467,60874.99487956883,244.75602752720243,-18.081082627955524,22.699917225287194,g,I11,K25M89U
1468,60874.99842622217,248.25326767348488,-17.395405450375982,26.638781497842896,g,I11,K20O03O
1469,60875.00037078853,256.9492695613027,-26.48271501966752,16.479696419263576,g,I11,K07A02C
1470,60875.062588227156,265.95476922226146,-14.083000893314717,21.19616913080355,u,I11,K12M06L
1471,60875.07168776213,276.0914437173777,-23.037999101167657,24.46402352268477,u,I11,K25O01Y
1472,60875.07281685547,281.18385351262856,-25.214540776563783,27.689527952383315,u,I11,K25O07Y
1473,60875.07452765919,277.0586715112898,-31.37037575420527,22.975072772440413,u,I11,K25M92E
1474,60875.076824684715,281.1943775024412,-25.2133874624473,27.559139785382104,u,I11,K25O07Y
1475,60875.120646279,293.043569568717,-24.87683207367129,21.5,u,I11,K25O07X
1476,60875.12179074602,293.45979442587,-22.17779573975425,22.24963681069277,u,I11,K25O00O
1477,60875.145469146235,239.44092208907028,-22.403606919902685,25.388464136476827,g,I11,K25O04E
1478,60875.15846005057,310.98744690410365,-27.15800197758724,22.40130884775553,u,I11,K25O00F
1479,60875.15910283492,308.1426183167588,-21.97213819205606,29.396052216190693,u,I11,K25O09V
1480,60875.1602440291,314.6344385764765,-24.9620742696476,21.5,u,I11,K25O00M
1481,60875.16139082787,314.6381973368098,-24.962069144347588,22.77316683165909,u,I11,K25O00M
1482,60875.16421655517,311.5974154223938,-18.68605068293334,24.601987183771435,u,I11,K25N01U
1483,60875.17459690287,303.6515302785325,-14.24970119385232,25.703933374315397,u,I11,K25O03Z
1484,60875.17518517439,305.4875983743222,-16.529919422829327,21.747114475697387,u,I11,K25O00J
1485,60875.17634206978,305.483138978486,-16.535941984825175,22.381611015027072,u,I11,K25O00J
1486,60875.17634206978,305.10237914173484,-16.80012943859241,25.174799833511575,u,I11,K25O11L
1487,60875.17815336284,298.2696423146608,-11.78055929029063,21.5,u,I11,K25O09W
1488,60875.20397097145,319.6294815679244,-20.26334952153112,31.365222377066058,u,I11,K18B05E
1489,60875.20739355136,328.7521433342455,-21.22687055176035,24.813869721696978,u,I11,K25O01D
1490,60875.207949996446,331.82110551117177,-21.642857101367248,21.5,u,I11,K15N13Y
1491,60875.20851849143,331.44906469711486,-18.222234799187483,21.5,u,I11,K18L15U
1492,60875.210842334265,331.31994966462656,-14.530547256376884,31.181447057352866,u,I11,K25O04Q
1493,60875.21138343857,331.3208186379165,-14.531278211786924,26.323847376470408,u,I11,K25O04Q
1494,60875.21192018794,333.7882569453758,-11.036360624200835,21.5,u,I11,K25P00P
1495,60875.2155008838,325.1452600640859,-4.798187344652838,24.083683934881815,u,I11,K25P00H
1496,60875.23115905389,344.645335538238,-15.358011812276438,22.203580109969856,r,I11,K25O12U
1497,60875.231643757936,345.13433459492325,-8.895489271360946,20.9449444836035,r,I11,K25O10K
1498,60875.23257390477,345.1333646337148,-8.893457866545937,20.963694366674666,r,I11,K25O10K
1499,60875.23363034497,339.7724462206816,1.6236228288973424,21.5,r,I11,K25P01B
1500,60875.23427470702,324.67825629283186,-14.969355248463229,21.029902040969002,r,I11,K13T04M
1501,60875.240284342384,339.7859251251223,-17.615697094531374,21.54234935848892,g,I11,K25O02E
1502,60875.25161811541,332.4246202623712,1.0280791304397692,21.5,g,I11,K25P00K
1503,60875.25300302515,330.98113724702847,-5.0284382955927285,23.38017653236181,g,I11,K25O17H
1504,60875.26251025888,352.43590189098325,-0.0310659130481014,24.776370647233087,r,I11,K22Y06N
1505,60875.27270444599,355.81972212422335,1.1044407153116147,18.832047726489883,r,I11,K25F02V
1506,60875.2736297929,358.20874509216225,7.158285371938414,25.742035016511,r,I11,K16S00C
1507,60875.2736297929,357.7238362478337,4.569082941089609,21.53710747308861,r,I11,K20B05A
1508,60875.277620573244,0.5365220981484462,-10.580818921810785,19.11331408860128,r,I11,K02A31V
1509,60875.28153289126,0.1769970364266797,11.613764308039682,22.58431321926905,r,I11,K22P00J
1510,60875.28726137246,358.90936485768003,2.0478307687287174,29.290577547815193,r,I11,K16P08B
1511,60875.28772081661,357.73030305011616,4.583280782109386,21.645065640135712,r,I11,K20B05A
1512,60875.28816514354,355.8206826701572,1.0763308782193777,19.342855673567186,r,I11,K25F02V
1513,60875.28907017215,352.487901148127,-0.0075113903969346,25.773508205883886,r,I11,K22Y06N
1514,60875.29133651854,346.21324486203366,-2.636691952159035,19.840611674648585,r,I11,K24P03R
1515,60875.293650801934,339.7797514348495,1.5334197134978964,21.5,r,I11,K25P01B
1516,60875.298344285606,345.0640507556485,-8.749527673611325,20.738358386645967,r,I11,K25O10K
1517,60875.313264738,358.93486462198103,2.0533356244765537,25.446731649567653,i,I11,K16P08B
1518,60875.314835872494,352.5382681264533,0.0153729566050038,21.5,i,I11,K22Y06N
1519,60875.317149175076,346.19921237887155,-2.6635738554034094,20.141464834472124,i,I11,K24P03R
1520,60875.31948693647,339.7827772037304,1.4944953159774232,21.5,i,I11,K25P01B
1521,60875.32450946026,345.03622368303223,-8.692113815360942,21.502119450673206,i,I11,K25O10K
1522,60875.36225547886,58.06537013953072,-48.5760233007367,21.5,r,I11,K21R03Y
1523,60875.36269103804,58.06513883709731,-48.57656471748362,24.31882768994689,r,I11,K21R03Y
1524,60875.3631274557,58.06490634638669,-48.57710860098748,21.5,r,I11,K21R03Y
1525,60875.36910129772,320.61053442685284,-16.05077133838222,21.326572480908315,r,I11,K25N01J
1526,60875.37139028589,328.8995200931216,-21.371713012069456,20.400486357358858,r,I11,K25O01D
1527,60875.37923282415,328.9067961900258,-21.378516483982885,20.266088897871292,i,I11,K25O01D
1528,60875.381582902904,331.69035681626855,-21.47242683718285,20.058243920612906,i,I11,K15N13Y
1529,60875.382094875116,324.9180382372357,-14.90479639315041,21.122196299492966,i,I11,K13T04M
1530,60875.38257169135,331.7355027180212,-17.931155480257456,18.885859689664947,i,I11,K18L15U
1531,60875.386953277106,331.6863219931796,-21.467102449686674,20.086720565212836,i,I11,K15N13Y
1532,60875.38811482556,324.92793748844315,-14.902091384871534,21.109134619698644,i,I11,K13T04M
1533,60875.38999481389,331.74785839377523,-17.91850871558326,19.120942450370592,i,I11,K18L15U
1534,60875.39079976901,324.93235802049384,-14.900883245060411,21.373731580361227,i,I11,K13T04M
1535,60875.978010305276,252.69783496287272,-23.07122105862789,22.920225846928425,r,I11,K25O04E
1536,60875.978010305276,253.4054998629161,-22.614016408571352,16.98439863098062,r,I11,K14Qh2X
1537,60875.985908480565,254.03092555281623,-25.372865641444463,24.06816567392599,i,I11,K07A02C
1538,60875.98955250421,253.4255929853203,-22.62308156641605,16.832537722394648,i,I11,K14Qh2X
1539,60875.98955250421,252.8607887283156,-23.0737199177051,22.318930271662673,i,I11,K25O04E
1540,60875.996498768276,248.76366169087493,-18.432106894903253,25.001907093167027,g,I11,K20O03O
1541,60875.996945121486,244.82729796629351,-19.319633835544952,22.224004399209072,g,I11,K25M89U
1542,60876.01561150796,267.45618879311246,-21.31753343120701,22.561537954882336,u,I11,K25F23V
1543,60876.01620388744,266.72336893594434,-15.14310359137786,21.423929792857045,u,I11,K12M06L
1544,60876.01674163506,266.72375914244674,-15.143684816036702,21.32876681752669,u,I11,K12M06L
1545,60876.019474128625,266.7257393874376,-15.146635522385443,18.440996707694858,g,I11,K12M06L
1546,60876.022249861984,267.4650150840806,-21.31358739043483,19.07426972681499,g,I11,K25F23V
1547,60876.024494144614,273.5313011263364,-21.76902034965843,25.056904693071033,g,I11,K25M02D
1548,60876.03038925471,282.48323455560126,-32.926298592621414,28.115166284426756,g,I11,K25M92E
1549,60876.03406278179,283.8352228297821,-24.88333816982824,21.5,g,I11,K25O07Y
1550,60876.03635748465,279.25878654353147,-22.01877373933552,20.240956132243795,g,I11,K25O01Y
1551,60876.04088257157,266.7411901303607,-15.169711817683966,17.855089123943213,g,I11,K12M06L
1552,60876.043054004534,266.7427508207615,-15.17204720280728,17.408126905890175,r,I11,K12M06L
1553,60876.04827472151,273.53435051161915,-21.807272998686475,24.158607197883498,r,I11,K25M02D
1554,60876.07284136361,283.9347569520013,-24.87086479238234,25.890256397097403,r,I11,K25O07Y
1555,60876.075155731545,279.3801368626808,-21.977446535873728,20.28853466670364,r,I11,K25O01Y
1556,60876.080178313525,266.7693024305806,-15.211844535039395,17.672383808349903,r,I11,K12M06L
1557,60876.08294959899,281.91017851846914,-15.031396068614114,28.552494733257845,u,I11,K11A37L
1558,60876.084058777866,285.06493533505056,-19.465149199046248,25.70534048738797,u,I11,K18P22D
1559,60876.085749252336,293.74606370842525,-28.751672207005463,24.094161394551527,u,I11,K25O01U
1560,60876.08628911855,294.2902429163796,-25.20842184989145,25.892472115251906,u,I11,K25O07X
1561,60876.09295600329,294.1754010132311,-11.45268769796519,21.5,u,I11,K25O07W
1562,60876.09409842435,296.3202025551416,-19.39676528922776,22.936459942075942,u,I11,K25O00O
1563,60876.095743306694,293.7358458488232,-28.774798502869825,23.84474763014784,u,I11,K25O01U
1564,60876.09795208791,296.33010466112904,-19.38625999707255,22.48221660417289,u,I11,K25O00O
1565,60876.103066498414,242.1821087753234,-19.093487369984217,24.541231814704418,g,I11,K22M02B
1566,60876.103066498414,244.83015513514783,-19.44882198618396,22.846767699279532,g,I11,K25M89U
1567,60876.11310518923,301.23761644927464,-23.13666200567676,24.319658187223585,u,I11,K25A02H
1568,60876.113644095996,302.13208643672016,-21.11108404416405,22.336832232976494,u,I11,K25O00J
1569,60876.113644095996,301.2371260223379,-23.13627207023315,24.323658782717448,u,I11,K25A02H
1570,60876.11526597079,304.8935048850507,-13.640612345837695,24.7097032791309,u,I11,K25O03Z
1571,60876.11633288579,299.5112701478506,-11.635718641695238,24.88317118377606,u,I11,K25O09W
1572,60876.12160241553,305.1152049497542,-26.968939580961305,20.70197427241154,g,I11,K21N00X
1573,60876.12349066649,304.9037093144575,-13.63528093750187,21.94856103351708,g,I11,K25O03Z
1574,60876.12489082851,307.3475223548991,-18.51113759644511,20.795500596037783,g,I11,K25O11L
1575,60876.1274926115,248.82368419061456,-18.566302566156537,26.2389049191654,g,I11,K20O03O
1576,60876.13029036952,244.8310289580992,-19.481706621437155,22.422843572302078,g,I11,K25M89U
1577,60876.13029036952,242.21143819582343,-19.104880607989514,21.5,g,I11,K22M02B
1578,60876.14525853912,253.52079234881265,-25.17655166236528,21.5,g,I11,K07A02C
1579,60876.14525853912,255.00773840599152,-23.07744400188504,21.503167549669598,g,I11,K25O04E
1580,60876.14585444552,257.5909080446825,-23.134548587948057,21.91472681997315,g,I11,K25D49K
1581,60876.14585444552,255.0158163801385,-23.077353281948167,21.80914060250983,g,I11,K25O04E
1582,60876.14642848019,253.6944813954053,-22.74216477962924,17.267385800503448,g,I11,K14Qh2X
1583,60876.1561801857,248.83703566074536,-18.595375875267543,27.435027941861726,u,I11,K20O03O
1584,60876.15896325423,244.83210159841525,-19.51623838242972,26.802464250694022,u,I11,K25M89U
1585,60876.15896325423,242.2424115481068,-19.1168126711694,21.5,u,I11,K22M02B
1586,60876.174051127775,253.42820170413088,-25.13989509665279,26.055788129114077,u,I11,K07A02C
1587,60876.17461504154,257.60241074747273,-23.16366324069545,25.00586052062413,u,I11,K25D49K
1588,60876.17461504154,255.40476537076069,-23.07209510099099,21.5,u,I11,K25O04E
1589,60876.17519660708,253.7435484902848,-22.76317667891783,21.463138877899922,u,I11,K14Qh2X
1590,60876.20633056539,333.2481826714695,-16.533841044522948,20.559070228503728,g,I11,K18L15U
1591,60876.20633056539,333.0726287751527,-15.896439676021227,22.23039563557403,g,I11,K25O04Q
1592,60876.20677246821,333.07338547905164,-15.897069927306068,22.24804183916023,g,I11,K25O04Q
1593,60876.20768568674,334.74199776056554,-9.705454120972634,21.5,g,I11,K25P00P
1594,60876.2108004338,325.6444390943224,-3.340124621353338,23.30770756845191,g,I11,K25P00H
1595,60876.22103431666,321.4777525760126,-16.540932994024423,28.19937594181058,g,I11,K25N01J
1596,60876.222966255955,326.40454447021915,-14.527329764345358,30.031524353009008,g,I11,K13T04M
1597,60876.22440166129,321.6681192167806,-21.58549811449508,26.501550681502515,g,I11,K18B05E
1598,60876.2258547317,329.8926307748751,-22.190533253193323,27.792205772239612,g,I11,K25O01D
1599,60876.22726496085,331.07771343614485,-20.6279104680932,21.35046459076238,g,I11,K15N13Y
1600,60876.23658445032,339.52087780158985,-6.886805649986996,30.952374837025754,u,I11,K21S01O
1601,60876.23823739707,344.1552422966636,-6.6727688580937095,30.409081117833722,u,I11,K25O10K
1602,60876.23879717862,346.5178504873464,-8.162617701385997,27.15814112720986,u,I11,K17D15S
1603,60876.23879717862,344.1546425025413,-6.671530281393351,25.607190119832765,u,I11,K25O10K
1604,60876.23933153007,345.7254392027156,-3.631579789114433,21.5,u,I11,K24P03R
1605,60876.24256968559,339.9580273367744,0.071236572676458,31.77934331024887,u,I11,K25P01B
1606,60876.24311076461,338.42508375350434,3.192809667813205,30.731949167592507,u,I11,K25O02G
1607,60876.2458508518,332.48066850223967,-0.0776772551680443,30.920471139390756,u,I11,K25P00K
1608,60876.246386690684,332.13701292687097,-5.378209490211657,26.050156944044694,u,I11,K25O17H
1609,60876.247512554495,334.77661190598144,-9.65179674720654,26.257742688345726,u,I11,K25P00P
1610,60876.24805434971,332.1388802918124,-5.378814653186816,26.21368825080706,u,I11,K25O17H
1611,60876.25932506584,346.5381326049327,-8.154718570200197,23.940690678588744,g,I11,K17D15S
1612,60876.2620189776,354.53621720844404,0.8799754130846165,25.39926155693098,g,I11,K22Y06N
1613,60876.27128164808,1.9361694078870475,-11.131269438967626,21.5,u,I11,K02A31V
1614,60876.27128164808,0.6403600428187913,-10.74648411960548,21.5,u,I11,K19U03Y
1615,60876.27508181551,359.9098983501047,2.2563840572155387,28.436468518618806,u,I11,K16P08B
1616,60876.275617397085,359.91043474876426,2.256497443634793,25.887022574036894,u,I11,K16P08B
1617,60876.28167846886,3.069811219216266,14.082622550223736,21.5,r,I11,K21R04R
1618,60876.282114867965,1.5222262161004252,11.201041176506386,23.32990314894284,r,I11,K22P00J
1619,60876.28255146945,357.63861396561856,9.087502276038911,19.254827089447467,r,I11,K24Y13C
1620,60876.28255146945,359.2693773880145,7.635350518094095,25.8286033541052,r,I11,K16S00C
1621,60876.28300968277,359.4242121979105,6.332664912157116,25.514415176937188,r,I11,K24O02N
1622,60876.28756964854,8.230003865045486,1.534556860402842,30.84743457060132,r,I11,K16GD4J
1623,60876.29336009135,310.9786650926553,-19.743373529921605,21.48083498232139,g,I11,K25N01U
1624,60876.2938227049,309.588734113695,-20.32579295114826,21.58922934319282,g,I11,K25O09V
1625,60876.2938227049,307.7335735005741,-18.82113236431619,21.711932889696648,g,I11,K25O11L
1626,60876.29425917361,309.58922461242804,-20.325159363829314,21.86682414421155,g,I11,K25O09V
1627,60876.29425917361,310.9781404919935,-19.744219604440524,21.53143694195913,g,I11,K25N01U
1628,60876.30377557239,57.59693161913667,-49.71768294053417,21.5,g,I11,K21R03Y
1629,60876.30377557239,59.13141214061887,-49.571955947752926,21.5,g,I11,K23B08P
1630,60876.30421196853,59.13276583374528,-49.57144244459853,21.5,g,I11,K23B08P
1631,60876.30421196853,57.596696676107655,-49.71824547563767,27.423742788864804,g,I11,K21R03Y
1632,60876.31211551184,57.59241249157653,-49.728442849194494,21.5,i,I11,K21R03Y
1633,60876.31211551184,59.15729090658553,-49.56212905001477,21.5,i,I11,K23B08P
1634,60876.312552213945,59.15864291709084,-49.56161505711766,23.52892169114575,i,I11,K23B08P
1635,60876.312552213945,57.5921747905014,-49.7290053163676,24.112476709992812,i,I11,K21R03Y
1636,60876.31298865109,57.59193640031774,-49.72956906789895,24.86942147579349,i,I11,K21R03Y
1637,60876.31298865109,59.15999793989244,-49.56109985896833,21.5,i,I11,K23B08P
1638,60876.34952796242,310.9459938837132,-19.796176129836425,20.815350213592563,g,I11,K25N01U
1639,60876.34998074651,310.94573149202114,-19.79660154743023,20.815782708887205,g,I11,K25N01U
1640,60876.354061505845,307.87354257061554,-18.92999185338279,21.855115744455617,g,I11,K25O11L
1641,60876.354061505845,309.65719888814783,-20.23787705382741,20.877439108367998,g,I11,K25O09V
1642,60876.35768445584,299.8102035651251,-11.59490619227448,22.178816017464147,g,I11,K25O09W
1643,60876.36089951878,301.0126017002383,-22.9557162112864,20.109625461999798,g,I11,K25A02H
1644,60876.362264954514,305.40715537039034,-27.10382679819191,20.614791189755643,g,I11,K21N00X
1645,60876.36685756322,318.2572925700976,-24.83530912749224,19.924768022697563,g,I11,K25O00M
1646,60876.36730276031,319.6814442721383,-27.41988362909096,29.36453113214541,g,I11,K25M00V
1647,60876.36730276031,318.25833948693,-24.835220407485952,19.500041125013446,g,I11,K25O00M
1648,60876.370753040086,321.9717798488999,-21.794440547701456,23.085795120732413,r,I11,K18B05E
1649,60876.373001150554,309.6791008764507,-20.210101200421384,20.646001127197867,r,I11,K25O09V
1650,60876.373001150554,310.93242740684724,-19.818212254420672,20.823111617348644,r,I11,K25N01U
1651,60876.37344100715,310.93217371839967,-19.81862518185699,20.820309616972906,r,I11,K25N01U
1652,60876.37755840234,307.92892840596386,-18.9722641250002,20.82226494862825,r,I11,K25O11L
1653,60876.37755840234,309.6844036366813,-20.20341018311913,20.567642213927684,r,I11,K25O09V
1654,60876.38028544978,305.22240362078264,-13.462073066880732,21.046926783418943,r,I11,K25O03Z
1655,60876.38430470173,300.9917049329034,-22.938480723871155,19.631397385425444,r,I11,K25A02H
1656,60876.38566546557,305.43699636003083,-27.115903641563765,20.28454585757988,r,I11,K21N00X
1657,60876.39021738281,318.31245002726405,-24.830509567577405,19.056144003218762,r,I11,K25O00M
1658,60876.390652769245,318.31348381656653,-24.83041736562046,19.20949140599432,r,I11,K25O00M
1659,60876.390652769245,319.713096984029,-27.428809193645908,21.345847591408603,r,I11,K25M00V
1660,60876.39294843764,326.6945529309025,-14.44699023906073,21.18470809248497,r,I11,K13T04M
1661,60876.39433219548,330.07285583424,-22.36374299948592,20.235904307408383,r,I11,K25O01D
1662,60876.394804969335,330.9468171004955,-20.45737990983437,20.148589227222054,r,I11,K15N13Y
1663,60876.39570089913,341.96543204678835,-18.142770545246726,20.992148343372406,r,I11,K25O02E
1664,60876.396159270065,333.5579841296143,-16.207004968640465,19.402321751789437,r,I11,K18L15U
1665,60876.396159270065,333.3974325314021,-16.16503167745518,21.72918186795782,r,I11,K25O04Q
1666,60877.020948602156,268.821087749613,-20.71729822279056,19.028076131912126,g,I11,K25F23V
1667,60877.03156299674,286.4973128107427,-24.50167371894972,21.5,g,I11,K25O07Y
1668,60877.04270974014,267.5063662359392,-16.19926412730702,17.80215920253427,g,I11,K12M06L
1669,60877.04878375647,266.28446504368367,-22.61746125123381,25.161368287214636,u,I11,K25O04E
1670,60877.04931941282,268.8568172447329,-20.70101461198849,23.442426150362095,u,I11,K25F23V
1671,60877.0528241119,273.71431190517745,-23.37222053489221,21.5,u,I11,K25M02D
1672,60877.060096216344,286.5683021177333,-24.49152060947612,21.5,u,I11,K25O07Y
1673,60877.06181376573,282.66625179083,-20.840252689402543,23.235663799014855,u,I11,K25O01Y
1674,60877.071502065344,267.5259817369512,-16.227848038185854,21.586453608328092,u,I11,K12M06L
1675,60877.0721020948,267.5263891184235,-16.228442064042373,21.611335420164497,u,I11,K12M06L
1676,60877.082221167686,292.7410476226884,-31.39396866934268,23.599709513226692,u,I11,K25O01U
1677,60877.08450761095,286.6285393083637,-24.48259374321164,31.042120225453793,u,I11,K25O07Y
1678,60877.09008248038,283.3815210024286,-19.880168850439045,25.721692764917613,u,I11,K18P22D
1679,60877.09470062354,300.3818902608575,-22.42489500210793,24.295781036040147,u,I11,K25A02H
1680,60877.09637194569,298.9410211483868,-16.718497086912958,23.023495864426877,u,I11,K25O00O
1681,60877.100807036004,295.6768675516607,-25.563465805958096,26.74270401138228,u,I11,K25O07X
1682,60877.10680877036,322.38464309854,-17.055541736212636,21.88836985602072,r,I11,K25N01J
1683,60877.10861019888,328.0304122690866,-14.098848749956778,22.396589764791553,r,I11,K13T04M
1684,60877.109966020624,331.067931224582,-23.158057079016075,22.531949824060785,r,I11,K25O01D
1685,60877.111777664315,334.7722737179305,-17.199929383587083,24.382175769461863,r,I11,K25O04Q
1686,60877.11222535664,334.7731108370287,-17.200603118033673,24.66819522004191,r,I11,K25O04Q
1687,60877.11222535664,334.8771186207655,-14.959151834273062,22.30525576949743,r,I11,K18L15U
1688,60877.13189944197,312.1325903294497,-8.778138562668488,19.782249537999597,r,I11,K25O00V
1689,60877.13422441522,306.2879437467304,-12.945183932927424,21.746926061291642,r,I11,K25O03Z
1690,60877.14034710216,322.4172752349701,-17.075739674087362,21.179390105866027,i,I11,K25N01J
1691,60877.14219723732,328.0912647618692,-14.082680874825584,22.087606783668946,i,I11,K13T04M
1692,60877.14357937907,331.1123838998436,-23.199777203070603,21.169536645275997,i,I11,K25O01D
1693,60877.144498219466,330.38750720633874,-19.683560812018943,20.925883011291454,i,I11,K15N13Y
1694,60877.14543014202,334.83497033121785,-17.25063737958299,22.15241574892577,i,I11,K25O04Q
1695,60877.145875157774,334.9340936963948,-14.901388609106071,19.684702952075003,i,I11,K18L15U
1696,60877.145875157774,334.83579519120894,-17.251307631907665,22.03076813326083,i,I11,K25O04Q
1697,60877.14676686791,328.0995102054476,-14.080469923823062,21.732266439671236,i,I11,K13T04M
1698,60877.155347122214,312.16131653948463,-9.015673486443122,19.384917868156776,i,I11,K25O00V
1699,60877.157736244,306.3182351089737,-12.928943992367298,21.541391311664764,i,I11,K25O03Z
1700,60877.159916685676,301.00992752131583,-11.460127092559038,24.04844586126204,g,I11,K25O09W
1701,60877.16309138284,258.0408357648595,-24.148024651966463,22.392492149536846,g,I11,K25D49K
1702,60877.183261701895,306.3509774928109,-12.91118870679484,27.171513773938095,u,I11,K25O03Z
1703,60877.184562698865,310.6948299923945,-19.060565763174665,25.126991972688344,u,I11,K25O09V
1704,60877.18911898845,324.08158829476315,-23.09225512746213,24.098065480067888,u,I11,K18B05E
1705,60877.197893963945,347.5340197184009,-7.777467724004951,21.5,r,I11,K17D15S
1706,60877.20011925454,345.2098855872188,-4.655733535885173,20.62156070202769,r,I11,K24P03R
1707,60877.20415491094,339.62389436854323,2.474450709938598,22.013229115677603,r,I11,K25O02G
1708,60877.20461871241,340.12801651164693,-1.4797237586243224,24.017001643855373,r,I11,K25P01B
1709,60877.20554755187,340.4725678647508,-6.48037250843407,26.666489921984244,r,I11,K21S01O
1710,60877.20926758413,333.28565207916625,-5.73510985325501,22.033127746326407,r,I11,K25O17H
1711,60877.20973937491,335.7018584446175,-8.332853636068196,25.858464237200863,r,I11,K25P00P
1712,60877.210654080875,335.0410772274801,-14.78952079320112,19.46323112390518,r,I11,K18L15U
1713,60877.21433271744,341.863916402089,-15.525001127628984,22.475275980066137,r,I11,K25O12U
1714,60877.22137873467,347.55889912072246,-7.767791840849017,21.5,i,I11,K17D15S
1715,60877.228989528994,339.65604341589034,2.45422572823074,21.320763794247846,i,I11,K25O02G
1716,60877.22943042746,339.65661437880715,2.4538656791897413,21.00736392374535,i,I11,K25O02G
1717,60877.22990282901,340.13072158732166,-1.5214480822751435,24.55666822638961,i,I11,K25P01B
1718,60877.23465163915,333.314849986508,-5.744821621806816,22.866221947045666,i,I11,K25O17H
1719,60877.235138502285,335.723950279201,-8.297811558441628,21.5,i,I11,K25P00P
1720,60877.23606070684,335.0822957436055,-14.745354710843014,21.002125757004375,i,I11,K18L15U
1721,60877.23977912395,341.8144985396516,-15.528668375874547,22.544960681157807,i,I11,K25O12U
1722,60877.24613782092,343.14950747885433,-4.423185758062984,23.310413280935688,g,I11,K25O10K
1723,60877.249468056834,332.5233240498181,-1.274707256998833,23.478898449878976,g,I11,K25P00K
1724,60877.261240902255,356.7607392065317,1.8423108148862704,24.931199125617884,r,I11,K22Y06N
1725,60877.28067170705,9.424498641886151,2.0205952172067407,21.5,r,I11,K16GD4J
1726,60877.282008630296,0.9486782372176072,2.4685521665161843,25.811790545162715,r,I11,K16P08B
1727,60877.282460283575,356.8075215059628,1.863349460205901,21.5,r,I11,K22Y06N
1728,60877.283375896775,0.968899511831334,6.286671471777224,21.5,r,I11,K24O02N
1729,60877.283375896775,358.779545926228,6.614652864613822,23.963077013187743,r,I11,K20B05A
1730,60877.28383882485,358.1964300560644,11.428133950104431,19.18115438937498,r,I11,K12K42U
1731,60877.28476519888,357.69523643404875,7.553107643241611,23.461813517992724,r,I11,K24Y13C
1732,60877.2898820517,356.8238659285899,1.8707120383663367,21.5,i,I11,K22Y06N
1733,60877.296437999816,356.0460557862209,-2.3895138735092045,19.93939658502776,i,I11,K25F02V
1734,60877.30302560578,12.798741423616017,-4.344118804127134,20.62752980002818,i,I11,K05O00X
1735,60877.304839536475,9.453678232757614,2.032692262145265,21.5,i,I11,K16GD4J
1736,60877.30619142158,0.973312273910903,2.473653980068396,25.86197767992909,i,I11,K16P08B
1737,60877.30665087451,356.8607683550205,1.887353486572336,25.98563457197475,i,I11,K22Y06N
1738,60877.307573104146,358.79031219046186,6.639709884676157,22.663495202574367,i,I11,K20B05A
1739,60877.307573104146,1.0062356206272889,6.285426487884126,24.753847710869493,i,I11,K24O02N
1740,60877.30896285776,357.6956960821054,7.515637305647749,21.720695115313177,i,I11,K24Y13C
1741,60877.381487107545,322.6473829707052,-17.217385106471866,23.806178371767118,r,I11,K25N01J
1742,60878.015132727116,299.6036975815713,-21.76538511043153,23.527548179710106,r,I11,K25A02H
1743,60878.03631836739,285.93682376176685,-19.63278407151412,20.3868829109554,r,I11,K25O01Y
1744,60878.0372585242,289.08435691296404,-24.08296507856185,21.5,r,I11,K25O07Y
1745,60878.10564417341,305.58963548047865,-8.808453423518353,21.76087286349817,i,I11,K25O04S
1746,60878.106114568494,307.68005383777404,-12.244527001892346,21.024921613010658,i,I11,K25O03Z
1747,60878.10658400849,307.6806922436707,-12.244188249597531,21.147174391097927,i,I11,K25O03Z
1748,60878.11313102624,312.44949765550865,-22.206410414668312,21.928051298842554,z,I11,K25O11L
1749,60878.11631455734,323.4205746850941,-17.651129685208993,21.992933274973197,z,I11,K25N01J
1750,60878.11723353121,323.4214802956978,-17.651690834539004,21.94651889766102,z,I11,K25N01J
1751,60878.1199664059,324.5149755126583,-12.434878148384657,22.26397854908956,z,I11,K25O09S
1752,60878.12641814415,307.7076018527863,-12.229828041258468,21.9901373671456,z,I11,K25O03Z
1753,60878.12689405192,307.7082456699945,-12.22948256193941,22.48024799706935,z,I11,K25O03Z
1754,60878.12877901531,311.80354679570587,-17.748204388779683,21.185960120142482,z,I11,K25O09V
1755,60878.13115710688,309.92686279829434,-21.50134955234481,24.93909967854135,u,I11,K25N01U
1756,60878.133447725195,302.5629925879208,-11.277382541688926,26.04524941005427,u,I11,K25O09W
1757,60878.14094004663,307.96096883794354,-28.124811993285583,24.71658553891086,u,I11,K21N00X
1758,60878.145255418436,256.9039258414033,-24.03055644772365,17.088587296660094,r,I11,K14Qh2X
1759,60878.15622562007,268.30865102008454,-17.253711406489018,21.460880782167116,u,I11,K12M06L
1760,60878.165302601585,249.90461703103023,-20.597917872081915,21.5,u,I11,K20O03O
1761,60878.16642191101,245.037027362018,-21.8852856729245,21.5,u,I11,K25M89U
1762,60878.16696310515,246.66197196710303,-22.19782205018455,21.5,u,I11,K07A02C
1763,60878.182133390575,9.268478365668749,-42.49434633419455,19.004498537553957,g,I11,K05M13M
1764,60878.184128357374,9.27154234722483,-42.49579909459968,18.430195643134645,i,I11,K05M13M
1765,60878.184563894305,9.272212158989475,-42.49611671897414,18.322898537611007,i,I11,K05M13M
1766,60878.18500032034,9.272881917708252,-42.496434331952585,18.338351035442223,i,I11,K05M13M
1767,60878.18543681693,9.273553161191815,-42.49675266273748,18.388552195058384,i,I11,K05M13M
1768,60878.18735724594,9.276501707928103,-42.49815114289081,22.541129891127394,u,I11,K05M13M
1769,60878.18788637458,9.277313916695832,-42.498536414342105,22.442827534150517,u,I11,K05M13M
1770,60878.188415518314,9.2781275844448,-42.4989223970902,22.5218396771497,u,I11,K05M13M
1771,60878.18894463511,9.278939639364362,-42.49930763376853,22.36121127592179,u,I11,K05M13M
1772,60878.19369840684,329.56593689089885,-18.56919581209533,23.57089355398984,u,I11,K15N13Y
1773,60878.19760403028,334.49042812509424,-6.119775750383893,25.344337205856817,u,I11,K25O17H
1774,60878.19815384013,332.55492441843194,-2.4856276187231496,25.14789779614938,u,I11,K25P00K
1775,60878.20144500223,323.6236127937534,-6.063480659529123,24.409070688804483,u,I11,K25O00E
1776,60878.203719041805,324.5869956879728,-12.38710593824611,32.32573713461308,u,I11,K25O09S
1777,60878.20723246866,322.13718378840827,-24.607157587013184,21.5,u,I11,K25O00M
1778,60878.207801085344,327.32750258855964,-25.03178216189248,21.5,u,I11,K18B05E
1779,60878.21168616555,336.95447363873666,-18.86724660837077,21.746122118121576,g,I11,K25O04Q
1780,60878.21168616555,335.3403258918477,-19.020360704443405,21.098364708825805,g,I11,K25O01A
1781,60878.21312413295,340.12239981425563,-15.62056661665486,22.270527088788164,g,I11,K25O12U
1782,60878.21359390208,336.8101155642894,-13.011426559239428,20.501389917139903,g,I11,K18L15U
1783,60878.217275414165,342.16105088224225,-2.2422341294256776,21.78342615275622,g,I11,K25O10K
1784,60878.217275414165,340.29277488964703,-3.187655698435285,25.06861526991795,g,I11,K25P01B
1785,60878.22001266936,336.6687823963165,-6.91774498034694,21.5,g,I11,K25P00P
1786,60878.22934346414,342.1475516596062,-2.215115427974675,22.478806680677287,g,I11,K25O10K
1787,60878.23024940374,341.50871856135467,-6.034544408484784,24.740645336494353,g,I11,K21S01O
1788,60878.23024940374,344.6320177067035,-5.770275867197058,20.98936558938834,g,I11,K24P03R
1789,60878.23266293351,344.6305592439845,-5.772909847897775,19.952017881750436,r,I11,K24P03R
1790,60878.23266293351,341.5111039927714,-6.033479636744275,21.5,r,I11,K21S01O
1791,60878.23312372296,340.29422926770064,-3.215032037873039,25.81735184023941,r,I11,K25P01B
1792,60878.2344765627,336.6813232921593,-6.897342738098407,27.163596649191405,r,I11,K25P00P
1793,60878.23538995118,334.5349580075772,-6.134958665622615,21.915037690196,r,I11,K25O17H
1794,60878.23724192324,332.5528826300368,-2.5373010958454376,22.910736459848774,r,I11,K25P00K
1795,60878.23954118251,323.6456778467871,-6.156582255412824,19.32182216708017,r,I11,K25O00E
1796,60878.24310333576,330.1949923822241,-13.508073128571656,21.310073169973503,r,I11,K13T04M
1797,60878.2445285235,336.85952024701186,-12.956595729239348,19.414896122233888,r,I11,K18L15U
1798,60878.25015075128,348.72247237264946,-7.322053013886172,24.757900361908526,r,I11,K17D15S
1799,60878.25393245378,344.6176669583577,-5.796126238620864,19.91403090700976,i,I11,K24P03R
1800,60878.25393245378,341.5321063758454,-6.024083060431218,21.5,i,I11,K21S01O
1801,60878.254397368466,342.11936877490695,-2.158804180452766,21.260237450123114,i,I11,K25O10K
1802,60878.254397368466,340.2960904174286,-3.2518011634751347,21.5,i,I11,K25P01B
1803,60878.255304515245,340.2961678836693,-3.253371121609474,21.5,i,I11,K25P01B
1804,60878.25574983272,336.69967500491884,-6.867298697653699,21.5,i,I11,K25P00P
1805,60878.25670136678,334.55999513435444,-6.143510439335763,21.958535521593376,i,I11,K25O17H
1806,60878.258627115894,332.55163644651884,-2.565618110724224,22.033834766334806,i,I11,K25P00K
1807,60878.26099322609,323.65788903634245,-6.208667540375141,20.5458985843563,i,I11,K25O00E
1808,60878.26452145911,330.2350645892861,-13.496449605133646,21.441395483456542,i,I11,K13T04M
1809,60878.26602224903,336.89361544133686,-12.91836167078465,19.412105505314052,i,I11,K18L15U
1810,60878.27176473447,348.74689962839585,-7.312354615779126,21.5,i,I11,K17D15S
1811,60878.279328182296,3.609576344200884,-8.584263717381264,22.943335573204653,g,I11,K19U03Y
1812,60878.27978971484,3.6102345152100814,-8.583755211472754,21.578372188636454,g,I11,K19U03Y
1813,60878.28300209552,2.0011777786838176,2.6788723064131843,25.39505474315874,g,I11,K16P08B
1814,60878.28345617663,359.1706465594786,2.8806221590242744,29.086630478221178,g,I11,K22Y06N
1815,60878.283914543776,2.299783170364301,4.398517184226893,21.5,g,I11,K04S55U
1816,60878.284377335294,2.300209528818909,4.398706272396188,27.739196187107268,g,I11,K04S55U
1817,60878.285285264414,2.6228737542427325,6.223390592562911,23.092601107883667,g,I11,K24O02N
1818,60878.285285264414,1.4437340877253328,8.598677865003198,25.037439024574592,g,I11,K16S00C
1819,60878.28574609105,4.324448476522718,10.279179912778096,23.058655477899006,g,I11,K22P00J
1820,60878.286643348125,1.4451924490868444,8.599342227964462,21.5,g,I11,K16S00C
1821,60878.286643348125,0.2004727403235875,10.791079795144276,19.997776981971043,g,I11,K12K42U
1822,60878.287553510076,359.30109140861083,7.656856469697321,22.075740777530257,g,I11,K20B05A
1823,60878.288465981575,357.7371153018636,5.979328458688189,19.367258983258502,g,I11,K24Y13C
1824,60878.29074546564,356.12185832699174,-3.974825806861991,19.149936336236856,g,I11,K25F02V
1825,60878.31083214376,65.17814897431397,-46.94250468730198,24.38875160098816,i,I11,K23B08P
1826,60878.311269887505,65.17941989125855,-46.94190007708603,24.02288779070988,i,I11,K23B08P
1827,60878.31319690726,65.18501027438805,-46.939239808410896,21.5,g,I11,K23B08P
1828,60878.313635890176,65.18628360475034,-46.93863369896622,25.030672696471953,g,I11,K23B08P
1829,60878.31407250134,65.18755104421984,-46.938030328601975,26.47676037583569,g,I11,K23B08P
1830,60878.32318472535,65.2139583980809,-46.925444071443486,21.5,i,I11,K23B08P
1831,60878.32849781411,21.958883074931013,11.375070968253144,20.694788448133224,r,I11,K19N01C
1832,60878.32849781411,23.13083692077737,12.034717418659982,21.5,r,I11,K16C29N
1833,60878.32849781411,23.080089719004384,11.251873707218069,21.5,r,I11,K14QT5O
1834,60878.33075535557,18.26526138611212,18.71067823082204,26.291467290184045,r,I11,K15Bp5P
1835,60878.33121058655,15.047547371600476,15.606206251724348,21.5,r,I11,K18R01S
1836,60878.33212284333,17.60541814245699,8.534996819917396,18.017009519699595,r,I11,K05J21F
1837,60878.33212284333,18.038773238964183,9.034972694242189,29.48679219108078,r,I11,K25N02Y
1838,60878.33256367907,17.606350055061,8.534916115581842,15.872204276478083,r,I11,K05J21F
1839,60878.33301763325,15.74906973176967,10.555897018986922,28.97461472343561,r,I11,K21T13V
1840,60878.33844242526,10.755073592836055,2.561168524582708,29.197440155785056,r,I11,K16GD4J
1841,60878.34676158512,21.95465463295817,0.3735905022287528,21.5,r,I11,K21V00L
1842,60878.34855123349,323.644544524,-17.78994628461214,20.14741083897982,r,I11,K25N01J
1843,60878.35357562681,305.4694211457087,-9.39185480979769,22.47306450559599,r,I11,K25O04S
1844,60878.367366641396,313.836352920394,-19.784928986517865,18.788838848734137,r,I11,K25O00V
1845,60878.367826011934,313.1037623419724,-22.684109972350708,20.871287832642388,r,I11,K25O11L
1846,60878.368288643964,309.77922734845646,-21.73075530620933,20.603110619026065,r,I11,K25N01U
1847,60878.37192191645,308.2679371646072,-28.253713111352788,20.61419299161531,r,I11,K21N00X
1848,60878.3723650708,308.2685521181534,-28.253941401573137,20.575887188556734,r,I11,K21N00X
1849,60878.37330654554,313.1181621285153,-22.69415604662513,21.108916030644544,r,I11,K25O11L
1850,60878.37647809955,322.37477908328344,-24.582924875639225,19.847412355038582,r,I11,K25O00M
1851,60878.379749191954,323.6748938954505,-17.80809196668158,21.47319139649248,g,I11,K25N01J
1852,60878.38479265254,305.454981876601,-9.465404053568358,21.30496773244621,g,I11,K25O04S
1853,60878.386583269414,301.8453524279633,-13.566024482701932,19.6093918899738,g,I11,K25O00O
1854,60878.38796597207,312.0659528215627,-17.392555029138283,21.175186510337717,g,I11,K25O09V
1855,60878.3929471854,308.2973276605789,-28.26449571563346,21.246556686398158,g,I11,K21N00X
1856,60878.39339044654,308.29795294170367,-28.26472234819409,21.48568819384274,g,I11,K21N00X
1857,60878.39435260063,313.1737248694532,-22.73266498071831,21.50794149129044,g,I11,K25O11L
1858,60879.07795904504,291.6475423723102,-23.621906088509096,21.5,i,I11,K25O07Y
1859,60879.07894016126,289.4211254214828,-18.264062704777395,19.859193144098786,i,I11,K25O01Y
1860,60879.082347821546,296.932924861376,-13.888915149541257,22.80308687166868,i,I11,K25O07W
1861,60879.10100737699,328.835976932343,-17.57442526841855,21.037439342960866,g,I11,K15N13Y
1862,60879.10190569147,331.9303947173941,-13.02128321704468,21.374931912580514,g,I11,K13T04M
1863,60879.10281260357,325.4296458582523,-11.855235427189838,21.981600633075182,g,I11,K25O09S
1864,60879.11674971717,304.28974348996,-11.071204076012071,22.50117118452715,g,I11,K25O09W
1865,60879.1172147437,304.2905237792767,-11.071109723441689,23.23409616236974,g,I11,K25O09W
1866,60879.1172147437,303.385919087972,-11.93603361782307,20.587659562054306,g,I11,K25O00O
1867,60879.1172147437,305.15729582459795,-11.22230832942859,21.669694263829797,g,I11,K25O04S
1868,60879.14811487324,309.2280375920033,-11.45361332253763,21.57612955447082,r,I11,K25O03Z
1869,60879.149089547696,304.3438012153706,-11.06452531353378,22.253502317447605,r,I11,K25O09W
1870,60879.14953591779,303.4431594857904,-11.866787455212124,19.722848263637438,r,I11,K25O00O
1871,60879.14953591779,305.140952084429,-11.301006365454636,22.01553458780124,r,I11,K25O04S
1872,60879.157096512165,309.3073112494363,-22.499681481586045,25.205440560180982,u,I11,K25N01U
1873,60879.159425943406,314.90063415461566,-25.389201762699464,22.628854225805622,u,I11,K25O00V
1874,60879.15998900737,315.3477445895538,-24.17296859148293,25.494869377776812,u,I11,K25O11L
1875,60879.16691200431,312.94806230155746,-16.347046429781017,25.229673359088395,u,I11,K25O09V
1876,60879.16810905265,312.94920524786534,-16.345471722538008,25.639001382330314,u,I11,K25O09V
1877,60879.17118890343,10.81028194757358,-43.183113166174,22.653272436387102,u,I11,K05M13M
1878,60879.17118890343,10.619810264043888,-44.87049822621917,26.38306706250567,u,I11,K19J00M
1879,60879.17171797935,10.811106256876416,-43.18348981417724,22.619604620262482,u,I11,K05M13M
1880,60879.17171797935,10.618447279978936,-44.86985321232942,25.831727805762842,u,I11,K19J00M
1881,60879.1722459795,10.81192892743556,-43.18386573696934,22.580222684566575,u,I11,K05M13M
1882,60879.1722459795,10.61708647241994,-44.86920938373796,21.5,u,I11,K19J00M
1883,60879.17277509956,10.615722685906276,-44.86856430033196,25.96281020508277,u,I11,K19J00M
1884,60879.17277509956,10.812753076235266,-43.18424235870189,22.694752531985664,u,I11,K05M13M
1885,60879.17496267021,10.610077666090357,-44.865895775695655,25.824587135950622,r,I11,K19J00M
1886,60879.17496267021,10.816160990572191,-43.185799962292506,18.318905473343012,r,I11,K05M13M
1887,60879.17539936708,10.816839917803264,-43.186110315868014,18.280354660301068,r,I11,K05M13M
1888,60879.17539936708,10.608951972531845,-44.86536394333808,24.92658002076488,r,I11,K19J00M
1889,60879.17583606685,10.60782342563807,-44.864830864157454,26.816880166101036,r,I11,K19J00M
1890,60879.17583606685,10.817520347343724,-43.186421371526336,18.437547049124486,r,I11,K05M13M
1891,60879.17627140129,10.818199165845314,-43.18673170590031,18.509189202290425,r,I11,K05M13M
1892,60879.17627140129,10.60669718946856,-44.86429897684971,26.54991545867388,r,I11,K19J00M
1893,60879.17670789904,10.60557068265223,-44.86376706140354,21.5,r,I11,K19J00M
1894,60879.17670789904,10.818877930089872,-43.18704203056918,18.378028699224615,r,I11,K05M13M
1895,60879.17906434412,10.822544809830232,-43.18871875091272,22.604146885227202,u,I11,K05M13M
1896,60879.1812109476,10.825885028603304,-43.19024647099931,18.96649796174615,z,I11,K05M13M
1897,60879.18164635448,10.826561625043324,-43.19055596859205,18.855290290052963,z,I11,K05M13M
1898,60879.182081649444,10.827239723504354,-43.1908661671871,18.759111186030868,z,I11,K05M13M
1899,60879.18251917517,10.827919322938865,-43.19117706630093,18.879491598364773,z,I11,K05M13M
1900,60879.18251917517,10.590530898670568,-44.856674795835126,28.006310985210156,z,I11,K19J00M
1901,60879.18295571336,10.589397947328624,-44.85614120618244,21.5,z,I11,K19J00M
1902,60879.18295571336,10.828598869126932,-43.19148795487023,19.87456285327645,z,I11,K05M13M
1903,60879.18598979348,332.0974894281392,-12.97348233016038,24.897433589994215,u,I11,K13T04M
1904,60879.1881803516,332.5707127462369,-3.8367452202896506,26.090621153131682,u,I11,K25P00K
1905,60879.194386394636,335.73295325327985,-6.526317317317051,21.5,u,I11,K25O17H
1906,60879.194386394636,337.6036268944401,-5.525699414448618,27.390176574022462,u,I11,K25P00P
1907,60879.20575893261,258.3568455330711,-24.574197822166777,18.852054941075572,g,I11,K14Qh2X
1908,60879.26176777868,342.5860614981082,-5.568192449580509,21.5,u,I11,K21S01O
1909,60879.26233064075,344.0291331444275,-6.90215010325747,25.147082906794154,u,I11,K24P03R
1910,60879.28551360414,341.04032257232615,0.1602716484749729,24.863906124287748,u,I11,K25O10K
1911,60879.28551360414,342.9456585632853,0.3952646914873691,24.628028199563538,u,I11,K25O02G
1912,60879.29052697372,5.239619780677061,-3.692512880226378,23.47480080745391,i,I11,K14A16B
1913,60879.29147639974,12.013296131753348,3.069463029377955,21.5,i,I11,K16GD4J
1914,60879.291930401654,8.58405098587289,4.788658948180409,21.5,i,I11,K11E40M
1915,60879.29284099089,5.788888651637565,9.765478317580731,22.921585096633137,i,I11,K22P00J
1916,60879.29420940374,8.898164812357582,15.255430176162236,25.486877114511675,i,I11,K16R20K
1917,60879.29420940374,9.931806221179349,15.566436477319431,21.5,i,I11,K18R01P
1918,60879.29509237121,5.289152449998086,12.831814377645156,21.5,i,I11,K17Q03H
1919,60879.29509237121,5.792111495884901,9.764300246399646,22.850331195046472,i,I11,K22P00J
1920,60879.29554086947,5.289721087272428,12.831820655919682,23.827861132979717,i,I11,K17Q03H
1921,60879.296438583,2.256380269217927,10.10680648419966,17.21915970053604,i,I11,K12K42U
1922,60879.29689594275,4.412376560215208,6.139961517336821,21.5,i,I11,K24O02N
1923,60879.32337347472,17.203684747900308,11.091844203891082,26.452523104568797,z,I11,K21T13V
1924,60879.32811351921,11.801813529318869,-6.771691260920678,21.089340039324327,z,I11,K08C00H
1925,60879.329507209695,19.034885651121467,-1.191689921567271,20.178040839718236,z,I11,K05N44W
1926,60879.33042696059,18.04665754227687,-1.6679377436922072,21.210690443245717,z,I11,K05O00X
1927,60879.33042696059,19.035843095389648,-1.1917541781867576,20.168785450180415,z,I11,K05N44W
1928,60879.3321446319,18.92827198476993,4.569979319398565,21.83720872540828,z,I11,K25N02A
1929,60879.33420296586,23.71731821836241,4.760144744570648,26.51615433193524,r,I11,K18T04S
1930,60879.335107277846,24.715414152966773,11.71030852692582,21.5,r,I11,K14QT5O
1931,60879.33555589104,24.878799823764776,12.916838124639472,21.5,r,I11,K16C29N
1932,60879.34130706251,12.079280799309888,3.096655622319542,26.82235006683036,r,I11,K16GD4J
1933,60879.34256314018,13.4478816692145,-1.1884901316602254,26.652575070914253,r,I11,K14Y43S
1934,60879.343809581835,22.973732839598547,0.7571694150452686,24.657541452082018,r,I11,K21V00L
1935,60879.34427008245,24.5262218579813,0.2209889377425335,26.847843501771763,r,I11,K24J01F
1936,60879.34654326532,26.83460699073452,9.017918454328573,21.5,r,I11,K23Q02D
1937,60879.35038070437,313.1221596652877,-16.1028467055511,21.236046381302195,i,I11,K25O09V
1938,60879.35404791644,305.03675259240435,-11.798713427441578,21.337605901430678,i,I11,K25O04S
1939,60879.354511999045,304.6912362840195,-11.016171008671176,21.678021674383544,i,I11,K25O09W
1940,60879.382170396006,11.134097740767576,-43.33102276994229,18.833844415143673,g,I11,K05M13M
1941,60879.382170396006,10.053238588526694,-44.60330159665099,30.616992567386177,g,I11,K19J00M
1942,60879.38260602716,10.052049884286957,-44.60271916954288,21.5,g,I11,K19J00M
1943,60879.38260602716,11.134759633192669,-43.331320946680165,18.79849601228549,g,I11,K05M13M
1944,60879.383043704045,10.050853033900662,-44.60213256986776,26.662248295942028,g,I11,K19J00M
1945,60879.383043704045,11.135426090379012,-43.331621146913776,18.809421782634487,g,I11,K05M13M
1946,60879.383480416094,11.136091025368165,-43.331920628516535,18.8766913570784,g,I11,K05M13M
1947,60879.383480416094,10.049658970160085,-44.60154715427223,27.703365171379314,g,I11,K19J00M
1948,60879.38565583062,10.04371679960394,-44.59863116134107,26.877535473463404,u,I11,K19J00M
1949,60879.38565583062,11.1394004877687,-43.333410692370286,22.271992395997458,u,I11,K05M13M
1950,60879.3861850015,11.140205411957105,-43.33377297952779,22.32890788213931,u,I11,K05M13M
1951,60879.3861850015,10.04227177070309,-44.59792135655256,26.789575344959637,u,I11,K19J00M
1952,60879.38834544025,11.143493597170457,-43.33525244288423,18.335482810404596,i,I11,K05M13M
1953,60879.38878200232,11.144157020919984,-43.33555083908864,18.299158408775178,i,I11,K05M13M
1954,60879.38878200232,10.03517905368176,-44.59443343853568,21.5,i,I11,K19J00M
1955,60879.38921975628,10.033983046285586,-44.59384463932354,27.544951378788284,i,I11,K19J00M
1956,60879.38965506681,11.145485395519731,-43.336148216732816,18.45422254933308,i,I11,K05M13M
1957,60879.38965506681,10.032795297586674,-44.59325971905137,21.5,i,I11,K19J00M
1958,60879.3923632811,10.025402757317469,-44.5896149633784,25.790307157477034,u,I11,K19J00M
1959,60879.3923632811,11.149606006302788,-43.3380004107858,22.42932401908992,u,I11,K05M13M
1960,60879.392892261596,11.150410969069316,-43.33836208319964,22.45124122446513,u,I11,K05M13M
1961,60879.392892261596,10.02395896729527,-44.58890227553412,21.5,u,I11,K19J00M
1962,60879.39342209602,11.151217458188244,-43.338724390515,22.34060334671826,u,I11,K05M13M
1963,60879.39342209602,10.022512557915732,-44.58818801300957,21.5,u,I11,K19J00M
1964,60880.18247794811,272.6915645753553,-18.982289430634232,18.797382123631714,i,I11,K25F23V
1965,60880.19100354098,259.5882504750729,-25.013663654022253,17.448060114376215,i,I11,K14Qh2X
1966,60880.21658975119,272.72838777169125,-18.964477702278828,19.564773493224227,z,I11,K25F23V
1967,60880.22513660317,259.62731408637023,-25.027188764466302,17.852797723046585,z,I11,K14Qh2X
1968,60880.2387568343,323.087761631218,-3.379384823821758,21.5,g,I11,K25O13C
1969,60880.24415460108,326.506260386482,-11.15749225039171,22.43040694175182,g,I11,K25O09S
1970,60880.24415460108,324.94360954976423,-10.322028451525638,20.617376382988965,g,I11,K25O00E
1971,60880.24747657092,335.6089768657361,-15.82224514164247,22.261277937587238,g,I11,K25O12U
1972,60880.249947906865,340.83877140754527,-18.90761984247851,20.228593385769713,g,I11,K22O00L
1973,60880.25285459835,340.5840854896923,-6.250193223632936,24.051197810088695,g,I11,K25O01A
1974,60880.25382605551,334.3396651061492,-12.320969798130063,21.72488378997729,g,I11,K13T04M
1975,60880.25431064727,337.0810972770278,-6.978881535402822,22.10600596401895,g,I11,K25O17H
1976,60880.255757937004,332.56464537328856,-5.399949725682999,22.38484979381085,g,I11,K25P00K
1977,60880.25674164778,338.6132381774159,-3.981570354215565,28.0662622403664,g,I11,K25P00P
1978,60880.25768175882,340.35828023342697,1.157563434070837,21.39594099437255,g,I11,K25O02P
1979,60880.25768175882,340.00886423922503,2.3392947404351,22.11110709799432,g,I11,K25O10K
1980,60880.26063744644,343.6654993586756,-5.099021262350463,21.5,g,I11,K21S01O
1981,60880.26109145327,343.6659773185206,-5.098804578041191,21.5,g,I11,K21S01O
1982,60880.26109145327,340.60073527036235,-6.2000935975630505,21.43938180180669,g,I11,K25O01A
1983,60880.2667169934,353.4966539049133,-15.739142388785597,19.971193207402585,g,I11,K25O00T
1984,60880.26815141024,351.2690437947839,-6.3334415469776415,21.5,g,I11,K17D15S
1985,60880.269073718766,356.20674383325985,-6.894043565651337,20.033501079407916,g,I11,K25F02V
1986,60880.275032791644,357.7756590210616,2.761440241403517,20.620445155013876,g,I11,K24Y13C
1987,60880.28107549525,345.04545634077925,-0.9559685185842556,21.04965587367786,g,I11,K25O02G
1988,60880.29546001577,6.640876032687293,-6.294928859721855,22.34214597893481,r,I11,K19U03Y
1989,60880.296888701414,7.28725616527201,9.218384531607116,21.936299555376344,r,I11,K22P00J
1990,60880.29823850387,6.621213645201885,12.831458622685773,23.623957540029995,r,I11,K17Q03H
1991,60880.299151900734,4.3327707724026965,9.385625140578794,16.341349370405347,r,I11,K12K42U
1992,60880.299151900734,3.726599267653077,9.587760078212076,25.34065577775465,r,I11,K16S00C
1993,60880.29961339404,6.318167712148565,6.0354918900280845,21.5,r,I11,K24O02N
1994,60880.31819073076,19.05789897718453,13.926427314292056,28.61380555625355,i,I11,K20B01Y
1995,60880.31819073076,18.972146508989507,13.216107769100503,21.5,i,I11,K22Q31C
1996,60880.31864901692,22.81437816308636,14.178604399129355,21.5,i,I11,K11Q08X
1997,60880.320455238,17.542966595433004,16.483113029327527,32.58324597464438,i,I11,K18R01S
1998,60880.32404671512,13.43997788839505,3.644270670840221,21.5,i,I11,K16GD4J
1999,60880.32450833178,13.440618491086754,3.644533446822136,25.808441597702668,i,I11,K16GD4J
2000,60880.33253705752,23.995043852365868,1.1412488312996576,27.693435697665567,r,I11,K21V00L
2001,60880.33435470923,24.69221285113516,5.160279972735186,25.53415094621555,r,I11,K18T04S
2002,60880.33999479057,6.7049272973845655,-6.24327350306925,21.810467095095753,r,I11,K19U03Y
2003,60880.33999479057,6.363188819823644,-3.4100711407555377,24.48611829625714,r,I11,K14A16B
2004,60880.353388911724,319.2467697525,-24.07658567389717,21.1886240449917,i,I11,K25O09Q
2005,60880.35988472095,12.679119754404091,-43.99059891227732,19.075128601423433,g,I11,K05M13M
2006,60880.360341934065,7.792957512163317,-43.32149266881504,21.5,g,I11,K19J00M
2007,60880.36079724929,12.680522140937816,-43.99121021795916,19.179043793601846,g,I11,K05M13M
2008,60880.361763247856,7.789488885734632,-43.31970160845323,25.48617860483433,g,I11,K19J00M
2009,60880.362704473955,7.787189598098749,-43.31851345656362,25.616316967882018,g,I11,K19J00M
2010,60880.36316185121,7.786074161871889,-43.31793679950312,25.76203619830841,g,I11,K19J00M
2011,60880.365461514986,7.780460760472866,-43.31503220966796,24.63490142471406,g,I11,K19J00M
2012,60880.36684008829,7.777097949066393,-43.31329007979127,25.18291341406731,g,I11,K19J00M
2013,60880.3672983686,7.775980330473439,-43.31271074031552,25.420938280329345,g,I11,K19J00M
2014,60880.36868026592,7.772608158234949,-43.31096164636031,21.5,g,I11,K19J00M
2015,60880.36960803215,12.694068941581236,-43.99710870924761,19.67649414595633,g,I11,K05M13M
2016,60880.37006547855,12.6947730294501,-43.997414945202856,19.82314419532465,g,I11,K05M13M
2017,60880.37144845401,12.6968990902863,-43.99833944849555,20.11854536509538,g,I11,K05M13M
2018,60880.37191219876,7.764723213757672,-43.30686554538622,24.349216754423058,g,I11,K19J00M
2019,60880.37237704788,7.763588947745905,-43.306275577926456,21.5,g,I11,K19J00M
2020,60880.375176662914,7.756759971326337,-43.302719650320846,23.530070320354554,r,I11,K19J00M
2021,60880.37563499923,7.755643120075887,-43.302137441021394,23.64951511717802,r,I11,K19J00M
2022,60880.376089953876,7.754533636401035,-43.30155888953207,23.20539544669806,r,I11,K19J00M
2023,60880.37747291726,7.751161617680761,-43.299799391834085,23.79626988029462,r,I11,K19J00M
2024,60880.38167670545,7.740914705308278,-43.29444210183851,24.17402215502116,r,I11,K19J00M
2025,60880.38259807216,7.738670547477241,-43.2932666701609,22.65070928410269,r,I11,K19J00M
2026,60880.38537869124,12.7183111927654,-44.007632590162615,19.146787100675393,r,I11,K05M13M
2027,60880.38629860976,7.729655309358197,-43.288536828629866,23.41407113590583,r,I11,K19J00M
2028,60880.38721949313,7.727412594056314,-43.28735820369232,22.59468761019908,r,I11,K19J00M
2029,60880.38767257716,7.726309613995564,-43.28677825625518,23.181415308667496,r,I11,K19J00M
2030,60880.3881363402,7.725182364444819,-43.28618534756273,23.226603133115027,r,I11,K19J00M
2031,60880.38859153942,7.724072237330283,-43.28560124645725,24.062772309099802,r,I11,K19J00M
2032,60880.392764125034,7.713919356712048,-43.2802500117549,26.090572995491954,u,I11,K19J00M
2033,60880.39499621245,7.708490607298298,-43.27738179155645,26.21097270834223,u,I11,K19J00M
2034,60880.39615933421,7.70566279685487,-43.27588581413479,19.986934275812104,u,I11,K19J00M
2035,60885.10453794987,231.8282667521824,-39.701005807353454,21.5,i,I11,K25M89N
2036,60885.10660006816,235.789052712408,-32.90408520239313,25.839008789682605,i,I11,K22Y06O
2037,60885.10986317959,231.8309934943768,-39.70604683329724,21.5,r,I11,K25M89N
2038,60885.11084803862,231.8314984890376,-39.706978967633525,21.5,r,I11,K25M89N
2039,60885.11288354811,235.80011160863867,-32.90299771146409,24.91194492621276,r,I11,K22Y06O
2040,60885.122506694555,231.8374908868657,-39.71800447026106,25.42590147742366,i,I11,K25M89N
2041,60885.12348150059,231.8379932936689,-39.71892586066897,21.5,i,I11,K25M89N
2042,60885.12549101609,235.82231076477808,-32.90080338375241,26.57207883088898,i,I11,K22Y06O
2043,60885.128749199095,231.8407108542591,-39.72390162916359,25.71581481409075,r,I11,K25M89N
2044,60885.13172385687,235.83329307313244,-32.899712539591334,26.349404025986573,r,I11,K22Y06O
2045,60885.33564444436,58.07923301963221,-48.21482554602831,21.5,r,I11,K17Q35Q
2046,60885.345855850064,321.59753594503485,-23.294271283792988,19.963732941962462,i,I11,K25O04U
2047,60885.34766123775,325.3164818390918,-21.80317652077854,18.791590633833373,i,I11,K25O01L
2048,60885.34858442222,331.0593648106048,-22.01013948710602,20.64739190612464,i,I11,K25N01J
2049,60885.3495141655,325.3191330125199,-21.830992263062925,18.733148169685137,i,I11,K25O01L
2050,60885.35275926618,314.5356579363546,-15.616421130236386,21.054202000442743,i,I11,K25O12U
2051,60885.354583054854,314.661788792476,-11.02545570256305,20.77100193850263,i,I11,K25O03W
2052,60885.355034109154,314.66270692286884,-11.023906637084018,20.297592494481353,i,I11,K25O03W
2053,60885.35687404931,308.7881407559744,-9.336718578089425,19.09337720340842,i,I11,K25O01Y
2054,60885.35734319092,308.78937261860773,-9.336059693645083,19.14918400234564,i,I11,K25O01Y
2055,60885.36008665695,313.0805342089228,-16.8991387896465,21.064627196847198,i,I11,K25O13C
2056,60885.36144910486,303.2825214026999,-19.2114613425854,20.7406147681166,i,I11,K25O07W
2057,60885.368562642936,320.5545521592266,-26.92424794722998,21.5,z,I11,K25O00U
2058,60885.369485966905,321.4996946783596,-22.955667741219774,20.96709519883268,z,I11,K25O04U
2059,60885.37085265228,321.4940655910333,-22.93576987237595,20.492287404890874,z,I11,K25O04U
2060,60885.37130013032,325.3514315424638,-22.158409334366684,21.5,z,I11,K25O01L
2061,60885.37220498803,331.083156278186,-22.02387020835363,21.897899385263557,z,I11,K25N01J
2062,60885.38086743529,308.85141130925933,-9.302998320626385,19.561075277794846,z,I11,K25O01Y
2063,60885.38313074141,310.4947615224403,-16.429756962052696,21.767022832622104,z,I11,K25O10L
2064,60885.38491952309,303.306736710244,-19.230643251533483,21.642730376777333,z,I11,K25O07W
2065,60885.38491952309,304.63529829166043,-20.555995179658733,21.371947057993676,z,I11,K25O07Y
2066,60885.38675957256,313.51179268979,-23.386911206587083,21.16731103402411,z,I11,K25O09Q
2067,60885.38720798967,313.5112614978173,-23.38683081220914,21.227798833505155,z,I11,K25O09Q
2068,60885.390487269164,334.4386332856493,-19.038925838902124,19.819544768009322,r,I11,K22O00L
2069,60885.39231446934,341.08959592159835,-17.38776485144727,20.18781684247124,r,I11,K25P01B
2070,60885.392776251705,339.23126162860933,-16.54100882371465,18.586012247939333,r,I11,K07P09P
2071,60885.393705515875,332.2681191613815,-14.653726488604557,20.639802989570995,r,I11,K25P00K
2072,60894.3496345253,56.869634572958326,-49.988243435337175,20.029482161334837,i,I11,K10G62W
2073,60894.350071055116,56.87057345252169,-49.98836826831113,19.989119211116197,i,I11,K10G62W
2074,60894.350507509924,56.871514459613614,-49.988493365980666,19.977416161451494,i,I11,K10G62W
2075,60894.35794847076,334.33228870698497,-20.18557781096587,20.290252565444376,i,I11,K17Q17C
2076,60894.368394582656,327.6790515975905,-18.98912639549061,16.778591720327405,i,I11,J99P01J
2077,60894.38312004557,327.66382261522034,-18.9758872440346,17.082441145561518,r,I11,J99P01J
2078,60894.38867920586,334.29526421138763,-20.204791949636228,20.401080551380254,r,I11,K17Q17C
2079,60897.298626113945,9.489375491941574,-42.0430307170972,25.92552520143835,y,I11,K25O11L
2080,60897.3013886345,9.494837268254091,-42.043330065324994,23.75364577876061,y,I11,K25O11L
2081,60897.30184703713,9.495742350674975,-42.04337929079701,25.604705547731776,y,I11,K25O11L
2082,60897.30459135955,9.50116338186397,-42.04367185542919,23.306756119974832,y,I11,K25O11L
2083,60897.30504883433,9.502067949490442,-42.04372029309869,21.5,y,I11,K25O11L
2084,60897.305508495454,9.502976394462747,-42.04376882855002,21.5,y,I11,K25O11L
2085,60897.30596584265,9.503878844469885,-42.04381693463252,24.775440361105467,y,I11,K25O11L
2086,60897.306892618224,9.505709202496492,-42.04391416952173,21.5,y,I11,K25O11L
2087,60897.30781518189,9.507529407113438,-42.04401042010059,22.865354826597382,y,I11,K25O11L
2088,60897.309184104786,9.510231569680922,-42.04415248757894,25.91024078208647,y,I11,K25O11L
2089,60897.31012294506,9.51208464659841,-42.04424934616785,21.5,y,I11,K25O11L
2090,60897.31691521202,9.525480581302435,-42.0449357145145,24.2000915807638,i,I11,K25O11L
2091,60897.318742502524,9.529083783411576,-42.04511616217935,23.457466681294108,i,I11,K25O11L
2092,60897.32520405,9.541812597665071,-42.04573934834176,23.336895810579147,i,I11,K25O11L
2093,60897.326175716604,9.543726717488084,-42.04583112853632,22.77488241151574,i,I11,K25O11L
2094,60897.3266178622,9.544597064729482,-42.04587269315665,23.475162840932335,i,I11,K25O11L
2095,60897.32708413003,9.545514626554995,-42.04591639896729,21.5,i,I11,K25O11L
2096,60897.33005685521,9.551367505543704,-42.04619243842703,22.58931140077911,z,I11,K25O11L
2097,60897.330516590635,9.552272947287811,-42.04623471679516,22.95933672994134,z,I11,K25O11L
2098,60897.33329098701,9.557732366151429,-42.04648721855033,21.5,z,I11,K25O11L
2099,60897.340465165835,9.571845763692068,-42.04712068924149,24.019490239429732,z,I11,K25O11L
2100,60897.34374266642,9.57829239323754,-42.04740076136481,24.225235827176533,z,I11,K25O11L
2101,60898.21271691537,299.0363879706561,-20.4018145678667,24.84130277721154,y,I11,K25O09Q
2102,60898.21553434847,308.87254795309985,-17.52265136952074,21.71376448323042,y,I11,K25O04M
2103,60898.217496449695,308.261822593902,-16.665224318887763,20.379907632002976,y,I11,K12P06G
2104,60898.23144094676,308.8410817935654,-17.53742205572996,22.0546631918033,y,I11,K25O04M
2105,60898.23144094676,308.238254126374,-16.667492985982406,20.140786613971343,y,I11,K12P06G
2106,60898.277422378174,308.7511380156505,-17.579531290691783,22.08961616271892,y,I11,K25O04M
2107,60898.277422378174,308.16071799870525,-16.6748537786356,19.721259483371895,y,I11,K12P06G
2108,60898.281125409296,298.9645040213206,-20.38195298501997,27.649845475868915,y,I11,K25O09Q
2109,60898.29614806805,308.7150465236788,-17.59645002605059,22.39137836090923,y,I11,K25O04M
2110,60898.29614806805,308.12924757799175,-16.677803218243334,19.60564279150872,y,I11,K12P06G
2111,60898.297087879655,308.12766977306205,-16.677950606170242,19.683324206970553,y,I11,K12P06G
2112,60898.299817876774,298.9450245413581,-20.37647730445279,21.5,y,I11,K25O09Q
2113,60898.31254851035,308.68373782135404,-17.611170093126045,20.549301824550618,i,I11,K25O04M
2114,60898.31347211853,308.1002009846088,-16.680509983415472,18.115015391376186,i,I11,K12P06G
2115,60898.32428089892,308.0821138896935,-16.682189159101924,18.49640871459531,z,I11,K12P06G
2116,60898.32428089892,308.6615278448391,-17.62164793680833,21.109749738333754,z,I11,K25O04M
2117,60900.3804686488,324.90679671082944,-8.525485090161364,21.367577168182343,i,I11,K18P10K
2118,60900.38268616952,332.0688322687064,-14.54905345511652,23.019588540933604,i,I11,K13P20S
2119,60900.39152923803,324.9022983929197,-8.512679304523502,21.024616225373087,r,I11,K18P10K
2120,60900.39376218023,332.07377629284423,-14.565114962631052,22.63505101146869,r,I11,K13P20S
2121,60901.2846562707,50.90090405428184,-27.938109496834457,23.817373318535275,r,I11,K25O09P
2122,60901.33560895031,332.5400325241495,-15.94987444385314,22.522423272552096,r,I11,K13P20S
2123,60901.33832390621,320.01669345389746,-11.908246705868434,16.407482763252652,r,I11,J99P01J
2124,60901.34765765719,332.5452043839001,-15.96740559084158,21.45174354812864,i,I11,K13P20S
2125,60901.35039524046,320.0022844341411,-11.89448486311593,16.65234811475483,i,I11,J99P01J
2126,60901.35130700203,320.00119690279894,-11.893444787302204,16.700772529251417,i,I11,J99P01J
2127,60901.35762438712,332.5495238831879,-15.98189608179065,22.643764087324087,i,I11,K13P20S
2128,60901.35942435563,332.5503077200524,-15.984510506078744,22.60858780680482,i,I11,K13P20S
2129,60901.359866483865,332.55050093927935,-15.985154254638235,22.618159243625833,i,I11,K13P20S
2130,60901.365278918114,319.9845560444587,-11.877505142769571,17.03507556064517,i,I11,J99P01J
2131,60901.36573847517,319.98400883936444,-11.876980191460976,17.07918323101717,i,I11,J99P01J
2132,60901.370931411715,332.5553534639925,-16.00122749585694,22.534634458628574,r,I11,K13P20S
2133,60901.37679043872,319.97087469285987,-11.864364539034074,17.050727647846557,r,I11,J99P01J
2134,60901.38046732398,332.5595771997388,-16.01506952087826,21.771631771987984,r,I11,K13P20S
2135,60901.38402516734,341.5138272576947,-6.90598963023408,24.983005405243357,r,I11,K25O13B
2136,60901.38446495212,339.10325191625384,-4.85809787214466,19.100965757991496,r,I11,K14Y43S
2137,60901.39173314597,332.5646205161265,-16.031414935636214,22.665673897014013,i,I11,K13P20S
2138,60901.395735575556,339.091162275716,-4.85955461082265,19.137849330867997,i,I11,K14Y43S
2139,60902.12265665033,332.9453049439299,-17.10688748928815,20.688578155559824,r,I11,K13P20S
2140,60902.12679443919,342.97218677024443,-7.571758452095038,25.078362929266017,r,I11,K25O13B
2141,60902.1281719769,345.84929880974755,-8.691682827997727,20.57422027341284,r,I11,K22C01L
2142,60902.13765826574,338.32695226529546,-4.955982655839329,18.815575101794927,r,I11,K14Y43S
2143,60902.13897834923,334.0039448624491,-4.64998026022304,21.5,r,I11,K25D24V
2144,60902.141216493255,326.7039653165202,-7.952129116129233,16.078603739922542,r,I11,K04M03P
2145,60902.143600634394,319.0746706112294,-10.986462453928906,16.976618981827176,r,I11,J99P01J
2146,60902.15674660796,358.8278002519669,0.3515940524334548,18.036450628993073,i,I11,K07P09P
2147,60902.16587232525,358.84066026999693,0.3645133044897984,18.160215167656027,r,I11,K07P09P
2148,60902.187300034646,326.7246765710616,-7.996013296897845,16.249704209463264,i,I11,K04M03P
2149,60902.1887734831,319.01944390347944,-10.934215384268231,16.285929186091078,i,I11,J99P01J
2150,60902.18928952473,319.0188127004216,-10.933617717672352,16.249373642022693,i,I11,J99P01J
2151,60904.16398909068,9.686315875684084,-45.79791545830476,20.181265884403665,g,I11,K25O15D
2152,60904.16442929319,9.686955682743143,-45.79806539592856,20.137106907490875,g,I11,K25O15D
2153,60904.17873112019,333.2301670230425,-6.511510951116961,25.32959274602597,i,I11,K25D24V
2154,60904.18593512619,345.59050474463686,-10.858249431389492,20.812389266964495,i,I11,K22C01L
2155,60904.22147390584,359.33529188297496,1.834421431344451,23.73537225473382,r,I11,K25O11B
2156,60904.24424319013,345.5802730607085,-10.920834814535311,20.58017963014092,r,I11,K22C01L
2157,60904.24472251434,346.9712559085329,-9.430053986771735,24.231430265807674,r,I11,K25O13B
2158,60904.24938581739,359.3631880048613,1.81435150380758,23.72524215031873,r,I11,K25O11B
2159,60904.256741889476,345.57805797208925,-10.93423849475336,20.717926455396523,i,I11,K22C01L
2160,60904.25724407129,346.993166609092,-9.440811715018688,25.71813222789003,i,I11,K25O13B
2161,60904.26201568797,359.3757347367464,1.8052702724219287,24.412395207503444,i,I11,K25O11B
2162,60904.27507738474,307.1241879016932,-14.792627806707529,18.796252659266287,i,I11,K25O02S
2163,60904.27871561491,298.2558826081193,-17.43837245689931,18.075705808782942,i,I11,K12P06G
2164,60904.282326597895,300.2323675263361,-21.81800713121951,21.686428041780196,i,I11,K25O04M
2165,60904.28278860816,300.231821112372,-21.818223835982263,21.1046769097496,i,I11,K25O04M
2166,60904.29336851047,307.10959102832663,-14.77959994807655,19.171187836287434,r,I11,K25O02S
2167,60904.294716657896,305.81832901635613,-18.41340402668069,15.31016145072222,r,I11,J89S05L
2168,60904.29698017941,298.2257500814719,-17.439696412161297,18.088581443472712,r,I11,K12P06G
2169,60904.34324284209,327.7760278905232,-10.024080912296904,16.390787200825905,r,I11,K04M03P
2170,60904.386641080455,327.7960143260907,-10.064119913141228,16.705220011947766,z,I11,K04M03P
2171,60904.39292260167,345.5544807759644,-11.08000759756782,21.419834270701596,z,I11,K22C01L
2172,60904.39337316541,347.23283965692656,-9.55648838110396,21.5,z,I11,K25O13B
2173,60914.33580592403,337.80230973566137,-14.56698065467825,18.629592092724195,i,I11,K16Q84F
2174,60914.33580592403,337.4006745503774,-13.560702788731575,21.5,i,I11,K25P00O
2175,60914.34702986373,337.813499823557,-14.58361758499438,18.342237113702502,r,I11,K16Q84F
2176,60914.34702986373,337.40490073756524,-13.580532621668082,21.5,r,I11,K25P00O
2177,60914.349339681285,337.4057762182299,-13.584612497599077,25.49846105237108,r,I11,K25P00O
2178,60914.35293256963,339.30586574067235,-3.0733191511258964,21.5,r,I11,K25O13E
2179,60914.353855181864,337.5777329057416,-9.185714951302929,21.5,r,I11,K15DF5K
2180,60914.36052116255,337.4100423504979,-13.604354283154713,26.070049677899213,i,I11,K25P00O
2181,60914.3691308431,337.8357770372578,-14.616281144474312,18.57259054558152,i,I11,K16Q84F
2182,60914.37228199073,350.6543106756405,-8.126605547672268,24.46961300389587,i,I11,K18R01W
2183,60914.37500106571,339.344626450535,-3.177716336048668,21.5,i,I11,K25O13E
2184,60914.37963302294,337.41744935146266,-13.63807857909872,25.81825321303163,r,I11,K25P00O
2185,60914.37963302294,337.84648360471886,-14.631760496385434,18.215243624763396,r,I11,K16Q84F
2186,60914.385554783556,339.3633501130913,-3.227749004915469,24.846919465154627,r,I11,K25O13E
2187,60914.38965054609,350.6292339607001,-8.124584180106874,21.5,r,I11,K18R01W
2188,60915.156775978954,336.8313292908517,-8.812109975663253,25.529274638322377,i,I11,K15DF5K
2189,60915.156775978954,335.6602394186813,-6.724197549076972,18.94614993022782,i,I11,K19J05O
2190,60915.1739344879,335.6440641288706,-6.731130794555336,25.108021199885375,i,I11,K19J05O
2191,60915.181188428396,335.6372176839758,-6.73406208157133,28.18192083527679,z,I11,K19J05O
2192,60916.19800574382,334.6775854720108,-7.158286400369137,21.5,g,I11,K19J05O
2193,60924.29537260074,355.9506421425768,2.1345007508817377,21.5,i,I11,K22Q03D
2194,60924.30187806845,355.9593327117268,2.1370130360511954,21.5,z,I11,K22Q03D
2195,60924.30694342238,0.7183327641509579,-1.1506286073434329,23.886148291575417,z,I11,K21R12E
2196,60924.32683875963,355.9928353825044,2.146620015440427,26.378498610571505,i,I11,K22Q03D
2197,60925.22110842167,299.5853103935655,-28.06699244342186,20.563423328754485,g,I11,K21J01U
2198,60932.28349034318,353.22910028624887,2.618984690664324,21.5,r,I11,K20S00A
2199,60932.2871803676,340.50086561539314,-6.9596223495943015,19.494214262877005,r,I11,K14Q33Q
2200,60932.29902598589,340.505523199161,-6.9472343172773865,21.5,r,I11,K14Q33Q
2201,60932.34826927137,348.3364505629257,-8.03647042042124,15.52784270064657,z,I11,J87Q00A
2202,60932.353370708064,348.33433976308606,-8.045436076360518,14.857701852178177,z,I11,J87Q00A
2203,60932.36022746165,348.3315105802785,-8.057487152262347,14.39409818203772,i,I11,J87Q00A
2204,60937.26098830582,8.21366678063184,-45.80519935890694,21.5,i,I11,K07T68R
2205,60937.265932031565,8.200271548031276,-45.804925156286245,21.5,i,I11,K07T68R
2206,60937.266392781836,8.19902272769287,-45.80489888540569,21.5,i,I11,K07T68R
2207,60938.1440918913,317.7366827311352,-20.962498483059427,24.8601662330099,i,I11,K18R08O
2208,60938.149329761014,314.31400741645285,-13.376986113193205,21.5,i,I11,K23S03A
2209,60938.153084154554,304.7469465993673,-23.17859485419556,21.5,i,I11,K16S01V
2210,60938.15355424455,299.4746955919367,-22.15802622532936,23.337257187509557,i,I11,K19E00T
2211,60938.160130543496,317.82084087102385,-21.00871418206185,23.37080419593463,z,I11,K18R08O
2212,60938.165310605895,314.4242339523568,-13.446143037350849,24.58953269448874,z,I11,K23S03A
2213,60938.169062930014,304.7584470215804,-23.19605252163693,23.347264520695635,z,I11,K16S01V
2214,60938.16951274178,301.82724225336835,-22.90094442498571,21.5,z,I11,K17Q02F
2215,60938.16951274178,299.4775641613612,-22.13833421841428,21.5,z,I11,K19E00T
2216,60938.1802762571,317.9266211141951,-21.06639107782077,25.41416607983202,i,I11,K18R08O
2217,60939.158430795855,303.3373847947574,-22.471772450353107,21.922030047075427,z,I11,K17Q02F
2218,60939.16355381565,321.18331960498085,-17.39272286923838,26.09082186074376,z,I11,K23S03A
2219,60939.17298025326,303.3589413535464,-22.46497783695571,22.135630541947695,i,I11,K17Q02F
2220,60939.17390858913,305.5279396863175,-24.28792369322021,20.087170603031048,i,I11,K16S01V
2221,60939.17390858913,307.1796608803674,-25.52629126680281,19.222887312919386,i,I11,K22D05E
2222,60939.178008877614,321.27262137707623,-17.44354427890909,25.441093396610015,i,I11,K23S03A
2223,60940.10558566393,299.89693779015096,-19.85370393535088,21.5,i,I11,K19E00T
2224,60940.108400078316,306.86672518784087,-23.87505928435556,19.38502277497105,i,I11,K22D05E
2225,60940.108400078316,306.2594950529776,-25.27146101826571,20.036506860397488,i,I11,K16S01V
2226,60940.13348065241,299.9022229230432,-19.821764441327296,21.5,z,I11,K19E00T
2227,60940.13578473387,302.5008632630024,-22.33485825052492,19.913214639983092,z,I11,K04R10V
2228,60940.136238827254,306.85720410789656,-23.826899956470097,19.713671011912602,z,I11,K22D05E
2229,60940.13671837079,304.8572237671633,-22.02444375329936,22.30298218399075,z,I11,K17Q02F
