L_fit,th_fit,flux_fit,rChiSq,ok,image_id,x,y,adcnn_len,adcnn_beta,adcnn_flux,score_rf,tp,truth_len,dlen,dang,flux_ratio,flux_snr
19.51878280991623,34.769958501859584,5153.902111341258,1.1371086440587899,True,0,239.2735368956743,56.54198473282443,36.05911,24.502989,2681.1245,0.5164372060743803,False,,16.540327190083765,10.266969501859585,1.9222912294230494,1166.5673035321786
47.22282921075737,20.859104027913247,7430.555472651504,1.098011909674116,True,0,812.9297071129707,159.7213389121339,56.182693,24.416876,3456.9807,0.5819189915608389,False,,8.959863789242632,3.557771972086755,2.149435046788518,1081.2977001456748
44.48559676645998,27.419600193963774,5908.070854458281,1.1350425882103992,True,0,3099.453479280688,282.0656763096169,61.323658,24.43746,3512.103,0.6100855061594358,False,,16.838061233540024,2.9821401939637724,1.6822031855154251,885.8006295855572
22.688286779307163,17.11791042333221,6994.469168201795,1.1491051064497688,True,0,1490.5437636761487,296.1105032822757,46.345463,24.517687,2652.919,0.6537458394126472,False,,23.65717622069284,7.39977657666779,2.6365181779774636,1468.4322318472662
412.16520376639886,26.902105086959956,22236.094871507365,0.9048717557716428,True,0,1854.003721196508,328.082438814942,320.00085,23.090036,43468.85,0.5402115390527499,False,,92.16435376639885,3.812069086959955,0.5115409050735725,1095.27419592325
42.929458063668,25.58823472277317,9182.02003021681,1.2810078025866292,True,0,2941.865157480315,371.8553149606299,50.05467,24.415394,4108.8145,0.5130224562691647,False,,7.125211936332001,1.17284072277317,2.234712720717085,1401.3949004799051
55.98730658046311,34.76425146956224,8314.3296312832,1.1214058031029064,True,0,2998.8719367588933,483.1106719367589,60.927692,24.8726,1996.9551,0.5124906351804223,False,,4.940385419536888,9.891651469562241,4.163503541608523,1111.174972618934
73.84979868564363,37.27529774176836,9198.642638439374,1.1232154498187856,True,0,463.1748633879781,555.0874316939891,51.201225,24.602493,2132.3386,0.5947228702320397,False,,22.648573685643633,12.672804741768363,4.313875215896469,1070.407366503414
69.12128282329326,30.067273551738566,10874.52243577539,1.1386708879028324,True,0,1398.595223880597,623.3325373134328,76.3914,25.61393,8164.9814,0.8063368485806806,True,58.33176832853101,7.270117176706748,4.453343551738566,1.3318490150847608,1307.9896239121128
7.715250397573342,3.8792843698574866,15058.541203475033,1.374752383420266,True,0,2734.577028258888,754.2926162260711,56.71238,26.111458,7660.293,0.9024056987550362,False,,48.99712960242666,22.232173630142512,1.9657918050229977,5421.355527064815
29.635601490097184,34.81730799536788,5796.883606764373,1.140090458467421,True,0,1371.5125408942204,781.9345692475464,39.46179,25.18582,3542.268,0.7283338532263706,False,,9.826188509902817,9.631487995367877,1.6364892794007606,1064.84821528864
95.97940930559992,25.346055970400005,11114.276908799999,0.7657769015820015,True,0,1996.2925270403143,799.6701081612586,100.78483,25.82327,11808.624,0.5022459347060214,False,,4.805420694400084,0.4772140295999918,0.9411999999999999,1134.4678074223782
38.66502672811217,37.38683656369981,6572.880060282321,1.1340909999143696,True,0,3999.8891595615114,795.6406820950061,77.669075,26.013372,4760.6016,0.5025742768787893,False,,39.00404827188784,11.373464563699809,1.3806826557976037,1057.052481592536
52.81524435627276,28.66848358601363,9821.035985173308,1.135019785518048,True,0,449.7769296013571,862.9228159457167,59.057224,24.82655,9200.402,0.959396909462752,True,23.49972137998622,6.241979643727241,3.841933586013628,1.06745726819038,1351.380524010742
40.54883908276271,42.66490129296526,9143.478641720376,1.028457973601541,True,0,3482.499021526419,822.6183953033268,50.670105,25.699635,5307.3677,0.883646218036586,False,,10.121265917237288,16.96526629296526,1.722789744098638,1435.8935423090236
72.30741598247045,20.264353781316277,5859.784220795109,1.157960924046103,True,0,1249.721322537112,869.365721997301,72.10232,24.665606,3533.2876,0.6233177684762294,False,,0.20509598247043925,4.401252218683737,1.6584509624393748,689.1126196051806
65.16726052734622,23.629971018957143,8600.925503327091,1.1205474530890982,True,0,2820.0117647058823,879.5436974789916,61.135544,25.537079,3879.248,0.5429761156905826,False,,4.031716527346212,1.9071079810428557,2.217163095354329,1065.4435723424306
90.51949544458294,14.354004654103589,31906.21323199258,0.7855946964223782,True,0,1788.63978754225,931.8652824722355,104.90863,24.31232,13342.537,0.8061966880522389,False,,14.389134555417058,9.958315345896409,2.3913153272119523,3353.545483957946
49.72600242142997,49.18725230896823,13956.110819286165,0.3713094841115,True,0,1963.7027839498105,987.1955299960788,234.75648,44.578365,-5674.445,0.6735006868671967,False,,185.03047757857004,4.608887308968235,-2.4594671054677884,1979.1223166096656
54.61364089405288,23.22618400193821,3917.378888115259,1.1101611203484105,True,0,512.6263616557734,918.8899782135076,48.616398,25.718893,4063.901,0.5138034859719526,False,,5.9972428940528815,2.4927089980618007,0.9639454524397271,530.084387601142
47.978067341426964,27.058630377159194,8585.83169585573,1.1351040355080313,True,0,1241.169164882227,990.3543897216274,46.133537,24.520214,4941.4043,0.7372607224725065,False,,1.8445303414269674,2.5384163771591943,1.7375286810382484,1239.541284601336
21.10490184398658,22.781888654596006,7196.429982654945,0.9789697782115842,True,0,10.22979797979798,941.7525252525252,45.585255,24.703564,4201.5483,0.528409444741741,False,,24.480353156013418,1.9216753454039974,1.7128042970861348,1566.4820976881285
70.0784616248854,25.314871274603533,6556.625422238791,1.1248391393577588,True,0,3906.9241379310342,965.7095785440612,66.17466,26.089426,5392.1562,0.8976195960138954,False,,3.9038016248854035,0.774554725396456,1.2159561368490754,783.2277991423001
85.89992612352313,14.578994150832253,27050.574921513005,0.7737825960453133,True,0,2125.300374131481,1016.2955638695884,89.1643,24.999079,12374.023,0.6756050045875229,False,,3.264373876476867,10.42008484916775,2.186077633887783,2918.6371404856422
62.77458971864847,23.56237055851246,9287.751481365605,1.1424570009608144,True,0,583.8403225806452,1052.2806451612903,60.57148,25.490223,6391.579,0.6505338235552094,False,,2.20310971864847,1.9278524414875449,1.4531231611727877,1172.2456901747325
74.56221024534298,23.281279483359775,26516.262358577707,0.9058645776874178,True,0,1903.3882053457785,1156.320746711922,127.43721,27.226515,17000.059,0.6346308697465186,False,,52.87499975465701,3.945235516640224,1.5597747254040533,3070.809819866326
5.2109790386156466e-06,27.179570622380712,2233.501706744313,0.9163579036337913,True,0,1564.9687825182102,1177.9250780437044,44.19841,24.178417,1800.581,0.5869624536879541,False,,44.19840478902096,3.0011536223807127,1.2404338970278557,2233.501706744313
39.4322306046397,26.23421203058462,5709.734302052274,1.383132801893714,True,0,2703.8933454876938,1208.4302643573385,54.728878,25.176422,2909.8394,0.5984158396887468,False,,15.296647395360303,1.05779003058462,1.9622163003402435,909.2644816377893
40.7803301923382,26.642217194338144,7040.989919297519,1.1206313148697993,True,0,1209.7528662420382,1312.4445859872612,39.13647,25.325191,3626.6382,0.8659575068952201,False,,1.6438601923381952,1.317026194338144,1.941464665346965,1102.5755397870416
51.98446990460768,20.031987645502312,7510.276708499431,1.1306254636711632,True,0,2966.906930693069,1397.0118811881189,49.408672,26.304968,2875.9258,0.5038964829959166,False,,2.5757979046076755,6.27298035449769,2.6114292338486034,1041.6435489745797
43.426762452248894,25.940501364755903,3647.149152754883,1.1451539228139236,True,0,3503.650326797386,1422.6263616557735,47.978058,24.586082,2536.9146,0.6286446919534963,False,,4.551295547751103,1.354419364755902,1.4376318196737419,553.4454201160805
41.94305229986056,24.80627208677893,8660.108541795951,1.1693380552161674,True,0,3995.10447761194,1426.9860696517412,49.552094,24.34739,4719.335,0.5605432291963662,False,,7.609041700139436,0.45888208677892806,1.8350272955397213,1337.1906133257385
37.78924759361281,13.148013809213275,31167.183612677723,1.0463305214018577,True,0,1942.168356997972,1432.9858012170384,74.32439,25.20289,8056.716,0.5729031649864572,False,,36.53514240638719,12.054876190786729,3.868472416388727,5070.063947838648
43.58831670181172,26.29327215944792,6047.14518757997,0.9356092560330778,True,0,2576.12852897474,1485.341010401189,65.28845,24.553747,4718.838,0.6865369810591974,False,,21.700133298188277,1.7395251594479184,1.2814903134161357,915.9364599417165
61.40429437337751,26.752463348989583,11729.71041218271,1.0237147734365366,True,0,1959.415159345392,1535.1610680447889,59.28719,26.663538,7938.6997,0.6050358802836198,False,,2.117104373377508,0.0889253489895836,1.4775354724883611,1496.8832120720479
30.251859455343975,25.84761301363933,4785.732989838296,1.1457448771711927,True,0,1851.362660944206,1678.266094420601,46.17771,25.361044,1206.7793,0.5375117272143372,False,,15.925850544656022,0.48656901363932903,3.9657068942418023,870.1065287413071
52.170931537501446,30.739940980375664,6086.106385855752,1.1343721097711432,True,0,43.18248175182482,1685.8199513381994,39.769276,24.667831,1267.9348,0.5142914364975634,False,,12.401655537501448,6.072109980375664,4.800015257768579,842.6073515831135
16.85361276186246,173.33959965410176,6854.6251545696705,1.0574668431076455,True,0,308.2130518234165,1684.031669865643,53.353634,24.62076,3684.7275,0.8889986769032168,False,,36.500021238137535,31.28116034589823,1.8602800762253573,1669.695223621849
15.869567993735947,179.19895557895026,9360.209450264083,1.0088409834735816,True,0,1955.3687436159344,1747.081716036772,46.498444,24.866274,5389.416,0.770695351308519,False,,30.62887600626405,25.667318421049742,1.736776201774753,2349.649131122627
25.900074647159787,32.47661810771677,6962.902273537817,1.1440331218800226,True,0,1675.9315555555556,1716.0755555555556,52.77149,25.278492,1712.1715,0.7684615680133152,False,,26.871415352840213,7.198126107716767,4.0667084305151775,1368.169144691787
53.410067380690045,31.666959601508932,6932.09478071123,0.3143018620245937,True,0,456.2532889116693,1800.5642405603965,170.51839,51.59403,0.0,0.7004513789772212,False,,117.10832261930997,19.927070398491054,,948.5340577641158
57.77917023971269,26.76322244217612,6751.117083934381,1.1426708593025958,True,0,3516.0813534917206,1836.8905687545,67.31701,24.58359,5336.9453,0.9672315897851754,True,55.82880474275987,9.537839760287305,2.1796324421761177,1.2649777549592611,888.1575042939244
37.35149463968095,30.12730207141462,5772.841816148793,1.1192113375904027,True,0,1307.956209150327,1818.4130718954248,63.99896,25.266113,3624.116,0.5529731490004293,False,,26.647465360319046,4.861189071414618,1.5928965342579524,944.5732990278404
14.435813017021363,36.50753714990197,8501.620831534317,1.144234114504676,True,0,3085.072934973638,1876.970123022847,56.885983,24.545832,5702.915,0.9594534249994447,True,18.105903655820715,42.450169982978636,11.96170514990197,1.490750051777787,2237.5930665850938
74.37015694168834,30.517862066678298,12040.53794971783,0.5828396179892981,True,0,458.0818763326226,1954.440511727079,104.04272,24.84441,8829.347,0.516857021769282,False,,29.672563058311667,5.673452066678298,1.3636951803703976,1396.1964900133253
74.82391337585479,26.252248460323262,11910.7601825192,1.1628276183673292,True,0,2348.861567635904,1953.2610619469024,75.81638,25.19977,6357.126,0.6059655053454847,False,,0.9924666241452087,1.052478460323261,1.8736076935582524,1376.9534900194237
22.93152091935906,12.161011811259952,9786.79207901736,1.1679699433411734,True,0,1627.6655948553057,1939.642015005359,48.739487,24.991634,4215.2705,0.8323968268029406,False,,25.807966080640938,12.830622188740051,2.321747104727291,2043.7319378498312
227.1906307850476,96.45430122371091,61659.630542524465,1.0296567105105365,True,0,1928.719560878244,1966.0399201596808,47.929592,24.84653,6012.0684,0.8244561514277459,False,,179.26103878504762,71.60777122371091,10.255976219852133,4090.776095532586
50.16964660566511,21.809776303265654,5143.706488937976,1.1428738040555797,True,0,3948.9163602941176,2040.7472426470588,56.881947,26.377085,3589.087,0.6478633061387787,False,,6.712300394334889,4.567308696734358,1.433151798476319,726.1990189964305
236.62029313340932,19.18676138556809,27736.300416493512,1.15887272413974,True,0,3233.847097301717,2097.830744071954,51.79781,24.502785,2304.183,0.5561322507450129,False,,184.82248313340932,5.316023614431913,12.037368740457469,1803.111314447335
8.228849795271021,87.89838323247791,15519.096687186962,0.8715762342793065,True,0,1047.4636942675158,2072.416560509554,42.371284,24.190712,10799.959,0.6963723648298089,False,,34.142434204728985,63.70767123247791,1.4369588520833239,5409.995095173265
35.9893451825341,25.09327096853992,8059.514435241764,1.1334088124161097,True,0,3548.127880184332,2068.759216589862,43.801624,24.505505,4559.315,0.6873358496094101,False,,7.812278817465895,0.5877659685399195,1.767702919241545,1343.451229302997
47.4156560868778,18.899544772851307,9994.188142786683,1.202422536755916,True,0,597.2731958762887,2125.035051546392,51.066048,24.73526,5257.611,0.7101697765649825,False,,3.650391913122199,5.8357152271486825,1.9008991237249548,1451.398395882705
350590965.7266137,35.36237024839119,13050880330.683426,0.26707067873170226,True,0,2726.0349848529268,2270.3154500146584,140.42444,31.560328,0.0,0.6915918775398725,False,,350590825.3021737,3.8020422483911887,,697010.7031761282
1.276129621556555e-08,162.36389998361344,17349.46071628897,1.1302818690206353,True,0,2091.2921933085504,2198.136802973978,62.526222,24.796215,4119.9766,0.6617559425132811,False,,62.5262219872387,42.43231501638655,4.211058071613555,17349.46071628897
64.32453765102537,24.349051737325812,8264.700931394676,0.924653876704617,True,0,1955.164395229983,2247.7069846678023,59.317024,24.976343,5687.58,0.7115274191414279,False,,5.007513651025363,0.6272912626741913,1.4531137902930027,1030.478193924348
90.4513100196672,25.149659073578484,10586.562283168088,1.1134060342725596,True,0,520.6010768477729,2298.1639745472344,94.97291,25.651102,10322.9,0.9325097408194812,True,59.33813761520298,4.521599980332795,0.5014429264215323,1.0255414934919538,1113.1342001845735
87.66535130841203,22.282286231572655,9734.095888274367,1.1474209197367808,True,0,1420.669976635514,2364.941588785047,81.11147,24.797703,4986.5376,0.9839437428344444,True,45.973792807718574,6.553881308412031,2.515416768427343,1.9520751008223356,1039.6367700366402
40.355003,25.080206,2407.0583,1.1754012653949892,True,0,3691.142857142857,2312.5557011795545,40.355003,25.080206,2407.0583,0.5273098843782412,False,,0.0,0.0,1.0,378.91161419386947
38.61924688658931,30.4469238926674,9416.38193348519,1.1459843013163982,True,0,4036.2478260869566,2330.6076086956523,43.34511,24.458225,4153.3853,0.8356837656020056,False,,4.725863113410689,5.988698892667401,2.2671582945808546,1515.2425773598172
47.968418437075215,30.813371142389173,5840.576771071563,1.1286398850820332,True,0,1318.416918429003,2422.4068479355487,51.644115,24.484686,4096.898,0.5348808883550359,False,,3.6756965629247844,6.328685142389173,1.4256095150700756,843.2921100938148
33.70735365735259,33.009686536282786,5163.118432440196,1.0110019328584035,True,0,864.4976580796252,2472.2060889929744,41.947113,24.286045,3218.5354,0.641389881739401,False,,8.23975934264741,8.723641536282784,1.604182583307984,889.3030017591956
68.896164,25.038828,8376.527,1.1356563064381853,True,0,3948.414492753623,2440.8195652173918,68.896164,25.038828,8376.527,0.9159308065985864,True,39.59602708376636,0.0,0.0,1.0,1009.1749730338769
20.115154857750046,23.393101154242615,3224.0207657604687,1.145226701595344,True,0,1133.8866714183891,2455.9251603706343,57.68857,24.24753,3089.6147,0.5838566102929466,False,,37.57341514224996,0.8544288457573828,1.0435025331024184,718.8464630751993
45.312473691767266,19.834822036947948,10219.867545019144,0.8835878589772543,True,0,2736.5730452674898,2467.837448559671,49.517326,23.944126,3337.2454,0.7348811049770918,False,,4.204852308232731,4.109303963052042,3.062366209275214,1518.2258486552028
52.86673816688455,21.961561118107234,6501.51092010353,1.1578202097655892,True,0,3358.856341976174,2511.112824106517,65.119896,24.304611,3768.8062,0.6189579417944964,False,,12.253157833115445,2.3430498818927674,1.7250849672513089,894.1760606379711
55.23684299916613,11.82578163725374,7767.113966549252,1.1424014903418673,True,0,3234.101809954751,2516.881221719457,46.100166,24.574047,3114.2324,0.6455495035627459,False,,9.136676999166127,12.748265362746253,2.494070117101489,1045.069692275835
405914913.25417554,97.95208155414085,151251615644.84985,1.0193271985313705,True,0,9.23748862602366,2538.567788898999,63.003723,23.569668,7819.785,0.8276787594379283,False,,405914850.2504525,74.38241355414084,19342170.61528544,7507278.349902605
44.583877610683686,11.939207390261924,6615.059435100287,1.1449089131843082,True,0,1673.4501397949673,2528.537744641193,50.352173,24.647778,3684.6338,0.5526981574189499,False,,5.7682953893163145,12.708570609738075,1.7953098717979212,990.7060877373666
155.61053293458932,24.211888940948068,1335.606958643217,0.4165783812052485,True,0,791.211323870143,2695.29342991824,285.1359,25.722805,-448.19385,0.709495393501419,False,,129.52536706541068,1.5109160590519366,-2.9799760943690257,107.06787372799124
35.853770897856606,8.007900474278758,18161.585329962654,1.1332169707331348,True,0,2024.0363771343727,2622.883444691908,65.399574,24.762112,10001.837,0.9609377481033065,True,30.960309877228543,29.545803102143395,16.754211525721246,1.8158249659500205,3033.0972549687604
33.938027562456845,14.572313316990849,6446.010011479643,1.121462280249254,True,0,413.680196801968,2653.359163591636,38.160786,24.888456,3778.0422,0.6269071072298191,False,,4.222758437543156,10.316142683009161,1.7061773453667732,1106.4904671759398
45.31977319777714,19.888261050252297,6748.62448878318,1.1376207704887766,True,0,2483.46320754717,2711.275471698113,54.26539,24.573738,3877.035,0.5105411544048859,False,,8.945616802222858,4.685476949747709,1.7406663826308455,1002.4700343573389
49.75720737794484,26.434188676472868,9120.874924821446,1.1307146287332668,True,0,3547.638368983957,2724.706550802139,65.48849,24.442034,3158.0334,0.5271694432720598,False,,15.731282622055161,1.9921546764728681,2.8881502408497157,1293.0297030326747
56.52182134056527,26.447632627613398,7796.3695380030695,1.1463012853812384,True,0,3650.765813253012,2806.752259036145,63.18391,25.43477,6231.294,0.9321033876338976,True,35.64551591122907,6.66208865943473,1.0128626276133978,1.2511638093152193,1037.0133371985046
59.850263960931336,28.9017043508221,9535.715201513429,1.1410337096630345,True,0,594.9601482854495,2914.916589434661,56.750454,24.741177,6087.9893,0.9432427225759358,True,44.11450210742226,3.0998099609313385,4.1605273508221,1.5663160251469936,1232.5945316233647
166.7049505380221,94.12545007865153,5610.803704036598,0.31196214695634483,True,0,2818.6534478960125,2984.42983035911,116.7429,90.1343,0.0,0.705401384643303,False,,49.9620505380221,3.991150078651529,,434.56107891592404
37.356703286596044,28.95430980273821,7817.335597600233,1.198309056811114,True,0,2190.345957011259,2919.8085977482087,49.111794,24.954111,2123.4915,0.547342292090784,False,,11.755090713403959,4.000198802738208,3.6813594957174223,1279.0116052474973
25.992215196666095,55.84210108210468,8229.02869160846,1.168256009920055,True,0,297.7122507122507,2958.203228869896,54.37494,24.523146,6816.6914,0.8854738721033287,False,,28.382724803333907,31.318955082104683,1.2071880929813634,1614.0869623677834
50.90305710805465,45.21225855208629,6619.3367888512885,1.0590471774892616,True,0,2985.3607257203844,2980.39060832444,46.871323,25.00934,1680.1641,0.661335012805042,False,,4.03173410805465,20.202918552086288,3.939696597999736,927.7747430618182
36.027346362593946,16.714244220279515,7665.708949434407,1.1540628772651855,True,0,3259.371551724138,3049.321551724138,57.745674,24.590914,4328.597,0.5119573030717398,False,,21.718327637406055,7.876669779720487,1.7709454008849537,1277.1331816119764
54.97001487764561,17.66135692452574,4507.858105687082,1.1538276429457126,True,0,2953.7974217311234,3109.528545119705,52.257175,24.78753,3567.7441,0.6422051529420657,False,,2.7128398776456137,7.12617307547427,1.2635037657793566,608.0052229398559
32.53548440803928,17.655243727898803,7794.81105047042,1.1362339099962293,True,0,212.20321761219304,3123.5537679932263,57.261982,24.832842,2551.8936,0.589987433798058,False,,24.726497591960722,7.177598272101193,3.05452039633252,1366.5544904933292
173.66923587884773,23.08082193652374,14991.889415577414,1.1246330978170744,True,0,2017.1669535283995,3299.023235800344,59.25903,24.463032,2332.3987,0.668252523474575,False,,114.41020587884773,1.3822100634762648,6.427670112994581,1137.6139876984628
38.26180904760391,27.244491521575274,6174.708096175427,1.1299847448291584,True,0,1067.3753026634383,3364.955609362389,50.439312,24.699522,3331.11,0.6028373023869787,False,,12.17750295239609,2.544969521575272,1.8536488126106394,998.2370424133828
55.95671131485136,35.11348079740727,6943.535129418144,1.1367351155981433,True,0,555.5862369337979,3430.770905923345,58.19115,24.604223,2909.2542,0.801776802323408,False,,2.234438685148639,10.509257797407269,2.3867062319333057,928.2277460369819
-0.008503027072886318,43.80421764417612,9594.203369840714,1.1172445792165586,True,0,1727.2995361166336,3436.9237905897944,70.16764,26.00863,6314.043,0.5175600741102225,False,,70.1761430270729,17.79558764417612,1.519502380620581,9594.203369840714
70.55529670450373,22.048600178379793,7842.641672685445,1.136637179497787,True,0,3348.558609539208,3495.6467259498786,60.287075,24.472128,1749.2362,0.5956953390458769,False,,10.26822170450373,2.423527821620212,4.483466368169973,933.6789366654917
47.46896958520328,16.20674695205586,7166.666079700507,1.1156728146970587,True,0,1798.7611464968154,3629.8577494692154,46.19164,24.953997,3968.5886,0.517430997324069,False,,1.277329585203283,8.747250047944135,1.8058475700153216,1040.189025291398
42.43190811312679,17.579636008646027,10100.164711105135,1.1899381559552524,True,0,3440.0711500974658,3674.751461988304,53.133167,24.623804,4269.9985,0.8547143641407168,True,6.377802888860658,10.701258886873212,7.044167991353959,2.3653789834130237,1550.5371467968075
44.53120474475544,27.509803800046168,6792.7133081826,1.1560665911189314,True,0,2677.9116279069767,3752.96,54.29644,24.229908,5403.9766,0.8644351747050755,False,,9.765235255244555,3.2798958000461695,1.2569842193955094,1017.9139422855436
76.76942437940961,15.08225403962685,10059.676527413572,1.1150483201437331,True,0,896.9034289713086,3808.555633310007,70.610794,25.12093,7290.7383,0.9888293217876916,True,51.81335106241134,6.158630379409615,10.038675960373155,1.379788453991494,1148.126851264901
36.37164560420854,26.958849398740732,6183.238495754839,1.1331727106486293,True,0,2149.729794933655,3754.260554885404,40.496365,24.54533,3332.823,0.5853381532113338,False,,4.124719395791459,2.413519398740732,1.8552555883570294,1025.261201201866
47.628033157130645,27.46870700824839,6131.89973843884,1.1188967236131353,True,0,2155.1440443213296,3845.207756232687,66.24889,24.784407,3012.655,0.5379083350348106,False,,18.620856842869358,2.684300008248389,2.035380665372849,888.5128672048273
23.952520438173945,37.968633554698,5448.153221032264,1.137303690416957,True,0,3991.905537459284,3818.976112920738,43.394978,25.248255,4399.029,0.5513469410515591,False,,19.442457561826057,12.720378554698001,1.2384899533584033,1113.2012959246254
68.17783605863454,19.76487687048614,7285.91400022786,1.1604356758403216,True,0,3209.673668417104,3839.370592648162,63.023495,25.12759,4743.0,0.5513026611737925,True,47.69026837318569,5.154341058634543,5.36271312951385,1.5361404175053468,882.3937723565862
40.38472752790507,23.450518157403632,6510.871453007721,1.130805514951676,True,0,3603.533783783784,3888.704954954955,47.141304,24.658436,3059.0842,0.6067569077100543,False,,6.7565764720949275,1.2079178425963732,2.1283727505793144,1024.5438303897813
79.91881057302416,23.203179274765056,12872.58393577183,1.1698061692675128,True,0,82.11332007952286,3855.816434724984,72.68723,25.331905,9702.8545,0.9502641410591702,True,50.74155565061815,7.231580573024161,2.1287257252349434,1.3266800956122584,1439.929490864198
31.26145237991979,13.126996553698914,8238.959292820728,1.1278592778318448,True,0,1869.6988764044945,3928.13595505618,40.389187,24.64866,3994.1917,0.6836838058306355,False,,9.127734620080211,11.52166344630109,2.0627350692308353,1473.5598558649303
8.340539951485752,0.19863379520233176,4462.915641925669,0.9775739109997685,True,0,3467.323647294589,3923.6042084168334,48.23491,24.537125,2129.7395,0.8349807802775427,False,,39.89437004851425,24.338491204797663,2.0955218428947147,1545.331275997052
45.122069007304965,14.299459228325379,8323.04168671477,1.0892907335371367,True,0,1069.4954499494438,3954.2497472194136,51.90841,24.8318,4357.007,0.5619222759079439,False,,6.786340992695038,10.532340771674626,1.9102658514697752,1239.0463912865055
105.45969457978386,179.9845993968447,26636.979616046952,0.9902811688985431,True,0,2157.470781893004,3975.472427983539,59.15102,24.907627,4930.0864,0.5741892800331945,False,,46.308674579783855,24.923027603155305,5.402943773165304,2593.831282812246
112.89263234799412,178.3603592274928,52345.40938843248,1.0023439101930312,True,0,482.6294227188082,3979.872439478585,49.694588,24.252522,4466.773,0.5303742274630389,False,,63.19804434799412,25.89216277250719,11.718842526457575,4926.582965510723
92.37583983614608,1.118890143318796,28921.344245540007,0.9972935647366813,True,0,1572.523469387755,3982.526530612245,48.098324,23.834742,4907.441,0.6820760798865517,False,,44.27751583614609,22.715851856681212,5.893365655448534,3009.1183904424
31.0879316221068,39.28208323628624,7538.516296579446,1.1353721755090462,True,0,1348.5676784249383,92.24938474159148,56.609467,25.573566,6097.093,0.7745746560355874,False,,25.5215353778932,13.70851723628624,1.236411564753801,1352.0413188666275
56.017467,25.66171,4405.0596,1.1417332034412078,True,0,3395.3239051094893,185.3558394160584,56.017467,25.66171,4405.0596,0.6282325900830079,False,,0.0,0.0,1.0,588.5590679138598
51.28222,24.452456000000005,2717.2551,1.1164005580029968,True,0,3947.623781676413,48.26413255360624,51.28222,24.452456,2717.2551,0.5600533861814728,False,,0.0,3.552713678800501e-15,1.0,379.4434005816732
138.95891,48.315674,1000.0,0.25855321067003645,True,1,1500.6508145034156,3980.668155543878,138.95891,48.315674,0.0,0.5390214574901092,False,,0.0,0.0,,84.83143246872812
52.82908509861893,24.949776503953633,5907.509028245664,1.894924133779416,True,1,4056.8622898318654,31.65892714171337,55.783012,24.810339,2687.2793,0.6076931601617741,False,,2.9539269013810667,0.13943750395363352,2.1983234225953603,812.770344647018
29.440474278001595,47.13209913013703,4125.84565927983,1.2632898611635632,True,1,1782.7099514563106,37.62864077669903,37.9407,25.257433,2469.851,0.5378063589403492,False,,8.500225721998405,21.87466613013703,1.6704836280730417,760.3973185261743
26.710364304343187,32.622465687959284,5140.642880460862,1.8644376002053937,True,1,3079.810113519092,3929.190918472653,45.58731,25.497162,2141.5642,0.6112586093354695,False,,18.876945695656815,7.125303687959285,2.4004150239627946,994.6665859526689
32.902177322728335,12.862099855005223,7222.9067528606165,1.7719285977938128,True,1,2872.8920032976093,3954.695795548228,52.87992,25.556051,2285.0938,0.6471903471510507,False,,19.977742677271664,12.69395114499477,3.1608797646996445,1259.2144213859485
42.86132464498294,28.112931577091185,6303.367383738534,1.6806639735138362,True,1,2652.848214285714,3958.714285714286,54.24883,24.994707,4016.7925,0.9441997852404928,False,,11.387505355017055,3.118224577091187,1.5692539218141177,962.808300415211
39.8917027807856,28.08641214877398,6278.386459157632,2.1495447668161622,True,1,4044.105532786885,3916.7674180327863,44.200226,24.77942,3147.0347,0.836405967176568,False,,4.3085232192144005,3.3069921487739826,1.9950165974203056,994.0466302103017
26.976099866657353,166.8015579211498,3430.2417464639793,2.003019553594595,True,1,2495.250797024442,3920.602550478215,47.588085,25.131596,761.41547,0.6185847011254252,False,,20.611985133342646,38.33003807885021,4.50508543839276,660.4427052980254
26.672207000933838,128.2596840831986,3521.5299420338124,0.2954747887102922,True,1,975.338604484946,3947.1406236040384,196.8331,35.042583,0.0,0.6861275962800423,False,,170.16089299906616,86.7828989168014,,681.8705110391808
40.2464855315554,28.758844488405177,5540.231999018564,2.052605679211652,True,1,3914.77971646674,3871.4405670665215,47.009506,27.410892,2426.1125,0.6862963774641809,False,,6.763020468444601,1.347952488405177,2.283584128526012,873.3010256835322
-4.987899598879853,153.20669027958283,3532.423642983613,2.0201489733719895,True,1,3791.329341317365,3769.813515825492,57.750587,25.482857,1503.1355,0.5820911595094207,False,,62.73848659887986,52.276166720417166,2.3500367352002614,3532.423642983613
53.10226801694439,19.730803848902298,5528.364818793245,1.97252818678629,True,1,2646.790521327014,3727.8170616113744,51.782677,25.23593,3142.0786,0.7344536462200518,False,,1.3195910169443934,5.5051261510976985,1.759461020100912,758.6477242473595
61.608196,25.024197,4345.411,0.8811221346432149,True,1,833.6041834271923,3733.16814159292,61.608196,25.024197,4345.411,0.9046029991960824,True,28.957484487844145,0.0,0.0,1.0,553.6197990766649
34.37063482841158,32.5362579004494,4341.888773171852,0.7235336074802295,True,1,1075.160447761194,3690.087064676617,43.336548,24.957382,2167.7637,0.7063845379969438,False,,8.965913171588419,7.5788759004494,2.002934532565451,740.6020622608537
16.599847165000472,48.17319734628142,3339.9543585698466,1.0400329594093938,True,1,2379.7039403620875,3697.621938232162,45.14587,24.700258,1609.7582,0.7213935930215504,False,,28.54602283499953,23.472939346281418,2.0748174220015443,819.7633299463596
63.667566045491654,29.832927293283856,5158.789099615248,1.758150313940067,True,1,2597.978965321205,3467.441159749858,72.824936,26.438541,3325.1047,0.8812606304011987,False,,9.15736995450834,3.394386293283855,1.5514666649790751,646.5299525754093
54.09356756257456,19.663989560686595,3398.7778931822654,0.8879561357665849,True,1,1322.131289308176,3502.297955974843,61.584713,25.09837,1839.9897,0.628587669790534,True,29.542144799541468,7.491145437425438,5.434380439313401,1.8471722386175669,462.11490067948824
47.758298049814925,36.64206213247675,5892.165897913623,1.7891376256534426,True,1,3287.860320284697,3405.223309608541,50.19953,26.055405,2644.2505,0.5686458105259476,False,,2.4412319501850774,10.586657132476752,2.228293385181783,852.6102422050504
36.62143854060524,29.899207312244567,4315.018217337118,1.8098908651947123,True,1,3181.414193548387,3368.141935483871,40.747555,25.115902,5609.278,0.8072092831774317,False,,4.126116459394758,4.783305312244568,0.7692644610121155,713.0417076261218
42.68409549429086,27.303239389467798,3178.120365139993,1.0535118559453236,True,1,540.0754716981132,3418.229559748428,43.808067,24.578272,1608.3794,0.636059615369724,False,,1.123971505709143,2.7249673894677997,1.975976790762175,486.44898305603346
28.587124067489157,29.509050193150703,3685.534376170128,1.0662349719206898,True,1,432.8028802880288,3284.866786678668,51.675404,25.239067,1967.4143,0.5567817457831862,False,,23.088279932510844,4.269983193150704,1.8732883949100747,689.3110382584563
-1.6069390812046263e-05,26.091147310148155,2943.3774812689253,0.8848973381657982,True,1,1140.839406207827,3220.412955465587,40.920013,25.743109,1519.3718,0.6503291345748123,False,,40.92002906939081,0.348038310148155,1.9372331915525387,2943.3774812689253
60.45776148078632,13.118519632061458,10214.798007833011,2.0173314681896026,True,1,3720.368472906404,3210.098522167488,48.887344,27.930195,450.25116,0.5226614603807126,False,,11.570417480786318,14.811675367938534,22.686888819637932,1313.7228435657746
67.23073467715713,26.568240273709215,9788.971831274586,1.7391099978364204,True,1,3163.074835526316,3247.0361842105262,57.749664,25.053047,3040.2134,0.8843913057425947,False,,9.481070677157128,1.5151932737092153,3.2198304998177383,1193.8593092349236
54.077717,26.080112,2940.5273,1.780068124276994,True,1,3005.8606173994385,3152.9840972871843,54.077717,26.080112,2940.5273,0.7332370679901791,False,,0.0,0.0,1.0,399.8674392026366
55.218716,25.114815,4879.5,2.0389921369331163,True,1,3950.643884892086,3106.3920863309354,55.218716,25.114815,4879.5,0.5414574427861754,False,,0.0,0.0,1.0,656.6473114551054
44.58536113070521,31.179170617284807,5075.086841129352,0.9912622406513182,True,1,2451.067022086824,3104.6016755521705,65.29426,24.844027,3364.6658,0.7682265745037569,False,,20.708898869294785,6.335143617284807,1.5083479735578351,760.05904847688
49.426029467481975,49.776069024202755,7211.568394423404,1.955313754134183,True,1,3634.21602434077,3110.012170385396,54.791027,26.890348,2840.915,0.6366459122859536,False,,5.364997532518025,22.885721024202756,2.538466794826105,1025.7744201904766
22.1636332469952,43.05802689348091,6648.6580175065355,1.8532582738575842,True,1,3338.50408496732,3113.506535947713,56.33518,25.589321,3710.3271,0.9150690587055496,False,,34.171546753004804,17.468705893480905,1.7919331202649318,1412.2562893090408
58.6020931798943,25.193981272768173,3571.7332410404038,1.0434691427150324,True,1,476.18602620087336,3142.0934497816597,56.69918,24.607529,2148.2004,0.6136448429176,False,,1.9029131798942984,0.5864522727681738,1.66266296246868,466.57605992403734
55.26007507835448,26.720963431202687,4588.969326784748,1.7098002588956114,True,1,2685.9464,3116.4408,58.767727,25.720276,4691.08,0.8113861999309662,False,,3.507651921645518,1.0006874312026888,0.9782330138869403,617.3186809117833
71.3540693163746,23.565166732606944,3975.6830079324623,1.0631429433020405,True,1,138.56044776119404,3046.258208955224,66.64067,25.11611,4683.606,0.989496441573048,True,36.44366648825972,4.7133993163746055,1.5509432673930519,0.8488508657501213,470.6546747537114
28.075632024303644,20.31575105846342,6245.965060349976,1.854296799600084,True,1,3720.694610778443,3037.1844311377245,41.227043,25.193806,2124.4998,0.7555130345824916,False,,13.151410975696358,4.87805494153659,2.939969709740606,1178.7854853550732
36.446960170474185,26.028927890477295,5014.9646313046,1.050527862024646,True,1,391.2233502538071,3049.181472081218,39.6261,25.297842,3003.638,0.8799587522861521,False,,3.179139829525816,0.7310858904772957,1.6696301722459896,830.6866259025354
29.62712701946756,19.265752983748186,6823.220326600163,2.333317959768657,True,1,3535.115711252654,3019.19957537155,47.704945,24.906034,3402.039,0.8517292834228896,False,,18.07781798053244,5.640281016251805,2.0056267216807813,1253.5585560411002
43.29187813181639,55.85194694404242,9783.64967001427,0.3831684722693455,True,1,1784.0183106910808,2998.3709391612524,80.99272,24.574564,6562.3335,0.7754796612533211,True,43.14865324637356,37.700841868183616,31.27738294404242,1.4908796802256805,1486.9545002032544
49.0279726519489,25.740971914020154,3976.5695214372067,1.0362218657487496,True,1,483.6114519427403,2953.99591002045,50.001083,24.862051,2714.9243,0.50270661876483,False,,0.973110348051101,0.8789209140201528,1.4647073295698176,567.9192791671885
-0.002728165498404934,27.580920721973058,2751.7391900349658,1.7755188470978744,True,1,2908.4327586206896,2857.8155172413794,57.17443,25.17691,2736.7085,0.8455530569653845,False,,57.177158165498405,2.4040107219730587,1.005492251014299,2751.7391900349658
71.5960924780664,20.398629186763415,6314.6270503341675,1.75897772613,True,1,3039.188896411645,2864.57413676371,69.282646,25.925842,2795.5605,0.8941827964887217,False,,2.313446478066396,5.527212813236588,2.258805363122768,746.2821353463312
60.85601224897,16.276026936440765,7513.740050120281,1.9231719555994637,True,1,3806.265800865801,2873.582683982684,60.605583,25.941105,2308.92,0.6506489354518055,False,,0.25042924897000063,9.665078063559235,3.2542227752023805,963.1732678034969
48.10531335654305,27.212663907982456,5009.165027413114,1.804130982313417,True,1,2812.4175531914893,2769.2748226950357,57.412563,25.33616,2408.058,0.5765078911504131,False,,9.307249643456949,1.8765039079824568,2.0801679309273755,722.2188440681292
8.710895019484715,161.86968294610696,4305.010006664341,1.9501691552392553,True,1,3883.8888888888887,2737.074074074074,42.79432,25.846199,1278.1178,0.5150286025901403,False,,34.08342498051528,43.97651605389302,3.36824196225445,1458.6220528852957
24.020544869492074,19.45062062059043,7017.171885684718,0.9749412429407112,True,1,1456.770742358079,2687.677947598253,47.462284,26.1008,3097.2012,0.7128980798012556,False,,23.441739130507923,6.650179379409565,2.265649350027605,1431.7615243358894
18.676142943422192,46.82989634353929,5276.782461751914,1.7350590541319881,True,1,2878.7382953181277,2739.953181272509,43.919315,25.213655,2775.0056,0.7743889856543971,False,,25.243172056577805,21.61624134353929,1.9015393921193937,1221.0279235257037
39.03385658344481,18.418699433162317,6749.765557523315,1.7484272104175895,True,1,3169.790951638065,2706.3486739469577,54.447525,25.151747,3533.8394,0.6938437510270258,False,,15.41366841655519,6.7330475668376835,1.9100374390311328,1080.358659930226
58.841330954029594,20.715755453187814,7765.104042114861,1.8036723237144276,True,1,3645.366914103924,2707.506892895016,44.204742,24.867292,2776.747,0.7375264209145463,False,,14.636588954029591,4.151536546812196,2.796475171167867,1012.2925374155699
44.56709248450081,30.699184108503143,6143.6273179869,1.97644860150956,True,1,4029.4157068062823,2594.1811518324607,44.25115,25.408428,3343.0637,0.7613028229473819,False,,0.315942484500809,5.2907561085031425,1.8377236778308772,920.2751855982763
58.01177195054227,28.89709322914258,7094.275634104286,1.7396321000502732,True,1,2850.575504523312,2609.810020876827,66.68572,26.634666,1791.6117,0.6365580247241425,False,,8.673948049457735,2.262427229142581,3.959717183195603,931.4295083947845
45.67434869127671,27.02634623907697,5969.359414630502,1.7632544192504211,True,1,3124.7612826603327,2598.238717339668,43.389458,25.301657,1229.0273,0.6807725415873548,False,,2.284890691276715,1.724689239076973,4.856978697406072,883.266068577717
66.70321866330077,21.092503227018277,6528.688204835155,1.0032414940323577,True,1,1195.628616106333,2597.0359655981238,51.747414,25.241877,954.5405,0.6959719970039805,False,,14.955804663300775,4.149373772981733,6.839613620202763,799.378627971279
82.37204000256875,32.07673594442366,8925.845471590663,1.76638665692486,True,1,3120.96813862493,2471.927333705981,96.64645,26.934275,1391.5168,0.6459581200843785,False,,14.274409997431249,5.142460944423661,6.414471942840117,983.4662326525043
68.82658571342384,24.526622018493256,8063.1738150535475,1.8601423250090272,True,1,3746.5666199158486,2500.98667601683,69.458176,26.42676,8644.699,0.9207630174045208,True,34.531771865676774,0.6315902865761558,1.9001379815067594,0.9327304299494461,971.9141585352049
42.37345405912466,26.143183241764767,5788.451589387844,1.7269102953409583,True,1,2993.508997429306,2451.4498714652955,36.40477,24.771223,1904.439,0.8520153529809953,False,,5.968684059124662,1.3719602417647678,3.0394523475878428,889.2327969274523
53.34434694615404,22.283023245282703,3843.385224605759,0.8134751781928512,True,1,2153.2840283241544,2416.314712824548,64.43172,25.013649,3336.953,0.512822575262515,False,,11.087373053845958,2.7306257547172947,1.151764865913832,526.2228650898005
47.20643,24.906784,2588.65,1.733643422034721,True,1,3307.084656084656,2482.797883597884,47.20643,24.906784,2588.65,0.8214735136783443,False,,0.0,0.0,1.0,376.7669125785569
38.10405605984783,15.516830240077983,7757.851992359209,2.968378248007614,True,1,4066.218816067653,2482.130021141649,46.415283,23.94285,2521.2974,0.7760890946276948,False,,8.311226940152174,8.426019759922013,3.0769285655707295,1256.7702336035895
55.61112415632107,52.436530470511535,4587.9403026304935,1.0604507748519176,True,1,1452.4111014744146,2415.5238508239377,53.58039,27.168715,4745.9365,0.5899946985140334,False,,2.030734156321067,25.267815470511536,0.9667091632242644,615.2291736858899
44.48831426455234,26.949734304986354,5272.4916312152145,1.8332823458852274,True,1,3726.427234042553,2338.1982978723404,58.505142,25.065628,3002.838,0.9214115736520276,False,,14.016827735447656,1.8841063049863536,1.7558361893699275,790.4837091528923
26.880209215542013,29.602735513656214,5629.546822049621,1.811974393924461,True,1,3594.4597432905484,2415.7829638273047,40.335007,25.891167,3345.9375,0.6033610741784747,False,,13.454797784457984,3.711568513656214,1.6825020856036974,1085.8181911383933
45.435817482305325,26.931400811527602,4805.409694410988,1.743255956039403,True,1,3236.0014771048745,2373.822008862629,66.18775,25.574034,3720.9307,0.5334062211700407,False,,20.75193251769467,1.3573668115276014,1.2914536931340828,712.9043210176359
19.976644585092874,9.607326845969435,5018.4542811355,1.0197232555519615,True,1,1457.5093296475466,2252.898410504492,64.46917,26.646395,3097.483,0.815195993825357,False,,44.492525414907135,17.03906815403056,1.6201716946099463,1122.81627896917
49.276924,25.195795,1000.0,1.6915181612847736,True,1,3144.927710843373,2277.9347389558234,49.276924,25.195795,-858.74,0.5391357189333655,False,,0.0,0.0,-1.1644968209236788,142.4551665864234
54.041914710386585,24.2435006431054,6627.455343761511,1.8574750282308408,True,1,3743.2995391705063,2154.02534562212,44.627766,25.22923,3390.1467,0.8766688444612358,False,,9.414148710386584,0.985729356894609,1.954916978596092,901.5326218780962
43.22063484613969,31.358321655018575,3765.912350311217,1.065709250881857,True,1,2849.4297912713478,2163.3387096774195,54.195763,24.383957,2141.5369,0.508083113023009,False,,10.975128153860311,6.974364655018576,1.7585092044462165,572.8285258696915
32.147484353695,37.51780020153534,8977.78818808814,1.802615239669192,True,1,3456.679510703364,2153.500305810397,63.75951,27.085888,3926.1753,0.6681750910448446,False,,31.612025646305,10.431912201535336,2.286649856945547,1583.419022717497
69.7517483005303,20.145547719025313,7792.469102408138,0.912802514941606,True,1,1752.40038071066,2064.841370558376,76.00375,24.70064,5146.822,0.979181243143443,True,38.20233986198786,6.252001699469702,4.555092280974691,1.5140350885280542,933.0341511587571
19.09349184815009,3.0948134209660285,8725.80696725843,1.0949769518048469,True,1,1451.2986301369865,2103.4376712328767,67.94419,25.043812,3619.0793,0.7491643320460271,False,,48.85069815184991,21.94899857903397,2.411057134685728,1996.9303666941337
3.901124362218254e-05,76.09297047617464,2794.2538157254794,1.0669434776638294,True,1,899.1739690721649,2025.9664948453608,38.95342,24.839066,547.4849,0.5034596736046637,False,,38.95338098875638,51.25390447617464,5.103800699755334,2794.2538157254794
11.612782099483102,92.02187798331317,3983.056606258169,0.4016622827623637,True,1,2088.813581890812,1982.0186418109188,38.462593,24.60434,2261.6084,0.5904158060665351,True,9.49325532482435,26.849810900516896,67.41753798331317,1.7611610419638382,1168.821899210592
76.3664791151621,25.984205615371398,7411.189797127012,1.7533723351884904,True,1,3444.5227272727275,2000.442082111437,59.93764,26.261566,2809.2634,0.5554102927452462,False,,16.42883911516209,0.2773603846285937,2.6381256371784194,848.0794728528854
-5.44206996266188e-05,87.08445790519885,2539.0195197924613,1.122326380937194,True,1,86.43251005169444,1999.388856978748,87.189,24.570272,9894.1875,0.9390364514949484,True,58.44032021386439,87.18905442069962,62.51418590519884,0.2566172836114599,2539.0195197924613
48.762404012657015,25.481734033299794,6645.761095426622,1.4490634448766369,True,1,2964.805650684932,1994.3184931506848,61.879745,25.904556,1971.24,0.8448341470177314,False,,13.117340987342985,0.4228219667002122,3.3713607147920204,951.7046051787828
92.27143656473406,24.516600811903583,4775.565143858701,1.0497185028566909,True,1,1192.634986225895,1707.8767217630857,67.14418,24.82549,2153.7485,0.5096410862282704,False,,25.127256564734054,0.30888918809642973,2.21732720596611,497.1542227675489
53.110897,26.469427,2500.3347,1.8136651368928254,True,1,3734.499520613615,1585.4995206136143,53.110897,26.469427,2500.3347,0.668478056435739,False,,0.0,0.0,1.0,343.0886333359244
32.57781393924543,16.385036059988835,4120.206495170489,0.839215165172987,True,1,2642.450146627566,1607.199413489736,34.359676,24.895922,930.2361,0.5543325454375553,False,,1.7818620607545697,8.510885940011178,4.429205118109788,721.8683704925455
38.764644328835885,25.977517067754714,922.4647702171476,1.2964790767417294,True,1,3566.428175689957,1739.8571698393212,1112.6952,24.865213,440.0047,0.6777884035974105,False,,1073.9305556711643,1.1123040677547138,2.096488447094196,148.16031314185133
15.960755175525646,165.8038381061051,7591.376535423356,1.0966213764714023,True,1,1906.622401847575,1424.3290993071594,46.431236,25.513433,5232.8574,0.9860482634357398,True,14.2112270964066,30.47048082447435,39.70959489389489,1.4507134353447804,1900.1759418276065
41.18139998043798,23.784315649005627,7190.211144921452,1.722582052296705,True,1,3388.3664122137407,1459.0076335877864,55.082733,25.298277,4590.325,0.811477169023809,False,,13.901333019562017,1.5139613509943786,1.5663838932802039,1120.4464130292642
26.84360910764716,25.700168795235758,5661.331895524578,1.8756280729251427,True,1,4006.119373776908,1405.8669275929549,49.360546,27.890762,2628.8308,0.789068909431874,False,,22.516936892352838,2.190593204764241,2.1535550692439305,1092.693005526734
35.3479822754896,22.907792085768932,3383.1009136449825,1.087500570427018,True,1,1507.714652956298,1412.2686375321337,37.241005,25.71349,1610.3134,0.5378005715948765,False,,1.893022724510402,2.805697914231075,2.1008959582929525,569.0266911233044
67.26793138355649,24.50385983888792,4802.074341171756,1.1541131558007025,True,1,73.53166421207658,1389.739322533137,67.60298,24.84305,4809.0205,0.9657661461976288,True,26.73908328801562,0.33504861644351536,0.33919016111207156,0.9985555979999994,585.4972274357766
47.020022515823186,24.867771473793827,8258.312237144439,1.789324730414369,True,1,3727.439962476548,1306.8489681050658,50.62464,24.828196,2666.8733,0.8942664499178481,False,,3.6046174841768135,0.03957547379382831,3.0966271390337283,1204.3421400888778
58802725.03099325,7.214757392058986,8322870027.961304,1.8823122031465875,False,1,4015.044105173876,1197.5920271416455,60.622746,24.704844,4211.9976,0.8207865575761542,False,,58802664.408247255,17.49008660794101,1975991.1610494042,1085361.4353797778
46.2653862387491,24.858874506037548,6911.539438583277,1.7713203333253411,True,1,3219.9763186221744,1210.2077502691066,41.453144,25.286366,4196.0405,0.7459893108136099,False,,4.8122422387491,0.42749149396246366,1.6471574663264754,1016.1239655999109
57.27081555018762,30.568326008080355,4392.307956329449,1.0277317821100744,True,1,171.9233498935415,1166.3222143364087,67.4634,24.816504,1439.6716,0.5027934869894953,False,,10.192584449812372,5.751822008080357,3.0509096354539804,580.3982552672481
21.480373994674967,24.88810615606715,4163.048483957043,0.9797981897642105,True,1,1270.898148148148,1168.0436507936508,37.525196,24.624327,928.52893,0.6844964326893355,False,,16.044822005325035,0.2637791560671481,4.483488181630531,898.236191433428
2.968163708087048,146.7500064521572,2348.0874191038565,1.7935326982758149,True,1,3646.8258877434137,1104.2061855670104,44.58793,26.335258,364.81458,0.5172685165714556,False,,41.61976629191295,59.58525154784279,6.436385900760481,1362.9199112676683
17.04616813186649,61.50090669048374,5669.249091759055,1.80747640718595,True,1,3824.462703962704,1006.4568764568764,41.16968,25.833073,1884.7814,0.6634557358466298,False,,24.12351186813351,35.66783369048374,3.0079080214602367,1373.1315797022148
29.72833704811275,24.30169680727108,4313.266850465598,1.8044156632414394,True,1,3960.337783711616,959.611481975968,37.561996,26.070692,1583.7026,0.5813205186172551,False,,7.8336589518872515,1.7689951927289087,2.723533351820978,791.0811196365623
10.764641333290346,34.90185631781543,4310.1720119223555,1.7716201989099967,True,1,3562.080474934037,926.8997361477572,37.095016,24.934126,2725.7341,0.8716898323410868,False,,26.330374666709655,9.96773031781543,1.581288509367937,1313.6958271458052
27.971793283605464,26.685494276156202,5196.476356297848,1.793737278978035,True,1,3706.982345523329,876.6078184110971,37.233955,26.242228,3450.388,0.7257354739480503,False,,9.262161716394537,0.4432662761562014,1.5060556541171162,982.5367437293826
50.853332574374676,27.524640746009634,5071.09308797976,1.1560853184416535,True,1,3307.86164043082,851.817729908865,56.838165,25.28086,1698.1033,0.5613246326118654,False,,5.984832425625321,2.2437807460096337,2.9863277975961533,711.1183301292815
43.375763183313595,42.22887243167759,4482.130013958891,1.042912193665982,True,1,1483.2392378263935,809.4318983768525,68.07794,24.810656,2622.5732,0.7900685833248791,False,,24.702176816686404,17.418216431677585,1.7090581166462355,680.5513275003166
8.034685165497056,46.9141794408596,1592.4649197364315,0.9597487673850033,True,1,176.83692722371967,767.1172506738544,38.481697,27.24954,2752.6226,0.5530176656911983,False,,30.44701183450294,19.6646394408596,0.5785264277552729,561.8047957382736
47.97997646699497,18.088358457101833,14150.680388078075,1.0044542188784615,True,1,2182.989528795812,757.9418266433973,84.32226,25.193663,6530.3906,0.9837842332865572,True,48.71392683590613,36.34228353300503,7.105304542898182,2.166896477536593,2042.9009324141578
63.768036,24.965338,3854.8643,1.836735574315276,True,1,3942.0620099786174,656.7106200997862,63.768036,24.965338,3854.8643,0.8902429803160202,False,,0.0,0.0,1.0,482.7336505943107
19.017595355748387,31.663536787689196,6369.413785315445,1.8322701198738158,True,1,3681.5669436749768,607.0812557710065,53.15184,24.912252,4058.392,0.9815224949888952,True,34.033091236138034,34.13424464425161,6.7512847876891975,1.5694427214806863,1460.5675994772048
10.71508205086147,33.610412244264516,3769.987604420221,1.766968531453884,True,1,4039.7963800904977,588.7420814479638,42.588017,24.66225,1589.3354,0.7759011289430578,False,,31.872934949138532,8.948162244264516,2.37205287469229,1151.7074383666138
65.36054931670984,23.516141340100564,4579.498175444949,0.9297678587069479,True,1,207.9490708878183,568.6579490708879,73.5717,24.781425,5799.3267,0.9742374353321632,True,52.14114115314131,8.211150683290171,1.2652836598994384,0.7896603196100246,566.4479945485454
41.16208629534347,19.33407850273821,2929.8520075980578,1.0666959487157102,True,1,1122.3200549450548,503.2486263736264,37.386314,25.073929,2117.3328,0.7812626810111881,False,,3.7757722953434723,5.739850497261784,1.383746573801746,456.664229290082
64.6968140383849,27.526116401843765,7509.775287643008,1.7841413153200425,True,1,3958.9645721925135,476.97393048128345,68.92984,26.155302,3502.8667,0.8365716201801426,False,,4.233025961615098,1.3708144018437665,2.143894110399065,933.6529949475353
95.24664228336702,9.920761755854285,14961.220010410432,0.8991075878561101,True,1,2343.030934767989,517.6993947545393,77.82408,24.660477,9163.062,0.9308261509839656,True,37.6227118628435,17.42256228336703,14.739715244145714,1.6327751586107824,1533.000061237071
44.246221413768865,22.779867339605804,6238.261516319519,1.7923974098354192,True,1,3420.362051282051,353.8553846153846,45.602882,25.104181,3658.6335,0.9193372715363834,False,,1.3566605862311363,2.324313660394182,1.705079646900822,937.8329405434456
1.1956723625561589e-05,19.140471320160213,89407.56358225852,0.9448126305670761,True,1,2900.5819070904645,336.5036674816626,79.06178,24.665476,6924.9434,0.9560144148252462,True,46.612672817968274,79.06176804327637,5.525004679839782,12.910945031299248,89407.56358225852
-0.027080029513617623,169.18754765726362,11958.400531352272,1.7148744723488056,True,1,3520.274936061381,299.85166240409205,74.100494,25.517673,3819.0293,0.5422124692581336,False,,74.12757402951361,36.33012534273638,3.131267029386832,11958.400531352272
41.86031082119906,13.404974614645978,8288.842290857032,1.4617594928319992,True,1,1103.7336010709505,11.875502008032129,38.724354,24.33987,2758.0842,0.7800505821893186,False,,3.135956821199059,10.934895385354025,3.005289791681136,1281.12838066106
-37.03606865992787,30.142402774619143,10063.555368518115,1.7295140618425355,True,1,1324.4699669966997,9.98019801980198,0.0,26.409298,0.0,0.5871869512663758,False,,37.03606865992787,3.733104774619143,,10063.555368518115
13.5498615676484,26.603147593603037,4186.8522864884635,1.805161873719652,True,1,3492.547396528705,79.00534045393859,36.057087,24.722149,1837.5239,0.8665927329959602,False,,22.507225432351603,1.8809985936030351,2.2785294310939106,1137.4182963764824
44.69574740759271,26.152437668158623,3365.3942753915762,1.0297248921334172,True,1,3279.3337155963304,97.7993119266055,43.867443,24.627281,2762.4666,0.5576183055805031,False,,0.8283044075927108,1.5251566681586226,1.2182570009684737,503.3879898356863
44.95569107414954,30.07217904260707,6478.647265197462,1.832686490668276,True,1,3947.504081632653,152.687074829932,61.69883,26.314665,4079.6562,0.5640824346528142,False,,16.74313892585046,3.757514042607067,1.588037556987636,966.2555379175909
53.68799544421417,22.168743092902655,5783.371731105076,1.845970744996634,True,1,3617.83569979716,156.2292089249493,46.92781,24.814127,2749.4216,0.863109853516806,False,,6.760185444214166,2.64538390709734,2.1034866864743753,789.3007461690838
87.06346126484709,25.42783639478629,4433.595388514415,1.0813241063144736,True,2,86.66471527408196,25.22778073443321,76.90223,24.250786,2340.541,0.5575823185579003,False,,10.161231264847089,1.1770503947862885,1.894260937327915,475.1580510309293
25.13548780118259,9.48623553167026,3697.335805796284,1.058894036787051,True,2,328.0497592295345,26.751738897806312,72.9411,25.281193,1809.9545,0.9280633562019888,False,,47.805612198817414,15.794957468329727,2.0427783161379383,737.4714935698778
60.3240155548784,20.699509237943925,5174.740388260065,1.5656320061547668,True,2,3552.7933579335795,22.962484624846248,64.31611,24.107338,1965.638,0.518994396398531,False,,3.9920944451215945,3.4078287620560843,2.6326009103711185,666.2595465636771
52.381422301539146,20.286151932520493,5478.631274344813,1.7973151198399313,True,2,3852.761115297664,28.71665410700829,59.60595,23.979973,1881.6892,0.7458370173407551,False,,7.224527698460854,3.6938210674795187,2.9115495132484224,756.9782984346216
79.46715577245232,31.178207641751527,7797.437398517278,5.1494380266124455,True,2,1958.8584298584296,19.274774774774773,70.85681,23.145815,3133.686,0.8097259913055352,False,,8.61034577245232,8.032392641751528,2.4882637885599506,874.6978560606045
45.076882808353155,25.698723687385087,3613.0217751641676,2.563831293012175,True,2,2245.640840446488,23.970453053184503,68.17751,23.921741,2613.0847,0.9025261643190476,False,,23.100627191646844,1.776982687385086,1.3826653897457544,538.1379762056026
15.007905636776275,0.9981648097790079,2616.353940751039,1.2001149958559985,True,2,2446.6513994910943,19.36217133163698,53.236782,24.65958,1216.096,0.5614217120204236,False,,38.22887636322372,23.661415190220993,2.1514370088800874,675.3617339790226
86.41035782157215,26.627050031477147,6421.332468493979,2.023909884037938,True,2,2607.59509202454,26.00061349693252,69.36319,23.887964,3312.4177,0.8059755101656502,False,,17.047167821572145,2.7390860314771466,1.9385636263488082,690.7839757509507
92.71983709446312,26.11021761577981,17761.133234369216,10.550537630267167,True,2,1079.0773480662983,26.51460142067877,68.02521,24.31784,23537.049,0.5733084351250007,False,,24.694627094463115,1.7923776157798095,0.7546032314573172,1844.5241348527663
27.946933844099924,27.272412122322184,3952.983865155853,1.1433874465955791,True,2,1752.841432225064,28.930946291560105,55.13253,24.410412,1610.9336,0.9055410145459404,False,,27.18559615590008,2.8620001223221827,2.453846555286855,747.7526455797466
5.198062677316104,23.521992307091715,5189.296049190389,1.4036511896334447,True,2,3748.5670567056704,128.42214221422142,55.021828,24.916029,4320.8057,0.5349553010101398,False,,49.8237653226839,1.394036692908287,1.2010019448896738,2276.0808874343493
18.79424406627593,177.7521085019053,4712.645924016249,0.7338663530407201,True,2,3552.028720626632,140.144908616188,34.466522,24.332878,2567.5645,0.7833391020991208,False,,15.672277933724068,26.580769498094696,1.8354537632905616,1087.0571574075307
59.63673,23.812412,6469.0405,6167.824957465221,True,2,3410.0423940149626,93.42726517040732,59.63673,23.812412,6469.0405,0.6878089422599925,False,,0.0,0.0,1.0,837.6892823525346
51.123676,24.252342,2621.1418,1.7945025351291828,True,2,4030.471953578337,94.45647969052224,51.123676,24.252342,2621.1418,0.6681686701926528,False,,0.0,0.0,1.0,366.5890423371846
98.72792769518472,17.379906114991993,21026.33911338017,1.2801512762674168,True,2,862.4427450980393,96.0764705882353,126.406006,24.377726,10555.933,0.8516505333287258,False,,27.678078304815287,6.997819885007999,1.9918977425662108,2116.136381487768
56.76307177839902,18.376995763354383,3905.5474357686057,0.8815059375452339,True,2,668.5899441340782,118.34357541899442,75.46339,23.977549,4268.2085,0.7798134433338347,False,,18.70031822160098,5.600553236645624,0.9150320177115542,518.3808771235565
60.58548120234643,10.755149936893918,7226.715240552242,1.2966169518296036,True,2,911.3626126126126,3979.024774774775,45.341682,23.65017,2289.2778,0.8541805624943514,False,,15.24379920234643,12.895020063106074,3.1567664005444174,928.4460254714796
17.837026596682612,21.45757626962379,3112.4808062555458,2.536503152779518,True,2,1208.5865019011408,3978.7490494296576,49.349014,24.481054,1804.8315,0.7329532601520818,False,,31.511987403317384,3.0234777303762144,1.724527085357024,736.9626059844319
38.92269834776472,4.966438326922787,4879.916230304493,1.12092799782976,True,2,1087.6497175141244,3980.6214689265535,44.963085,24.118364,2435.121,0.7079040625461009,False,,6.040386652235277,19.151925673077216,2.0039727924421387,782.1875456678919
45.36360416707531,36.35965810473829,5545.848213539177,2.5092353614227743,True,2,3773.159544159544,27.813390313390315,69.98026,24.31972,2758.6616,0.8505238271540179,False,,24.616655832924693,12.039938104738287,2.0103401640633187,823.406332978076
75.97437404608868,23.060734264169184,11417.871088570559,1.2274504964646527,True,2,2974.23713033954,21.42716319824753,76.284294,24.830412,2850.2175,0.93314799026771,False,,0.30991995391131866,1.7696777358308111,4.005964839023885,1309.9405013611295
11.927300538939297,166.07901210257236,3467.5822340364352,0.5394017517798511,True,2,1467.6124031007753,61.42414174972315,46.63656,24.886032,2845.5918,0.6131786136353445,False,,34.709259461060704,38.80701989742764,1.2185803438274017,1004.050803255612
91.05627666434361,23.82520643704261,3285.6467442127578,1.1208548443521908,True,2,1316.4545454545455,86.72664576802508,80.40149,24.427992,4082.7808,0.6802527301882844,False,,10.654786664343618,0.6027855629573935,0.8047570773852855,344.3229136052056
-4.20083034367667e-07,170.9529235923334,9424.28935263983,1.617415397527588,True,2,788.9684775318578,3975.9040912139503,70.02931,24.158176,2848.0078,0.5239773421000317,False,,70.02931042008304,33.20525240766659,3.309081299791324,9424.28935263983
95.17087669006582,25.471223493251138,4020.0801625572676,1.0448338819713718,True,2,2774.776616915423,3979.5194029850745,94.29222,25.874641,4016.4326,0.6844932181189386,False,,0.8786566900658244,0.4034175067488661,1.0009081597827056,412.08108301136065
37.43487458179904,26.193366916450962,4507.763329216182,1.1995892095360654,True,2,1625.3441671503192,3979.198491004063,73.01961,23.280426,1891.9163,0.7941189901358814,False,,35.58473541820096,2.912940916450964,2.382644163072215,736.7546999624655
24.048326001457475,17.747558642561863,5362.231741870702,20.74503133750479,True,2,51.130917159763314,3980.354289940829,72.061424,23.680529,4090.9653,0.7832446561499303,False,,48.01309799854253,5.932970357438137,1.3107497494223923,1093.4606373788918
70.75534852644937,18.630658151349856,6482.106086865648,2.8342282162089205,True,2,415.250300120048,3980.629051620648,74.12711,24.22939,3220.6338,0.5166897835398105,False,,3.3717614735506345,5.5987318486501465,2.012680264010658,770.6132946195808
64.62924329398554,21.698671254542354,4413.855039647273,1.0423421392336372,True,2,1458.2073643410852,3973.700258397933,64.07147,23.852938,2357.122,0.8455654051337999,False,,0.5577732939855338,2.1542667454576474,1.8725611316034017,549.0394241520287
75.76073075573787,18.537751506665295,6095.5056157786485,2.196547118154969,True,2,1296.5133030499676,3975.143413367943,71.49176,24.094881,3406.9812,0.8270246968243568,False,,4.268970755737868,5.557129493334713,1.7891221753083486,700.3056951381232
65.12474010352898,20.23643773281326,5213.388104517829,1.7095316848199424,True,2,3929.010795681728,3976.4406237505,113.674225,23.683523,3672.7075,0.6436957017938679,False,,48.54948489647103,3.4470852671867362,1.4194945022215433,646.0216238609121
64.7163251686358,22.6924497418509,7501.386778081202,1.3382566804946854,True,2,1011.7950401167031,3975.054704595186,61.6428,23.684227,3300.9675,0.9636955991351274,False,,3.073525168635804,0.9917772581491135,2.272481258322356,932.4694977887181
63.07597890104924,12.947906453669798,6596.842790235221,118.03409506792217,True,2,4052.572359843546,3978.135593220339,62.982407,23.485004,3249.5034,0.646880669438163,False,,0.09357190104923774,10.537097546330187,2.0301079821105037,830.6233486831119
75.88320356853154,14.620090724034737,8940.827044343809,1.4831086166697443,True,2,503.669298245614,3920.683333333333,71.011345,26.815954,3025.109,0.6750249632237787,False,,4.871858568531536,12.195863275965252,2.955538806814501,1026.372164012277
84.61233820524839,18.543729498369103,11361.27821605328,1.0922908633724195,True,2,662.6756360078277,3970.915851272016,104.243164,23.792637,4462.5312,0.8223398405497834,False,,19.6308257947516,5.248907501630896,2.545926898181301,1235.1233914051766
67.85358766091593,30.342572952554892,5458.158339608222,1.0704788034823485,True,2,3462.923031026253,3914.2846062052495,83.52859,24.444618,4287.767,0.9387400608918964,True,55.71225684693712,15.67500233908406,5.897954952554894,1.272960573559203,662.6126497615815
60.973070047674135,50.02659796547547,5945.602769073399,4.112853040214537,True,2,2356.782016348774,3866.947683923706,88.03687,23.736532,5197.539,0.9288219726073212,True,59.01638435347781,27.06379995232586,26.290065965475467,1.143926533129121,761.4245212305725
66.4161457643549,25.64522961258308,2901.187079398688,0.6524030831418384,True,2,286.96787148594376,3843.8125836680056,66.24821,25.586956,2889.3242,0.5309832684963337,False,,0.167935764354894,0.05827361258307917,1.0041057626550487,355.99090291983146
90.72153,24.266111,7945.7446,0.9734339239624796,True,2,600.6864406779661,3870.505084745763,90.72153,24.266111,7945.7446,0.6812451257054997,False,,0.0,0.0,1.0,834.2177350124254
27.48320389202417,23.010245458504095,3503.659664556174,1.1112684022381831,True,2,4013.6977025392985,3816.1451027811368,45.331112,23.833548,2551.7932,0.97446260061474,True,19.073000399580863,17.847908107975826,0.8233025414959059,1.3730186539239049,668.3258101570171
16.795288728493972,177.09532002792866,3650.6342275952074,1.04170326317553,True,2,966.389303482587,3762.458955223881,40.06507,24.61856,2059.4885,0.9546608726585604,True,15.962409575192826,23.269781271506027,27.523239972071337,1.7725926741495315,890.7884641765721
29.553876742695508,37.00858238043547,3890.628466115076,28.344160322910838,True,2,382.6387208297321,3742.7078651685392,56.94151,24.28299,5303.47,0.7858210034458413,True,45.29823922633234,27.387633257304493,12.725592380435469,0.733600541931052,715.6695363658334
47.10602258009881,29.836480258837078,5289.070215464384,0.9477759888009181,True,2,2506.440322580645,3703.132258064516,56.519722,25.309015,3448.1047,0.5678604008137994,False,,9.413699419901192,4.527465258837079,1.5339065010016617,770.6214878215458
2.777857341590254,31.288082578093967,3285.0195657397862,2.046709372177195,True,2,36.557959814528594,3683.519319938176,55.14219,23.722017,1655.8397,0.8935424440669416,False,,52.364332658409744,7.566065578093966,1.983899507748115,1970.983512232737
50.1640896536378,32.946275092721606,4403.798822948036,1.4076415829662574,True,2,1125.3820224719102,3576.356486210419,49.05276,24.398882,1730.237,0.7134232980144884,False,,1.111329653637803,8.547393092721606,2.545199774914093,621.7717746884707
25.433279115971246,3.165134765656936,5116.673056356658,0.6726033285739969,True,2,2530.783266129032,3591.5564516129034,48.33056,24.588573,2306.011,0.5609147394635489,False,,22.897280884028753,21.423438234343052,2.2188415650908246,1014.580447908215
49.306557203085376,23.03586860960332,3581.1829506957365,1.316924659999287,True,2,17.905372894947874,3533.4121892542103,62.001675,23.857595,2537.9766,0.6665596752200965,False,,12.695117796914623,0.8217263903966909,1.411038600866429,510.0046884896237
49.45515138877809,22.673842169548003,2705.177862891564,0.817205014449429,True,2,2065.4473895582328,3546.235341365462,60.72316,24.284983,1749.625,0.8001474427737473,False,,11.268008611221909,1.6111408304520012,1.5461472389178046,384.67154078346476
54.53005711318366,22.35609800936159,2197.559065014089,3.7372281346455476,True,2,1088.2201754385965,3514.9201754385963,54.9637,23.675835,1569.7747,0.5553246678522039,False,,0.4336428868163438,1.319736990638404,1.3999200426749705,297.5929101697096
28.528775035579713,12.09604775404081,3921.071553146535,0.8632902320131013,True,2,2835.173378076063,3380.910514541387,40.69559,24.88705,1471.4209,0.5457113328854134,False,,12.16681496442029,12.791002245959191,2.66481980318924,734.1134910919852
35.73519407761675,36.09799129133695,3519.3562226856284,3.549226915432045,True,2,1696.4423423423425,3353.7648648648646,47.256153,24.240622,1776.3816,0.5595909098213472,False,,11.520958922383251,11.857369291336955,1.9811938058160636,588.7286284167993
36.763154303491476,30.02695212166975,2923.0055604274703,6061.775123274729,True,2,2665.77840112202,3368.220196353436,69.36711,23.610476,4977.9883,0.8311201591575375,False,,32.60395569650852,6.416476121669753,0.5871861049628161,482.0845995986687
57.785660981690256,20.008696550395186,3341.744703399675,1.0882090273316156,True,2,1893.3156028368796,3341.606382978724,59.707405,25.526577,1197.1151,0.7018222589366152,False,,1.9217440183097452,5.517880449604803,2.791498247244292,439.60560970232973
59.770264,104.0398,1000.0,0.0,True,2,3391.7308543603363,3264.665338645418,59.770264,104.0398,0.0,0.5244399437008191,False,,0.0,0.0,,129.34731348933687
58.80994448111346,13.575939046793753,5316.226429625964,1.2682116630434472,True,2,1175.8542757417104,3276.3542757417104,56.922466,24.777748,1972.0819,0.8046639121383379,False,,1.8874784811134617,11.201808953206239,2.695743229338479,693.2311758829351
101.24023946313748,17.287532622286236,56131.83644780573,1.212557219074905,True,2,3206.6662679425835,3218.6794258373207,131.37718,24.866394,21630.287,0.7193231380023181,False,,30.136940536862525,7.578861377713764,2.5950574048234185,5578.695656146572
28.675628400188337,29.157330371420553,7382.409358230184,1.9090015471099155,True,2,2166.919964028777,3219.544064748201,54.183006,24.77231,5009.731,0.7063684850812296,False,,25.50737759981166,4.385020371420552,1.4736139242267068,1378.6107207203218
31.513073433297492,47.94007331219069,13095.345670226503,1.0398227826785371,True,2,2947.4881995954147,3231.1867835468643,68.00091,24.001783,1736.7961,0.7337846687618683,False,,36.48783656670251,23.93829031219069,7.539944193924954,2332.7681976558106
51.07951212896922,21.484743175479938,3194.80328709119,0.837659182985734,True,2,62.74,3199.220909090909,53.244827,24.966722,2713.0742,0.6073890953591523,False,,2.1653148710307804,3.48197882452007,1.1775583900695346,447.0136164156209
101.37121,26.874796,7981.837,1.2116640850996894,True,2,1430.2684183410613,3196.844410097888,101.37121,26.874796,7981.837,0.7952088653122045,False,,0.0,0.0,1.0,792.7669556276193
84.86843291570251,26.48151539816683,4342.113776099338,0.8770577544214391,True,2,1097.7161246612466,3188.677506775068,65.01274,24.881102,3133.5063,0.6398441562475716,False,,19.85569291570252,1.6004133981668325,1.3857044985355025,471.3332820897469
48.65593598589088,6.677261354789807,3542.349864313642,63.32831820821948,True,2,565.1758754863813,3108.9455252918287,56.8115,23.867878,742.11926,0.6722972964892355,False,,8.155564014109125,17.190616645210184,4.773289220810199,507.8360614136232
55.78593736061201,36.63135649699636,4806.6609545397,4.794481112286587,True,2,691.2918739635157,3159.949695964621,82.97231,23.790426,4115.575,0.5816561729299935,False,,27.186372639387983,12.84093049699636,1.1679196599599568,643.5482625458644
42.33684164825493,22.54851529900223,2926.415366659731,1.1410819875920561,True,2,4063.705304518664,3079.851669941061,49.007557,24.76764,1570.5914,0.5316660133922898,False,,6.670715351745066,2.2191247009977815,1.863256965917253,449.7557666725492
55.50020520929304,18.147674723459907,14585.041186311231,0.8417623080256893,True,2,1556.9778225806451,3091.2298387096776,96.349144,24.133696,7614.342,0.7331022106508375,False,,40.84893879070695,5.9860212765401,1.9154696737172079,1957.7641221691845
-8.230146543896054e-06,74.7746706399219,666.7644658197858,1.021065615750071,True,2,2202.186652197504,3107.561041779707,88.49494,24.237885,5480.618,0.8685163444054051,False,,88.49494823014655,50.536785639921895,0.12165862788097724,666.7644658197858
30.767237898409448,31.70850640444919,6331.5647739562155,0.7407924137369162,True,2,86.08687615526802,3103.00831792976,52.685127,24.16624,1955.8605,0.5339993308680996,False,,21.917889101590553,7.54226640444919,3.23722718156853,1141.4760386518296
47.65320226194417,7.6479941811088334,7712.433330488462,7601.773571426448,True,2,2024.472303206997,3091.8644314868807,64.41433,24.074347,-1111.3328,0.7056181607882945,False,,16.761127738055833,16.42635281889116,-6.939805367472698,1117.2371742529747
1.49951779379026e-07,63.98392943558081,7441.243631060122,1.3262786881343689,True,2,350.02762430939225,3053.3743093922653,71.959854,24.77597,2653.1357,0.9525714852236482,False,,71.95985385004823,39.20795943558081,2.804697713373697,7441.243631060122
41.43478155936602,16.573307019407565,15584.395137439384,3.966933759252364,True,2,1404.226226993865,3045.700153374233,65.757126,23.698994,7373.544,0.6658248548160366,False,,24.322344440633977,7.125686980592434,2.113555589746177,2421.070434575262
130.43652,24.251904,32952.656,2.2968902815721344,True,2,3428.237747205503,3103.170249355116,130.43652,24.251904,32952.656,0.7195848932100211,False,,0.0,0.0,1.0,2885.2989848794095
40.723065837475524,20.266464213626726,10358.673094318441,0.9730864584473892,True,2,62.08161865569273,3018.6028806584363,69.77811,25.45677,5751.5283,0.7003344651315523,False,,29.055044162524474,5.190305786373273,1.8010296662051444,1623.2443291322074
34.74816873719514,28.6094619187502,4617.436533862138,1.1175389154979622,True,2,2570.6041666666665,2942.926215277778,48.84065,24.49991,1223.6534,0.7874215096565861,False,,14.09248126280486,4.109551918750199,3.77348400606098,783.3123501557137
27.107948812271726,24.31201381869608,3677.126946443149,0.6865081240158187,True,2,495.36046511627904,2951.146511627907,39.44927,26.929434,1432.6794,0.6897382327395479,False,,12.341321187728273,2.6174201813039133,2.5666083747997974,706.2529826511537
103.79228,24.315023,6588.6963,1.7081062075615006,True,2,1140.4985835694051,2950.538715769594,103.79228,24.315023,6588.6963,0.6596299332592208,False,,0.0,0.0,1.0,646.7210002048287
92.95422,25.783602,7761.034,1.7358823847108584,True,2,25.315447154471546,2933.99783197832,92.95422,25.783602,7761.034,0.6148307202540483,False,,0.0,0.0,1.0,804.9798892258103
42.24010565256511,29.04036670917463,4690.228328634705,4563.734010236547,True,2,812.406015037594,2921.591250854409,62.93162,23.582737,3932.3052,0.7496765844935631,False,,20.69151434743489,5.457629709174629,1.1927427018214927,721.6580949853528
-4.197284982541678,124.68037981533143,9134.012685729453,1.9018963153805513,True,2,1432.7288842544317,2870.307612095933,47.96551,25.27585,1283.5974,0.5153307006595236,False,,52.16279498254168,80.59547018466856,7.115948260513345,9134.012685729453
57.65135646948595,66.15232971775687,12701.598431724113,1148.9955090150258,True,2,2421.0535194880745,2906.930191972077,85.95327,23.914022,12823.006,0.882910842091758,False,,28.301913530514057,42.23830771775687,0.9905320508876089,1672.8369513267319
89.8442054521253,21.986205496742354,6066.575500760531,1.1023591012707021,True,2,3365.493150684932,2857.766575342466,89.51177,24.203114,5417.5044,0.9835914563341588,True,55.029922983339546,0.3324354521252957,2.216908503257656,1.1198099812822544,640.027405824176
59.65171728853987,16.195194527170568,35745.83049056659,4.586031134499545,True,2,2528.7629533678755,2809.077720207254,75.75071,24.05928,14311.615,0.637579221078988,False,,16.098992711460127,7.86408547282943,2.497679716130331,4628.219162280733
29.086206490390254,18.410803480855826,5031.019383939014,0.7329335234187534,True,2,433.6046511627907,2779.22655663916,62.155323,24.617111,2332.1003,0.5674906017496452,False,,33.06911650960975,6.206307519144161,2.157291169654673,932.8513602343222
25.279662639094187,32.67299248480233,3510.80826361418,0.6656862080149475,True,2,536.2417391304348,2789.354782608696,55.78772,24.520409,1845.5315,0.6730382036434459,False,,30.508057360905813,8.152583484802328,1.9023290925211407,698.2669310577064
70.52374416289646,25.03169386834272,3159.8646081767365,1.0525056598962304,True,2,3031.2692802056554,2799.681876606684,72.804306,24.920834,2788.537,0.8944045750053784,False,,2.2805618371035337,0.11085986834272177,1.1331621592888086,376.2710401911785
20.970843096190855,37.35948829771295,4011.263060036752,3.0597993648219535,True,2,62.13771839671121,2797.0853031860224,44.29165,24.821957,808.86896,0.5321175212449504,False,,23.320806903809142,12.537531297712949,4.959101236913272,875.9376597905912
50.832070699473476,17.513238621653525,29996.625227451546,1.4140896809137191,True,2,2336.979065238559,2750.724440116845,108.315994,24.503582,15221.896,0.7457950142390928,False,,57.48392330052653,6.990343378346466,1.970623451076761,4207.300155427232
68.2121155680978,22.726100827709743,6027.218569963932,0.8168391930670799,True,2,1249.450429799427,2744.099713467049,69.93664,25.022524,3094.8335,0.7578004083704739,False,,1.7245244319021964,2.296423172290247,1.947509799788561,729.7702945395451
22.649189496170223,48.11407896497977,4348.690289945406,0.9133868165374164,True,2,3808.8079896907216,2707.849226804124,92.22316,26.30899,7756.542,0.7134008527241612,False,,69.57397050382977,21.805088964979767,0.5606480684234555,913.7600067004811
25.013240957048335,23.700389570923885,2775.8673196907553,1.3739541082111792,True,2,1988.8002283105025,2706.171232876712,45.578773,25.007738,934.1245,0.5672883450737893,False,,20.565532042951663,1.3073484290761144,2.971624574337527,555.0265017533668
79.60922627796664,34.371776387041116,6919.3864684518,1.1511873859127142,True,2,880.7677884615384,2707.6490384615386,100.32919,26.216341,7048.1226,0.6250652192647219,False,,20.719963722033356,8.155435387041116,0.9817346917960537,775.5072931170973
65.32211836309352,30.208180646200848,6462.911874255918,1.1833793514766289,True,2,2605.03125,2635.307904411765,57.606068,28.347528,1838.3899,0.5381874431684313,False,,7.716050363093522,1.8606526462008475,3.5155283839711684,799.6466164875762
102.38314610338,15.686448582907337,12154.289951074068,0.8948538529523616,True,2,989.1025420077552,2652.0654890133565,106.78269,25.191042,5601.659,0.6092470043177636,False,,4.399543896620003,9.50459341709265,2.169766126619644,1201.2000932383821
73.21696763952575,25.084402479060095,4707.507238370332,1.2032203803023416,True,2,406.2439834024896,2615.156846473029,64.636375,25.680193,3208.9038,0.7781267275072155,False,,8.580592639525747,0.5957905209399144,1.4670141368433456,550.1550798935339
52.59639082942539,28.041229859402964,3276.271987076506,11.199556396128656,True,2,4070.829268292683,2587.932926829268,59.242027,23.996437,2541.964,0.6283053856628346,False,,6.645636170574612,4.044792859402964,1.2888742669355293,451.7539687327794
51.340719055455104,21.135947930027243,5971.8411445611455,1.170803471285258,True,2,775.4936575052855,2586.340380549683,47.714085,25.657978,1943.0007,0.7549121608372161,False,,3.6266340554551064,4.522030069972743,3.0735146644883584,833.4456288381739
40.822961807932714,59.29737389830072,4357.331417566813,1.1253136163143636,True,2,2261.889024390244,2542.241463414634,41.121407,24.416025,1834.7745,0.6860485222667628,False,,0.2984451920672839,34.881348898300715,2.3748593724007026,681.9748173874152
18.97441831241492,17.057311978779712,4841.673727268737,7243.227789612338,True,2,3656.035602094241,2466.885863874345,43.124634,24.461306,2356.7515,0.5724684474979924,False,,24.15021568758508,7.403994021220285,2.05438448952668,1111.504650833392
28.648472004049992,18.644265496900093,2577.261546414049,0.9110542506351684,True,2,2475.652356902357,2445.2314814814813,60.408318,24.180845,1975.1804,0.5572072546493974,False,,31.75984599595001,5.536579503099915,1.3048233702673686,481.5127178274574
59.406884886467125,23.717936258052447,1222.109853072885,1.073277098740223,True,2,2569.7843438219493,2449.6707597851114,59.06858,24.377504,1211.4591,0.7456592839943724,False,,0.3383048864671281,0.6595677419475408,1.0087916736709353,158.55934956052533
-1.920331650482782e-06,26.921319426996487,14227.563614442872,1.217585490586023,True,2,391.4344528710726,2414.426868905742,46.2919,24.410713,1831.3252,0.5126753349444667,False,,46.29190192033165,2.5106064269964854,7.768998981962827,14227.563614442872
81.42639222815939,21.68457793456095,4672.720752586117,1.1526144995227343,True,2,471.8009478672986,2450.513954713007,87.65416,25.451157,2565.5166,0.5154552765280481,False,,6.227767771840618,3.7665790654390605,1.8213566626643993,517.8300287726206
17.954766762359522,29.01011527606137,2242.146036239607,1.0618768290108087,True,2,3962.88369441277,2327.5461801596352,45.180035,24.779198,1617.3022,0.7981950008146955,False,,27.225268237640474,4.230917276061369,1.386349462852154,529.1441655329301
36.488424707442434,18.03558012168332,7387.029906518993,0.777009093466449,True,2,573.8959938366718,2332.4791987673343,61.235065,24.97513,3070.4622,0.7357611257399347,False,,24.746640292557565,6.939549878316683,2.405836458927582,1222.903815899855
28.669240986289818,5.044011398744254,6462.99900175893,0.7263091905974304,True,2,2718.9654631083204,2326.4662480376765,59.138935,24.024706,3080.4167,0.7434744109946211,False,,30.46969401371018,18.98069460125575,2.0980924437135173,1207.0520312827748
39.193876683215684,28.27203685512154,2554.842198202373,1.0236190025976157,True,2,3264.360411899313,2270.4473684210525,46.70184,24.367596,1347.2202,0.6294083836793845,False,,7.507963316784313,3.9044408551215426,1.896380560655469,408.0890763684958
54.8438764761694,18.01485021964188,1889.466018290077,1.1618885842704527,True,2,683.1188760806916,2240.28674351585,67.4544,24.921337,1637.5913,0.5864182349756087,False,,12.610523523830608,6.9064867803581365,1.1538080461773808,255.13792174296043
77.52147520641911,26.954246667122828,2535.89167660127,0.9045560672772799,True,2,2903.5185406698565,2261.82057416268,77.64299,24.12393,2754.0415,0.6970364287277122,False,,0.1215147935808858,2.830316667122826,0.9207892025596819,288.0180355650357
-0.004926687847492566,58.25662538723041,8835.51011019858,1.0098680495785788,True,2,2745.6504910456383,2216.964760254188,79.88718,24.051548,5434.9277,0.6546159280914854,False,,79.89210668784749,34.2050773872304,1.6256904595434785,8835.51011019858
69.04446769751337,15.92368438428974,19418.348362437595,1.1166879406577634,True,2,329.46980198019804,2224.489108910891,96.43316,25.033855,10015.533,0.6971942878909089,False,,27.388692302486632,9.110170615710274,1.938823262070785,2336.941522466946
99.4066269061768,24.59390920646292,3447.7578737603003,0.8626253066151955,True,2,3814.557001239157,2184.7571251548948,76.00835,25.084734,1314.3496,0.5071167633321564,False,,23.398276906176804,0.49082479353708663,2.6231665256795456,345.8032656064803
51.37259601036884,18.05374480075159,10438.001355845568,1.9510532002551009,True,2,168.50244498777505,2174.842909535452,77.37205,23.603146,5532.0996,0.6386415209013454,False,,25.999453989631164,5.549401199248393,1.886806476847519,1456.3024920837681
131.69769097774758,62.47360896895208,41558.36730461432,1.2940211587137105,True,2,549.8605277329025,2204.2180936995155,93.79282,25.079216,6547.5293,0.8782359053539724,False,,37.90487097774758,37.394392968952076,6.347183097693709,3621.3407931915604
71.25525625440079,18.674238397841965,5294.987923606245,0.9117736545679836,True,2,1370.9060665362035,2192.5342465753424,71.21152,24.230143,1792.3235,0.896839762780131,False,,0.0437362544007982,5.555904602158023,2.954259051787384,627.2728937006125
2.9221552050505304e-07,84.35473753035126,11741.926968235273,2.5480684124892092,True,2,65.97860962566845,2140.1860962566843,40.607327,23.967064,903.4529,0.679874022349235,False,,40.60732670778448,60.38767353035126,12.996722870926945,11741.926968235273
56.35029742891963,22.063548788653005,3621.6018992239356,0.8412235742697877,True,2,2943.534074074074,2135.2244444444445,65.99093,24.24353,3146.167,0.879496539894393,False,,9.640632571080374,2.179981211346984,1.151115595333603,482.45032455105195
51.723976478759084,27.05888621493354,3139.6469805054458,2.6965290987273387,True,2,2836.888993414864,2098.904985888993,48.87174,24.097284,2197.561,0.6613529011972211,False,,2.8522364787590817,2.961602214933542,1.4286961683909778,436.55087829162375
60.29489918018829,5.830727283715078,5524.084621628066,1.151098499878799,True,2,4073.028695652174,2101.782608695652,56.198135,24.225012,2526.726,0.9353423445665924,False,,4.096764180188288,18.394284716284915,2.1862618351289638,711.4101155249599
33.75534716397674,19.291055017358165,12201.186017820753,1.3359851200404476,True,2,277.0759493670886,2078.961359093937,88.039,26.119175,5905.5693,0.8745684175762635,False,,54.283652836023265,6.828119982641823,2.06604738645955,2100.055434918051
42.903994278680955,19.13041891157509,8799.118952922847,0.9316737851884385,True,2,1503.2689393939395,2068.318181818182,73.96195,23.76472,3713.8694,0.7576439508783556,False,,31.057955721319047,4.634301088424905,2.3692591217458663,1343.3535453202494
74.47527,25.181131,3346.5889,1.0545206102991083,True,2,3511.401549386701,2095.0929632020657,74.47527,25.181131,3346.5889,0.8613014059825406,True,32.27484403107537,0.0,0.0,1.0,387.78974765831583
76.74743963676107,21.340856184666475,11310.656777907883,7436.475034776254,True,2,31.116613418530356,2028.1301916932907,54.602802,23.354475,1832.5618,0.6974568029673376,False,,22.144637636761075,2.0136188153335297,6.172046573222187,1291.088093179173
40.55565187303321,21.651456540651623,5563.378362392756,0.9924836253715602,True,2,2283.9830949284787,1984.3023407022104,73.638596,24.839903,3402.5088,0.6497637923267638,False,,33.082944126966794,3.18844645934837,1.635081256040471,873.6005602102745
8.839369284843489,165.52987183575408,13490.020972835591,1.1431531130058252,True,2,1401.7260092653871,1917.272667107876,79.18811,26.433523,3197.4834,0.7206801608500397,True,56.24832866156113,70.34874071515651,40.90365116424593,4.218949494103891,4537.346917335703
46.71895910842615,28.354674244759828,3009.525084178871,1.099006834192784,True,2,2997.536012130402,1940.0909780136467,65.379524,24.538254,2923.372,0.9945964744395386,True,41.88623610079793,18.660564891573856,3.816420244759829,1.0294704485706476,440.3027403181421
42.67927255227069,21.894748111186118,5003.4716888268,1.4951949018322659,True,2,569.0025929127053,1925.980121002593,58.69501,26.705,1923.0886,0.536606587766274,False,,16.015737447729315,4.810251888813866,2.601789480124213,765.8839042413427
51.98339462367127,16.248257743178524,3419.679801274332,1.042636481670123,True,2,912.2,1890.905223880597,60.792892,24.47219,1278.9417,0.5371508379544477,False,,8.809497376328729,8.223932256821485,2.673835563633848,474.3000003414866
53.140523806286076,12.28675418829819,4890.578369403943,1.06601333279339,True,2,3798.777479892761,1847.0089365504916,52.330418,23.962862,1780.5267,0.741564214118984,False,,0.8101058062860744,11.676107811701797,2.7467031914792086,670.8838034392683
72.80978828174844,19.077878732947926,11017.482536454845,0.9236014946150525,True,2,2323.829721362229,1798.3783281733747,74.19974,24.625698,4733.777,0.6521706464534384,False,,1.3899517182515666,5.547819267052063,2.3274190010333915,1291.1820703067635
23.655372583970127,7.93565311143667,3101.954644911383,1.0567406424602162,True,2,2512.8645320197043,1772.0726600985222,39.43391,23.83982,1030.8986,0.5305523396483172,False,,15.77853741602987,15.904166888563338,3.0089813342567187,637.7794873800254
31.157322221563724,30.823901434252818,4719.95384982633,2.015503068507233,True,2,920.4505730659026,1752.138252148997,60.21418,24.04231,2302.268,0.8738766810936368,False,,29.056857778436274,6.781591434252817,2.0501322390904666,845.5858159781469
18.940968026912945,39.886479036385175,5545.384447052007,1.1650667792404072,True,2,2403.470221606648,1751.691135734072,83.94454,27.376032,5172.963,0.5479926870807085,False,,65.00357197308706,12.510447036385177,1.0719938354579392,1274.179385624744
86.88087990258454,27.39560438406724,4333.532776007596,1.070728507674819,True,2,3873.3790786948175,1694.1717850287907,53.04607,24.580378,2090.39,0.9299445755002932,False,,33.83480990258454,2.815226384067241,2.073073816851208,464.92187465894153
28.842986567447923,172.32121093305418,3179.134311214458,1.7176595207523524,True,2,2743.608875128999,1653.1155830753355,47.35594,24.789867,93.565735,0.5617842194069348,False,,18.512953432552074,32.46865606694581,33.977548631605984,591.955094305116
51.131572477971844,21.365588862993246,3735.4678277504077,32.91044928499504,True,2,4070.742326909351,1681.1548893647396,64.515976,24.11528,2757.4375,0.5055539606553416,False,,13.384403522028151,2.7496911370067494,1.3546881217617472,522.3967012031819
42.975685396926906,25.719088465871533,4609.756114449192,3.67449752590625,True,2,21.519863791146424,1599.900113507378,41.442528,24.574123,2052.8516,0.6792091197427084,False,,1.533157396926903,1.1449654658715325,2.2455379212258655,703.1800537977787
77.9903104280431,24.008146674799438,3638.652457617907,1.0801806430759635,True,2,3587.4266666666667,1568.8886274509805,58.997673,25.575932,1422.6544,0.6079713978035197,False,,18.992637428043103,1.5677853252005605,2.557650303276683,412.0218538596799
2.0726944420578308e-07,158.6199894873098,60425.69973044869,55.00396305775492,True,2,1686.9482071713148,1509.4852589641434,57.230175,23.683971,3737.9402,0.676513368020965,False,,57.23017479273056,45.06398151269019,16.165507337556843,60425.69973044869
22.366331868260158,19.975328789237427,2897.164683656468,1.1400612180755727,True,2,4042.584147665581,1517.1487513572204,43.017864,23.96402,2099.8877,0.9829770010125018,True,9.089200519723944,20.651532131739845,3.9886912107625676,1.3796760101297167,612.598318260057
53.51743,24.319996,4947.108,4187.5205721417215,True,2,3116.9172413793103,1484.8224137931034,53.51743,24.319996,4947.108,0.791634366621342,False,,0.0,0.0,1.0,676.2445322867097
16.396144221158416,6.294137412617896,3341.7586133337736,0.7142664598648644,True,2,1259.5623130608176,1481.7467597208374,42.4955,23.695095,1113.9033,0.7323062579622915,False,,26.099355778841584,17.400957587382095,3.0000437321029336,825.2854933182472
59.44173921865071,24.490435693266054,2433.506679476751,1.3978290825756794,True,2,2731.7625354777674,1488.4361400189214,51.182007,24.772808,1801.0126,0.7535052011214927,False,,8.259732218650711,0.2823723067339472,1.3511880369280875,315.6361872158368
60.77926204553091,15.682959810543021,12038.955319078406,0.7927599448001249,True,2,76.23225806451613,1460.8044665012408,99.25819,25.603037,5381.712,0.8339104329573832,False,,38.478927954469086,9.920077189456975,2.2370121847988904,1544.2268209781648
59.79385924600037,14.110425311452998,11725.597018377943,0.8143615701643468,True,2,2537.6128617363343,1393.8192926045017,74.56722,24.03582,4369.585,0.8480552712946071,False,,14.773360753999633,9.925394688547016,2.6834578154167827,1516.3751965130443
28.253346604936766,34.741899351375686,3037.5229026190846,0.6934449341152871,True,2,1876.292662819456,1395.755976916735,56.20151,24.569983,1600.541,0.6462142408309897,False,,27.948163395063233,10.171916351375685,1.8978101170910866,571.458388947466
73.56656383573825,24.891995506008406,7102.893195779551,1.1786956838550198,True,2,1456.6993736951983,1384.0156576200418,73.770996,26.067652,2778.533,0.5995542265407354,False,,0.20443216426174615,1.175656493991596,2.556346530985794,828.1233850046841
28.584251725926634,0.5199367411930708,3469.404539296378,1.0969327795715524,True,2,1311.478426395939,1371.5761421319796,38.40275,24.49419,1141.3486,0.5030455577822781,False,,9.818498274073363,23.974253258806925,3.039741354478709,648.920551295164
29.616076920599543,25.004366868740302,3149.8191532206774,67.97285600685724,True,2,421.8996168582376,1390.1877394636017,58.472355,23.675165,1315.1155,0.6178663558566871,False,,28.856278079400457,1.3292018687403022,2.3950893691243675,578.7911138628789
21.2841184456366,12.79521143386034,3509.724138057136,0.725152708943354,True,2,3563.616345062429,1347.427922814983,39.38209,24.914995,937.7381,0.6860587639701471,False,,18.097971554363397,12.11978356613966,3.742755187250188,760.7555843702648
71.15720229622548,17.27515629176398,13772.927758517006,0.891398384905992,True,2,2414.8628013777266,1357.922502870264,84.6087,24.598993,6268.5234,0.6905707048267623,False,,13.451497703774521,7.32383670823603,2.197156631578819,1632.7392660037126
62.457859291744754,20.919305680727337,3363.230127442938,16.985751098480304,True,2,3438.48717948718,1375.6538461538462,63.880123,24.431232,2050.3203,0.6819348747762592,False,,1.4222637082552438,3.511926319272675,1.6403437684555617,425.56219204967744
47.69274658355527,21.792532571427294,4930.8069839549735,0.822874132734047,True,2,2126.7234548335973,1323.1426307448494,62.658363,24.117775,3456.6558,0.9090704882982252,False,,14.965616416444732,2.3252424285727216,1.4264674498267873,713.9895172602047
52.3732251026225,14.733284949854852,3658.1493076460893,1.6818276716733984,True,2,242.2761096605744,1309.424281984334,69.822075,24.387548,2819.5378,0.6041980807796236,False,,17.4488498973775,9.654263050145147,1.2974287160278855,505.4832488638836
37.99814120140749,30.233974893775027,2803.095409671575,0.7997901700959594,True,2,3587.8899012908123,1249.4973424449506,63.07502,24.530193,2422.9966,0.6741000951782458,False,,25.07687879859251,5.703781893775027,1.1568713755816145,454.73324286741706
3.25209967507952e-06,131.3922486795553,12333.286370417001,2.945857767005494,True,2,805.2979166666667,1167.8125,47.583935,24.36732,3423.8242,0.7336943974801043,False,,47.58393174790032,72.9750713204447,3.6021961555201933,12333.286370417001
68.00608906587212,14.49678345031278,4311.65932037616,2.2202234394398586,True,2,276.4215210355987,1195.993527508091,62.42871,23.598082,3220.0938,0.7518176962052959,False,,5.577379065872115,9.101298549687215,1.338985628423669,522.8420856597423
56.568096,23.772436,1661.8994,0.8048850949326246,True,2,2978.086053412463,1192.704747774481,56.568096,23.772436,1661.8994,0.6272482107686288,False,,0.0,0.0,1.0,220.96269103372745
74.989914,24.289831,2657.766,1.112924702219042,True,2,3298.8078406169666,1165.159383033419,74.989914,24.289831,2657.766,0.7049470733531564,False,,0.0,0.0,1.0,306.91302063397137
81.18017132592294,21.02870320769844,5932.66502390137,0.8868169218061486,True,2,2155.3391405342627,1189.185830429733,88.47369,24.735554,5342.4834,0.8900747678720717,False,,7.293518674077063,3.706850792301566,1.110469528815264,658.453098517605
22.152551075662128,23.209891692610725,5428.8992230274725,6.258467050049945,True,2,26.34525277435265,1058.170160295931,38.98753,23.70413,2468.518,0.7836921254430451,False,,16.83497892433787,0.4942383073892813,2.1992544607847595,1153.4530098102382
2.5255529359483098e-06,160.6598021082633,2143.3719218532874,1.1337788492237344,True,2,3896.505791505792,1071.824967824968,39.939003,25.417639,1460.5388,0.7610072079460555,False,,39.93900047444706,44.7578368917367,1.4675213844735158,2143.3719218532874
79.27502120000003,25.003642429999992,3142.0356,10.392328209624711,True,2,1074.8246187363834,1093.245642701525,76.96604,24.275381,3050.52,0.6221906329853857,False,,2.3089812000000194,0.7282614299999928,1.03,352.8928977857046
53.087144966753925,32.44529104563322,3550.1504283604254,1.052786050738781,True,2,2172.886756238004,1039.3243761996162,55.525143,24.754168,1651.8789,0.9921736624440166,True,16.2718599121281,2.4379980332460747,7.691123045633219,2.149159014235502,487.2502501597163
47.80864944756662,18.312762935005374,3170.1958275206543,1.066744195571338,True,2,2957.3654545454547,1037.0354545454545,52.73143,23.625444,1422.4727,0.5695906874443065,False,,4.92278055243338,5.312681064994621,2.228651437402387,458.4931507732327
64.78133393631421,26.301775098604185,2692.8871037320796,1.03098510469739,True,2,547.21589958159,934.1004184100418,59.551426,24.601433,2327.38,0.8312784078036689,False,,5.229907936314213,1.7003420986041853,1.1570465947684003,334.5747816795311
67.84937821895156,26.571411663296015,3308.7789418594944,0.7847759449049373,True,2,1217.888888888889,936.4736467236468,67.652824,24.828968,3230.0173,0.7213036872180357,False,,0.19655421895156167,1.7424436632960152,1.024384278641323,401.6935118392826
32.55649100701093,11.913972450353072,3433.674777086043,1.0932218040971613,True,2,248.9968085106383,848.7521276595745,46.965885,25.975594,1067.775,0.5174674150891667,False,,14.409393992989067,14.06162154964693,3.2157287603531106,601.7836212788482
78.5918934264262,27.351873176102394,3497.259998913523,1.0498285361693234,True,2,708.1016518424397,869.6226175349428,79.57669,24.703465,4196.2207,0.9593982259972708,True,43.706742060769,0.9847965735738029,2.648408176102393,0.8334309010280424,394.4927667594857
9.643108027771575e-05,45.710521991869584,2545.9412429128174,1.0729424584082956,True,2,1918.097037793667,813.2747701736466,50.79658,25.294266,1827.8542,0.7728506829894218,False,,50.79648356891972,20.416255991869583,1.392857943983069,2545.9412429128174
42.380806363669066,24.2895916124488,4243.638463249896,1.5124871469610104,True,2,57.31578947368421,806.6315789473684,40.398087,24.35615,1498.6677,0.5863318754455854,False,,1.9827193636690694,0.06655838755119703,2.8316073424748502,651.8591549312986
89.99383052689927,170.30208796779752,12317.001314520088,5.970629068340661,True,2,2599.98087431694,783.4842896174863,65.05779,23.937262,1832.9391,0.5003330358966622,False,,24.936040526899276,33.635174032202485,6.719809356742997,1298.370438787808
29.70481795817068,26.457814666966378,1758.1364772936863,1.083243061971188,True,2,3891.014542343884,793.8887938408897,58.19739,24.75855,1671.7456,0.7350134039882211,False,,28.49257204182932,1.6992646669663785,1.0516770478078041,322.5812623047891
52.4975997081309,27.640611146371455,3978.2528403764545,1.2090987581817467,True,2,814.4824742268041,751.5257731958762,61.210304,25.046926,2806.1948,0.6829146847669103,False,,8.712704291869102,2.593685146371456,1.4176680964473507,549.0636059949197
27.929890656839603,46.990392088456886,6036.467974067062,3.8586978257764493,True,2,462.62268188302426,765.4764621968616,61.428146,25.759512,2073.8606,0.5753796447836651,False,,33.498255343160395,21.230880088456885,2.91073950393149,1142.216114981577
17.686765694498142,33.44733158574891,2852.2193897117922,1.0627354238014017,True,2,3217.721835883171,685.8734353268428,36.93698,24.352345,1712.304,0.7142511470603873,False,,19.250214305501856,9.094986585748913,1.6657202165688991,678.2014542182337
55.18560179336062,19.42207182679939,2729.6761316363095,42.48429808847605,True,2,1319.832732516222,694.8471521268925,59.02161,23.805494,2128.8462,0.6395639044045321,False,,3.8360082066393844,4.383422173200614,1.282232662761786,367.4499823533017
1.7542134357155055e-06,6.824372156517825,7211.421505822523,1.7956653836055412,True,2,921.4540960451976,676.6405367231638,63.52601,24.610365,3154.9524,0.9142427115231871,False,,63.526008245786564,17.785992843482177,2.285746531650532,7211.421505822523
51.92916186947525,20.564333977257057,6833.131372169077,5.7891641036109975,True,2,2929.5210970464136,688.7728551336146,60.56628,25.033194,4723.537,0.6487695075693043,False,,8.637118130524748,4.468860022742945,1.4466132841066084,948.2309224524324
56.85220804511671,29.682927832878683,5189.026069947115,1.1074166866490518,True,2,2714.6020042949176,632.2405153901217,68.377655,25.121624,4382.2915,0.9281666555510252,True,42.38572229074955,11.525446954883293,4.561303832878682,1.1840896640369802,688.19606380177
74.79692958692945,19.712930012663765,5925.682649899497,3.2013017804263773,True,2,1136.5719273743016,616.1466480446927,67.28147,24.468006,3302.823,0.5382160405354361,False,,7.5154595869294525,4.755075987336227,1.794126615292281,685.1671044555821
54.306038405604085,19.806321412848593,11230.94355101254,1.2638190578609385,True,2,664.0933874709976,482.34570765661255,80.654106,24.968206,5526.913,0.9774318642566862,False,,26.348067594395914,5.161884587151405,2.0320463794187718,1524.0253228225874
55.60802041029358,20.809298108167752,4203.175069435587,1.1513146194285127,True,2,2866.859756097561,465.4085365853659,48.098812,25.598791,2015.3185,0.8798905969203157,False,,7.509208410293574,4.7894928918322535,2.085613301041789,563.6490275214729
47.150370478731844,18.130685885824022,17158.25777404001,1.009322852750857,True,2,1370.9808760024675,466.15792720542873,90.70562,25.768015,9115.317,0.7718464387639256,False,,43.55524952126815,7.637329114175969,1.8823544780768469,2498.795029141911
11.238655900188153,76.57297956622,3423.105253030058,226.32018541179605,True,2,15.642794759825328,479.0218340611354,61.23613,23.906593,3310.6035,0.7494887650870543,False,,49.99747409981185,52.66638656622,1.0339822491669746,1021.0877494492158
27.58060029258779,2.6082841900797016,3163.2574596911927,1.0922802455294158,True,2,867.6835443037975,431.0978135788262,38.695923,24.043755,815.83,0.5952254609657894,False,,11.115322707412211,21.435470809920304,3.8773487855205038,602.3274886580913
39.81425396207564,163.82652907045343,10472.593049515628,1.2275794466772658,True,2,3323.6096311475408,401.7530737704918,46.82194,23.600595,4324.3525,0.5336512817326735,False,,7.007686037924358,39.774065929546566,2.4217713633464495,1659.7204174597252
34.468604901091965,12.038502280374532,7070.445315780589,0.7870419803933555,True,2,3848.414776409592,436.1101749837978,57.373775,24.46411,2480.5479,0.5730944461827712,False,,22.905170098908037,12.425607719625475,2.850356292567698,1204.3006333183382
58.22740009079553,16.923251685723,10981.988237871861,1.0541888274886775,True,2,3424.7127167630056,366.4797687861272,85.019165,24.454895,5611.4688,0.822783270511305,False,,26.791764909204474,7.531643314277005,1.9570612667171672,1439.1871569546913
16.49973035592,41.91933854539501,3079.4256859077823,5360.996199657386,True,2,277.0406001765225,319.243601059135,50.870186,23.981073,841.2607,0.5153032248947884,False,,34.370455644079996,17.93826554539501,3.660489175243515,758.1083926306816
46.29483027086796,29.501202371472647,2660.9999972826745,1.7848925194869536,True,2,2051.561478933792,341.76182287188306,56.30968,24.512968,1248.7122,0.520782158885095,False,,10.014849729132038,4.988234371472647,2.1309954345626436,391.09172416687437
84.87256715159282,18.131250041503154,14096.25875543689,0.9526938161713405,True,2,3771.026888604353,347.4413145539906,118.16455,24.688808,7526.3364,0.7603176601037676,False,,33.29198284840719,6.557557958496858,1.8729243560568045,1530.101334480444
-1.3308376156360633e-06,69.27520402269283,36696.69741240938,5.318449058853151,True,2,977.139468690702,348.62523719165085,55.337906,24.576,2134.3135,0.7117350769308365,False,,55.33790733083761,44.69920402269283,17.193677223336394,36696.69741240938
95.9468513283769,17.4773923996264,19202.657550093638,1.0169910203847865,True,2,3258.220581449008,315.7558837101984,104.652,24.710976,9342.012,0.7498245087464693,False,,8.705148671623107,7.233583600373606,2.055516258177964,1960.4057761095517
39.29895642516811,20.718699043301957,6989.621145181927,1.2782405008304574,True,2,595.2956878850102,257.4455852156058,71.33198,24.349909,3203.9072,0.6418058224974454,False,,32.033023574831894,3.631209956698058,2.181592882959259,1114.9698598301327
56.74741329240596,19.46329921439482,3231.381520157519,3.038814894048936,True,2,2902.5955357142857,210.1241071428572,53.577423,23.920841,2085.6748,0.5940447111185282,False,,3.1699902924059558,4.457541785605173,1.5493218406616023,428.95842495526665
75.92729684444086,24.320380836430626,8797.919262203537,1.2825087438114617,True,2,3378.896130346232,229.8275627970129,76.76944,25.867704,7840.9863,0.8642115894151989,False,,0.8421431555591425,1.5473231635693878,1.1220424224186616,1009.6736048064909
132.6563198575729,149.77827845648318,13691.061952295277,2.585767304721763,True,2,1536.441328413284,230.4686346863469,62.513527,24.247961,4669.874,0.9104366092780084,False,,70.14279285757289,54.469682543516825,2.931784016505644,1188.7024646521434
115637097.19140118,17.454003045879805,17643973222.066483,1.456614422772515,False,2,1217.2473147153598,204.98469387755105,166.5154,25.915352,17806.879,0.6856574239219602,False,,115636930.67600118,8.461348954120183,990851.5255293463,1640770.3500721399
46.824397674748305,19.08466237703408,3887.02082358992,1.2339695433294486,True,2,3735.948359659781,206.4198055893074,68.69387,24.532696,2158.1677,0.5203208887747811,False,,21.8694723252517,5.448033622965909,1.8010745057438864,568.0424180605246
45.818165985533206,15.839428285032001,6858.5632040860055,1.5982874097441786,True,2,757.929158110883,206.935318275154,51.155678,25.45562,2271.939,0.5650463827588781,False,,5.337512014466796,9.61619171496801,3.018814855542339,1013.24459224516
5.773125278322327,0.1441297443266202,12104.02742246173,2.3993394101607612,True,2,553.9762363519588,175.96146435452795,77.356026,24.496044,7672.8774,0.6370132473954905,False,,71.58290072167767,24.351914255673393,1.5775082529614939,5037.608440878298
19.9475790289115,27.570206013913083,3765.8135754373216,1267.438799549989,True,2,244.2287275565964,170.75956284153006,61.359093,24.500914,4610.665,0.5505721354486578,False,,41.4115139710885,3.0692920139130813,0.8167614813562298,843.1672306617727
63.57709832420534,26.610313189463138,4590.33639569136,1.1386860175203926,True,3,621.1017543859649,43.843859649122805,57.21806,24.602144,2519.3823,0.9371424537092896,False,,6.359038324205336,2.008169189463139,1.8220086708124288,575.6972593180606
66.81740849938903,27.510288321966854,4018.438551962763,1.3837467742042244,True,3,4041.8480325644505,28.06648575305292,63.944187,23.770231,3900.128,0.6447749321198187,False,,2.8732214993890324,3.740057321966855,1.0303350433531318,491.6007286119085
29.269482969727957,17.17516109685905,3665.003008942249,1.0391640534800253,True,3,3380.871287128713,241.59034653465343,41.13405,24.48431,1911.687,0.9187886587074292,False,,11.864567030272045,7.309148903140965,1.917156422020053,677.4337196041964
20.075204342588414,34.81194573669623,2888.6271243177816,1.0265780754042162,True,3,731.7767441860465,283.3686046511628,40.348225,24.463087,592.8587,0.5478244347913341,False,,20.273020657411585,10.34885873669623,4.872370303948954,644.7056818065394
22.73504343545396,16.059648704584777,2081.9860314387947,1.041724357611194,True,3,503.78680611423977,278.0257441673371,56.435646,24.651314,730.0625,0.6677101532436891,False,,33.70060256454604,8.591665295415226,2.851791499274096,436.64643354322016
64.32526900719935,21.346086135766278,4907.13940696069,1.0268240474607637,True,3,2916.990483162518,360.2891654465593,66.3331,25.484722,3209.2239,0.8266619287669875,True,50.99864749162259,2.007830992800649,4.13863586423372,1.5290735579280368,611.8396114805893
39.227288432220625,29.46420632206764,3422.867050818758,1.0156492707178468,True,3,1355.340425531915,352.8936170212766,51.852352,24.567045,1421.6941,0.6941430951677894,False,,12.625063567779378,4.897161322067639,2.4075974225529655,546.5071980854583
75.79145622766833,20.143780862115648,5866.71289895806,1.1100364988252418,True,3,19.50474683544304,752.8544303797469,57.79668,24.804985,1498.0635,0.8261777513194923,False,,17.994776227668332,4.66120413788434,3.9161977439261153,673.8833245970673
81.16131696423264,19.311381073121343,17842.65714941827,1.0397730964167908,True,3,3418.126376811594,794.2776811594202,85.67632,24.341166,9032.5625,0.9470382546212592,True,54.61350963475603,4.515003035767364,5.029784926878648,1.9753704609758607,1980.5462462818737
63.301621133940486,1.2371800312862655,7233.05114412788,0.9973178831348337,True,3,1852.733500417711,839.6950710108605,62.86314,25.35406,4465.794,0.6938688257267351,True,45.44173537625741,0.4384811339404848,24.116879968713732,1.6196562457040966,909.1051537593947
15.109003194030407,22.5800344477597,3123.9559169408303,1.0255504325710034,True,3,249.9490861618799,860.9647519582245,36.28699,24.658287,2111.6567,0.8562777775447007,False,,21.177986805969596,2.078252552240315,1.4793862643207252,803.6870866286121
11.313761278821827,73.05744300412432,875.0541398240434,0.19534256117106036,True,3,467.4210862619808,898.9497337593184,124.30606,58.53743,0.0,0.7186149112897254,False,,112.99229872117817,14.520013004124323,,260.15454544711923
54.02562652570725,17.02243258948531,4629.655802280376,1.0263566332037943,True,3,691.3799772468715,874.2116040955632,40.72923,24.584827,1878.9178,0.7303988779340344,False,,13.296396525707252,7.562394410514685,2.4640012470371913,629.8669168115705
223.54225076889702,24.215623021235565,12492.078015300576,0.9952251189614534,True,3,1005.182641509434,916.4362264150944,68.19277,25.037462,3170.238,0.6004234069747898,False,,155.34948076889702,0.8218389787644469,3.940422774347092,835.5162061329843
79.75490392703085,23.095465751434308,12822.043085649062,0.8733512769896848,True,3,3927.315407854985,994.4640483383686,80.661804,25.454634,6633.2837,0.5820811500988944,False,,0.906900072969151,2.3591682485656804,1.9329857828407162,1435.7490374401327
55.58461614787122,14.198977442935611,4184.9796054802355,1.0745416120878262,True,3,654.6156462585034,985.0,59.843906,24.446636,2278.1484,0.7773880299827699,False,,4.259289852128774,10.247658557064398,1.8370092156771856,561.3271396398375
44.00924381600584,24.60736932760706,2353.0707576293535,1.3703638314735058,True,3,2699.077376565954,1050.8710390567428,54.137295,24.404501,766.1085,0.5161369963439443,False,,10.12805118399416,0.2028683276070602,3.071458882951114,354.7015069270255
33.022936925918955,32.29498503144163,5691.512650644112,0.7637234815217222,True,3,3998.922766570605,1082.7873198847262,74.08004,25.603922,2822.0125,0.6188286131073454,False,,41.05710307408104,6.691063031441626,2.01682758338034,990.421040642666
31.119480768999647,34.43869140593396,3405.991072364975,1.0478759737743977,True,3,253.4029268292683,1102.3365853658536,51.723198,25.11105,1280.3025,0.5884751469425119,False,,20.60371723100035,9.32764140593396,2.6603018211438116,610.5585737730543
64.52542,25.388731,3986.2024,1.1512756385788396,True,3,3267.198598130841,1200.8746105919004,64.52542,25.388731,3986.2024,0.5500767540657221,False,,0.0,0.0,1.0,496.2424659202051
27.22665105596989,9.958599816349926,3222.1930939795257,1.0300429531192448,True,3,3064.81517747858,1301.965728274174,37.83784,25.335651,1713.2578,0.8014925623039643,False,,10.611188944030111,15.377051183650082,1.880740361421104,617.5248656054076
62.47134310818514,20.562329161798175,4274.38452567387,1.171114050301422,True,3,4049.5525525525527,1322.1351351351352,64.18392,24.35888,2702.6995,0.9965212618108078,False,,1.7125768918148623,3.7965508382018243,1.5815241486054477,540.7956222482461
44.07589258855988,16.66480713990406,8643.896691533868,1.36534226457539,True,3,1926.0214285714285,1397.6531746031746,61.721375,24.326263,4116.417,0.9981160645516666,True,38.676501817023,17.64548241144012,7.661455860095941,2.099859341639554,1301.9940804576354
33.952913037895186,14.429824379303064,8113.14227064225,0.8288772224866563,True,3,3772.348137535817,1446.9276504297995,68.831215,26.136105,4671.7676,0.6991693306150533,False,,34.878301962104814,11.70628062069693,1.736632248282695,1392.3568994694676
47.13900464402684,17.555230236755403,12985.78571991648,0.9087825391749531,True,3,3626.5556811758056,1406.3589598643302,82.18455,27.10567,6531.374,0.5427239450619897,False,,35.04554535597316,9.550439763244583,1.9882165253308843,1891.3766721845718
45.8136981395659,24.1612658406963,6392.642713544008,0.7633698310282422,True,3,3691.105586878524,1494.7206560738084,90.880325,25.292233,4370.2563,0.6373439395842487,False,,45.0666268604341,1.130967159303708,1.4627615120751631,944.4582341118432
34.302900256221264,28.635544196862874,2873.836364287547,0.986678207954412,True,3,2228.5026269702275,1551.4859894921192,54.37385,25.589685,1298.0184,0.7467211867355609,True,17.09563400194537,20.070949743778733,3.0458591968628745,2.214018202120669,490.6780329629056
89.17285899102203,25.755963225370483,4740.737854303674,1.0270578453242525,True,3,298.04792147806006,1648.2280600461893,86.21787,24.507626,8480.183,0.9593608454148008,True,57.122209236381615,2.95498899102202,1.2483372253704843,0.5590372111431644,502.0299137686568
73.16077564340048,20.76221818806152,3948.894124339906,1.0376169960078971,True,3,3455.15546875,1702.3015625,62.641567,25.328085,2665.1746,0.707256496905689,False,,10.519208643400482,4.565866811938491,1.4816643248588315,461.67498019532894
108.35635602421922,76.28936043250029,37395.15752087278,1.1584938332814987,True,3,3689.534626038781,1724.072945521699,61.007103,26.925316,5725.2666,0.6349712948488149,False,,47.34925302421922,49.36404443250029,6.531601082274977,3592.428814958732
14.365708115539245,20.507794177353606,3356.7716935391704,1.2908746926623227,True,3,2810.559343434344,1758.4747474747476,38.214638,24.720001,1270.5798,0.600419929620947,False,,23.848929884460755,4.212206822646408,2.64192118711408,885.6421656058343
79.05863,24.070297,5667.897,2.085599769262458,True,3,4048.656338028169,1756.7645070422536,79.05863,24.070297,5667.897,0.9107694294122232,False,,0.0,0.0,1.0,637.4517347032926
63.00615691675554,18.973610171921646,7053.444436319498,0.8051127963393748,True,3,2712.479327259986,1791.561317449194,63.57609,25.121317,3742.5847,0.5375513595847539,False,,0.5699330832444574,6.147706828078356,1.8846452389760207,888.6070495516894
9.413994787068301,20.879157131131958,2151.7690957512195,3.5977340770658626,True,3,325.6345580933466,1842.7020854021848,47.145798,26.857557,1693.2969,0.5150082528598504,False,,37.731803212931695,5.978399868868053,1.270757122245496,701.3078320572804
51.601721805385495,21.11928671952808,4903.725337181317,1.0296789577036236,True,3,918.8829305135952,1884.8746223564956,59.5899,24.757559,1647.4169,0.7007724414881175,False,,7.988178194614505,3.6382722804719094,2.9766146851967568,682.6436274066297
-5.411098279287754e-08,88.47790109917217,19429.476523151545,2.148393994766896,True,3,2921.290113452188,1937.2414910858995,54.687233,24.346058,3024.3098,0.6551673253441844,False,,54.68723305411098,64.13184309917217,6.424433278347194,19429.476523151545
0.031906191928249616,32.503906114510734,5351.635195350276,1.070206508141934,True,3,1864.520398912058,1930.09338168631,52.31981,25.79661,2125.5828,0.8139644436560559,False,,52.287903808071746,6.707296114510733,2.517726053932256,5351.635195350276
45.481788956655066,27.236164676759206,4979.5886238383455,1.139693712361146,True,3,55.345699831365934,1940.0101180438448,57.238754,24.684853,1823.0559,0.5138457794701442,False,,11.756965043344934,2.5513116767592052,2.7314514183785286,738.3711115506821
41.54227233006888,26.51627805921214,4647.479687543853,1.0192533664413186,True,3,2539.901717557252,1998.6870229007636,52.010387,25.07788,2989.4893,0.5080096664712178,False,,10.468114669931118,1.4383980592121404,1.5546065635839048,721.0616135944347
35.12956048135119,27.481107441238393,3495.629088071563,1.0536901796283977,True,3,4007.143546441496,1989.634499396864,41.800495,25.745344,2121.5833,0.7657873042396783,False,,6.6709345186488065,1.7357634412383938,1.6476511141804158,589.7785677529656
68.50457470619315,27.176322091030237,5001.376098113167,1.0316574179825495,True,3,158.54042243262927,2055.058266569556,64.89042,25.401014,3303.5635,0.6715355344844282,False,,3.6141547061931476,1.7753080910302366,1.5139336955724225,604.2681821887911
64.32274485385906,19.986335337631456,3007.6240473739704,1.0903173585157977,True,3,1453.5269872423944,2013.3984298331695,52.157944,24.6782,2874.6497,0.515032848412991,False,,12.164800853859063,4.691864662368545,1.0462575830975058,375.0086316895993
41.284779441645355,14.61704167105901,4366.718100483969,0.9235989076466105,True,3,1868.3702956989248,2068.1545698924733,69.16151,24.64579,2570.0457,0.9220849647652368,False,,27.87673055835465,10.028748328940992,1.6990818881096037,679.6106437280275
35.57044476903957,50.90225268727775,4792.491522458748,1.026395832775428,True,3,878.0564635958395,2087.397473997028,63.047653,23.76827,2494.7131,0.7215998472555891,False,,27.47720823096043,27.13398268727775,1.921059188112151,803.5570311245716
49.158057827031456,14.62781830415357,4597.957585633744,1.0497249951808567,True,3,1192.561787905346,2151.729184925504,54.555847,24.694376,2320.6978,0.5818730583720529,False,,5.397789172968544,10.066557695846427,1.9812823477635668,655.7942473320634
37.31522376204599,10.20292770391913,3460.891333451055,5.964532608884183,True,3,238.7434367541766,2205.7840095465394,37.23381,23.949781,1478.3391,0.5389347845067032,False,,0.08141376204599027,13.746853296080872,2.3410673054991613,566.558733041835
32.33528312833185,2.6240502012970492,4043.671066007445,1.1167422060982222,True,3,4061.31747483989,2275.7483989021043,51.537903,24.582228,1407.3853,0.5922940593238712,False,,19.202619871668148,21.958177798702962,2.873179836401194,711.1111470729816
55.17770703703478,24.343273952683294,3771.6305722834654,1.0895315127077523,True,3,3115.569530558016,2334.995571302037,55.31143,24.205698,3759.8887,0.967588171455912,False,,0.1337229629652228,0.13757595268329226,1.0031229308153364,507.74694953559106
33.146318755278884,17.672300573560715,4875.154410882824,1.018777796912166,True,3,3925.213926174497,2411.0520134228186,55.69453,24.587217,2156.3794,0.8666019700577725,False,,22.548211244721116,6.914916426439277,2.260805501519271,846.7802583728836
39.43778220880427,21.557936760662205,3134.355532544651,1.0164871549214791,True,3,1372.2238805970148,2424.9680170575693,42.936913,26.37752,1210.9252,0.569524402790363,False,,3.499130791195725,4.819583239337788,2.5883973118609234,499.10510863410036
16.87702664801141,23.211687393738508,4250.647827732171,1.0331793108825784,True,3,3118.47384305835,2452.2786720321933,48.10142,25.272377,1792.4404,0.8346186270059214,False,,31.22439335198859,2.060689606261491,2.371430496507539,1034.682625610624
406.1879886496302,21.572994245320313,38790.71440220482,1.0165982225691597,True,3,1099.669284467714,2495.065445026178,58.41678,24.81384,3355.5547,0.9624943805220034,True,12.400849535162603,347.7712086496302,3.2408457546796967,11.560149623609123,1924.705288473897
9.560791460067872,39.44250201396831,2274.0682467075603,1.0296566201979571,True,3,354.3516609392898,2470.544100801833,39.83985,24.341518,968.26105,0.6697142697583024,False,,30.279058539932127,15.100984013968308,2.3486106837691763,735.4557899751953
49.3864560174452,27.822119722271317,4291.889141613243,1.1222431713375467,True,3,4030.4343329886246,2517.758014477766,49.113922,25.031158,2556.7632,0.996673999274744,True,11.50763297691956,0.2725340174451958,2.790961722271316,1.6786416284516466,610.7234059266887
44.402059212356065,19.569702802859144,4776.253888896166,0.8919822071610696,True,3,485.2759900990099,2552.058168316832,74.01924,25.15587,2075.6445,0.7031510607772085,False,,29.61718078764393,5.586167197140867,2.3010943776239943,716.7799498115749
38.017644557743125,18.247900851867733,3242.4688022842256,1.0421399687202406,True,3,3928.571174377224,2587.3229537366547,50.818573,24.614162,2165.0786,0.9381707308877858,False,,12.800928442256875,6.366261148132253,1.4976217502146232,525.8758211651625
67.06103046869671,27.122347893254627,5951.477032552217,1.4193782406384372,True,3,2486.617994100295,2668.4601769911505,65.24338,25.52157,2202.7097,0.8301425120941112,False,,1.817650468696712,1.6007778932546266,2.7018889654647715,726.7577147935667
37.31762569026144,25.719074580006108,5086.000462100379,1.6701234654362815,True,3,2627.167482859941,2715.456415279138,48.361546,26.759113,2090.5532,0.6946129056070842,False,,11.04392030973856,1.0400384199938912,2.43284909568452,832.5673837443378
239.48318908416,25.822987672456012,53455.86504192001,1.4491203768541712,True,3,2841.262830482115,2777.505665407687,234.80954,25.595089,53624.03,0.7104373609120554,False,,4.67364908415999,0.2278986724560106,0.9968640000000003,3454.282444759504
39.21195737645019,42.95857744129415,8141.575635217636,1.123854938918303,True,3,1047.7244444444443,2756.564444444444,63.480515,28.267305,3071.9,0.5889941623333588,False,,24.26855762354981,14.691272441294153,2.6503387594705674,1300.1671856759015
21.04544680008629,51.801862538224846,6848.632022801348,0.714783097360977,True,3,666.9689984101749,2805.885532591415,59.53507,24.909643,4576.8174,0.5757825471182881,False,,38.48962319991371,26.892219538224847,1.4963743195875256,1492.879508899568
11.682434202937635,42.719550479736384,2857.3046489013423,1.011994013980539,True,3,292.25550660792953,2794.692731277533,45.18359,24.231817,1556.5605,0.770024567530006,False,,33.50115579706237,18.487733479736384,1.8356528055937062,835.9684283642548
13.939363114328652,5.470600588433464,5533.091555804951,1.1013851531516272,True,3,2542.673649393605,2765.93164277839,46.38086,24.318851,3371.7769,0.9927282300897448,True,22.516391432095347,32.44149688567135,18.84825041156654,1.641001679501675,1481.9938138579764
45.96882314684663,23.34473267048197,4362.656334057295,1.0747000669824953,True,3,3929.553416746872,2867.9162656400385,49.44917,24.98144,1874.0933,0.7460251396087553,False,,3.480346853153371,1.6367073295180319,2.3278757434634096,643.4566747350424
38.08020339917451,10.994724328390566,5760.374651119974,0.016023825569747133,True,3,3126.0060586734694,2858.527469023324,215.23248,26.115015,0.0,0.6956590967859129,False,,177.1522766008255,15.120290671609439,,933.4715814750365
26.409780796791377,17.02694733660472,3620.558764809139,1.0353024168121043,True,3,154.24271844660194,2844.6947141316077,46.942547,24.727577,1201.059,0.5307527943819508,False,,20.53276620320862,7.70062966339529,3.0144720324389884,704.519799092434
55.753385607676876,27.609294993813265,3370.621867719765,0.7858068655593478,True,3,979.1945564516128,2844.1804435483878,62.928894,25.749922,2896.179,0.7835215245056972,False,,7.175508392323124,1.8593729938132633,1.163816831666746,451.4133634331942
44.6819458117352,23.432423015598758,4445.02176056491,1.1630707825426478,True,3,834.1795735129068,2865.6509539842878,46.00312,25.621086,1531.3608,0.5948856783895815,False,,1.3211741882648056,2.1886629844012475,2.9026613196347397,664.9788807295819
93.17325721065201,16.097594181430125,81852.05700975195,1.3582353216875713,True,3,3383.3873183619557,2932.191281373844,197.967,25.111702,33722.242,0.734050272143502,False,,104.793742789348,9.014107818569869,2.4272424416428766,8479.767776651643
40.88574735383211,25.983138543436564,3777.4572092580665,1.0397145293479702,True,3,1678.6986584107326,2918.124871001032,50.22749,24.89401,2876.4888,0.8632079014492526,False,,9.341742646167894,1.089128543436562,1.3132181183038385,590.7634023740284
57.4957199597269,16.806129713512256,5565.379771685668,1.0363273065267542,True,3,2799.831632653061,2939.120991253644,70.841896,26.369837,2247.7458,0.771004277546428,False,,13.346176040273107,9.563707286487755,2.4759827253089153,733.967866830978
80.13130366061779,54.70579723794868,63254.534051198716,1.7127239647196288,True,3,3047.393326592517,3081.336366700371,162.138,27.067108,17622.889,0.5351903531458952,False,,82.00669633938222,27.63868923794868,3.5893396395561883,7066.275354783035
25.238437430106416,20.129316504469312,4817.268067806287,0.8834349637001934,True,3,967.7684210526317,2967.3585526315787,69.89467,24.752575,2454.3425,0.6998610651104702,False,,44.65623256989359,4.623258495530678,1.9627529848854781,958.8917512378988
66.51505,25.177639,2325.6597,1.0497736309611125,True,3,1002.9269005847954,3117.6710526315787,66.51505,25.177639,2325.6597,0.767691299294821,False,,0.0,0.0,1.0,285.15842436347214
51.00826505783317,27.076660094922108,3215.2942370011287,1.0349399968879984,True,3,1817.2458100558656,3046.487895716946,52.60235,24.47044,1498.0002,0.5921615745426354,False,,1.5940849421668304,2.606220094922108,2.146391059895138,450.19477064140784
53.43872257363874,39.003922422447125,3811.426153996389,1.0707461739910376,True,3,1557.8482886216466,3088.1054579093434,56.53442,25.416159,914.257,0.8071081914570418,False,,3.095697426361255,13.587763422447125,4.168878284767182,521.3861323588145
41.282336864711624,29.87722784759506,4010.657932233845,1.0930649277550142,True,3,3951.328125,3117.7288602941176,56.458675,25.588217,1236.4156,0.7254592692747792,False,,15.176338135288375,4.289010847595058,3.2437781699242914,624.2139729038754
9.689453472462986,155.2541548218855,7633.5178600608615,0.9976253086486273,True,3,3736.781580584941,3163.013067828251,71.29196,25.24553,2884.326,0.5843776143967648,False,,61.60250652753702,49.99137517811451,2.6465516935536626,2452.3083970661914
37.047988348247486,11.666376989626032,9430.184600996083,1.659936625612371,True,3,3009.105671641791,3216.957611940298,88.15149,25.953266,5152.881,0.6415523264830492,False,,51.10350165175251,14.286889010373955,1.830080027269421,1549.3084112097729
35.44592190379153,57.352866701792095,11311.30165546189,1.1394582435132647,True,3,3113.4914107235813,3239.46954711088,93.09562,25.829432,6040.5303,0.6503675126433726,False,,57.64969809620847,31.523434701792095,1.8725676544428373,1899.8943288159944
40.630685254396994,30.414112326439835,4189.1917228328475,1.0919987133573013,True,3,4016.387211367673,3244.726465364121,49.483585,25.754486,2901.9512,0.6608752417407442,False,,8.852899745603004,4.6596263264398345,1.443577591116228,657.2084872066051
23.670992374308938,11.515451766911205,3574.91991991816,1.0198703244665122,True,3,3680.966417910448,3348.098258706468,40.384346,24.674814,1872.1182,0.8562936968252882,False,,16.713353625691063,13.159362233088785,1.90955887289497,734.7812830365059
61.80720977886149,23.408508748532235,4901.813367745674,1.0317663959210834,True,3,2327.637219406228,3359.7711803041275,59.695755,24.607336,915.81055,0.5808146170004,False,,2.111454778861493,1.198827251467776,5.352431644018159,623.5010694244871
38.821634047138204,24.041335427747924,3452.9754458910083,1.3876479090465665,True,3,2942.512211221122,3447.231683168317,70.48292,27.214571,2957.8032,0.5645507067694997,False,,31.66128595286179,3.173235572252082,1.1674121678856149,554.1873195497045
56.96886070846008,20.509832182334037,14581.055610491114,1.0242312780684568,True,3,2720.598285714286,3369.6811428571427,85.37672,24.461927,6640.551,0.982302316566408,True,59.77594764026573,28.40785929153993,3.952094817665966,2.195759901624295,1931.8357518960827
46.727158,25.302467,2294.3354,1.0040938594655027,True,3,2014.196589769308,3448.06519558676,46.727158,25.302467,2294.3354,0.592755110872818,False,,0.0,0.0,1.0,335.63884835318953
8.187732842980399,29.405213745970475,3242.6164953593966,1.113866565641155,True,3,2427.624118476728,3471.27221438646,62.074894,24.555862,3872.697,0.9750522800511382,False,,53.887161157019605,4.849351745970473,0.8373018842835875,1133.2187608791799
59.03371101229045,16.43293833833231,3916.047141125552,1.046058910541396,True,3,556.6041486603284,3479.7778738115817,55.177773,24.371344,1590.4734,0.5697020246164565,False,,3.8559380122904514,7.9384056616677015,2.4621896481422145,509.68032463508837
77.26606840092286,26.272905839900137,6302.415993260687,1.0509919269281691,True,3,3381.83860342556,3549.1100131752305,75.52316,24.66343,3871.1982,0.99539086209443,True,55.74010314759315,1.7429084009228575,1.609475839900135,1.6280272069925759,716.9892734670048
57.156600469573235,24.001429593079845,5048.810735961182,0.7603948817302532,True,3,2785.7980900409275,3618.433833560709,70.50313,24.659157,2575.3525,0.8355166220975112,False,,13.346529530426764,0.6577274069201451,1.9604348282268864,667.8145785804155
65.0728106799261,20.325753762659332,8265.762525005877,1.0588369636281765,True,3,2961.4962362478286,3670.284887087435,72.29077,25.208199,3443.7297,0.5130351452298687,False,,7.217959320073888,4.882445237340676,2.400235571626274,1024.6679233747352
68.16323532266098,23.59572213380004,5049.655444587137,1.0555751244881706,True,3,861.2063897763578,3662.729073482428,64.89563,24.566322,2414.933,0.9239241498410604,False,,3.267605322660984,0.9705998661999615,2.091012646970801,611.6269985163044
212733359.4388485,20.4231982483138,2956136086.077391,1.0021906008805883,True,3,2476.25841816758,3658.878621769773,64.36884,24.695448,421.19202,0.5203351625465573,False,,212733295.0700085,4.272249751686189,7018499.747638597,202678.00638729485
17.28776846951329,5.8462379620699645,4267.07684669417,1.0446795919360101,True,3,3110.806070826307,3630.231871838111,57.035076,24.596651,3640.337,0.928176420249514,False,,39.74730753048671,18.75041303793003,1.1721653370812015,1026.2684916687144
52.90257358416539,24.834449546423155,2978.778567953549,1.0479275657353315,True,3,1697.846237731734,3624.276990185387,47.011627,24.773312,1092.5693,0.5537348039119585,False,,5.890946584165391,0.061137546423154276,2.7263978293674818,409.54329537624807
43.13697858056237,26.612273644594268,3637.305980275502,1.0223404651329422,True,3,2344.82466442953,3666.135067114094,48.593166,24.63433,1844.479,0.7009895756688732,False,,5.456187419437626,1.9779436445942693,1.9719964175658828,553.8025807582479
59.360622,24.84709,3550.695,1.0401340254788596,True,3,3107.835992907801,3726.209219858156,59.360622,24.84709,3550.695,0.8811256520331371,False,,0.0,0.0,1.0,460.8548338330161
56.325386,24.662025,2958.2485,1.007960537477334,True,3,1444.2187776793623,3712.7289636846767,56.325386,24.662025,2958.2485,0.9569489208299056,True,19.71713951653344,0.0,0.0,1.0,394.1690899399204
52.507007266309486,34.132029913093554,4609.355204423215,1.0868779330772944,True,3,2215.1143984220907,3747.059171597633,55.44229,25.422235,2211.643,0.9530935449275424,False,,2.9352827336905136,8.709794913093553,2.0841316633937823,636.1090055983386
73.75851,25.181108,3548.3738,1.054236264637093,True,3,3113.428466076696,3801.617256637168,73.75851,25.181108,3548.3738,0.7066587253562359,False,,0.0,0.0,1.0,413.1647830465033
177.67458818911348,23.868179710485368,13074.554382984055,1.0490834932856345,True,3,482.4599673202615,3791.373366013072,58.548576,24.370182,1526.388,0.7270469512186053,False,,119.12601218911348,0.5020022895146212,8.565682108994604,980.8762906659155
43.117310869538585,20.27358874539893,3198.945951644618,1.0266374793812791,True,3,3163.0321931589538,3973.3923541247486,50.390118,24.524622,2190.1975,0.8252113512702871,False,,7.272807130461416,4.251033254601083,1.4605741955438347,487.17059721344003
64.01715,26.17951,2573.8896,1.0857669596084711,True,3,3534.207659574468,3931.527659574468,64.01715,26.17951,2573.8896,0.873072375620855,False,,0.0,0.0,1.0,321.693101038016
128.92613,25.556452,7052.455,1.0825996367568596,True,3,2022.444769568398,3978.58888076079,128.92613,25.556452,7052.455,0.6484862920113393,False,,0.0,0.0,1.0,621.1119005342953
50.32003904862253,23.11519242574881,6324.54724376533,1.0636671637383552,True,3,3036.2939460247994,3983.542669584245,61.693897,24.522638,3061.5918,0.9394950046690004,False,,11.373857951377467,1.4074455742511987,2.0657708985780956,891.5772050301991
59.30533131402756,13.732569591429586,6912.4155165887005,1.1438139664336888,True,3,3985.954388389772,3984.134761575674,66.90326,24.843367,3984.2957,0.745434421867487,False,,7.597928685972441,11.11079740857042,1.7349152866813324,897.6002568186353
44.585102173587515,13.453308584375296,5532.352748782728,1.092773361767288,True,3,2916.8289156626506,3981.671485943775,62.41885,25.118406,2226.2815,0.7867802577792208,False,,17.833747826412484,11.6650974156247,2.485019414113951,828.5428622380052
35.20689371692881,20.607679340956167,5676.626828126622,1.114697342477217,True,3,2795.0077469335056,3980.7236927049703,67.29016,24.90502,3526.837,0.8507902232651694,False,,32.08326628307119,4.29734065904384,1.6095517961637076,956.7015790383731
58.407421327487235,25.073540232196276,6424.531267810864,1.0702519320165786,True,3,1889.982132564841,3980.406916426513,78.72228,24.765615,3004.125,0.960993153126056,False,,20.314858672512763,0.30792523219627554,2.138569889006238,840.6349280438092
68.94501284162695,0.18024993974028367,6478.050444036418,1.081792385712403,True,3,1798.154356060606,3980.5492424242425,51.099167,24.730991,2549.056,0.6773675290865959,False,,17.845845841626947,24.550741060259725,2.541352737655202,780.176558329526
55.79378709389951,17.836655040728758,4827.493176819937,1.0262099618824239,True,3,2815.5037468776018,113.73105745212322,62.166958,24.873798,2891.372,0.925956806388746,True,41.79178066041998,6.373170906100491,7.03714295927125,1.669620227635855,646.2919524789503
58.68942672614551,24.743114689348612,5832.850334475784,1.1046484264416392,True,3,2580.0817204301075,3985.6028673835126,69.08397,25.186934,4027.5273,0.6624644233307245,False,,10.394543273854481,0.4438193106513779,1.4482460080347024,761.3790090363902
56.465413029851504,20.405881748240144,4986.277967532281,1.028693120226542,True,3,1337.8200408997957,106.8295841854124,63.37291,24.59266,2329.9692,0.7978644429066023,False,,6.907496970148493,4.186778251759847,2.140061751688512,663.5676886739957
57.43043951909148,25.94359730889691,2819.4692199672463,1.0173813195700279,True,3,1693.2336683417086,79.5284757118928,58.430614,24.179901,2752.2708,0.6239481401261336,False,,1.0001744809085196,1.7636963088969075,1.0244156279851702,372.0456985749319
43.62219257469713,40.06930450020314,4234.753438330388,1.0216444205617268,True,3,2188.9240506329115,163.10488245931285,54.430996,24.715887,1197.1187,0.6556459540652176,False,,10.80880342530287,15.35341750020314,3.537454922665888,641.1717571928458
69.97287631245322,24.011120811763874,4644.584479428651,1.0563041140932803,True,3,1570.1828358208954,232.51940298507463,63.7572,24.461842,1599.936,0.7463164934797316,False,,6.215676312453226,0.4507211882361162,2.902981418899663,555.2416081073635
-1.5228797440136267e-06,65.49076381299348,8745.900283961804,1.1794613230327926,True,4,3719.166376306621,28.924216027874564,51.473335,24.33705,1865.8885,0.6053789112799298,False,,51.47333652287974,41.15371381299347,4.687257724114707,8745.900283961804
71.42861394627872,6.788287164266398,15228.089986807736,1.2529940574306677,True,4,2449.308172826653,3978.832378969287,88.08435,25.005741,3752.334,0.6937014301518385,False,,16.655736053721284,18.217453835733608,4.058298111737318,1801.8113698613597
49.46990460081948,19.347751888664554,5082.051229444981,1.0733911844076496,True,4,3804.032062391681,27.87694974003466,54.604534,24.92034,2242.5713,0.9710763108200344,False,,5.134629399180518,5.572588111335449,2.266171527944276,722.5509929622928
49.27309272873201,27.77518891553355,4721.913485946049,1.1525435230520387,True,4,3802.8153477218234,3951.756195043965,57.202106,24.437218,1374.6272,0.6985101709970717,False,,7.929013271267991,3.3379709155335497,3.435050234671662,672.6871234020261
43.31987042608789,25.674272548568183,3112.4231512251754,1.23470508697536,True,4,26.67083333333333,3869.9510416666662,47.796448,24.37302,2177.1128,0.5451629839115242,False,,4.47657757391211,1.3012525485681827,1.4296104231370903,472.88448200730556
5.519617341847026e-07,138.500074216293,18976.3408479601,1.7063235201833509,True,4,1806.7502116850128,3883.860287891617,63.638435,25.635159,2103.5054,0.6719639906033118,False,,63.63843444803827,67.135084783707,9.021294096967898,18976.3408479601
64.18124,24.548182000000004,1949.1614,1.370595436566232,True,4,4067.641723356009,3826.573696145125,64.18124,24.548182,1949.1614,0.7218653404011203,False,,0.0,3.552713678800501e-15,1.0,243.30091965380112
58.1424088534226,30.54478017034831,5154.3969008463755,0.8201297267670796,True,4,2528.8589181286548,3743.4634502923977,62.58976,24.198008,1228.3435,0.541760233421556,False,,4.447351146577397,6.346772170348309,4.196217833892861,675.9761088297647
47.26041419404578,22.61319673611215,5333.786232614428,1.1229548100838014,True,4,975.624254473161,3617.195825049702,50.3146,24.417948,1784.9047,0.72554143892007,False,,3.0541858059542193,1.8047512638878516,2.988275078559896,775.8662209396944
56.226143,25.292603,1012.862,1.0755249281705948,True,4,1515.068934646374,3558.4888093106533,56.226143,25.292603,1012.862,0.5342626121980174,False,,0.0,0.0,1.0,135.0769144151832
47.85401028300719,25.134287326219408,4020.760167229194,1.0329173853930154,True,4,3431.2023608768973,3581.760539629005,56.549046,26.607038,2317.1746,0.540909143301121,False,,8.695035716992805,1.472750673780581,1.735199482692929,581.2313080175428
58.9425216540547,13.508548187540363,11854.871568650156,0.8513055304217807,True,4,731.3477366255144,3599.775034293553,69.735214,25.057491,4310.2666,0.7971862074672837,False,,10.792692345945298,11.548942812459643,2.7503801200255587,1544.1251531235978
63.91949688440951,20.750608944371656,6551.15066909853,0.9886231175944183,True,4,788.9228775113415,3461.914452365522,73.80445,24.725456,4773.59,0.9786987076829284,True,51.954039325849095,9.884953115590491,3.974847055628345,1.3723739720207495,819.4093474042813
20.191160647903146,65.880074953546,5911.030391413978,0.8563653463137298,True,4,619.2610124917817,3550.3852728468114,64.74077,24.25732,908.7411,0.7621780434286897,False,,44.54960935209685,41.622754953546,6.504636349576329,1315.4748522979025
40.57324689688059,20.80365045405814,5151.799738190952,1.0901956211005457,True,4,1737.2619324796274,3309.782305005821,45.911545,26.838701,2539.1143,0.9806324320956328,True,16.09881699983532,5.338298103119406,6.035050545941857,2.0289751186825074,808.7961789454143
80.90363606453175,30.928609534961364,6089.799445213663,1.0599481565663462,True,4,2316.629179331307,3241.5604863221884,77.93752,24.953585,3640.0737,0.6926075932584037,False,,2.9661160645317466,5.9750245349613635,1.6729879521982378,677.0472368281528
52.79480700696176,24.754075924609822,3794.44697781761,1.0858317509738005,True,4,682.8292507204611,3199.4560518731987,69.50038,24.57116,3339.5305,0.9858966152304748,True,45.11947198325432,16.705572993038245,0.18291592460982287,1.1362216867962758,522.2192602313959
27.454766026521327,39.84364757526087,5634.231489339058,0.8605674487654789,True,4,2898.9222720478324,3103.1233183856502,62.098072,24.435316,3564.5427,0.5880141876990718,False,,34.643305973478675,15.408331575260867,1.5806323457253177,1075.2905103085602
60.821709648267515,33.93333576804046,4553.236698239224,1.0132064837833235,True,4,3660.509944311854,3108.821002386635,58.401237,24.418507,2177.4746,0.6685375504763794,False,,2.4204726482675127,9.514828768040456,2.0910630591232726,583.8360606684063
85.16800631608663,19.076033184965397,20057.924054060524,0.983139625912511,True,4,140.47597461468723,3027.4043517679056,106.41319,24.847807,9366.887,0.7222851915500432,False,,21.245183683913368,5.7717738150346065,2.1413650078260282,2173.4404330061247
39.832074301271824,35.88973782444957,3941.9692952527275,1.0278034495036774,True,4,2574.339285714286,3001.9083333333333,43.21004,24.743969,1069.0652,0.5618134355823553,False,,3.3779656987281754,11.145768824449569,3.687304848434621,624.5925150582593
61.73116993541292,25.795478860060335,2978.4236593977025,1.0974614256732904,True,4,264.8193493150685,3014.970034246576,60.941505,25.049646,2914.2046,0.8138501362556335,True,59.36409991390048,0.7896649354129224,0.7458328600603359,1.0220365651051757,379.08292167242365
51.52782495196351,18.33114987013815,8772.395166974964,1.6132124078996686,True,4,2843.0539184952977,3017.586206896552,77.2919,25.719658,2683.4343,0.6889159476077947,False,,25.76407504803649,7.388508129861862,3.2690925829542254,1222.0733728166124
31.186822651480497,42.397413984194706,6640.624301206799,2.7582852620349105,True,4,2935.875730994152,2981.9758771929824,53.66851,24.035656,3123.765,0.6032369321673066,False,,22.4816873485195,18.361757984194707,2.125839908317943,1189.113596877678
31.94517079482476,19.79188663712825,3859.3997589764685,1.0111476007390219,True,4,759.3164444444444,2956.3786666666665,53.726467,24.732073,2442.3086,0.5491806030632237,True,21.343620671620364,21.781296205175238,4.940186362871742,1.5802260856701191,682.8371769505629
32.59994065535325,33.40506410465592,7082.359037722908,0.9416834880922126,True,4,81.47957099080695,2926.2517875383046,80.40321,25.989126,4762.5356,0.6361979600798671,False,,47.80326934464675,7.415938104655922,1.4870983930750896,1240.4222125260537
57.107822240231016,25.00340313801941,5218.610928877195,0.7742401640919733,True,4,1749.5828988529718,2845.9864442127214,50.509964,24.605762,2490.1824,0.7363434279330828,False,,6.5978582402310195,0.3976411380194129,2.0956741678349324,690.5690654838266
77.80035181380346,15.295804031851851,5526.415218687644,0.9599516913819862,True,4,2582.88541014402,2838.7113337507826,78.32636,25.094358,3741.9243,0.9044097937122394,False,,0.5260081861965347,9.798553968148155,1.476891239806119,626.545667767491
44.07716495884611,35.00186562687947,3891.1290670930366,1.0201538284530154,True,4,1891.892996108949,2803.326848249027,49.131615,26.693148,1744.1389,0.6419438248028703,False,,5.054450041153885,8.30871762687947,2.230974303189406,586.0960708842445
56.170379835933076,18.101366343332877,4999.881693497955,1.0636625753863918,True,4,3083.570552147239,2760.462576687117,37.227154,24.754171,1378.8779,0.522364386129556,False,,18.943225835933077,6.652804656667115,3.626051076384613,667.1232059651438
32.20187052292221,32.76681195860125,3051.91062358436,1.0987938101624435,True,4,313.89687924016283,2711.2306648575304,37.238647,24.78467,2493.1392,0.6206600640159199,False,,5.036776477077787,7.982141958601254,1.2241236364116213,537.812957254439
59.43641779763783,17.99021256437603,6811.146673127166,1.073920074512317,True,4,3492.120751988431,2715.191612436732,66.801094,24.484999,4227.166,0.9898796964842964,True,37.69284133227378,7.364676202362176,6.494786435623979,1.6112796784245438,883.4742972578202
57.88951679012493,13.962530860364621,4409.293775064039,1.2842830836197572,True,4,4013.632950990616,2725.3628779979144,47.183918,24.83807,1106.6925,0.798116119367465,False,,10.705598790124931,10.875539139635379,3.9842085991041225,579.5208598359577
75.3739345105964,20.210514433110866,5852.98398855256,1.0753061411018878,True,4,2094.6508795669824,2710.5825439783493,72.44105,24.40931,4828.1094,0.9992280681949788,True,36.059304056591,2.932884510596395,4.198795566889146,1.2122724453080038,674.1658400549779
35.487745383243066,28.027662575844204,3606.935710341213,1.0017379800110968,True,4,3837.387782204515,2718.221779548473,35.712837,24.939692,2221.439,0.5134133436183613,False,,0.22509161675693434,3.087970575844203,1.6236933403713598,605.4791566043492
64.49282936706048,15.528677022117646,18975.658076372565,2.9877808942087176,True,4,3347.7509293680296,2634.9169764560097,77.99036,25.917635,7842.0435,0.6745262408871633,False,,13.497530632939515,10.388957977882342,2.4197338456962862,2362.877087494505
43.849890102634525,33.28910095059556,4754.729665319928,1.0556115937634944,True,4,2054.878478664193,2533.385899814471,52.74827,24.578232,3666.9348,0.5895551463328604,False,,8.898379897365473,8.710868950595561,1.296649633726765,718.0283222796465
27.56865636834801,31.573269959406893,3081.7326561366344,1.0520082512014624,True,4,3293.2223502304146,2395.2039170506914,39.431416,24.192125,1846.9276,0.5983420895359872,False,,11.86275963165199,7.3811449594068925,1.66857252885096,586.9311515069219
53.36029988382309,24.57496245950551,4514.0066685589745,1.2087599014646568,True,4,2463.212389380531,2405.2379547689284,50.975586,24.174383,2179.454,0.8220265462205324,False,,2.384713883823089,0.40057945950551144,2.0711640018825697,617.9496143035074
26.968642803405118,14.654273497155248,6155.286875397409,1.2912884361349806,True,4,19.387956564659422,2312.5903257650543,49.712215,25.660934,2975.2983,0.7942959898771879,False,,22.743572196594883,11.006660502844738,2.0687965557596053,1185.2739867960684
12.796926656540682,41.58276715341226,2952.220343710172,1.0130557129526603,True,4,3093.078144078144,2323.423687423688,38.2038,24.166063,1738.0846,0.7978823003886943,False,,25.406873343459317,17.41670415341226,1.6985481280428882,825.2697532641956
55.695964143699115,16.16347022829818,3165.4076624627737,1.0223122771252635,True,4,2653.9111328125,2352.64453125,48.3117,24.811867,1604.2391,0.5625667590566881,False,,7.384264143699113,8.648396771701812,1.973152046015319,424.1483541715719
29.82836464534644,30.319694822880532,4506.850736539436,0.8010315862988303,True,4,3519.539538714992,2381.0939044481056,62.30703,24.487423,2897.657,0.7370712041849964,False,,32.47866535465356,5.832271822880532,1.555343070811844,825.1985439636719
51.92945413995261,16.385903237055945,27355.746332683993,1.1503794114756762,True,4,1093.598148148148,2219.8712962962964,103.302734,26.856821,14006.06,0.6002488188005091,False,,51.37327986004739,10.470917762944055,1.9531364518418453,3796.1353543052933
64.78442617808335,16.946811010166574,3877.827393708256,1.0013232723776129,True,4,409.5956204379562,2211.9036496350363,71.41652,25.296415,2579.7515,0.745670542060948,False,,6.632093821916655,8.34960398983344,1.5031786564358063,481.7848797505028
78.05336674479508,29.031399948331853,9497.937001378496,0.9463121270280382,True,4,1033.341856586993,2097.043357420789,82.22554,26.742096,6362.707,0.6048780640615301,False,,4.1721732552049104,2.2893039483318525,1.4927509629751134,1075.0618839493995
0.2824619663843677,76.85182644776063,2080.8300934590507,5.660901393721829,True,4,1751.5909742120343,2085.4212034383954,63.326042,24.606653,2692.1172,0.6579428159506658,False,,63.04358003361563,52.24517344776063,0.7729344374230998,2080.8300934590507
49.63052151961084,28.789423832144358,8985.65848918874,0.9317043507580465,True,4,113.01308539944904,2101.5792011019284,75.77781,25.628523,6431.546,0.6067054138383364,False,,26.147288480389165,3.160900832144357,1.3971226341518415,1275.485392692187
80.4121571307954,33.93285082707807,10285.152442941226,1.1378490363358815,True,4,1250.5277777777778,2056.868055555556,36.567047,25.33581,1473.1211,0.5614822953936159,False,,43.845110130795405,8.597040827078072,6.981878436838102,1146.9642374351542
63.872468382145094,19.12494690337692,42407.07353484888,1.1740380729483353,True,4,885.3791405550581,2140.911369740376,107.44384,27.586447,22653.309,0.5291979443538867,False,,43.5713716178549,8.46150009662307,1.8720034911830707,5306.173585235668
41.479481735734495,20.160138401298855,16055.15869436322,1.325213044048788,True,4,217.06223175965664,2077.9254291845496,99.131454,26.593515,8433.324,0.5698634419255754,False,,57.65197226426551,6.433376598701159,1.903775865170509,2492.8603033940008
79.91519347706871,22.293082113169085,2993.048321628159,1.0452012960900328,True,4,2153.6837672281777,2036.584992343032,62.849133,24.703577,1784.8049,0.525202586976912,False,,17.06606047706871,2.410494886830918,1.6769610625946618,334.8104856184622
41.58960169201926,44.793447975819525,9031.145187009904,0.8375004793402115,True,4,163.39398862713242,1999.647441104793,57.43766,24.50424,4439.438,0.6859467823551026,False,,15.848058307980743,20.289207975819526,2.034299203414915,1400.3946521746348
65.91122588285599,20.649948033202126,22689.252737508847,1.5563697057943242,True,4,55.88490364025696,2014.8302997858675,95.53993,25.478918,11280.107,0.6474542799934268,False,,29.62870411714401,4.828969966797871,2.0114394958761337,2794.7341269884087
10.908523130982562,51.021259025593146,19163.31458738282,1.4967374401199327,True,4,495.7434402332361,1991.9689018464528,54.654297,26.067612,5454.144,0.5978421276630687,False,,43.74577386901744,24.953647025593146,3.51353293704435,5802.132611426221
50.87249574993451,22.82559769239847,5302.118670993207,1.0858899850698611,True,4,806.7304261645194,1911.704658077304,52.363438,25.041302,2162.2527,0.6570817567505968,False,,1.490942250065494,2.215704307601527,2.452127205572784,743.3749490027304
52.38611800543963,23.2231042507709,10647.944336704728,1.1073491360502374,True,4,410.18130990415335,1881.629392971246,63.671425,25.249458,5131.353,0.9259478199048828,False,,11.285306994560372,2.026353749229088,2.0750753917543245,1471.1523969382126
63.72383077465249,25.097542487567154,3143.6403897616437,1.0412616315133336,True,4,3073.8710144927536,1897.394927536232,61.627186,24.764267,2242.1829,0.9768286668982225,True,54.52359729599118,2.096644774652489,0.3332754875671533,1.402044583321746,393.8056313412748
62.974102,24.430225,5961.581,5.31919103467291,True,4,3787.817285822593,1843.882486732373,62.974102,24.430225,5961.581,0.7685747738464045,False,,0.0,0.0,1.0,751.2430331154571
6.643405263010608,29.99461958330988,7752.0991043899885,1.053977041661124,True,4,812.2134888438134,1795.585192697769,97.01181,25.007607,7314.075,0.9598233188190124,False,,90.36840473698939,4.98701258330988,1.059887833306329,3007.6267795682684
54.81477600444305,17.841535333227316,9168.464989122942,0.8750354042300202,True,4,3001.2940831868777,1766.02460456942,81.74715,25.596537,4626.709,0.723523850475807,False,,26.932373995556958,7.755001666772671,1.981638566229893,1238.3625478562064
63.218282021291486,18.441564629141126,11620.250282704601,0.9508911795076307,True,4,2870.581981981982,1714.096096096096,78.86007,26.468163,4695.6914,0.7462448894705623,False,,15.641787978708507,8.026598370858864,2.47466225798071,1461.484243180701
36.01874499304892,27.064728731071156,3723.6167360049685,1.0566992203082695,True,4,2713.287709497207,1713.195530726257,53.577454,24.582634,2460.8694,0.5888921277007346,False,,17.558709006951084,2.4820947310711574,1.5131305773500083,620.4412802516716
64.05600372497273,19.642212026075544,10102.411441013608,0.8813813950313212,True,4,2352.156303972366,1631.0466321243523,57.508583,25.147322,4487.9023,0.8027089180186741,False,,6.547420724972724,5.505109973924448,2.251031944481859,1262.2492800979405
62.633778,25.017115,3294.7598,0.8659651739491044,True,4,1796.6129770992366,1580.3809160305343,62.633778,25.017115,3294.7598,0.750389390332837,False,,0.0,0.0,1.0,416.31250297731196
47.32641456804424,32.3543439159475,11077.020592483294,1.2264462690379552,True,4,1647.672131147541,1587.792786885246,76.23666,24.919697,5706.548,0.9411026953394636,True,37.10822721393309,28.910245431955758,7.4346469159475035,1.9411070567501219,1610.1678882695712
-0.16136941248879766,60.07012945458283,5850.082585081769,1.569038189723406,True,4,2373.289935364728,1528.555863342567,54.56657,23.418434,4637.9824,0.98048483267071,True,22.97388022850005,54.727939412488794,36.651695454582836,1.2613421269304017,5850.082585081769
39.73383280817919,34.42746290739464,3845.390299041527,1.0471117728916577,True,4,1317.110576923077,1495.194230769231,54.420498,24.562979,2153.5193,0.700586322088907,False,,14.686665191820815,9.864483907394643,1.7856307575425618,610.0426463126041
54.6680356342672,23.66661435625578,3023.448308613384,1.0732427282580645,True,4,902.7430368373764,1374.433962264151,58.337006,24.882627,1988.3638,0.6293326054666166,True,33.726570543549144,3.668970365732804,1.2160126437442216,1.5205709883741516,408.9176097357037
62.57134121444004,24.022491441520003,2891.3168382859994,1.0688756110445194,True,4,1420.744019138756,1317.0231259968102,60.267902,24.683516,2926.9673,0.7801941221840698,False,,2.30343921444004,0.6610245584799941,0.9878199999999999,365.51731375119033
40.77656133352384,29.492953801450806,2880.604509818887,1.539850722962628,True,4,1629.1404761904762,1238.5738095238096,42.07635,23.979586,2048.177,0.6998395502678956,False,,1.2997886664761609,5.513367801450805,1.4064236195499153,451.10572283743966
49.58909727386293,9.910536185706926,7070.216507469859,1.1321982511372595,True,4,36.54703832752613,1235.3275261324045,55.806553,24.764088,2830.941,0.9054374613019004,False,,6.217455726137068,14.85355181429307,2.4974792860288715,1004.0136377296507
19.787888347021266,36.6468584365816,3206.6808295466108,1.0492441781535877,True,4,2581.833996023857,1192.831013916501,52.466747,24.83471,2424.8162,0.7546216910056882,False,,32.67885865297873,11.812148436581602,1.3224428431097626,720.8684359580867
36.3419409881881,5.967307274811956,2945.8557375199584,1.0381143477448962,True,4,2713.912489379779,1209.7799490229395,56.792217,24.62683,2348.7832,0.7931112531577427,False,,20.4502760118119,18.659522725188054,1.2542050443480517,488.66070320740704
78.59966304805678,19.27160051314643,9758.540545195374,0.9527614951596896,True,4,3676.2129213483145,1177.1157303370787,79.0104,24.781912,4983.545,0.922477426236629,False,,0.41073695194322113,5.510311486853567,1.958152388549792,1100.714097459497
55.67405305580154,35.63110251649091,4133.367277162559,1.0343929936224852,True,4,3001.651493598862,1253.0128022759602,66.477844,24.865156,1804.6445,0.5603262659117982,False,,10.803790944198468,10.765946516490914,2.290405272153357,553.9589424070917
5.357136991566163,27.086896684482618,2717.7763689530993,1.0696253258156605,True,4,342.311004784689,1173.354066985646,40.93319,24.27228,2361.672,0.8319356914145172,False,,35.57605300843384,2.814616684482619,1.150784854523871,1174.2142377246173
54.37998677538248,30.493296954387286,12526.229022608517,1.149773256183331,True,4,67.53769401330376,1133.4312638580932,84.42353,23.993845,8423.549,0.948059315472995,True,52.01627488420387,30.043543224617522,6.499451954387286,1.487048870091278,1698.6378577028195
52.78996187246521,21.53753321287167,5253.474562465758,1.0330622888588765,True,4,1737.1750433275563,1134.7192374350086,57.576145,25.158863,3450.3123,0.8992775722978901,False,,4.786183127534784,3.6213297871283316,1.5226084208278068,723.054377174774
42.27450682719058,26.519124185643644,3601.519725813725,1.0832026305907592,True,4,3857.0906313645614,1061.3238289205703,49.333874,24.489222,1301.2861,0.611527478124359,False,,7.059367172809424,2.0299021856436426,2.7676617200581215,553.9193325223861
67.21148452584565,22.799294584262814,2173.4983139394517,1.0812438735917516,True,4,470.3327987169206,988.83319967923,60.212505,24.726467,768.29205,0.5552856000225489,False,,6.998979525845648,1.927172415737175,2.8290001360022554,265.1169920213027
34.10273501629787,28.813959801487098,2318.8157590285246,1.0493558513641,True,4,2946.790363482671,1001.69146238377,61.238327,25.247988,2328.4392,0.666231462726105,False,,27.135591983702128,3.5659718014870982,0.9958669992450414,397.0741711093444
26.018384515108124,32.22316858069644,4358.958347465488,1.1607807293776913,True,4,26.03933054393305,968.2970711297072,51.85803,24.319412,1016.6715,0.7075166837092841,False,,25.839645484891875,7.903756580696438,4.287479630800596,854.5599894337004
61.696551725898615,18.863405240971165,2186.9438100648445,1.0620474992104114,True,4,601.4771986970684,876.8184039087948,60.07492,23.97745,2082.6602,0.698463200054319,False,,1.6216317258986166,5.114044759028843,1.0500723113952264,278.4243272054676
45.85148856053982,25.905651070558402,2687.091930758046,1.013871214166665,True,4,3879.8291948833703,852.6215199398043,63.769917,24.489473,1377.7677,0.7505287948049632,False,,17.91842843946018,1.4161780705584022,1.9503229250896548,396.8311951627029
41.44146732786603,19.782257854529355,3440.5173739867914,1.097721991402125,True,4,1937.2506596306068,851.9551451187335,54.607647,24.426973,1337.7085,0.8304397941184646,False,,13.166179672133971,4.644715145470656,2.5719485029711566,534.4489069684167
35.63469131406879,25.84058312253497,2661.129415877187,1.1102111967641566,True,4,4034.812255541069,789.9256844850065,39.400578,24.197649,1399.7439,0.6232526963435803,False,,3.765886685931214,1.642934122534971,1.901154501103514,445.7891511010075
9.887457774036399,78.83224906729839,7302.51005292654,1.1028218690542895,True,4,807.0775558166863,730.9424206815511,46.216896,25.338312,4015.4624,0.6100168314847293,False,,36.3294382259636,53.49393706729839,1.8185975425710723,2322.361604009714
2.3639944478554266e-07,91.68841908683571,17569.83550128925,1.4486063181303794,True,4,2253.109077040427,685.1243325705568,64.1119,24.242962,3757.9639,0.66260278201601,False,,64.11189976360056,67.44545708683572,4.67536037301722,17569.83550128925
47.86121339443561,29.77207439261671,4784.420957756621,1.4362870416469773,True,4,17.728285077951004,691.7661469933184,47.213802,24.591717,3237.9229,0.9570783103848676,False,,0.6474113944356077,5.18035739261671,1.477620408366308,691.5722073775156
18.162617429889295,22.996349806371136,3925.891524701396,0.20996358041664773,True,4,1776.4119170984457,585.3402417962003,55.543568,24.643965,2087.7847,0.5394036889163887,False,,37.380950570110706,1.6476151936288659,1.880410142243784,921.1897096403098
23.01034265700273,29.31795789414021,5468.663946099132,2.09798948380461,True,4,818.8365019011407,540.7557034220532,52.005226,24.02708,3591.112,0.924018361340774,False,,28.99488334299727,5.290877894140209,1.5228330238931929,1140.0389604244895
36.805851421021366,28.30727437699274,3375.6321494455715,0.9385564481524941,True,4,1732.8351219512194,490.30536585365854,55.083656,24.804365,2203.7822,0.6251732221245098,False,,18.277804578978632,3.50290937699274,1.5317449017627838,556.4122464916837
20.65628332694083,1.8612383911402834,8799.60172699295,1.2836168561853671,True,4,4074.671219512195,443.2126829268293,50.631077,25.136768,3980.6353,0.8309330490691387,False,,29.974793673059168,23.275529608859728,2.210602344553632,1936.1407485997522
11.538082656014318,154.06197945574513,3444.239915267768,1.1200878113572634,True,4,1817.957427536232,440.15036231884056,55.877907,25.871582,927.2343,0.6754693171721728,False,,44.33982434398568,51.80960254425486,3.7145303137165744,1013.973424391945
19.01117695356544,72.42648237502249,4962.013857796428,1.1037746050803425,True,4,811.7843833185448,387.7133984028394,54.328682,27.09942,1654.7667,0.8130981646007268,False,,35.31750504643456,45.32706237502249,2.998618390010162,1138.0293708896495
39.082146478924166,28.806655394049283,2829.8535041282275,1.0229924897004778,True,4,2662.229367631297,339.2250803858521,43.04813,25.642956,2608.7354,0.9500145182706778,False,,3.9659835210758345,3.1636993940492815,1.0847606484460737,452.66274163866166
17.776930754038247,54.38488134285888,4051.128889910964,1.1367771716251929,True,4,22.434813248766737,373.2403100775194,69.82161,25.214134,1343.5491,0.722148981381956,False,,52.04467924596176,29.17074734285888,3.0152443925651577,960.832468772252
34.64358846289444,23.622438009032432,3470.5047510853274,1.0751932252900722,True,4,232.29258010118045,358.93254637436763,55.17624,23.87522,1806.5281,0.5427322418844229,False,,20.532651537105558,0.25278199096757703,1.9210909318738676,589.6322208759331
83.77818716320088,26.680110600325232,4777.061699227353,1.0306769934710778,True,4,2783.825158227848,301.0348101265823,63.89098,24.483528,3007.7659,0.9774966400129264,False,,19.887207163200884,2.1965826003252324,1.5882425222080458,521.9097032236565
41.15819878685385,36.9614408758278,5573.5649213937795,1.6569858563694793,True,4,805.889247311828,262.06774193548387,44.990658,23.474442,2741.7996,0.6583813090845244,False,,3.8324592131461515,13.486998875827798,2.0328126539203595,868.7701367567636
42.99503479501496,26.89060508869049,4100.139387673507,1.0554755525108672,True,4,1657.516984258492,156.84258492129246,52.224068,25.984194,2706.1882,0.5664834001138063,False,,9.229033204985043,0.9064110886904899,1.5150976519938661,625.3014975723361
52.85859262082654,28.049773585443937,3743.36236632466,1.2343659090075005,True,4,15.090690208667736,51.33707865168539,62.47935,24.82786,3109.0422,0.8983874163287586,False,,9.620757379173455,3.221913585443936,1.204024302508554,514.877687712788
80.98314,27.736000000000004,4625.8574,1.1387660115132918,True,4,3094.914320685434,27.08017135862913,80.98314,27.736,4625.8574,0.5633746235437146,False,,0.0,3.552713678800501e-15,1.0,514.0376563328443
26.837348635646872,104.75980193315435,5381.170044602155,1.807940411817367,True,4,3509.355363984674,34.638888888888886,50.04478,25.595152,1145.5754,0.9281959341502404,False,,23.20743136435313,79.16464993315435,4.697351256497089,1038.7401341774519
66.4821726673589,22.406142638385383,5776.509043979546,1.783685607693259,True,4,3608.4270104895104,28.90603146853147,97.209755,24.604242,5679.13,0.5351607399217131,False,,30.727582332641106,2.1980993616146236,1.0171468242458872,708.4559558197417
3.0861237320075747e-06,70.90152417133817,7208.546508780698,1.1539214396462154,True,4,3184.7159227985526,30.96562123039807,75.43214,24.969187,1719.0824,0.6933627978185435,False,,75.43213691387628,45.93233717133816,4.193252463512335,7208.546508780698
48.50779310512188,28.493442039195546,5687.9289525480035,1.0813474384053572,True,4,2612.3422509225093,35.00830258302583,47.83118,25.865747,2491.1782,0.526121874763784,False,,0.6766131051218736,2.6276950391955474,2.2832284549326918,816.6733894659154
90.10455641327613,19.646395225590872,9705.195768049052,1.2268729533633695,True,4,2020.6052009456264,3968.128841607565,81.39132,24.290646,4931.9917,0.6862868987586568,False,,8.713236413276135,4.64425077440913,1.9678045622114597,1022.4237370004838
5.252060482629628,11.248534151326615,26511.901300468955,4.09276667869928,True,4,2890.417701863354,3975.4774844720496,55.395065,23.910423,3485.764,0.8373888701610775,False,,50.14300451737037,12.661888848673385,7.605764848242438,11568.472402715193
47.181323179457266,12.707903570972007,6250.714393466626,1.2494361045439508,True,4,1197.6409130816503,26.04302019315189,46.698254,24.674553,2779.7598,0.8235934862605282,False,,0.48306917945726724,11.966649429027996,2.2486527049807057,910.0067159846187
-1.4294518993550361e-06,116.23030131740995,7208.548119860961,1.1762280163718222,True,4,3260.8138651471986,30.011396011396013,51.631756,25.505976,2492.1157,0.7135470855852623,False,,51.6317574294519,89.27567468259005,2.8925415139678154,7208.548119860961
54.68647644611118,19.25124753747731,6299.5103868633205,1.0831874429604575,True,4,3393.572719802794,28.4379622021364,55.61312,25.508291,3885.5752,0.6224791715143924,False,,0.9266435538888231,6.257043462522688,1.6212555574431606,851.8572528800373
43.11921008826374,31.727439466359044,6425.154255756974,1.288936832360263,True,4,142.89892608970308,3949.641819330385,67.082985,24.208786,2426.7,0.5136005812685861,False,,23.96377491173625,7.518653466359044,2.6476920327016007,978.4714551834788
45.55787558718035,29.266491701656975,5825.655228679989,1.0408464161616764,True,5,2734.1803921568626,197.6313725490196,39.180027,28.37596,2751.428,0.5255531844075773,True,9.255596565629036,6.377848587180345,0.8905317016569754,2.11732061630542,863.1038357959335
46.35416499287818,34.27188451575922,3918.4518100871283,1.0472420559710076,True,5,2028.4158926728587,288.9205366357069,50.612034,24.633364,2046.9812,0.5754485054798354,False,,4.257869007121819,9.638520515759218,1.9142588168797683,575.5328656787917
42.265119503786195,30.252762023841584,4140.401786699362,1.0465798075935302,True,5,3014.202040816326,301.5418367346939,48.380383,25.355127,3866.3508,0.5671923714025942,False,,6.115263496213807,4.897635023841584,1.0708810454290287,636.8709457483
43.046270314333576,28.452237016254035,6475.800712251639,1.0290242619473418,True,5,926.9872389791184,343.13109048723896,42.143307,24.452747,3987.7832,0.5847207766469454,False,,0.9029633143335758,3.999490016254036,1.6239099237520334,987.0194501324386
35.15042822377643,44.4125783684811,17121.07428251663,1.0366147853916825,True,5,1881.1016949152545,385.82659713168186,76.2262,24.964054,13363.508,0.94883599294044,True,44.7710553659841,41.075771776223576,19.4485243684811,1.2811811301730527,2887.790620062684
29.167899124330784,41.697879638222126,8137.303341524614,1.0380646529642144,True,5,2124.892729439809,459.53873659118,40.052483,27.069626,2364.4492,0.7294365790529591,True,29.398199434853264,10.884583875669218,14.628253638222127,3.441521747020242,1506.7039652333967
57.77982397816214,24.420372011245245,6418.537337550397,1.0577277109649026,True,5,3947.808940158616,366.73035328046143,62.958363,24.379438,2745.7974,0.5520259875209729,False,,5.178539021837857,0.04093401124524476,2.33758591859341,844.3994945435471
37.96938157772083,16.168579804201848,4549.267505008511,1.053557697879903,True,5,1551.7781217750255,419.73374613003097,46.40662,25.197002,3351.9302,0.7169544930169619,False,,8.437238422279165,9.028422195798157,1.3572083049368127,738.2861359773253
13.807870402338079,17.066977886366693,5755.861027041012,0.7163640428756246,True,5,462.5469613259668,524.5171270718232,43.658703,24.57337,3487.6838,0.6219648073930548,False,,29.850832597661924,7.5063921136332965,1.6503391239311924,1548.984059293395
47.95035518222788,21.735976057559373,3613.9316276587488,1.034458842017027,True,5,1259.0820895522388,662.7751865671642,55.658546,24.59455,2543.9966,0.8598123086752778,False,,7.70819081777212,2.8585739424406142,1.4205725069203115,521.8960592815065
29.94700085795045,34.026324448185115,6062.855376032281,1.0471158771057099,True,5,2009.2345971563984,747.1445497630332,42.846127,24.364407,3790.8376,0.6054913020045807,False,,12.899126142049553,9.661917448185115,1.599344529038195,1107.899945827947
41.998547742681524,21.214846810468032,7871.961831506187,1.034401353177489,True,5,3724.54794520548,648.8277886497065,53.49657,24.745811,2061.5703,0.5445385178415006,False,,11.498022257318475,3.5309641895319714,3.8184299761721383,1214.6910820806409
46.07520430967734,15.411275660258704,4715.240668538303,1.03782258943298,True,5,937.8144796380092,756.7411764705882,58.20196,24.859173,3753.7825,0.7426205925327993,False,,12.12675569032266,9.447897339741303,1.256130494651276,694.6567009199151
49.77993555221212,27.90201124640061,7599.485489393923,1.029251157065417,True,5,754.4127861089187,820.9944751381215,61.33212,24.957123,1418.8745,0.5928561768066788,False,,11.55218444778788,2.944888246400609,5.355995536880762,1077.1024781071621
48.31086790310759,25.313118583253818,6083.452199376468,1.029060276538398,True,5,2733.352539802881,909.0,61.756924,24.468443,4850.555,0.5682325432741635,False,,13.446056096892406,0.8446755832538173,1.2541765219395447,875.241053322024
34.364827397577145,22.461123874463443,7898.504478771873,1.037852916642327,True,5,1174.789364640884,983.7948895027624,63.02016,24.671831,3336.8247,0.5036334221288776,False,,28.655332602422853,2.210707125536544,2.367072048697036,1347.3728293520523
54.81616829751145,29.038913223021872,5209.142912094252,1.0399819845200593,True,5,3036.476797088262,1006.5787079162876,55.807137,25.143463,3640.5972,0.6083747964821832,False,,0.9909687024885443,3.8954502230218715,1.4308484641185386,703.5774879282901
8.822852978165699,61.26570084143657,4668.226447563935,1.0045967889747587,True,5,410.3802647412756,1126.6197352587244,44.807255,24.656149,1822.3777,0.5856123541416544,False,,35.9844020218343,36.60955184143657,2.561613022132533,1571.6194452913026
160.08114448073007,18.880574548354865,12593.578232299737,1.069323474287365,True,5,2962.2346600331675,1261.75456053068,60.290802,24.533848,2714.2085,0.5190669904984566,False,,99.79034248073008,5.653273451645134,4.639871340871468,995.3574103821089
52.37081283964277,29.36372135277536,3868.0101253667453,1.0561031458333114,True,5,371.5627009646302,1331.8220793140408,53.755657,25.364809,2094.247,0.57078012404766,False,,1.3848441603572326,3.99891235277536,1.846969400155161,534.4941361392075
60.361126,24.53175,2512.6172,1.002109129721795,True,5,2911.1963993453355,1363.9721767594108,60.361126,24.53175,2512.6172,0.6259544634068159,False,,0.0,0.0,1.0,323.4056940474061
28.710852198735907,18.69322335446629,7619.168512285678,1.0334226495151857,True,5,2402.8316651501364,1305.8989990900818,53.337147,24.614756,3262.2363,0.8600363215636205,False,,24.626294801264095,5.921532645533716,2.335566099943673,1421.9506928600058
53.68439757013084,16.315892356761186,4860.748457925933,1.031573876391443,True,5,1321.845542806708,1328.7360988526036,58.038116,24.553383,4149.214,0.6693833826086151,False,,4.353718429869161,8.2374906432388,1.1714865653894768,663.4055570497959
37.433264362933066,9.573642161317695,8127.8187253155365,1.0935103396229038,True,5,259.7839673913044,1434.4402173913045,36.473152,26.143011,4300.763,0.8029645124052237,False,,0.9601123629330672,16.569368838682294,1.8898550618379895,1328.4498322436161
51.61777529019719,31.33622659275444,6912.082775399439,1.0146826940403275,True,5,1860.15296566077,1470.7970863683663,49.276382,24.9553,4776.8535,0.6796517728555264,True,21.08534278984904,2.341393290197189,6.380926592754438,1.446994925718245,962.0757966440045
43.278629208338465,18.719463896455732,6023.184391023759,1.0741487173193172,True,5,3443.735950044603,1499.9866190900982,51.748882,25.00067,3234.118,0.7091814513944381,False,,8.470252791661537,6.281206103544264,1.8623885680806203,915.5654809539385
78.88914043256668,22.836908608975982,9263.729192145001,0.7754796684886115,True,5,1895.4400305576776,1579.6936592818945,65.81795,24.055613,8507.736,0.8528234316904871,False,,13.07119043256668,1.218704391024005,1.0888595029447319,1042.983021626579
53.009390953925006,23.837417803561742,7059.925094251657,1.0348077848849773,True,5,1107.2393669634023,1562.523244312562,46.380596,25.27168,2830.3792,0.678336486412907,True,12.798860493501572,6.628794953925009,1.4342621964382545,2.4943389543887466,969.6693893892622
47.32786092376211,29.666156631318678,4408.606749863561,1.040967433497718,True,5,3244.8506571087214,1556.363201911589,42.704678,24.636421,2420.038,0.6052302606479968,False,,4.6231829237621085,5.02973563131868,1.8217097210306454,640.8301305174991
158.45292760504472,4.807363562241109,20012.388681430566,0.9128861131182082,True,5,1845.6880261927035,1726.5776426566886,114.98857,25.662504,9611.908,0.6457725154235213,False,,43.464357605044725,20.855140437758905,2.0820412223494613,1589.8230720667934
65.2243002550291,24.852141708894592,12041.568851254573,1.0762198742024884,True,5,2732.775967413442,1649.2525458248472,68.19483,25.280416,3041.6895,0.5175682483133914,False,,2.9705297449708894,0.42827429110539583,3.9588422326652912,1491.0024563838174
58.393873402641596,26.337559843829148,6007.883888174556,1.054571820208712,True,5,1236.233644859813,1783.875955819881,54.092148,24.58892,3707.88,0.568129155913821,False,,4.301725402641594,1.748639843829146,1.6203015977255348,786.2087784797554
68.91444,24.588814,6541.5,0.8168950562785465,True,5,3720.445926966292,1834.90941011236,68.91444,24.588814,6541.5,0.7989680576674022,False,,0.0,0.0,1.0,787.992765021055
61.738305387388365,23.349173038566096,7587.179627741558,0.7465645470164891,True,5,1112.7965825874694,1834.457282343369,62.522762,25.543905,3365.2563,0.7361850690313271,False,,0.7844566126116348,2.194731961433888,2.254562194190546,965.6127995328833
42.66794269841668,28.747276610966537,7000.374694205671,1.0568416013748343,True,5,1838.2268041237116,1871.0816151202748,55.78286,24.432837,1229.501,0.5673825110436733,False,,13.114917301583318,4.314439610966538,5.6936714115772755,1071.6931001286666
14.2188235905729,179.97044233283174,6943.280219952925,1.0554228321515002,True,5,3664.2118742724097,2005.2502910360888,38.480877,23.804914,4185.2603,0.8906573318809727,False,,24.2620534094271,23.83447166716826,1.6589840827708913,1841.3352193689254
11.57779898736831,9.291791149400105,9197.622816195482,0.8078869625464741,True,5,110.83820093457943,1995.3031542056076,80.66814,25.563335,6609.292,0.901897524369097,False,,69.09034101263168,16.271543850599897,1.3916199823211748,2703.1029913342404
54.829104333002356,23.85385143992255,6524.561928474826,0.9939738814266129,True,5,4072.8063200815495,2036.2273190621816,49.221355,24.581404,2979.4092,0.5348054389959069,False,,5.607749333002353,0.7275525600774415,2.189884467187262,881.1417551706492
48.95805929049215,9.58719319508039,7496.648926015476,0.9801159094353703,True,5,4073.7576187101354,2116.231041814316,68.93949,25.126202,2303.2515,0.7035336884579672,False,,19.981430709507855,15.539008804919604,3.25481126399591,1071.4084715844458
30.769824094356004,19.15273884931952,6885.613079462205,1.0523284765379208,True,5,543.4482490272374,2068.515953307393,59.46871,24.321205,2757.659,0.5457340610339577,False,,28.698885905643998,5.168466150680473,2.4969051936668762,1241.3095829803576
12.067801343154748,57.44115477269604,3748.1031345287397,1.080326834912932,True,5,2060.9098591549296,2139.0769953051645,52.681744,24.734648,2817.603,0.6176712513550204,False,,40.61394265684525,32.70650677269604,1.3302452952132502,1078.9404031732176
52.518548773326586,22.890015017266034,4835.850096539201,1.0832697231682886,True,5,1488.2790224032588,2211.8401221995928,49.016396,24.775236,3318.564,0.5788969666033177,False,,3.5021527733265856,1.885220982733955,1.457211642306492,667.2928501552705
42.85511880556467,33.60023742141492,4302.020443188809,1.0236849595717312,True,5,412.3340773809524,2186.441964285714,64.50148,24.849863,2387.478,0.5577866430504429,False,,21.64636119443533,8.750374421414918,1.801909983333379,657.1599957220413
48.03559270738457,26.26874985814941,5350.880173578855,1.0559574604727524,True,5,558.9039433771486,2246.488372093024,50.829197,26.85717,4782.662,0.5105868082505107,False,,2.793604292615427,0.5884201418505768,1.1188079303071918,772.0468381436689
43.11585177303342,26.201160453221924,4592.314901833186,1.0486568022259901,True,5,2658.010799136069,2322.80777537797,47.31767,24.419285,3405.4697,0.8625323364717173,False,,4.20181822696658,1.7818754532219252,1.348511455507352,699.379946515507
47.66900782412576,33.013099900008186,5858.154802881041,1.0277716547131097,True,5,2114.9192273924496,2339.908691834943,57.01876,24.99582,3941.6,0.6289238792113423,False,,9.349752175874244,8.017279900008187,1.486237772194297,848.4823008722448
25.485783542281794,22.6284590960438,5938.209228918744,1.0477811467999203,True,5,1992.7983293556083,2394.175417661098,41.90409,24.374998,2455.2388,0.7332335649930556,True,15.412287814748328,16.418306457718202,1.746538903956207,2.4185872384057894,1176.2685909126421
28.711000327000367,36.39462845318171,5791.935878421064,1.0106609802230313,True,5,3859.26582278481,2429.345569620253,39.467945,24.853388,3184.6135,0.538007436537099,False,,10.756944672999634,11.541240453181711,1.8187249028558927,1080.9350097019271
52.05197,24.567204,1986.3047,1.0323649316975925,True,5,3484.535514018692,2403.138317757009,52.05197,24.567204,1986.3047,0.5035059318920636,False,,0.0,0.0,1.0,275.31335880849053
21.943702125840783,22.91795171601289,5749.3247146322665,0.9536585156947849,True,5,4071.579661016949,2353.2757062146893,41.673172,24.608875,2730.079,0.7138094648299416,False,,19.729469874159218,1.6909232839871038,2.1059188084419045,1227.331520818958
43.36048337635302,26.01771086992844,3673.5043016605523,1.0388603959064902,True,5,1962.1545538178475,2642.7479300827968,52.79855,24.361427,1539.4906,0.725215298818636,False,,9.438066623646982,1.6562838699284406,2.386181703000039,557.8706266030041
44.450991546173945,22.374308875160477,6391.458646023445,1.0448895930423385,True,5,1382.7205588822355,2601.798403193613,50.11415,24.460451,3061.7407,0.5316531773751552,False,,5.663158453826057,2.086142124839512,2.0875244745655452,958.6481903723961
43.10081783120753,11.515002350682973,16346.660291661698,1.0527915079137418,True,5,1671.2030735455544,2613.549396267837,89.36857,25.13823,6068.1074,0.9482574561059556,True,43.26865514016852,46.26775216879248,13.623227649317016,2.693864695219748,2489.9250930355274
94.7547,25.010845,21566.77,0.9735741354288088,True,5,1763.2424242424242,2704.5975544922912,94.7547,25.010845,21566.77,0.8234843971833955,False,,0.0,0.0,1.0,2215.5661758410265
51.27313962166147,17.328184232938224,7800.84785991221,1.0750965608206073,True,5,539.7154471544716,2641.104674796748,50.337585,24.617126,2577.975,0.6076776721123973,False,,0.9355546216614741,7.288941767061772,3.0259594681531863,1089.423783324173
63.9212,24.809414,4181.173,1.0319193303189251,True,5,3036.354294478528,2702.502300613497,63.9212,24.809414,4181.173,0.7480092390619348,False,,0.0,0.0,1.0,522.9686767537147
30.630126178901357,12.591147664264147,16555.18545907842,0.7527077153964434,True,5,1661.1278911564625,2769.7843537414965,74.00385,25.534191,8390.867,0.6221549835267027,False,,43.37372382109864,12.943043335735865,1.9730005801639354,2991.2978399003932
67.93788524222556,44.28382221230431,16040.479439842009,0.8793738910568043,True,5,2294.959210526316,2787.2986842105265,86.53783,25.151695,18389.02,0.7487006671588375,False,,18.599944757774438,19.132127212304308,0.8722857139663782,1946.082883442888
55.64637888116015,17.08586755147733,20761.969158975902,0.867881880628225,True,5,1809.678529062871,2820.3487544483987,85.52041,27.269215,11959.613,0.652161837398079,False,,29.874031118839845,10.183347448522682,1.7360067720398564,2783.2363472074117
37.68747862261523,20.582891137150384,7470.805739498198,1.0414023203713607,True,5,3909.889248181083,2901.1616814874697,59.698868,25.895,3901.6958,0.9920139958822296,True,26.712990185053982,22.011389377384766,5.3121088628496125,1.9147586389226443,1216.9392599252506
49.171574228482456,17.79170787659908,16320.880228829934,0.7126604815215577,True,5,2195.5466666666666,2849.897391304348,79.33527,24.370472,6917.0327,0.6404554031156237,False,,30.16369577151754,6.57876412340093,2.359520467328416,2327.483021016646
16.732891035073838,41.58659122004474,5454.048783385146,1.0470562219969677,True,5,333.3799504950495,2854.8539603960394,36.78484,25.514498,1700.6133,0.6141242385601988,False,,20.051948964926165,16.07209322004474,3.2071069792204647,1333.317338349284
131.05223,24.196411000000005,21182.02,0.9144757160410025,True,5,1697.949741315595,2898.957132298596,131.05223,24.196411,21182.02,0.8665568569210369,False,,0.0,3.552713678800501e-15,1.0,1850.3128550004028
37.87386460259261,36.524562922181055,5235.103439493925,1.0419798744120794,True,5,2967.3112338858195,2889.705340699816,55.408943,24.948727,1665.2349,0.5353629807201593,False,,17.53507839740739,11.575835922181053,3.143762744519662,850.6589116700032
65.83158471534054,15.667203562679074,12735.503473930743,0.7593419162643197,True,5,2339.909275558565,2900.532836831415,73.35815,24.4103,3803.268,0.7690276346407658,False,,7.526565284659455,8.74309643732093,3.348568513691579,1569.6360470103104
71.3618,24.500313,9072.98,1.0778888082564149,True,5,3175.231977159172,2910.2483940042825,71.3618,24.500313,9072.98,0.9543411579336728,True,45.28436095332507,0.0,0.0,1.0,1074.0315907476777
64.11872,24.876192,3762.7104,1.0366413085873134,True,5,2050.676516329705,2920.747278382581,64.11872,24.876192,3762.7104,0.6534008989445145,False,,0.0,0.0,1.0,469.9031667441649
37.64391992395129,178.92418737634958,52911504925.29947,0.8535116033780826,False,5,2234.4788114953726,2962.0530930345835,102.1558,24.400417,15498.824,0.7340874185427331,False,,64.51188007604871,25.476229623650426,3413904.4952894147,8623879778.490347
47.851874149976155,30.327390337601155,7827.318756442022,1.0549221942193971,True,5,1470.3354898336413,3083.07393715342,55.276756,25.926863,4512.2944,0.937483863487068,True,23.08846059212059,7.424881850023844,4.400527337601154,1.7346649093733828,1131.5234120863508
35.28117703373813,32.84607215851445,6640.447740076426,1.0246878832149107,True,5,1551.50991831972,3119.30455075846,44.789177,24.979528,3702.0889,0.7881440887993795,True,9.104212425809296,9.50799996626187,7.866544158514454,1.7937029389208956,1117.9588813962441
47.833658802023784,31.4790029051566,5316.678563872037,1.0498686235538768,True,5,931.8232074438972,3192.7241379310344,82.63767,25.250954,5639.9707,0.5145701908381716,True,55.93416326797898,34.804011197976216,6.2280489051566015,0.9426784014803546,768.7295997786364
84.35787,24.770983,9430.964,0.8379948461355072,True,5,1879.5530565167244,3246.2652825836217,84.35787,24.770983,9430.964,0.8758645798280676,False,,0.0,0.0,1.0,1026.8175534620507
57.076811817841076,28.453001322768625,9916.962116760456,1.0462762711312619,True,5,1121.5072765072764,3206.074844074844,74.60953,26.390053,3323.4446,0.6908309857006486,False,,17.53271818215893,2.062948322768623,2.9839408536433725,1312.649571141899
42.54698773885218,24.485485507246953,4472.054085650498,1.0353043211543773,True,5,3228.49282700422,3146.1518987341774,57.712196,25.374584,3395.7046,0.7129581959434208,False,,15.165208261147818,0.8890984927530496,1.3169738279503163,685.6028879120331
44.57318542533507,21.958358312495868,8178.791437958682,438.46284137430735,True,5,35.57688442211055,3268.0170854271355,47.028378,25.347345,5557.1094,0.581363420291365,False,,2.4551925746649275,3.3889866875041434,1.4717708163094074,1225.0457208494624
58.60574691571567,25.273620770800417,10790.46381661783,1.0246065624652103,True,5,2461.6355591311344,3158.405470635559,57.631004,24.291637,4682.4956,0.7612966406292058,False,,0.9747429157156731,0.9819837708004151,2.304425831519805,1409.5160001071763
23.743615016522526,25.830200977675624,5642.2758424932945,1.0571940719595112,True,5,3474.267670915411,3253.2537659327927,42.131348,24.485004,2311.092,0.5406139491142882,False,,18.387732983477477,1.3451969776756236,2.4413895433385147,1157.9262339013317
31.01232386969383,16.281469310323725,8903.779014119376,0.7849581044534879,True,5,1923.948158253752,3338.005457025921,65.84563,24.889698,3302.8342,0.5458706268702906,False,,34.83330613030617,8.608228689676281,2.6957995693878236,1598.8481441996637
48.30327812416729,36.3460258974832,4251.044876634742,1.0351113232827396,True,5,639.1149144254279,3354.4755501222494,42.287777,26.284746,3141.0874,0.5597500813779319,False,,6.015501124167294,10.061279897483203,1.3533672691293919,611.6562066421326
21.77624066987091,35.68985448576218,5782.676180404612,1.061378970890991,True,5,853.4671857619577,3410.0244716351503,43.915714,24.66271,1946.5206,0.6161400928881815,False,,22.139473330129093,11.027144485762182,2.9707757423191987,1239.1886284597986
32.03127727736533,17.21998912055038,4823.985943226844,1.037664610370462,True,5,975.0827374872318,3416.0388151174666,49.016068,24.4736,3608.4207,0.5356138962726129,False,,16.98479072263467,7.25361087944961,1.3368690472335567,852.3518442332492
51.224597247046574,18.041510278364484,8814.568192088827,1.0577189362444697,True,5,1098.7380745880312,3455.3920208152645,56.94999,24.698475,3732.7852,0.5200581789809452,False,,5.725392752953425,6.656964721635518,2.361391754363157,1231.577555731634
8.707541005771025e-06,153.9461657260785,3303.799817344525,0.736583260929781,True,5,1831.14512195122,3379.167073170732,39.3335,24.57734,533.587,0.5080305972324446,False,,39.333491292458994,50.63117427392149,6.19167973984472,3303.799817344525
49.12111826206763,18.008655859125998,6004.143432405281,1.0436982194209572,True,5,3028.5268292682927,3426.7629268292685,50.757618,24.554895,2687.7747,0.5501423618961486,False,,1.6364997379323682,6.5462391408740075,2.233871548982614,856.6766622865915
54.71803552030939,24.29883970295675,6536.286185024575,1.0369024685873993,True,5,345.23489932885906,3487.354958985832,66.846725,24.941217,3026.4905,0.5182749479707378,False,,12.128689479690614,0.6423772970432537,2.159691624680327,883.6205562639291
68.1492930091776,26.955655078317946,11072.239060668202,1.0487386334584075,True,5,806.131983805668,3628.230769230769,62.846222,24.622046,4567.9014,0.5960803995603762,False,,5.3030710091776,2.333609078317945,2.4239225173880072,1341.2346871932807
42.95007615679624,28.789680302626703,7772.43050860378,1.036874828821398,True,5,1199.3403755868544,3814.79186228482,63.44759,25.283499,3253.2896,0.7193292635868777,False,,20.497513843203755,3.506181302626704,2.3890988704490925,1185.9732095954844
42.68563552164238,17.524300484667865,8016.781613931082,1.0700430550999902,True,5,2875.1030383091147,3820.323645970938,64.302246,24.785854,2678.9658,0.5725456699239282,False,,21.616610478357615,7.261553515332139,2.9924912120681353,1227.0412905845667
54.988777,25.206797,3546.4082,1.0439748978735826,True,5,3446.414150943396,3854.6556603773583,54.988777,25.206797,3546.4082,0.6961869968013665,False,,0.0,0.0,1.0,478.24638079904963
39.358903888566715,40.53832599622669,14255.524704982221,1.0316652791500547,True,5,2968.052098408104,3881.5303907380608,69.18909,24.510933,7718.1626,0.961881584641094,True,41.34869374766253,29.830186111433278,16.027392996226688,1.8470101556272243,2272.2792859445426
154.9791769571119,179.6396970013308,46831.29798137763,0.9243048284849601,True,5,2861.3370110330998,3985.590772316951,51.003574,23.889208,3226.2327,0.5711112971353011,False,,103.97560295711189,24.249510998669194,14.515784302036748,3761.833068598841
72.94682907114772,23.865734996826713,9568.730675583314,1.0621473579874274,True,5,1554.4,149.56384839650147,82.117004,24.607368,8889.842,0.929145743367792,True,55.18106122524681,9.170174928852276,0.7416330031732912,1.076366787574325,1120.3433014064142
54.24446520508417,20.689247247944227,12086.98207409959,1.0485572944479764,True,6,2339.764066496164,1391.18094629156,70.12202,24.58177,5044.4453,0.7539654960971837,False,,15.877554794915838,3.8925227520557826,2.3960973616067536,1641.1193346134758
72.90900832456946,29.984643725417673,5681.262122863069,1.281312992106909,True,6,3374.837676438653,1388.7035830618893,94.30333,25.768,5014.199,0.5173697011769222,False,,21.394321675430547,4.216643725417672,1.1330348322559733,665.3562360819783
42.511485038541466,6.811226408291376,11153.406510902983,0.5811044984223335,True,6,1059.086926286509,1381.529207232267,58.713825,23.958015,5752.334,0.5547268397911196,False,,16.202339961458534,17.146788591708628,1.938935832116665,1710.6233394859285
42.06759005099848,22.714901798467118,8094.735915705442,1.2572536023160772,True,6,3494.6749156355454,1560.312710911136,43.232155,24.298485,5085.823,0.7356523275815203,False,,1.164564949001516,1.583583201532889,1.5916275331849812,1248.0410444802412
40.12699932550126,18.22894401899247,8397.299772949063,1.1332920744717672,True,6,2745.7473053892218,1509.2682634730538,41.07688,25.024527,4591.5386,0.6129948279707721,False,,0.9498806744987434,6.795582981007527,1.8288640267445566,1325.6269200570557
15.401426255989229,36.08106581622237,7434.6758341584555,1.3469939901143229,True,6,3901.0691003911343,1189.7249022164276,36.65066,25.988527,2717.8086,0.5332328440766803,False,,21.249233744010773,10.092538816222369,2.7355406242214615,1894.4431050942837
18.83787639276693,39.14348646636038,7970.962952581303,1.2007552118672997,True,6,2650.5066803699897,1194.0411099691676,48.40048,24.938475,4718.377,0.5587374386216544,False,,29.562603607233072,14.205011466360379,1.6893442284457776,1836.516434888797
73.06191568254445,25.652389017849746,7649.115480635713,1.1756812781781625,True,6,2842.498054474708,1326.5706874189364,70.40453,24.449455,3311.3896,0.5507882239294652,False,,2.657385682544458,1.2029340178497456,2.309941264729379,894.8818298226928
13.527283623911037,171.6178939782818,5498.021055954742,0.8694871901096894,True,6,722.9423328964614,1293.4823066841416,37.341778,24.454674,3994.8853,0.5031527399325897,False,,23.81449437608896,32.8367800217182,1.3762650597139152,1494.861995557811
69.45899622667406,20.515131604032447,9353.651921486586,1.1200183419724885,True,6,2549.232790988736,1302.6426783479349,75.337234,24.608946,11189.27,0.9563687255685028,True,46.46567446086463,5.878237773325935,4.0938143959675415,0.8359483613753699,1122.3206480250308
30.20898708355692,23.642608870502606,8100.3162317905735,1.388444355705623,True,6,3728.786516853933,1260.3233458177278,39.845142,24.386969,3469.5647,0.5524153217232474,False,,9.636154916443083,0.7443601294974087,2.334677958820187,1473.7841857653414
56.447384,24.861345,4153.755,1.225430861769429,True,6,3301.982543640898,1966.1554447215292,56.447384,24.861345,4153.755,0.7703981530805408,False,,0.0,0.0,1.0,552.8648346008575
50.445770638668535,29.559535142357124,11931.39705629963,1.2695569221428682,True,6,3500.7205218263925,1950.0406422478677,73.48712,26.042822,6655.3037,0.5345881711100182,False,,23.04134936133147,3.5167131423571227,1.7927652281742799,1679.8825469553922
9.931435552929539,36.019426029957046,4336.767281184697,1.107102085918066,True,6,2787.6358208955226,1902.390049751244,49.22105,24.632742,3337.8064,0.560017072057286,False,,39.28961444707046,11.386684029957046,1.2992866456199188,1376.1320301325302
25.97022603846473,9.341730680243298,10598.419811085856,1.0790416917062329,True,6,2605.8304020100504,1887.2977386934676,41.048958,24.630808,5151.187,0.9394107906581228,False,,15.078731961535269,15.2890773197567,2.0574713771963347,2079.7122667397157
54.387295,24.92346,6247.7036,1.2902955743945759,True,6,3728.678707224335,2022.944866920152,54.387295,24.92346,6247.7036,0.8410076144774365,True,42.15916700680567,0.0,0.0,1.0,847.1721847887942
44.86558932212829,19.013793350525006,6710.618392441693,0.8889702458455866,True,6,1595.5222327341532,2119.295175023652,54.847286,25.602135,3440.5862,0.5259979386806113,False,,9.98169667787171,6.588341649474984,1.9504287939193887,1001.8572711012234
40.631751241222155,26.86534463052477,10384.712357666847,1.0970732585462128,True,6,2670.159515951595,2036.6193619361936,45.231556,24.721191,4027.3706,0.6646674198697434,False,,4.599804758777843,2.1441536305247695,2.5785340831724914,1629.1523574565533
65.28053455644311,25.318527753640787,10967.391137980045,1.376827119093123,True,6,3952.166184971098,1728.8150289017342,63.278587,25.352415,3794.6611,0.746872879651496,False,,2.0019475564431133,0.03388724635919971,2.8902162403857474,1357.4113658307185
40.54974396191291,40.28464401696909,9893.6238203942,1.3030972340612346,True,6,3959.275175644028,1660.1943793911007,39.039444,26.370363,3029.8274,0.531313489595666,False,,1.5102999619129065,13.914281016969088,3.265408392700587,1553.6791413750248
18951.41983926118,98.95709041171125,167965254.53921032,1.1045044839349838,False,6,2718.472505091649,1722.1561439239647,78.01896,25.647245,3104.7502,0.586242656790645,False,,18873.40087926118,73.30984541171125,54099.44237678456,1220108.8464477055
35.41441619444332,37.13700174984198,6373.196101274172,1.1812374751067052,True,6,2941.185689948893,1811.0451448040883,61.619762,26.788443,7233.128,0.7844000765614999,False,,26.205345805556682,10.348558749841978,0.8811120308218204,1070.9451746049747
55.28502838627023,26.79600748883656,7244.84579384148,0.9156178431864237,True,6,1514.5013404825738,1760.7247542448615,53.623833,24.506386,4050.1875,0.5778639205235023,False,,1.6611953862702293,2.289621488836559,1.7887679999608612,974.3733060490603
54.405594295464525,19.762827036365604,6981.260826867223,1.1087251592878844,True,6,2029.92695035461,340.7148936170213,65.11822,24.443926,2767.728,0.5545511338825467,False,,10.71262570453547,4.681098963634383,2.522379665511648,946.4814019992731
60.56754580380329,22.880247822072178,8924.47497378817,1.2828827239862006,True,6,2890.1901336074,275.4059609455293,48.392643,25.317532,3507.6648,0.6173969237086612,False,,12.174902803803292,2.437284177927836,2.5442781687087574,1146.7339961383402
27.406957716813054,25.68879894773216,7252.332281977075,0.8737716127028188,True,6,753.0625465376024,280.2457185405808,58.716625,24.71272,2901.31,0.6305544209679794,False,,31.309667283186947,0.9760789477321588,2.499675071597683,1385.3109886636296
49.000208181816454,23.192841499259814,5094.455682751766,1.4681980995531079,True,6,3738.945093457944,316.1051401869159,44.781525,24.669876,5155.008,0.5541947951168185,False,,4.218683181816452,1.4770345007401886,0.9882536909257496,727.777837230342
59.36074068375331,24.4899737566892,8527.830604068778,1.3855871599264857,True,6,3487.19040801718,288.23049391553326,63.647266,24.556282,3693.7607,0.7492393954887767,False,,4.2865253162466885,0.06630824331080021,2.3087122574206767,1106.8503566623535
17.18965777046801,17.83923466509024,8336.090296125169,1.3506783034043577,True,6,3279.4846248462486,479.6826568265683,44.10368,24.990393,4003.3323,0.8760690411231695,False,,26.914022229531987,7.151158334909752,2.082287872062274,2010.6144296332373
41.8554046304576,13.89747025100983,10344.667556047123,1.3649986127078446,True,6,3451.1381578947367,452.6815789473684,38.780666,25.169504,6805.8535,0.6441640142662695,False,,3.0747386304576025,11.272033748990168,1.519966240244096,1598.971658562058
38.77719356005848,25.211278088053998,6724.358506254963,1.127327363743632,True,6,2193.460063897764,411.944089456869,60.02262,24.545263,4960.7344,0.6651598765198351,False,,21.245426439941525,0.6660150880539994,1.355516736847464,1079.8481096693333
31.243812912344694,32.403222573709535,10676.283821045221,1.3318267526013923,True,6,3206.3649337410807,439.487257900102,45.77259,24.848955,2836.856,0.5981274272893345,False,,14.528777087655307,7.554267573709534,3.7634211327769966,1910.020798492461
60.00473,24.371235,7757.5615,1.4754720397080097,True,6,3808.4128,111.2984,60.00473,24.371235,7757.5615,0.9012839880222052,False,,0.0,0.0,1.0,1001.4574098876928
84.81949861713159,28.14152428281948,15762.020138780972,11.751065544781035,True,6,3941.451960030746,43.71944657955419,55.225464,23.035147,4367.33,0.6551814268955466,False,,29.594034617131584,5.10637728281948,3.609074683795585,1711.4492585034457
92.95787951684659,18.793197505019787,10064.67708507747,1.0029385489243872,True,6,1497.2900849858356,89.26232294617563,86.14574,25.561728,5927.0,0.5357053722034146,False,,6.812139516846585,6.768530494980212,1.6981064763079923,1043.8948171775412
79.9630627426325,21.238780928766666,13659.728175289934,1.550359779979406,True,6,4011.888629737609,249.8571428571429,80.94463,24.578756,8733.838,0.5258014372712619,False,,0.9815672573675016,3.33997507123334,1.5640006346911788,1527.5567268958887
48.40227162560268,29.50962975037574,5571.853850991611,1.2123770478197844,True,6,2524.716357775987,242.0958904109589,58.814224,24.910528,2959.1003,0.6395504929191652,False,,10.411952374397323,4.599101750375741,1.8829553871464277,800.8788857717573
29.520443900659146,39.34634596720339,6460.837833055871,1.4905551262573336,True,6,3732.9060523938574,208.4245709123758,56.31849,25.020636,1690.1962,0.7595662988318423,False,,26.79804609934085,14.325709967203391,3.822537190094186,1189.1246954741248
49.81567874167537,14.353394798622846,9690.208022820767,0.9689488735496056,True,6,1211.496632996633,230.3989898989899,54.2803,25.92877,2344.4036,0.6923564222578452,False,,4.464621258324627,11.575375201377142,4.13333609572207,1372.9353089827987
62.040849521840514,25.07053961695966,8424.440135463286,1.1086370952553302,True,6,2038.9107744107744,172.43686868686868,60.302753,25.001457,4300.221,0.9143973172610008,True,20.370001075172876,1.7380965218405109,0.06908261695966189,1.9590714373664255,1069.5526806463904
63.760523620051124,23.103177669657743,10489.813685002115,1.3026886880354465,True,6,3374.2345483359745,935.662440570523,59.360435,25.167469,4737.0947,0.7169257013683756,False,,4.400088620051122,2.0642913303422574,2.2143981383783853,1313.6868028361166
59.02460815359539,28.616366921573018,14093.065345296374,1.1906843516324754,True,6,2450.339285714286,1056.6364285714285,59.7852,24.502316,7124.8926,0.5716988406866416,False,,0.7605918464046155,4.114050921573018,1.9780038993565143,1834.3783215707178
43.72862970636285,26.75680030481152,7774.736240236276,1.3670028848528168,True,6,3616.836969001148,992.9954075774972,44.604347,24.687424,4084.6165,0.6633102499914623,False,,0.8757172936371447,2.06937630481152,1.9034188987476,1175.7168169886793
90.89676488380607,31.551795819131517,15136.629836410033,1.0273854459105016,True,6,2026.5070898041863,982.5921674544228,72.58821,24.679113,9425.392,0.9528136476885116,True,36.632314629319765,18.308554883806067,6.872682819131516,1.6059416771641999,1587.6507658680725
77.61227671328322,22.83082088608584,16505.715856885763,1.3978797152473663,True,6,3879.091498559078,816.2636887608069,53.64115,24.927473,2254.1438,0.5607740669530642,False,,23.97112671328322,2.0966521139141605,7.322388153269443,1873.566674112202
53.34682724287373,23.708801264945713,7609.0455488190655,0.9292615718768363,True,6,1316.9845276872963,611.7972312703583,62.16991,24.64778,3715.459,0.7594703617649541,False,,8.823082757126272,0.9389787350542917,2.047942272763356,1041.7796896198172
30.02329437970655,22.002903775738474,6338.796430366413,1.2940298695367718,True,6,3089.8399339933994,655.2161716171618,57.659172,24.90411,4236.185,0.7179780504106175,False,,27.63587762029345,2.9012062242615286,1.49634551615815,1156.8515489465199
35.587404121311124,17.865485188347048,8620.566683981551,1.390062703470758,True,6,3474.234154929577,557.7095070422536,48.24867,24.647957,3232.958,0.5736297808288561,False,,12.661265878688873,6.782471811652954,2.6664641742891653,1445.0659257779423
52.071281523395356,20.310866929952553,8556.43078208496,1.068739618868882,True,6,2005.9557788944724,554.3477386934674,48.75465,24.570389,3573.5923,0.6231040548188463,False,,3.3166315233953583,4.2595220700474385,2.394350016392458,1185.7510238998254
24.71209675012438,27.604910016790594,6607.432909555617,1.0254844059260866,True,6,2022.1713995943203,732.1693711967546,49.783627,24.574497,978.1307,0.5833005904041543,False,,25.07153024987562,3.030413016790593,6.7551636090714835,1329.1621461300326
66.357475,25.615126,5663.179,0.868795379574551,True,6,153.24790236460717,3458.207475209764,66.357475,25.615126,5663.179,0.884425171759501,True,30.38668725537331,0.0,0.0,1.0,695.2089633179336
37.15929800156202,21.211055115007348,6704.966680100701,1.1393783327084748,True,6,3615.415501905972,3448.780177890724,40.23526,26.300774,4424.909,0.570960465881329,False,,3.0759619984379754,5.089718884992664,1.5152778690139619,1099.9244944577708
55.71679754223532,28.063303799680412,14279.079909345808,0.8564451658046234,True,6,2347.997641509434,3447.865566037736,60.168476,25.545324,5596.5303,0.8893795001798794,True,32.79855509845983,4.451678457764679,2.517979799680411,2.5514165284418824,1912.9655580594388
52.33072968040544,26.137005676389105,8903.407069953719,0.8607633049342979,True,6,1240.7101123595503,3455.7295880149813,69.06291,25.648375,6349.362,0.6275930471994515,True,55.20120937171708,16.732180319594562,0.4886306763891035,1.402252237304113,1230.772644308172
34.75786344755679,41.18292826135603,8051.776587665225,0.8981044893891518,True,6,1565.524654832347,3409.2199211045363,47.920486,24.760208,6258.635,0.517326203873297,False,,13.16262255244321,16.422720261356034,1.2865068162091613,1365.7310388385265
36.698527773250134,29.498344552403903,7118.262423016995,0.9160083104173911,True,6,2506.194933920705,3594.2896475770926,42.258556,25.293968,5373.9595,0.5013844204351924,False,,5.560028226749864,4.204376552403904,1.324584307532834,1175.0319449134809
39.575685383006885,46.740608391504686,10438.642626328843,0.9677640667973367,True,6,2834.3983440662373,3590.251149954002,52.76108,24.970665,2072.5894,0.5853187932043282,False,,13.185394616993115,21.769943391504686,5.036522249090362,1659.3186980579853
66.06121393667799,25.89017951677064,11105.889426968146,0.8696930035099193,True,6,1912.762940735184,3385.767441860465,66.85952,25.313929,5379.677,0.6993707904740634,True,49.7054621552403,0.7983060633220163,0.5762505167706387,2.064415656733322,1366.4069748488964
29.571662352598842,46.07586965196137,6454.533480516278,0.9328041883269282,True,6,2648.33973710819,3572.4944388270983,49.116688,24.620558,3690.6997,0.5548415741326421,False,,19.54502564740116,21.45531165196137,1.7488644444619208,1186.935142396093
29.304778879649746,41.579433916195846,9598.249298716586,0.9003865061383537,True,6,1148.6276408450703,3216.6875,54.8415,24.615631,5949.4653,0.76330449099421,False,,25.536721120350258,16.963802916195846,1.6132961223786928,1773.0574245441303
36.37999218094227,34.55613582891332,7090.927050475086,1.1904553669422888,True,6,3775.232682060391,3248.8179396092364,59.538837,25.032703,3150.0527,0.5031000523900033,False,,23.158844819057734,9.523432828913318,2.2510502921030766,1175.6328608344627
57.279472,27.039248,6985.831,1.1888450380537103,True,6,3581.932188841202,3199.79313304721,57.279472,27.039248,6985.831,0.5305255087651877,False,,0.0,0.0,1.0,923.0358564454108
61.576965,24.708284,7074.068,1.193744101390164,True,6,3664.5727554179566,3222.760835913313,61.576965,24.708284,7074.068,0.844998996092892,False,,0.0,0.0,1.0,901.488291251791
40.44998730495653,32.019897800305436,10340.965018545623,1.1414820236667906,True,6,3675.0941597139454,3323.486293206198,39.57571,25.080305,3844.6482,0.570851333396721,False,,0.8742773049565287,6.939592800305437,2.6897038378038394,1625.930111875228
81.76763707470955,23.397488270537306,10204.148842847748,1.1479775120429059,True,6,3367.498300475867,3177.4221617946973,71.52991,24.6663,5787.5454,0.7829482974022172,False,,10.237727074709554,1.2688117294626977,1.763122038377055,1128.4597181699603
36.23402259282398,27.008339824482864,7952.476169641358,1.136815690375526,True,6,3298.12172923777,3292.2980659840728,44.31126,24.707235,6339.9023,0.9340265833322884,True,30.539027158512205,8.077237407176014,2.301104824482863,1.2543531104006695,1321.1255782072026
15.303276887884852,50.37658115975351,6021.478401020384,0.8485155679725153,True,6,941.60098928277,3765.483924154988,54.041054,24.485655,1568.1177,0.6377539994108944,False,,38.737777112115154,25.890926159753512,3.8399403316602982,1539.256211430835
50.369681542537634,27.906495015522673,10007.52674606843,1.0343294692917548,True,6,3331.4054054054054,3668.607520564042,45.76497,25.813591,4772.505,0.6042219594186491,False,,4.604711542537636,2.0929040155226737,2.0969127839716104,1410.074818568032
55.994976,24.54241,6398.376,0.8354460344650935,True,6,1568.802304964539,3850.1817375886526,55.994976,24.54241,6398.376,0.5500264207769351,False,,0.0,0.0,1.0,855.0573142797189
30.17572672822586,32.250078797459246,8230.691426025136,1.281918122339238,True,6,4001.1047180667433,2578.3417721518986,40.607277,23.95821,4114.418,0.5359664790607374,False,,10.431550271774142,8.291868797459244,2.0004509571038085,1498.3299164597825
57.88604887351602,15.918505248497869,11286.224495692917,1.2049757346218624,True,6,3331.007111597374,2565.9983588621444,97.27729,25.567074,9397.295,0.5741805560658421,False,,39.391241126483976,9.648568751502125,1.2010077895493243,1483.4118061680672
51.424865290574886,27.964124305134046,8052.576574364258,0.8988130655222598,True,6,1754.5788761002032,2561.170616113744,74.38641,25.171217,4946.2505,0.882232299703215,False,,22.961544709425112,2.7929073051340474,1.6280163275928419,1122.9186166796608
68.57984590375938,25.497807351539294,6814.6802632627505,0.8708184359397239,True,6,878.0520646319569,2523.5960502693,54.986584,24.609709,5480.351,0.672773993828061,False,,13.593261903759377,0.8880983515392948,1.2434751466215852,822.9003207371251
43.81376429863314,19.122388466897938,8314.454280550328,1.0465493524044434,True,6,2580.092633114515,2174.5185995623638,64.631966,26.47503,8177.6177,0.5125760175068397,False,,20.818201701366867,7.352641533102059,1.0167330615798202,1256.1122926996418
52.99889066084366,28.62249939015787,12454.22161339466,1.1756723265446174,True,6,3178.4371859296484,2340.166834170854,48.131325,25.454824,5352.513,0.6853261487800407,False,,4.86756566084366,3.1676753901578714,2.326798947222484,1710.7368081055606
70.63729921862424,32.656415047110485,10066.000853068273,0.8722611937360429,True,6,1226.813432835821,2317.295115332429,69.58118,24.61491,4944.6406,0.584361639433882,False,,1.0561192186242323,8.041505047110487,2.0357396355699287,1197.6775803005316
42.142609882551376,20.47455351310123,10897.86798302369,1.2884728599586333,True,6,3810.685683530678,2261.185145317546,49.028313,24.48707,5928.8213,0.9641658472676372,True,20.436848606404848,6.885703117448621,4.012516486898761,1.8381171284456983,1678.7299110620118
37.07716997234908,28.760920770349152,5211.401892869474,0.9874287924091161,True,6,2648.0755750273825,2878.499452354874,46.575726,25.342438,4389.9033,0.5249307950193138,False,,9.49855602765092,3.4184827703491507,1.1871336420712215,855.8571386327224
21.058125231841956,17.86787733151843,7097.707481003905,1.0785294109604184,True,6,3169.5454545454545,2902.140186915888,54.52514,24.88688,3340.5513,0.6720484769898614,False,,33.467014768158045,7.019002668481562,2.124711415449272,1546.7076896534907
9.640759484567344,45.48701547673231,7288.836864335578,0.8796229282822505,True,6,1721.2846803377563,3073.528347406514,45.354397,25.826162,2660.73,0.7279833391476189,True,8.651252323711692,35.71363751543265,19.66085347673231,2.73941244107278,2347.483811368357
15.701906603542339,58.04795510145823,7349.583493129959,1.031886096617705,True,6,2853.5862632869994,2733.869991823385,59.422684,24.599651,2967.2244,0.5622430025339459,False,,43.720777396457656,33.44830410145823,2.4769220329712707,1854.7549254465996
22.971131041220865,20.98987822168144,6382.555655068965,1.1420195022517885,True,6,3494.28801843318,3048.8448540706604,56.87682,24.81133,2791.4612,0.6100461905707893,False,,33.90568895877914,3.8214517783185613,2.286456876086605,1331.6908656448725
53.912058934019996,33.4715293453061,10454.851755334854,1.2216124535845674,True,6,3749.825704225352,2725.406690140845,52.393604,24.698452,3594.9485,0.6059958598940663,False,,1.5184549340199922,8.773077345306103,2.9082062664694233,1423.885016762889
69.15727918367912,31.23307022440595,7848.6581623790735,0.9739616379001087,True,6,2529.047660311958,2708.8405545927208,59.00842,25.018415,3819.734,0.5761199653585543,False,,10.148859183679122,6.2146552244059485,2.0547656361356768,943.7923765537107
66.84857497686392,27.668307227326224,7631.429488219219,0.9215324920562353,True,6,2078.966987620357,2645.993122420908,70.15914,24.812464,2262.0244,0.5522658360009494,True,57.68493357466304,3.3105650231360784,2.8558432273262255,3.3737166974057486,933.382854466715
77.27804647852966,31.29716091794484,7738.590521426986,0.8784208143750658,True,6,1064.2876550502067,2828.8157117542823,83.07466,25.749191,7643.208,0.5388594723095192,False,,5.796613521470334,5.54796991794484,1.0124793831892298,880.3062790353863
68.9895738384439,24.92453461165262,4593.668438034878,1.0344040070448983,True,7,2003.801697530864,95.64891975308642,64.531944,24.656567,2970.491,0.8828157927374106,False,,4.457629838443907,0.2679676116526224,1.5464340535066015,553.0544795987197
34.43952313152276,16.88172754399619,4087.731200550597,1.0273884273177587,True,7,3276.288508557457,3862.1320293398535,43.303036,26.098639,1480.4058,0.7838835276691435,True,13.811703077183608,8.863512868477237,9.2169114560038,2.7612234432954783,696.5523555447537
56.47025736569295,26.789910603069863,3187.1976956331673,1.0297005584482606,True,7,851.6322489391796,3764.218528995757,67.36131,25.191132,1711.7158,0.5378832028800723,False,,10.891052634307052,1.5987786030698636,1.861989996022218,424.1301237405767
141.67996417757917,11.403527556954275,9762.893788161242,1.0259777145176217,True,7,2192.597972972973,3675.201576576576,46.278286,24.523901,1233.02,0.7810311103013854,False,,95.40167817757916,13.120373443045736,7.917871395566367,820.208650592386
64.12884,25.410793,3606.6501,0.9183536681546175,True,7,2883.158135981665,3737.954927425516,64.12884,25.410793,3606.6501,0.8819414830336834,False,,0.0,0.0,1.0,450.3781566617052
-0.11773898836100868,40.40145077832451,8562.334862361833,1.1800857384222203,True,7,2797.709486166008,3646.901185770751,73.60023,25.89244,6341.938,0.8199321704533453,False,,73.71796898836101,14.509010778324509,1.3501133032776154,8562.334862361833
16.96231117150188,22.312128988025638,3808.779945663913,1.0314204966855807,True,7,1905.3920595533496,3573.8246484698097,94.18382,26.142998,7562.6416,0.8296396458157551,True,48.78102692839232,77.22150882849812,3.8308690119743574,0.5036308934253757,924.7905191771358
37.147834606036994,11.808816460537658,4224.709882909114,0.993396774920257,True,7,1299.739263803681,3608.370143149284,50.074303,24.478378,2030.3739,0.5377479652673034,False,,12.926468393963006,12.669561539462336,2.080754625002377,693.1546468094282
55.29292,24.6018,3137.361,1.0647823549989486,True,7,2800.361367837338,3494.57393715342,55.29292,24.6018,3137.361,0.597860998274601,False,,0.0,0.0,1.0,421.9196292866625
24.036139924965795,32.77335482281193,4823.551970882572,1.0374471443453155,True,7,133.16187050359713,3528.9736211031177,42.4933,27.278082,2343.351,0.811765963796623,False,,18.457160075034203,5.4952728228119305,2.0583992628003966,983.8629364305488
47.69140150463457,18.15068747136126,5251.358483154932,1.0254517243504606,True,7,2629.438661710037,3525.645910780669,54.773697,26.322926,2575.1636,0.5025969797677028,False,,7.082295495365429,8.17223852863873,2.0392329571429686,760.4166608137342
74.98020682167002,25.420456660417894,3427.1154948455296,1.0251119768684125,True,7,2472.529972752044,3511.4277929155314,74.0129,25.795513,3445.9114,0.923066651553704,False,,0.9673068216700216,0.3750563395821018,0.9945454473511797,395.78143929544575
74.42969,24.565218,6307.749,0.9340294394558692,True,7,2892.6824644549765,3563.094786729858,74.42969,24.565218,6307.749,0.8894752687474281,False,,0.0,0.0,1.0,731.1412692463059
31.029177425995478,36.160984435833704,4356.268713622483,1.0434442036413853,True,7,3499.354723707665,3355.813725490196,49.554333,24.40038,2505.4905,0.8717878732999873,False,,18.525155574004522,11.760604435833706,1.7386889767183245,782.0410132262416
53.39469,24.704828,1213.9768,0.9951921734849455,True,7,2350.5,3230.5187969924814,53.39469,24.704828,1213.9768,0.5064777537359102,False,,0.0,0.0,1.0,166.13508286659467
40.69075802828851,11.39549994852638,5797.816438537999,1.029191332221273,True,7,458.5859305431879,3177.46571682992,57.07056,24.466358,2151.6978,0.5929113180220295,False,,16.379801971711487,13.070858051473607,2.694531006416421,908.9009787178913
37.55563925408279,28.612458714428502,3655.4265526802483,1.0744814518675438,True,7,2193.581664910432,2992.8345626975765,47.641888,24.54312,2543.357,0.6891861723977424,False,,10.08624874591721,4.069338714428504,1.4372447724327526,596.4863130556653
34.305872859221594,29.756291419097018,3315.4888909752726,1.0364761671632485,True,7,3440.496889580093,2926.336702954899,61.600056,25.47084,1700.9313,0.5080736245768553,False,,27.294183140778408,4.2854514190970185,1.949219754481132,566.0611381030516
69.07784,24.729753,6731.039,1.0937385369350376,True,7,3432.740990990991,2815.225225225225,69.07784,24.729753,6731.039,0.9817817264346668,True,35.65676396013329,0.0,0.0,1.0,809.8651900140088
60.15575169013088,26.120362707024064,3031.9256849079707,1.0112127698083693,True,7,2543.5285223367696,2797.4254295532646,69.27111,24.604334,1903.8556,0.6637102461381577,False,,9.115358309869116,1.5160287070240628,1.5925187209092804,390.9128738236087
61.56209061408744,28.755449201672434,4957.174850937308,1.0106438179022985,True,7,2931.0322265625,2852.76953125,51.02678,24.518082,1845.447,0.6396584692110976,False,,10.535310614087436,4.237367201672434,2.6861648429552885,631.7969977421978
33.64567771454479,15.118084349721657,5470.832210327817,1.010842113062502,True,7,1884.36873747495,2717.2074148296592,48.5684,24.200891,2198.5195,0.7728011009294481,False,,14.922722285455208,9.082806650278343,2.488416504983384,943.1673429072018
42.673666574990534,29.782592512094556,6151.521207938435,0.8988744189949355,True,7,3807.726573426573,2822.768531468532,73.29562,26.788374,4278.001,0.826957092606604,False,,30.621953425009465,2.9942185120945553,1.4379429102373829,941.6782634695145
21.644822096324567,12.980184332906282,21590.74956957459,1.0124530072864517,True,7,3570.087551299589,2806.8508891928864,135.24393,24.834803,16253.916,0.8570181599839837,False,,113.59910790367545,11.854618667093717,1.3283414021319286,4640.777103610175
22.11815922421551,39.72447999827932,11038.167949908231,1.0787010373496333,True,7,3715.1594396264177,2666.507671781188,67.04379,24.885687,5440.4746,0.6733254890984599,False,,44.92563077578449,14.83879299827932,2.0288979843611865,2347.0508973670107
46.72861725747216,24.399599878689582,3645.3074449253522,1.043519913298479,True,7,1324.978021978022,2656.386813186813,44.662483,24.549406,2340.1606,0.7334801545414389,False,,2.0661342574721573,0.14980612131040516,1.5577167844486195,533.264529898983
130.85021512166446,23.793259032241906,7545.1659777140885,1.0405666385535253,True,7,497.1968199398367,2630.2960893854747,110.61424,25.395466,9399.193,0.9249172356047324,True,50.16731500913067,20.235975121664467,1.602206967758093,0.8027461482825269,659.601412958704
57.54630496836081,30.2547386255009,2881.286204773156,1.0224458483516385,True,7,157.28270042194092,2525.5215189873416,58.285904,24.611908,2254.4346,0.5124058027744849,False,,0.7395990316391945,5.642830625500899,1.2780526899175322,379.81986792482803
71.39020454885146,19.70944089218186,6952.533836771975,1.0327938390883584,True,7,1417.9368258859784,2508.8004622496146,63.970276,24.436108,5758.7163,0.9952268494670572,True,30.899117522601216,7.419928548851459,4.726667107818145,1.2073061902306206,822.8559200434325
16.116233142311913,0.49869110690877855,6241.569834053472,1.0316279814054055,True,7,663.7406568516421,2542.9161947904868,45.177555,24.409832,3691.0234,0.963556875976288,True,18.985503008181013,29.061321857688085,23.911140893091215,1.6910133471528443,1554.7553620952317
32.451836609711194,23.750414581825876,4390.620547273224,1.013026980564129,True,7,3926.367346938776,2534.0013605442177,38.26781,24.978413,3645.2698,0.926193779857934,True,9.84261723304347,5.815973390288804,1.2279984181741384,1.2044706669649592,770.7371009900626
46.77838134285548,12.00510391241313,5706.640661927282,0.9191273809045194,True,7,2402.535935563817,2524.412639405205,61.82211,24.458693,3544.694,0.5936118572112584,False,,15.04372865714452,12.453589087586863,1.6099106613793128,834.3685611393738
45.419356152001676,22.00709574526475,4234.050640752599,1.007316670518461,True,7,1770.2564338235295,2538.6305147058824,53.53948,25.220034,3070.3933,0.601486671473718,False,,8.120123847998322,3.2129382547352634,1.3789929260048213,628.2544323977396
56.087845048077874,10.110921526999688,9051.370990077568,1.0118777595356847,True,7,2855.5702225633154,2493.790483499616,61.86827,25.14328,3772.0933,0.9748037661522926,True,36.447170517589065,5.780424951922129,15.0323584730003,2.399561800360974,1208.592760855147
20.490807361318573,23.84517385122776,4044.598044972831,1.0274338465895976,True,7,1363.7715311004786,2413.7236842105262,42.07871,24.478764,2764.7021,0.6546105406072608,True,52.59527615552598,21.587902638681427,0.6335901487722424,1.4629417198232066,893.5026242432307
56.25202940703386,25.113213257063,2511.8858058911737,0.905808539446972,True,7,2413.6591928251123,2394.669058295964,57.441177,24.409695,2607.835,0.7065273928028872,False,,1.189147592966144,0.7035182570629992,0.9632073370789078,334.9120659697374
38.53701853392754,29.929443193717923,7536.346400660878,0.9826801059178815,True,7,1920.796089385475,2382.8156424581007,60.600544,26.222353,5259.1025,0.8606508298629191,False,,22.063525466072463,3.7070901937179244,1.4330099861451413,1214.0086920918338
32.05653501933358,21.045474461769338,3399.8187246960324,1.0111557413352221,True,7,2198.8504122497056,2342.547703180212,43.151405,24.333363,2678.856,0.7738033136608004,False,,11.094869980666417,3.287888538230675,1.2691308247610293,600.4785143301398
39.60050245160734,27.965092851511734,8057.157887715594,0.9293705339609275,True,7,1831.2054631828976,2278.4257719714965,83.3953,24.433651,8320.393,0.9550862928843096,False,,43.794797548392665,3.531441851511733,0.9683626587969576,1280.358314252881
94.05095907711214,19.63001162749981,7941.273340807687,1.0116319483463099,True,7,3073.341592920354,2226.53185840708,56.293434,26.81715,1757.4614,0.6603646921058944,True,25.86539761408281,37.75752507711214,7.187138372500186,4.5186046992597895,818.8578759474053
58.65828588248095,4.504641977349996,11178.227262774219,0.8910860621506819,True,7,2014.7803468208087,2289.622625928984,60.429756,24.394453,5396.242,0.9412575033748504,False,,1.7714701175190442,19.889811022650008,2.071483684900384,1459.5139523606358
24.56540936361337,33.822837799554755,6482.971011244199,0.8800224530406425,True,7,1933.5991189427316,2203.8493392070486,56.95076,24.772882,4211.314,0.7308607945961791,False,,32.38535063638663,9.049955799554755,1.5394176286176235,1308.0130495235708
43.458508020786745,21.860146154843484,3406.036999952939,1.0347367237816276,True,7,811.6515151515151,2130.57336523126,62.511818,24.942913,2831.1438,0.903264501686054,False,,19.053309979213253,3.0827668451565273,1.203060402637598,516.6684651544251
58.681206,24.646341,2318.532,1.0341717199439995,True,7,1682.393586005831,2021.7507288629736,58.681206,24.646341,2318.532,0.6655627767374611,True,27.24837717716481,0.0,0.0,1.0,302.66595940354574
43.52260425304923,15.367771823043197,6132.912088109172,1.0572669020066858,True,7,3616.879025923016,2028.516103692066,62.080425,24.560574,2266.0664,0.7268606436977763,False,,18.557820746950767,9.192802176956803,2.7064132313639053,929.6282273800098
50.1623820460305,32.49773132601161,3914.464830593867,1.0145897458966069,True,7,234.58647798742135,1962.503144654088,59.663666,24.988918,1763.9911,0.5508688468347396,False,,9.501283953969498,7.508813326011609,2.2190955672020496,552.6921799024342
17.21444646885068,36.26257781391324,3773.2355766895075,1.0533869521383077,True,7,1375.362892223738,1914.350613915416,35.81051,24.394646,1335.7428,0.7858887423619332,False,,18.59606353114932,11.867931813913238,2.8248219467771096,909.4260483073972
60.12191531269873,35.50437674330158,10049.855457535577,1.038370213601386,True,7,426.6682892906815,1881.15090403338,70.19766,24.549713,8678.711,0.966909520175324,True,33.36480985645063,10.075744687301267,10.954663743301577,1.157989413120863,1296.1146270247307
12.226005746131651,30.200912513871327,3041.247968015652,1.0643962911643283,True,7,2690.5172413793102,1830.3039591315453,37.146572,25.79734,2280.2373,0.6546046917768413,False,,24.920566253868348,4.403572513871328,1.3337418732759316,869.7802340136755
62.57643837496141,31.951914387104555,5449.081530977772,1.028389053656879,True,7,3119.3525525525524,1692.3411411411412,74.2836,24.681444,3900.471,0.8291298025856497,False,,11.707161625038594,7.270470387104556,1.3970316741177595,688.8392504444323
48.35026175031126,18.260540817657642,3302.6317404030938,1.010095725753062,True,7,1965.8668610301263,1699.7016520894072,52.41483,24.574097,1655.7924,0.5177193837438921,False,,4.06456824968874,6.313556182342353,1.9945928851968964,474.9640461926333
81.6753006269721,16.478440533538947,6725.408660487976,1.0457971369684291,True,7,3631.062138728324,1689.3952312138729,68.49352,25.213512,1797.7329,0.6454056859579002,False,,13.181780626972099,8.73507146646105,3.741049997186999,744.1719701934825
42.53234832229959,24.216476201646497,4385.545784272943,1.033749860729623,True,7,2978.988023952096,1649.152266894782,56.403748,24.589327,1181.7399,0.5834837744659075,False,,13.87139967770041,0.372850798353511,3.7110922498875962,672.4561477572128
47.74258612527291,25.54355379768178,5099.246196021572,1.01143490442704,True,7,3118.4019851116627,1576.1976840363936,55.121536,24.842394,2554.4246,0.9737480899978574,False,,7.378949874727091,0.7011597976817825,1.9962406390940537,737.9943050576749
48.59802273017466,29.940634320114555,3639.8835522298314,1.0293529686871798,True,7,1693.2048192771083,1556.617900172117,55.426353,24.609787,2199.889,0.7867828514619595,False,,6.8283302698253365,5.330847320114554,1.6545760046210656,522.1294502985736
60.555542,24.409424,3627.167,1.0237752529123891,True,7,799.5536547433903,1511.5707620528772,60.555542,24.409424,3627.167,0.7914883571017668,False,,0.0,0.0,1.0,466.11234326959453
59.79310088516734,26.11680957199299,3404.7334921962492,1.0371277879584895,True,7,3613.407195421096,1544.494685200327,62.363968,24.74713,3362.483,0.8640491309870758,True,27.52317320494483,2.5708671148326587,1.369679571992993,1.0125652656671422,440.3090222660589
30.151506616734377,5.888752301002816,6773.1392494997,0.8910500378851665,True,7,508.1028615622584,1458.8205723124518,64.6705,25.776705,4155.1377,0.5193952462017316,False,,34.518993383265624,19.887952698997196,1.630063727972168,1233.4896093118355
15.35593817637486,149.34404934400592,3401.8388639521345,0.9821042145963222,True,7,3986.1906614786,1380.823605706874,38.66554,24.44844,992.31146,0.7191186898047178,False,,23.30960182362514,55.10439065599408,3.4281966913413804,868.1116029195313
36.83013186348509,22.57721401355303,4070.752673080192,1.0349623270661634,True,7,2470.065803667745,1318.017259978425,46.02932,24.300097,2310.4136,0.6395370788427499,False,,9.199188136514906,1.7228829864469617,1.7619151276984313,670.7691492498005
59.305776052513565,26.01890290515401,4950.856515309475,1.0274414267130334,True,7,658.7709978463747,1296.7681263460158,60.382267,24.577856,2646.0334,0.5643405325940879,False,,1.076490947486434,1.4410469051540105,1.8710483833308662,642.8828542475189
40.71084511551882,24.442210603825362,3516.7109488628066,1.1501323371008123,True,7,1397.4133635334088,1264.1211778029444,46.942657,24.401257,1536.2356,0.8175803706380367,True,19.44458615512127,6.231811884481175,0.040953603825361284,2.2891742313892522,551.1649788000589
47.024357,24.321957,2242.97,1.04097305163288,True,7,3733.07210031348,1180.5224660397075,47.024357,24.321957,2242.97,0.7486578359730751,False,,0.0,0.0,1.0,327.0860573928411
68.35806884177111,26.579886493487347,4761.565152310289,1.0142969755018372,True,7,2970.543247344461,1118.199544764795,63.462852,24.623781,1389.6178,0.50618603579714,False,,4.895216841771116,1.956105493487346,3.4265286126230454,575.9102903686271
23.48154783389903,26.74377591304402,3614.391972649393,0.984332561307294,True,7,12.964314679643149,1176.197080291971,66.70984,24.746336,2774.8215,0.8147196150806496,False,,43.22829216610097,1.997439913044019,1.3025673805141675,745.8850260085726
21.7109444666616,35.01138573160108,3377.5447575494313,1.0209315624204456,True,7,1027.6496191512513,1074.7247007616977,44.97947,24.795588,1833.8407,0.6099534574348183,False,,23.268525533338398,10.215797731601082,1.8417874341808596,724.8727180081559
44.6096834192832,26.814557712752485,3764.4373267065107,1.0101492261673537,True,7,3494.207508532423,1108.522866894198,72.43812,24.73994,1277.6018,0.7872103198994492,False,,27.828436580716797,2.0746177127524845,2.946487181457095,563.61883829602
20.57165628518746,14.59284288240346,3233.5443896866664,1.0137881518168612,True,7,1860.2155907429965,1056.545676004872,39.15273,25.353651,1493.405,0.5746081651620496,False,,18.58107371481254,10.760808117596525,2.165215992772668,712.9255798749194
70.05453031845379,25.781818469741644,3930.4668577835987,1.0052153396483752,True,7,2902.351729212656,979.5371596762324,73.61887,24.956669,3051.6904,0.5001609029178548,False,,3.5643396815462154,0.8251494697416426,1.2879638307292243,469.5977698547687
48.200285236224126,22.626748799804584,3535.1025989689406,1.024770553796585,True,7,512.9439002671415,969.1442564559215,57.524826,24.843609,2748.954,0.5137545653209813,False,,9.324540763775872,2.2168602001954127,1.285980994577916,509.18689620108825
68.3936293205622,28.385939648085362,6398.151008767703,1.0230031632476495,True,7,3327.833333333333,937.7552552552552,69.74112,25.328192,4112.5938,0.9764931927364996,True,45.02748246469258,1.3474906794377972,3.0577476480853605,1.5557459160609792,773.6537962632116
27.62333349929628,31.020205927851233,3055.0350601737928,2.530992525526679,True,7,235.7750491159136,811.4449901768173,50.609253,24.304972,1156.9807,0.6431341968253472,False,,22.985919500703723,6.715233927851234,2.6405237876256646,581.2703294946979
30.583645469364576,18.41487587321763,3629.6136905143894,1.0384704748045845,True,7,1288.5598755832036,763.7604976671851,33.155994,25.108747,2617.4028,0.6495293668375133,True,6.956504330801852,2.5723485306354235,6.693871126782369,1.3867233925608964,656.3202121339485
22.51892338831633,28.808800293002854,3684.334802669588,1.0273116235189435,True,7,1775.6420323325635,729.7113163972286,41.528698,24.485249,1581.5416,0.5602346353282496,False,,19.009774611683667,4.323551293002854,2.3295845032907057,776.399553218164
86.20546998438606,23.040908633075357,7322.75655536617,1.007521991480893,True,7,1619.6446977205153,746.5054509415263,97.49297,24.6254,11145.229,0.9348784269894922,True,58.52832281781989,11.287500015613944,1.5844913669246523,0.6570306052362109,788.6915435956813
194.40683441107944,161.9736564765783,21369.676376124473,1.0212158049321287,True,7,3995.738367658276,723.5797101449275,65.77368,24.336359,2775.3237,0.7592978204307604,False,,128.63315441107943,42.36270252342172,7.699886098376371,1532.6471464124054
46.94700667009604,16.741005212226245,5310.659641830008,0.9974112891039488,True,7,1501.0324508966696,682.8121263877028,52.35187,24.718395,1569.5505,0.5522915636469815,False,,5.404863329903961,7.977389787773745,3.3835544901741024,775.0764029072872
58.66683487230021,29.997880453356434,4447.961418814293,1.0279578654270618,True,7,809.9202898550725,687.8155467720685,73.29054,25.325998,1840.3441,0.5318297953892609,False,,14.623705127699786,4.671882453356435,2.416918346310504,580.7171906778528
38.8719173551233,36.02603825768641,5986.955258761441,1.026559578353046,True,7,1357.564856230032,604.3354632587859,72.08635,24.660055,3135.3245,0.6112349887957819,False,,33.214432644876695,11.365983257686409,1.9095169443422653,960.2582150647862
56.244286,24.523579,1728.9648,1.022417978644867,True,7,3988.864468864469,594.5347985347985,56.244286,24.523579,1728.9648,0.6729240143391939,False,,0.0,0.0,1.0,230.5403496978989
25.86565008736151,51.249495115412614,4376.0087241989195,1.0243695169786227,True,7,1568.2510548523207,569.5685654008439,45.98304,25.766443,676.2112,0.5830722189247636,False,,20.117389912638494,25.483052115412615,6.471363864128426,860.4318541910703
16.748326824270592,24.07229089256243,3005.6633963839786,0.9887032634946467,True,7,1316.9500846023689,416.5296108291032,57.33111,24.480099,1111.9592,0.5620554472472438,False,,40.58278317572941,0.40780810743757456,2.703033885041806,734.4371368951798
68.19736205973753,24.282359015403646,7999.932284511549,1.0286627858067767,True,7,989.4853846153846,478.12384615384616,64.584404,24.404217,7306.0063,0.9733239872796212,True,27.936713278388947,3.6129580597375224,0.12185798459634611,1.0949802061505955,968.7294948890643
17.410466726526458,20.517095679438352,7025.2528300647355,0.8622822670171922,True,7,3002.3115384615385,285.24038461538464,49.360054,25.534742,5710.42,0.7158949592731287,False,,31.94958727347354,5.017646320561653,1.2302515104081198,1683.6691401607532
37.26637535035387,26.418403509448673,6538.110930710398,0.8395660960621987,True,7,3104.7176573426573,198.99213286713285,57.402473,25.771696,5068.046,0.6264466920560946,False,,20.136097649646132,0.6467075094486745,1.29006542772311,1071.0104490371575
120.20523,24.799053,13504.82,0.996320528128165,True,7,2881.164687252573,187.04315122723676,120.20523,24.799053,13504.82,0.7638999302057481,False,,0.0,0.0,1.0,1231.7628968989657
57.62483370232476,30.035656745546806,6427.559566514372,1.0305810750663664,True,7,325.6381294964029,148.79496402877697,70.21914,25.398462,6280.9844,0.9953863780671528,True,30.40109734546077,12.594306297675239,4.637194745546807,1.0233363366599624,846.72282578961
72.03729048268838,21.32018494419945,7106.1435637935265,0.9796264879762262,True,7,3009.8414298808434,67.39963336388634,61.703636,26.271542,5764.578,0.7067611348943885,False,,10.333654482688374,4.951357055800543,1.232725719695965,837.250262667739
57.87251460243555,24.2949518103458,4015.3308485646803,1.0197951859455112,True,8,1645.9812925170068,3917.237244897959,59.274834,24.776615,2331.9963,0.9004354643527239,False,,1.4023193975644475,0.4816631896541992,1.7218427184317062,527.8191692107919
53.6954,24.808321,3847.7183,0.9283839642510848,True,8,3473.8927125506075,23.52226720647773,53.6954,24.808321,3847.7183,0.6572701082243686,False,,0.0,0.0,1.0,525.0911853350254
26.833029543347063,23.60889290324658,4357.98457198373,0.9064955454508308,True,8,3599.0512077294684,25.28985507246377,47.628647,24.503042,2160.722,0.8045854545690754,False,,20.795617456652938,0.8941490967534094,2.0169112787224504,841.2998936753149
99.43991415835295,12.601544788233385,8963.43103292847,0.8745195892975587,True,8,1769.734193548387,15.251612903225809,39.81744,24.005276,1946.3313,0.5347369026599533,False,,59.62247415835295,11.403731211766626,4.60529563128768,898.8638423830226
34.36286267324958,21.303009373374703,4401.540555297671,1.0678282587120607,True,8,2339.6774758983347,74.66170026292725,54.775707,24.82172,3610.3042,0.7064036202651732,False,,20.412844326750417,3.5187106266253068,1.2191605780193455,750.8618506240147
38.423494374569856,32.188191915053196,5932.93007663971,1.042456033266325,True,8,3788.456442831216,86.75771324863884,54.111034,24.73689,1930.735,0.8191566034459057,False,,15.68753962543014,7.451301915053197,3.072886790077204,957.1297173668704
64.22088874844101,35.372225555319154,3436.66377023496,0.961372894695814,True,8,42.07204116638079,303.74785591766727,54.28617,24.466806,2802.9458,0.5357413370168409,False,,9.934718748441014,10.905419555319156,1.2260899837003483,428.8435562595857
67.33097375640611,22.752207688316062,4794.799323533167,1.0456491097117142,True,8,2448.734095782702,291.7748391708363,69.73576,25.205717,4406.9014,0.634588222966323,False,,2.4047862435938896,2.453509311683945,1.0880205587384295,584.3364633510841
59.62254092935619,25.054872556081218,6292.575555580954,1.0269502064979537,True,8,1487.253052917232,393.6194029850746,69.5534,25.802973,4971.3896,0.9961614599255214,True,32.742985179117454,9.930859070643805,0.748100443918787,1.2657578789602315,814.9354283955315
42.095353621531444,25.375741294370336,4758.893433759171,1.0408561413836448,True,8,726.3408662900189,338.50376647834275,51.79621,24.30045,2329.741,0.5419398287059379,False,,9.700856378468558,1.0752912943703343,2.042670594610805,733.4810510502431
74.98101610696526,20.695198325923943,4165.027641027635,1.014739769604002,True,8,564.2596380802518,472.03461841070026,61.31485,24.6582,1482.0039,0.6117835759663921,False,,13.666166106965257,3.963001674076054,2.8104026183923234,480.9968444161487
1.8098009462077452e-05,28.53728739382876,3744.704504019015,0.9477795039895562,True,8,4083.855769230769,459.4436813186813,40.68531,23.968231,2787.6895,0.9319620528341874,False,,40.68529190199054,4.56905639382876,1.3433004299865587,3744.704504019015
70.89604301394613,24.71569482674244,6051.712079456589,1.002906126875547,True,8,3006.041506533436,466.8854727132975,64.77893,25.596548,2702.998,0.812533624750139,False,,6.117113013946124,0.8808531732575489,2.2388888484033616,718.7324602930244
-21.516447603272226,175.92460261268926,4367.07169484181,1.0444874393716883,True,8,2839.8820912124584,533.4371523915462,44.1953,24.604317,508.67563,0.5560053973079838,False,,65.71174760327223,28.679714387310753,8.58517970448439,4367.07169484181
52.81367028690594,24.11527175603911,3651.0434919068,0.9835678300354191,True,8,661.5063538611926,661.5884652981428,51.67575,24.391579,2102.5674,0.5250680822456787,False,,1.1379202869059384,0.27630724396090045,1.7364691813954694,502.3932913381618
19.304342415343633,24.99785116912383,3706.586342814127,1.0638647424052534,True,8,3705.1987000928502,690.7901578458682,51.903408,24.28947,3181.7139,0.6550785785288928,False,,32.599065584656366,0.7083811691238289,1.164965317219165,843.6195102341333
44.09827429533233,27.343991176787195,4191.831717184883,1.014176496127939,True,8,1676.5153203342618,690.5480501392758,64.24387,24.52921,1571.9395,0.5088284202717243,False,,20.14559570466767,2.8147811767871964,2.666662245706583,631.2378648234762
53.65470703314976,23.657519525081074,3403.043607038918,1.0535162699156166,True,8,3693.457142857143,786.8372294372294,60.312595,25.201517,1682.5201,0.5396816652800399,False,,6.6578879668502395,1.5439974749189105,2.022587193483702,464.5833061959347
74.41645268121437,23.03095980317165,7887.91828019293,1.0454924179019265,True,8,2639.1066225165564,720.7966887417218,72.67477,25.074345,4870.3438,0.9852180315348466,True,39.94423293080474,1.741682681214371,2.0433851968283534,1.6195814102883108,914.3825314163287
25.075335906316432,28.220504143041016,4428.794026424634,0.9528525427433103,True,8,41.48095659875996,801.9211691762622,54.975407,24.807577,1991.7129,0.5759207082560166,False,,29.900071093683565,3.412927143041017,2.223610655142432,884.4272251567207
39.43895806070507,28.1215809375423,4805.767488711871,0.9951773570925525,True,8,292.3074398249453,869.3938730853391,44.507877,25.561575,2274.6829,0.554993495872027,False,,5.068918939294932,2.5600059375423,2.112719750393284,765.2441859586322
72.60158416174913,26.375524991103386,8611.160503830097,1.0694356991918421,True,8,937.8397212543554,839.2723577235772,88.14834,24.654358,10531.862,0.9548386336541114,True,44.169322254390586,15.546755838250874,1.721166991103388,0.8176294470844849,1010.6217382988027
28.73214397938846,28.45845763419286,3814.0818082130954,1.047098273402957,True,8,2273.228140703517,915.2633165829146,50.003094,24.724268,2880.5498,0.709357536485744,True,30.421653569208303,21.270950020611537,3.7341896341928624,1.3240811904078504,711.5509240161769
56.46163710093297,31.674963576108013,5518.674163670305,1.0078279066881513,True,8,116.26399331662488,920.3324979114452,58.567738,24.960306,2739.687,0.7024161408756981,False,,2.1061008990670302,6.714657576108014,2.0143447640808256,734.4428713290679
88.29311,24.664833,5356.808,1.0295921897595046,True,8,2524.1044444444447,1146.5622222222223,88.29311,24.664833,5356.808,0.988538919122609,True,53.844609997358745,0.0,0.0,1.0,570.0890158096339
40.06006149012279,23.12672732098564,4379.353957186627,1.0386766448318163,True,8,2286.110396570204,1229.9389067524116,43.984016,24.443998,1894.7487,0.8176804295449633,False,,3.9239545098772055,1.3172706790143707,2.3113112346701317,691.9173842294044
20.43732108112386,21.949003508221125,3985.276510368898,1.0394298562991924,True,8,1817.293388429752,1302.8347107438017,35.28972,24.569063,2418.5806,0.6026369070569606,False,,14.852398918876144,2.620059491778875,1.6477749430260453,881.5490371693425
23.526515413308516,23.279691028371776,3463.0196060481303,1.057239162845551,True,8,2668.2907488986784,1171.3898678414098,45.215054,24.186678,2617.5356,0.5404195779538445,False,,21.688538586691486,0.9069869716282142,1.3230076435438471,713.9637249773687
52.12040249146086,25.393531832627623,7956.04548091076,1.0119380707300127,True,8,439.8253477588872,1250.5100463678516,60.975044,25.214977,6606.302,0.9896449549162468,True,27.46351183106791,8.854641508539139,0.17855483262762206,1.2043115014891477,1102.0298970995657
32.02269879393809,31.14265630007596,5449.479343457711,1.0433039521955207,True,8,3901.924464487035,1267.8072153325818,42.568363,25.043354,3392.9387,0.5861338690704238,False,,10.545664206061907,6.0993023000759585,1.6061237249755533,962.9994642450285
74.09366111809453,20.781571673859524,4209.531750254098,1.0198525814023613,True,8,672.0564516129032,1385.6424731182797,70.00756,24.554552,3327.3882,0.8350404482693815,False,,4.086101118094533,3.7729803261404697,1.2651159099061837,489.0387381384181
66.01505325521876,27.810246542303492,3330.2779384795504,1.0330633129345976,True,8,558.5704323570433,1475.0251046025105,68.364944,26.313732,2430.397,0.5379051023303582,False,,2.3498907447812343,1.4965145423034905,1.370260882678653,409.8821366060886
39.96811827182575,12.092231687835007,9047.67649479457,1.042068434398356,True,8,2967.97957695113,1515.6761487964989,65.60016,24.892824,4767.8403,0.992146286603542,True,37.85394294736675,25.63204172817425,12.800592312165008,1.8976467174864415,1431.1337141879403
40.49266762521518,35.84232211893429,3962.6897670868357,1.0514286994238113,True,8,2377.903892944039,1570.594890510949,42.26739,27.437607,4054.0532,0.8937069158890963,False,,1.7747223747848224,8.404715118934291,0.9774636818004352,622.7329978671717
64.24968888420642,27.480646241197213,4544.198242183606,1.0374776256548828,True,8,3864.62545720556,1699.633504023409,62.077812,24.399738,3023.6057,0.6045790067563932,False,,2.1718768842064193,3.080908241197214,1.5029070232879924,566.9199691847981
34.18447815715596,19.84268195951472,4735.024894706743,0.8682493595138022,True,8,22.72878048780488,1627.719024390244,45.1563,24.33823,2178.403,0.6331822065829682,False,,10.971821842844044,4.495548040485289,2.173622095960547,809.8559725622274
50.58973565166701,9.823167842558826,5105.558774022989,1.0381117079757143,True,8,3268.4176882661995,1772.3187390542907,59.340622,24.693026,2440.1853,0.5380307217938294,False,,8.75088634833299,14.869858157441172,2.0922832270250087,717.8142489223292
60.05676494677991,21.412889672476137,6132.452681949633,1.0151528483422738,True,8,1796.139240506329,1773.554728220402,66.763084,25.118546,4057.0615,0.5298830890737689,False,,6.706319053220099,3.7056563275238545,1.5115503380832738,791.3219975219854
40.61028794593929,26.51716019692037,3415.5265500278256,1.0129030769789564,True,8,3176.396980461812,1701.5301953818828,54.009426,24.778671,1955.3146,0.846880996748726,False,,13.399138054060707,1.7384891969203693,1.7467913091979295,535.9689506173978
68.71488304749055,28.893120940483083,4600.548465336773,1.0177457996658779,True,8,1340.760775862069,1820.676724137931,71.02165,25.26028,1974.6061,0.9337042707446664,True,52.72344992558737,2.3067669525094487,3.6328409404830815,2.3298563016374625,554.9887814612877
57.18754657721695,23.96343830962585,5431.28826903268,0.9968931507136573,True,8,300.5882818685669,1830.6753760886777,59.54063,24.560375,2576.436,0.7615619107560467,False,,2.353083422783051,0.5969366903741502,2.1080625596881424,718.2111138924748
35.78567149533893,25.44799704931109,5503.627483799111,1.0429298366184259,True,8,3426.146620847652,1792.9621993127148,44.267735,24.705816,3466.0916,0.8539273139043989,False,,8.48206350466107,0.7421810493110925,1.5878482506922527,920.0140194522057
14.522455807228528,74.6327312478816,4298.572514882933,0.9732921940717383,True,8,607.6375291375291,1849.1596736596737,44.127464,25.757902,2470.3333,0.7810768111287295,False,,29.605008192771475,48.87482924788159,1.7400779542108482,1127.9873408801013
22.591710472249876,38.04577111689765,5017.522097206935,1.0363066494807476,True,8,1665.561072492552,2005.4041708043692,49.99649,27.337835,2420.3625,0.6967136991762019,True,59.84620375393071,27.404779527750126,10.707936116897649,2.073045709973995,1055.6373237138018
36.49204930487323,25.254174397636227,3417.0718749700764,0.9106926586159233,True,8,15.400759734093068,2109.258309591643,56.18285,24.365837,3563.641,0.7177185666919348,False,,19.690800695126775,0.8883373976362279,0.9588709623023408,565.6593724725551
34.11773009515352,22.020107465437118,4656.154556446991,0.9915855950488567,True,8,2219.923676012461,2079.9119937694704,62.76858,24.970642,326.07925,0.6066613781248666,False,,28.65084990484648,2.950534534562877,14.279211438467767,797.144994286594
60.077198,24.529343,4471.389,1.0285813118922889,True,8,3731.741185897436,2330.984775641026,60.077198,24.529343,4471.389,0.771713446838132,False,,0.0,0.0,1.0,576.8828386655821
45.96210544290913,17.991901504322172,2398.6028422413187,1.0366850273941415,True,8,1359.1633714880334,2385.1550468262226,48.6101,24.360378,1777.5842,0.638064758179692,False,,2.6479945570908754,6.3684764956778395,1.349361027309603,353.80045459702063
59.24128769565199,23.456128310878043,4397.643837473201,1.0190559404221136,True,8,1703.1176024279212,2402.1790591805766,61.565536,24.450651,3557.2124,0.5476641362609358,False,,2.3242483043480107,0.9945226891219647,1.2362612470015006,571.3573363853615
12.881941848886031,49.89601568069686,3153.834009770125,1.0245619545329414,True,8,2630.5437908496733,2351.052287581699,35.255577,28.771158,1778.0922,0.5078733507723608,False,,22.373635151113973,21.124857680696863,1.7737179263089533,878.715252753102
74.31913395453219,23.016384409432266,7037.403770346041,0.8077652526062831,True,8,4027.802462227197,2539.6961387800784,82.5149,24.511246,5919.966,0.8135532441952688,False,,8.195766045467806,1.494861590567723,1.1887574642060512,816.3232185965256
37.57670866357827,34.20720077944424,3447.3573464580727,1.0404865730279735,True,8,878.5702179176756,2607.4709443099277,41.40858,25.330206,1703.9268,0.6315275421999317,False,,3.8318713364217274,8.876994779444242,2.0231839457294014,562.3762028102805
29.278861631465837,17.303292148357293,4303.811847182823,1.048198948741125,True,8,2079.7589743589742,2475.3,39.65015,24.56404,2157.0793,0.8712546311264664,False,,10.37128836853416,7.260747851642691,1.9952033507450668,795.3827777831373
75.06263060820166,33.77817816347031,12250.211246116694,0.8633008648157119,True,8,3936.138824310861,2608.1095981401527,112.84846,25.814844,5575.2686,0.617078450538807,False,,37.785829391798345,7.963334163470307,2.1972414470070003,1413.9423015397942
85.37048139415256,28.18649916582155,7267.700246086289,1.047964295809019,True,8,420.0798742138365,2719.32641509434,70.263,24.781813,2927.3452,0.8403403099913787,True,45.27366085258343,15.107481394152558,3.404686165821552,2.482693276517675,786.5804380803696
45.149558905593466,20.484980317489892,6466.027295477429,0.736036503601955,True,8,4011.7128888888888,2687.568,56.896797,25.472221,3292.4673,0.7457873821042922,False,,11.747238094406534,4.987240682510105,1.9638850461711281,962.3006468180496
26.41568998556511,66.78827420662196,4500.411212264608,1.046016828267878,True,8,3520.1709844559587,2775.925388601036,45.738747,25.081795,1487.5867,0.5707982297869394,False,,19.323057014434887,41.706479206621964,3.0253101968877565,875.63118138283
46.76740029327929,32.423635541317886,6147.33513229227,1.062994092843433,True,8,3442.840967575913,2741.811631497684,76.738716,25.343597,2079.433,0.5142224566574166,False,,29.97131570672071,7.080038541317887,2.9562554466973787,898.9080621406349
26.556278839704078,13.841139358262279,4006.2730896287003,0.9977594996681134,True,8,870.2317497103129,2818.393974507532,39.769173,26.05661,1739.6711,0.5830313353669865,False,,13.212894160295924,12.21547064173771,2.3028910979947304,777.4222030189733
41.30062478517415,41.23309963609601,5527.505876733596,1.0130686436788425,True,8,550.430846605197,2849.511316010058,55.1908,25.31023,2627.7932,0.7084217357518311,False,,13.890175214825852,15.922869636096006,2.1034782633327445,860.1038708399709
23.0688763529491,42.27841525020531,4170.660795442925,0.9980068422909617,True,8,1822.6886363636363,2802.7761363636364,42.245605,24.986536,1758.8369,0.5376787404035817,False,,19.176728647050897,17.291879250205312,2.371260686788482,868.3436824926588
52.794313147893675,27.85822134060197,3149.526320775607,1.003289584867151,True,8,1047.061677631579,2900.3034539473683,59.382282,24.68141,2980.569,0.8154790500083561,False,,6.5879688521063215,3.1768113406019687,1.056686263856199,433.4626383513931
42.58671,24.457644,1789.0703,1.0337893956460265,True,8,1916.718899521531,2863.843301435407,42.58671,24.457644,1789.0703,0.5118560331055201,False,,0.0,0.0,1.0,274.151332426252
59.049446,24.975685000000002,3451.5076,0.9727272713336924,True,8,4056.859663865546,2918.079831932773,59.049446,24.975685,3451.5076,0.6644702826950567,False,,0.0,3.552713678800501e-15,1.0,449.15984190386183
8.765852288872115e-07,143.8217119284343,23266.956916405605,2.358653805493071,True,8,927.7845249755142,2955.182174338884,48.77088,24.327824,-2935.7175,0.6510848627808589,False,,48.77087912341477,60.506112071565695,-7.925475430250221,23266.956916405605
86.76650266021531,26.508231908723786,5884.801858726382,1.0269678691488255,True,8,3163.0752475247523,3078.269306930693,72.11644,25.356476,4053.133,0.5989999281772994,True,51.949179748860026,14.650062660215312,1.1517559087237856,1.4519143237407661,631.7653437695953
-0.023094628554774503,169.78848894557999,13153.951607935667,1.0539877994899527,True,8,1902.85559566787,3153.38146811071,80.31797,24.596514,5582.867,0.988356690765275,True,54.46248797957091,80.34106462855478,34.80802505442,2.356128420744336,13153.951607935667
63.66894109767555,21.71023986456188,8229.699143201044,1.0133739690807588,True,8,1370.9689158453373,3183.7968157695223,65.79578,24.542595,6347.0684,0.991383781966656,True,35.935782848924106,2.126838902324444,2.832355135438121,1.296614220070646,1031.3834192236882
31.364912611467094,19.414489760106427,6464.8691896608725,1.048854374059401,True,8,2713.329745596869,3156.470645792564,51.14052,24.55635,1821.7175,0.8373850218862601,True,34.16241347955284,19.775607388532908,5.1418602398935604,3.5487770138129937,1154.350514520064
67.9046665024294,22.843798725150013,6745.83443093027,1.0338049848126756,True,8,549.2147651006711,3317.5637583892617,67.03771,24.509918,5322.359,0.9947338078594689,True,41.45627360554717,0.8669565024293888,1.66611927484999,1.2674519758870586,818.6266285198524
-0.00010790400441003695,50.96385793488455,2362.9403614465514,0.9947119622452134,True,8,2835.107776261937,3232.171896316508,35.015244,24.044971,1309.1318,0.6345793928283038,False,,35.01535190400441,26.91888693488455,1.8049675070505133,2362.9403614465514
61.37527429343627,20.246573791230873,5911.5337576403035,1.0440047786133761,True,8,2537.675261885576,3342.7671232876714,60.872066,24.499327,2504.9653,0.7557057572901354,False,,0.5032082934362734,4.252753208769121,2.359926406022592,754.5768044338441
62.38406231487617,27.3065084392795,11370.639303115337,0.7109369597601571,True,8,1134.0162696106916,3357.1016850668216,79.51669,24.343021,4015.397,0.7321367002523492,False,,17.13262768512383,2.9634874392795005,2.8317596748504164,1439.6206160547135
17.244473958518988,38.58048174724703,5717.129168376268,0.6332767191379919,True,8,1278.2403685092129,3363.819095477387,58.01974,25.612959,2353.5796,0.6628792382687827,False,,40.77526604148101,12.967522747247028,2.4291208032123786,1376.7434819828552
31.082817171488607,36.92876823419617,5968.234384099469,0.8447570481344212,True,8,1200.18487394958,3449.0882352941176,58.828278,26.033707,5158.917,0.7058171459019774,False,,27.74546082851139,10.89506123419617,1.156877380291148,1070.497564155295
50.101859821491445,21.56060545367536,5235.599863682886,0.9919147894206226,True,8,361.02878365831015,3537.5506035283192,53.400417,24.505663,3194.917,0.5040429136912665,False,,3.2985571785085526,2.945057546324648,1.6387279743676866,739.6725875910123
77.93452635326113,15.275247666301574,11731.409237543216,1.013268431288261,True,8,1841.1823235130628,3751.9032795997778,84.60076,24.640705,8218.455,0.9734908479466065,True,54.99818250790032,6.66623364673886,9.36545733369843,1.4274470368874947,1328.8783769329561
38.674906729096364,26.087549212413983,4104.775127348816,1.0379172252595366,True,8,3584.026350461133,3639.745718050066,38.08177,27.062195,3210.5095,0.7927292451291271,False,,0.593136729096365,0.9746457875860131,1.2785432117079285,660.0468040968317
44.43488607960607,29.345390659696672,4191.295088651743,1.0359408662135816,True,8,3871.8619957537153,3794.532908704883,48.18566,24.371082,2686.5234,0.6087493495029794,False,,3.750773920393925,4.974308659696671,1.5601185862188072,628.7618787069764
74.19148,24.948933,5605.9766,1.0339421807473828,True,8,997.641651031895,3752.980612883052,74.19148,24.948933,5605.9766,0.5514641984525928,False,,0.0,0.0,1.0,650.8400403224125
56.18009337687228,19.194888771570263,3748.17248846785,1.0464407137467877,True,8,3588.2998204667865,3879.527827648115,54.31526,24.769547,1915.3789,0.5714719281935075,False,,1.8648333768722765,5.57465822842974,1.9568830420277943,500.06716624015604
10.772631318058298,6.374745808679472,15714.563661074055,0.805795061646268,True,8,3443.894676588437,3890.27418431597,83.853355,24.218805,5013.383,0.8866698775631547,False,,73.08072368194169,17.844059191320525,3.1345228683055044,4787.859838769192
16.547026665771952,162.58856734272712,6920.865673358008,1.009730182642923,True,8,217.83816425120773,3855.6787439613527,42.936184,24.958488,3102.958,0.9795266135649036,True,18.26729558367813,26.389157334228045,42.36992065727287,2.23040907203965,1701.3765268636503
37.93855388455877,31.25304697197882,1673.4921221096213,1.0467509233565877,True,9,1459.973372781065,3909.4704142011833,58.900673,25.97898,888.2352,0.56000952345906,False,,20.962119115441226,5.274066971978819,1.88406417816995,271.6960258216093
23.962911229664556,37.515611486486186,3426.686022801903,1.05637699276754,True,9,707.7377326565144,3922.830795262267,58.480007,25.38993,1694.5845,0.99163826716068,True,26.576816234669742,34.517095770335445,12.125681486486187,2.0221393638392793,700.0104504865242
37.945065488227726,24.03963494014054,1741.7595353581426,1.0235154691733928,True,9,4038.1871921182255,3784.795566502463,37.88519,24.440758,1075.5181,0.5589497521640504,False,,0.059875488227724816,0.40112305985945795,1.6194609233988182,282.75516281344545
21.962957545182896,10.15867948952531,1801.3060327968296,1.0367103559722395,True,9,2102.8413068844807,3821.8961493582265,39.675224,24.839102,296.12845,0.7126334270645475,True,21.831975270032707,17.712266454817104,14.680422510474699,6.082853683247353,384.3634584838169
15.168387927489979,24.61684633254833,1916.7893611073143,1.0459454709463827,True,9,412.367447595561,3694.683107274969,39.84236,24.166292,1498.3362,0.8584557963610416,True,8.62898489626195,24.67397207251002,0.4505543325483323,1.2792785498390244,492.15814475766564
36.09761289749313,28.330573584467945,1733.816344172311,1.0389978406375175,True,9,3433.3385909568874,3638.584647739222,47.572567,24.9801,1462.7499,0.902857335009063,False,,11.47495410250687,3.350473584467945,1.1853129124618713,288.5784197686823
46.2671879964392,30.45857097469253,1919.9137751450407,1.0662344834566766,True,9,1092.0965842167257,3663.86101295642,44.591133,25.66897,990.9084,0.5887290962267343,False,,1.6760549964391984,4.789600974692529,1.9375290139280692,282.2572930298022
52.06591853667401,18.649944516573573,2605.1096746204485,1.0791075425874703,True,9,916.4362532523852,3495.934952298352,58.053127,24.48205,1298.6034,0.961971043540271,False,,5.987208463325992,5.832105483426432,2.0060856722078877,361.03494886695086
1281.4017697912905,109.88673152741273,182835.94221820892,0.8003582321864848,False,9,276.594777265745,3469.853456221198,154.3382,24.563387,6064.618,0.5960792716559541,False,,1127.0635697912905,85.32334452741273,30.147973412044898,5107.623946541857
27.98080583055375,33.88961022907893,1749.7158770645665,1.0549494262789973,True,9,835.206599713056,3412.183644189383,35.948517,27.216455,1059.8706,0.7162038511721296,False,,7.967711169446254,6.673155229078933,1.6508768872960213,330.7786145028309
32.74970733151915,23.63804957119327,1970.7720092443544,1.0650490971456987,True,9,932.1091170136395,3307.979899497488,63.264763,24.42872,802.34875,0.5385518707349151,False,,30.515055668480855,0.7906704288067203,2.456253604488515,344.3758385969832
68.90165,98.730804,1000.0,0.005251691806926451,True,9,328.5112229102167,3259.358746130031,68.90165,98.730804,0.0,0.5662669431894238,False,,0.0,0.0,,120.47174164277254
54.783546251966754,15.695004165333152,3795.515204992721,1.0517469962099364,True,9,643.7184401850628,3294.5208195637806,78.4596,24.937075,2508.7295,0.9965716909671624,True,55.68335562251519,23.67605374803324,9.242070834666833,1.512923256569798,512.7972231461166
87.23597831814402,28.514001144154495,3202.083774042531,1.0218137510799097,True,9,3433.602564102564,3280.725274725274,66.20007,25.026287,1754.1476,0.5196956578957277,False,,21.035908318144024,3.487714144154495,1.8254357695113745,342.8347784541976
72.10786620905917,50.858470749476524,5886.512540583639,0.6746067556150828,True,9,361.4416706673068,3110.0465674507923,107.08999,25.067043,4175.0938,0.7930360207644674,False,,34.98212379094083,25.791427749476522,1.409911446919741,693.213084422504
37.007689818634006,25.715868174533817,1432.4389934144497,1.1068474151014691,True,9,2663.3028812368234,3042.834855938159,70.722176,24.712837,1540.9304,0.6647942834276432,False,,33.714486181366,1.0030311745338167,0.9295935711401694,235.46705226086212
23.198390698456876,37.71460379366066,2159.4485864544276,1.0640173840722655,True,9,1236.3280159521437,3069.5463609172484,48.20172,25.802164,995.55505,0.6884697774667794,False,,25.003329301543125,11.912439793660656,2.1690900834207283,448.34666058081524
43.979578023834456,23.515092865722515,3397.647610816284,1.0093718412664052,True,9,337.54959053685167,2943.839854413103,55.100483,25.219921,910.1361,0.6068146306107227,True,22.556074250414515,11.12090497616554,1.7048281342774771,3.7331203660818244,512.33355974745
21.26747703270172,41.31859711982584,2522.923940808868,1.0376248531422814,True,9,105.45940594059404,2944.3920792079207,53.009674,25.00016,1647.5553,0.7251059112485172,False,,31.742196967298277,16.318437119825838,1.5313136626181032,547.0741215868283
61.27969398770645,23.902927041582938,1577.042736599416,1.0836770448852406,True,9,878.4759825327511,2920.707423580786,55.1063,24.6522,1688.1284,0.6243259472192871,False,,6.173393987706454,0.7492729584170661,0.9341959631740192,201.4583017284066
48.00491857801275,28.506702639503487,2140.9230058150133,1.0961382517141567,True,9,835.8252212389381,2797.8938053097345,47.54991,25.274908,1477.8707,0.6116415609098702,False,,0.45500857801275174,3.2317946395034873,1.448653800237743,308.9997871738641
39.31128526804584,28.195084622696488,1607.9916012040585,1.051059077556058,True,9,412.7510373443984,2798.8703319502074,47.794205,24.231913,1175.3854,0.7354641421177842,False,,8.482919731954155,3.963171622696489,1.3680547684223903,256.46325764276526
88.05911,24.759485,2245.429,1.0241484133402017,True,9,3430.432727272728,2735.490909090909,88.05911,24.759485,2245.429,0.706094610627135,False,,0.0,0.0,1.0,239.28318535185738
34.470211426507305,62.993119485040076,4213.312026074005,1.055362676422945,True,9,3330.310216256525,2656.121551081282,67.87787,25.226772,2445.7668,0.8949687422284379,True,31.00464830419052,33.4076585734927,37.76634748504007,1.722695731283132,717.6317574438601
43.788608692045294,20.215059157081868,3264.057546722047,1.0337488213106767,True,9,3490.083333333333,2621.316017316017,46.482952,25.683416,1491.3896,0.7905551808563968,True,12.144935819220535,2.6943433079547034,5.468356842918126,2.188601520838047,493.2615164098425
22.206326191926728,153.78391132853153,2412.980484116014,1.075301385489759,True,9,2087.2297297297296,2674.002457002457,40.11562,24.35398,987.94525,0.8869386516975802,True,18.083129857177678,17.909293808073272,50.570068671468476,2.4424232862256425,512.0536331712175
17.205796716565075,22.770861532379936,2491.0375018148534,1.0389085199016543,True,9,1787.4265350877192,2486.032894736842,48.707756,25.619373,1584.4421,0.9447167405987452,True,14.483513453879286,31.50195928343493,2.8485114676200567,1.5721858828510384,600.5412892949066
158.07363056898902,115.75040783133736,10552.142611121031,0.9914517277332746,True,9,3437.0942100098137,2479.459273797841,52.966606,24.80909,2365.3748,0.9206397412659036,False,,105.10702456898902,89.05868216866264,4.461086932659057,839.2878536791003
26.016876236271543,0.6505815097286718,3060.1189374372393,1.0447239490402247,True,9,4014.096743295019,2411.251915708812,54.116787,24.618044,1713.9269,0.9003043053003191,True,9.699632246495764,28.09991076372846,23.967462490271316,1.7854430882887942,599.9440230224118
35.85390002699377,28.379295470215578,2842.8847593022692,1.1398128082068095,True,9,2943.79243697479,2271.9084033613444,55.39818,25.068403,843.56433,0.5047541727404419,False,,19.544279973006233,3.3108924702155775,3.3700864986814567,474.7785105425005
65.36669075316664,28.837010867058844,2254.4726246875607,1.0952779290568553,True,9,941.8498322147652,2220.981543624161,59.78462,24.959175,1281.6167,0.7136754925397158,False,,5.58207075316664,3.8778358670588453,1.7590849313118038,278.84747528201564
13.166219593621545,22.18465781558004,2723.242429537749,1.0553610647590994,True,9,3285.272857142857,2111.514285714285,35.586987,26.132597,1918.7155,0.8477630154133095,True,11.80390016669471,22.420767406378456,3.9479391844199654,1.4193049618548186,750.5087464340852
53.799977695832006,22.536466177838946,2445.9173452789328,1.1123908162512102,True,9,1433.6113879003558,2092.7786476868328,69.18411,25.080622,1943.9799,0.969087737235232,False,,15.384132304167998,2.544155822161059,1.258200943990693,333.46536189874416
77.88735460124677,19.761165469690567,3083.4848824090095,1.0153464415606523,True,9,2990.426956521739,1853.134782608696,60.2462,25.015663,1389.3298,0.6749484324552631,False,,17.641154601246768,5.254497530309436,2.2194045520430135,349.3882912561927
70.34881,25.054620000000003,1673.6086,1.073049380634897,True,9,3832.686925795053,1805.6791519434628,70.34881,25.05462,1673.6086,0.8867115682552411,False,,0.0,3.552713678800501e-15,1.0,199.5379569200293
60.916576,24.57787,2920.7332,0.9328257279096188,True,9,3925.428691275168,1889.268456375839,60.916576,24.57787,2920.7332,0.512437071861462,False,,0.0,0.0,1.0,374.2175447779772
-0.053527655888545286,66.32579596821442,1331.101119513963,1.0568885580812573,True,9,1140.435304990758,1820.19685767098,55.63949,25.413273,979.157,0.5011215881154448,True,48.45944381272256,55.693017655888546,40.91252296821442,1.3594358407425602,1331.101119513963
59.944256,24.835098000000002,2118.1255,1.0945815524693734,True,9,3477.1385017421603,1769.628919860627,59.944256,24.835098,2118.1255,0.8300611860020759,False,,0.0,3.552713678800501e-15,1.0,273.57594089768287
44.209422321448784,36.89728756540876,3879.7284010183075,0.6344757946877154,True,9,4076.858797972484,1807.225923244026,64.13795,23.596386,1323.9513,0.5821488469384756,False,,19.92852767855122,13.300901565408761,2.930416247952857,583.5040892837293
35.59838824286169,22.357886048118118,2554.523071640716,1.0423417266404802,True,9,2169.8537252221463,1735.7730690362268,69.7644,25.408087,1126.2789,0.6670834675861484,False,,34.16601175713831,3.050200951881891,2.26810878872073,428.1487316689938
34.749188293906414,21.38664494715482,2104.020202830236,1.0271646305050426,True,9,972.644272179156,1716.891472868217,61.5845,26.78849,737.07446,0.5382270166280916,False,,26.835311706093584,5.401845052845175,2.8545558379953038,356.92549741003296
102.84704,24.370907,5936.888,0.9127053957924961,True,9,3855.7972394098047,1704.9095668729176,102.84704,24.370907,5936.888,0.8407057439375545,False,,0.0,0.0,1.0,585.41380221708
45.52707009152401,8.663828343987076,4945.1235090112,0.5988496798822014,True,9,4035.8912437256,1499.8176240936978,81.029945,24.501163,4333.1826,0.5227388596527442,False,,35.50287490847599,15.837334656012928,1.1412220452032649,732.8958996566192
44.77658435731246,18.62712744131371,2704.2091980130936,1.0882535355751404,True,9,2658.36013590034,1469.2174405436017,43.693455,24.580538,1026.1635,0.5119354160675093,False,,1.0831293573124583,5.953410558686301,2.635261532897139,404.1241505952402
32.29822995855581,30.311103966794857,1907.1435885502324,0.9364106189276423,True,9,19.073777777777774,1450.7875555555556,60.07922,24.909136,1365.1844,0.5823379854099261,False,,27.78099004144419,5.401967966794857,1.3969860690982348,335.57842475083424
39.84082565518821,28.362004555479647,1427.2982496257664,1.05847881153803,True,9,2480.1969568892646,1385.8174133558748,60.87904,24.96298,880.612,0.6877856500476608,False,,21.03821434481179,3.399024555479645,1.6208026345606992,226.12603524261246
128334915.21184358,13.220873800334902,7794219530.784683,0.9267126715287649,False,9,3639.189667374381,1380.8998584571832,136.2859,24.709229,6630.4854,0.6543488971677763,False,,128334778.92594358,11.488355199665108,1175512.6601718606,688018.6645048527
16.982288726278284,39.02073637312003,768.5536547774362,1.077728134418661,True,9,2649.2066666666665,1358.3966666666668,46.066326,25.003342,1249.9374,0.7759379918223088,False,,29.084037273721712,14.01739437312003,0.6148737166976812,186.4988172819761
163656658.26491183,69.78476362124769,1183891990.0352554,0.4799863399750386,False,9,3933.0250658974487,1423.074799820958,291.77893,64.3013,1394.2865,0.6897406693864683,False,,163656366.48598182,5.483463621247694,849102.383215541,92543.35557128915
43.93745644098905,39.560604418394554,7047.086334621765,1.0652909599677438,True,9,1866.650668286756,1382.9453219927095,79.60854,24.781889,2738.4673,0.9617968036468064,True,44.85274550382495,35.67108355901095,14.778715418394555,2.573368809122448,1063.14410693961
52.414510379382534,32.97155978581872,2225.1288885741333,1.071915992631582,True,9,3060.914634146341,1255.719512195122,46.669746,25.18586,1277.9028,0.57864603173547,False,,5.744764379382531,7.785699785818718,1.7412348486709108,307.3473023098018
19.733284973126892,35.62042661906576,2590.0484871507942,1.0583302533920853,True,9,2790.543682310469,1183.3494584837545,62.10901,24.656992,2205.852,0.7390631673019759,False,,42.375725026873106,10.963434619065762,1.1741714707744646,583.0532232220099
83.23116043545957,22.08265304714801,2358.969942221346,1.0562199184825083,True,9,100.87235294117647,1162.220588235294,81.49062,24.593815,2727.2817,0.9927415160203632,True,52.642592156168,1.7405404354595646,2.511161952851978,0.864952799786449,258.5707721339994
107.42072369932463,14.911393363787472,15503.663265361032,0.731338944645255,True,9,3967.9986569970456,1213.163040558689,183.2237,23.768797,12262.146,0.7102360407514543,False,,75.80297630067538,8.857403636212524,1.2643515470588127,1495.8577302423118
36.93121396718571,15.478180958128696,1556.082220960007,1.0574312572515427,True,9,3676.873083475298,1062.8994889267462,61.126953,24.43011,1144.6299,0.6237679613605123,False,,24.195739032814288,8.951929041871296,1.3594631950117737,256.0564669952679
74.77819733305464,21.44010897010724,2370.972619518106,1.0752099056597368,True,9,3154.8317631224763,945.4212651413188,70.7307,24.832935,2118.0178,0.9662138593378006,True,57.39028121514384,4.047497333054636,3.392826029892774,1.1194299781229913,274.1820649735882
44.102021983948106,32.53445584501106,2487.236683113064,1.0660936793987037,True,9,3618.9736842105262,893.6519138755981,40.129795,25.04017,1076.1954,0.6503882328786148,False,,3.9722269839481044,7.49428584501106,2.311138556356089,374.5310805759435
44.6929063264317,16.87461910237758,2163.572975461474,1.0703327613036142,True,9,518.9040968342645,863.0633147113595,53.756886,24.299694,1633.4363,0.6446504917538198,False,,9.063979673568305,7.425074897622409,1.324553014685344,323.6325905097367
51.794544,24.371014,1497.4019,1.0528886707089966,True,9,1873.8046728971965,745.414953271028,51.794544,24.371014,1497.4019,0.695176375480884,False,,0.0,0.0,1.0,208.06372664861362
35.49848292574606,38.39544472842126,2290.789260347119,1.0398436358532588,True,9,1375.351145038168,619.3260632497273,46.434074,24.60805,1104.7457,0.5627959676556147,False,,10.935591074253942,13.787394728421262,2.073589659907361,384.48574410201405
9.583478074929596,13.360537854409275,1879.2283346231359,1.0167054695455704,True,9,3914.8274111675128,626.1045685279188,51.6596,24.483341,653.4461,0.691036061068943,False,,42.0761219250704,11.122803145590723,2.8758735182949837,607.0409309223887
51.01678851941128,23.18715814499205,1954.0563896423944,1.0549894600182352,True,9,350.71965628356605,486.1987110633728,48.94441,24.52675,1236.0775,0.8431689538816527,False,,2.0723785194112807,1.3395918550079386,1.5808526485130538,273.57759920612307
58.20213132817822,19.09096043504353,3408.53371148286,1.0224372296336912,True,9,2248.0613397901534,464.1041162227603,63.084137,24.623539,1732.6188,0.9388318417218614,False,,4.88200567182178,5.532578564956481,1.9672727269742543,446.7845528548844
55.0660132155762,24.147895571664677,2751.0001680502082,1.1264593185907894,True,9,2074.9075562700964,313.7725080385852,62.382355,25.142271,1497.4055,0.5246058680670034,False,,7.316341784423798,0.9943754283353314,1.8371778172647344,370.7223757392594
57.529281276788694,36.73986852839872,3126.942050239354,1.0657836365914162,True,9,3484.739293764087,246.64237415477083,56.838303,24.603083,1364.5249,0.8470473264045159,False,,0.690978276788691,12.136785528398722,2.291597647092665,412.26394867059366
37.5283374948465,39.66844972471956,2353.5406234995744,0.9379923893690514,True,9,303.9206212251941,20.46074201898188,59.169693,24.439808,1864.852,0.8634254345760338,False,,21.641355505153506,15.228641724719559,1.262052229077468,384.1864434267227
57.98081186422743,26.640520004164152,3745.7920084387433,1.3629744004366124,True,9,63.6930473372781,155.69600591715977,59.551872,24.293566,2041.7305,0.673063776120766,False,,1.5710601357725764,2.3469540041641537,1.8346162769468073,491.9279658402962
15.407832097512694,5.524383638948064,2604839.9594911365,1.0285922671149939,True,9,1624.5362453531598,3949.263011152416,55.42838,24.508331,2019.7195,0.5834034898412815,False,,40.0205479024873,18.983947361051946,1289.7038224818527,663605.9585832882
