L_fit,th_fit,flux_fit,rChiSq,ok,image_id,x,y,adcnn_len,adcnn_beta,adcnn_flux,score_rf,tp,truth_len,dlen,dang,flux_ratio,flux_snr
2.3778072332812096e-06,28.48922377312353,5409.10471180821,1.1287661698565583,True,0,239.2735368956743,56.54198473282443,36.05911,24.502989,2681.1245,0.5164372060743803,False,,36.05910762219276,3.986234773123531,2.0174761417488107,5409.10471180821
14.667852153567534,43.70346536779328,6665.765538033089,1.1129145466745611,True,0,812.9297071129707,159.7213389121339,56.182693,24.416876,3456.9807,0.5819189915608389,False,,41.51484084643246,19.28658936779328,1.9282044409542376,1740.4709214784175
68.22534674288134,23.988081866696586,11167.36595554702,1.139101415543953,True,0,3099.453479280688,282.0656763096169,61.323658,24.43746,3512.103,0.6100855061594358,False,,6.9016887428813405,0.44937813330341214,3.1796806516058953,1352.0036760980688
16.965017470932032,75.8770034193538,9040.215498825697,1.1079444395101448,True,0,1490.5437636761487,296.1105032822757,46.345463,24.517687,2652.919,0.6537458394126472,False,,29.38044552906797,51.3593164193538,3.4076485180383185,2194.8337392825397
334.17520605260484,26.219789095785874,37712.009942392746,0.8913064791601665,True,0,1854.003721196508,328.082438814942,320.00085,23.090036,43468.85,0.5402115390527499,False,,14.174356052604821,3.1297530957858726,0.8675640129056266,2062.9683610751586
43.3622125759163,28.001962608687492,12408.485268612847,1.2432737026831513,True,0,2941.865157480315,371.8553149606299,50.05467,24.415394,4108.8145,0.5130224562691647,False,,6.692457424083699,3.586568608687493,3.019967260291952,1884.3564231198327
35.4420006960829,22.282515506401197,10350.158612493433,1.1247492890172026,True,0,2998.8719367588933,483.1106719367589,60.927692,24.8726,1996.9551,0.5124906351804223,False,,25.4856913039171,2.590084493598795,5.182970119104548,1738.552822361024
32.323556199324905,31.5005312594836,8727.0565696949,1.1114747499898894,True,0,463.1748633879781,555.0874316939891,51.201225,24.602493,2132.3386,0.5947228702320397,False,,18.877668800675096,6.898038259483602,4.092716123834601,1534.9994474123143
60.812814187887945,30.586261334763506,13797.53628071246,1.1308093143772728,True,0,1398.595223880597,623.3325373134328,76.3914,25.61393,8164.9814,0.8063368485806806,True,58.33176832853101,15.57858581211206,4.972331334763506,1.6898429530669183,1769.3102522162987
-1.543638908478798e-05,48.937626497059505,20009.633756611373,1.292191289155121,True,0,2734.577028258888,754.2926162260711,56.71238,26.111458,7660.293,0.9024056987550362,False,,56.71239543638909,22.826168497059506,2.612123812576278,20009.633756611373
-19.86261282312013,60.47268073385288,8330.91003924325,1.1408988528343813,True,0,1371.5125408942204,781.9345692475464,39.46179,25.18582,3542.268,0.7283338532263706,False,,59.32440282312013,35.28686073385288,2.351857634499493,8330.91003924325
58.5068106331551,10.665549904280718,58227.361659571085,0.7981776780130129,True,0,1996.2925270403143,799.6701081612586,100.78483,25.82327,11808.624,0.5022459347060214,False,,42.2780193668449,15.15772009571927,4.930918425344992,7612.440307282688
90.8047198902797,38.055331832836714,18566.820345211694,1.1320181212084832,True,0,3999.8891595615114,795.6406820950061,77.669075,26.013372,4760.6016,0.5025742768787893,False,,13.135644890279693,12.041959832836714,3.9000995893484753,1948.4233413642269
25.123698721894442,100.6600738525205,23999.89360305646,1.1210574739465444,True,0,449.7769296013571,862.9228159457167,59.057224,24.82655,9200.402,0.959396909462752,True,23.49972137998622,33.933525278105556,75.8335238525205,2.608570104116805,4788.147582794268
42.699983382008085,46.466727258194226,13971.123167587231,1.072168859459828,True,0,3482.499021526419,822.6183953033268,50.670105,25.699635,5307.3677,0.883646218036586,False,,7.970121617991914,20.767092258194225,2.632401589131884,2138.048085113973
69.66606694758113,31.001181809837533,6457.339863996745,1.1450721912431754,True,0,1249.721322537112,869.365721997301,72.10232,24.665606,3533.2876,0.6233177684762294,False,,2.436253052418877,6.3355758098375325,1.827572673109527,773.6472719981264
80.46713737181275,37.09366785651864,15148.389373518556,1.0832200899270856,True,0,2820.0117647058823,879.5436974789916,61.135544,25.537079,3879.248,0.5429761156905826,False,,19.33159337181275,11.556588856518644,3.9049809070001595,1688.7181997824416
52.839027458608456,17.63668045950483,36428.71465250084,0.8152678002708547,True,0,1788.63978754225,931.8652824722355,104.90863,24.31232,13342.537,0.8061966880522389,False,,52.069602541391546,6.675639540495183,2.730268962529453,5011.485061783317
256.0340387656526,44.64953639884352,13166.566465844855,0.4355696181385912,True,0,1963.7027839498105,987.1955299960788,234.75648,44.578365,-5674.445,0.6735006868671967,False,,21.2775587656526,0.07117139884352497,-2.3203267395921285,822.8557008704141
64.09325809248455,42.57718828184211,12079.48601065191,1.1222870977557005,True,0,512.6263616557734,918.8899782135076,48.616398,25.718893,4063.901,0.5138034859719526,False,,15.47686009248455,16.85829528184211,2.972386879171493,1508.836844896181
17.07981998483953,176.67334037078382,9449.691016499015,1.127267562652804,True,0,1241.169164882227,990.3543897216274,46.133537,24.520214,4941.4043,0.7372607224725065,False,,29.053717015160466,27.84687362921619,1.9123492923861776,2286.525050575226
-34.671228395542286,80.80624141383768,18689.977183227173,1.001914249883168,True,0,10.22979797979798,941.7525252525252,45.585255,24.703564,4201.5483,0.528409444741741,False,,80.25648339554229,56.10267741383768,4.448354713243965,18689.977183227173
53.23162022835156,31.98245880997043,10539.545099989167,1.1264759048849045,True,0,3906.9241379310342,965.7095785440612,66.17466,26.089426,5392.1562,0.8976195960138954,False,,12.943039771648444,5.893032809970432,1.954606786055116,1444.5647863753966
61.85328381992511,15.374497631650737,32207.84721188339,0.8222384751560721,True,0,2125.300374131481,1016.2955638695884,89.1643,24.999079,12374.023,0.6756050045875229,False,,27.311016180074887,9.624581368349254,2.6028598146199817,4095.2490344652497
25.29842334159972,69.64133770258663,9727.654987427688,1.135420746038066,True,0,583.8403225806452,1052.2806451612903,60.57148,25.490223,6391.579,0.6505338235552094,False,,35.27305665840028,44.151114702586625,1.521948643273859,1934.0220941312948
24.147251612980163,179.1642984683771,51376.583290077935,0.9062715501054275,True,0,1903.3882053457785,1156.320746711922,127.43721,27.226515,17000.059,0.6346308697465186,False,,103.28995838701982,28.06221653162291,3.0221414696312485,10455.176412581022
79.29850783317005,173.87475887736343,14800.334219052027,0.9684048332071281,True,0,1564.9687825182102,1177.9250780437044,44.19841,24.178417,1800.581,0.5869624536879541,False,,35.10009783317005,30.303658122636563,8.219754745302781,1662.0305986726448
44.509825999543054,6.0630118867918465,7623.387982716418,1.2784189635179974,True,0,2703.8933454876938,1208.4302643573385,54.728878,25.176422,2909.8394,0.5984158396887468,False,,10.219052000456948,19.113410113208147,2.61986554402845,1142.6680253948223
6.01633259782995,175.72442054828036,6552.859451508328,1.1361583325319504,True,0,1209.7528662420382,1312.4445859872612,39.13647,25.325191,3626.6382,0.8659575068952201,False,,33.12013740217005,29.600770451719626,1.8068688107648367,2671.5600135672335
43.580077353691195,24.27063978182056,9760.576683381081,1.1274775497791385,True,0,2966.906930693069,1397.0118811881189,49.408672,26.304968,2875.9258,0.5038964829959166,False,,5.828594646308808,2.0343282181794393,3.393890302517917,1478.5345566937287
-8.58454915418827,159.12213375122226,6367.48583606511,1.1454272151594582,True,0,3503.650326797386,1422.6263616557735,47.978058,24.586082,2536.9146,0.6286446919534963,False,,56.56260715418827,45.46394824877774,2.5099330643866016,6367.48583606511
30.223931691021,23.758416132610442,10032.452997372766,1.1678424293709129,True,0,3995.10447761194,1426.9860696517412,49.552094,24.34739,4719.335,0.5605432291963662,False,,19.328162308978996,0.5889738673895693,2.1258192091412806,1824.8688341968736
24.637478995480148,163.23355365375173,25189.860679648056,1.0432268723803555,True,0,1942.168356997972,1432.9858012170384,74.32439,25.20289,8056.716,0.5729031649864572,False,,49.68691100451984,41.96933634624827,3.126566789700426,5074.9016711696695
38.08975028900059,51.9296876396971,12984.106740167976,0.9613011762363565,True,0,2576.12852897474,1485.341010401189,65.28845,24.553747,4718.838,0.6865369810591974,False,,27.198699710999406,27.3759406396971,2.751547465746435,2103.81726265175
27.15009565765933,39.415452395888266,17484.99397099667,1.033930403925998,True,0,1959.415159345392,1535.1610680447889,59.28719,26.663538,7938.6997,0.6050358802836198,False,,32.137094342340674,12.751914395888267,2.2025009928258994,3355.6743235954086
-19.687466607788245,161.67230402562672,8768.453268305444,1.129763219572573,True,0,1851.362660944206,1678.266094420601,46.17771,25.361044,1206.7793,0.5375117272143372,False,,65.86517660778824,43.68873997437328,7.265995752749028,8768.453268305444
-18.859497103159658,160.17596277698962,8018.711797521022,1.0622987752420399,True,0,43.18248175182482,1685.8199513381994,39.769276,24.667831,1267.9348,0.5142914364975634,False,,58.62877310315966,44.491868223010385,6.3242303922260215,8018.711797521022
18.368685549812586,1.325214692549499,10144.394057715785,0.9660439742716271,True,0,308.2130518234165,1684.031669865643,53.353634,24.62076,3684.7275,0.8889986769032168,False,,34.98494845018742,23.29554530745051,2.753092069282134,2366.9390305246725
13.973276574989205,170.85543305888166,12404.987254140531,1.0404836701099758,True,0,1955.3687436159344,1747.081716036772,46.498444,24.866274,5389.416,0.770695351308519,False,,32.52516742501079,34.010840941118346,2.3017312551379465,3318.541054564961
66.38086892044649,31.815880200922745,15635.362186782953,1.143956776355053,True,0,1675.9315555555556,1716.0755555555556,52.77149,25.278492,1712.1715,0.7684615680133152,False,,13.609378920446488,6.537388200922745,9.131890226407199,1919.0508361236703
41.071286727419576,44.0182608433639,8017.2253603799945,0.3697561854445868,True,0,456.2532889116693,1800.5642405603965,170.51839,51.59403,0.0,0.7004513789772212,False,,129.44710327258042,7.575769156636113,,1250.9931654336274
37.29595840463058,71.26745740846597,14868.629552539005,1.1469228742822806,True,0,3516.0813534917206,1836.8905687545,67.31701,24.58359,5336.9453,0.9672315897851754,True,55.82880474275987,30.021051595369414,46.68386740846597,2.785981252710048,2434.6697250771062
48.1938082770071,34.77760461251436,12415.256066604788,1.128188442979743,True,0,1307.956209150327,1818.4130718954248,63.99896,25.266113,3624.116,0.5529731490004293,False,,15.805151722992896,9.511491612514359,3.4257336317614526,1788.3810467109354
19.455219009477112,57.64377936227768,16944.578477078438,1.141836186683082,True,0,3085.072934973638,1876.970123022847,56.885983,24.545832,5702.915,0.9594534249994447,True,18.105903655820715,37.43076399052289,33.09794736227768,2.9712135771054693,3841.6049960596024
57.58020354210181,29.781215159750605,16445.39726847664,0.6059665341876473,True,0,458.0818763326226,1954.440511727079,104.04272,24.84441,8829.347,0.516857021769282,False,,46.46251645789819,4.936805159750605,1.8625836393650224,2167.24381017715
71.22102089054647,17.6380484713046,14585.525292099297,1.1540499245629838,True,0,2348.861567635904,1953.2610619469024,75.81638,25.19977,6357.126,0.6059655053454847,False,,4.5953591094535255,7.5617215286953865,2.2943583770558105,1728.295413313911
16.330402138183743,26.931700650990603,9454.605950787698,1.1614868978674795,True,0,1627.6655948553057,1939.642015005359,48.739487,24.991634,4215.2705,0.8323968268029406,False,,32.409084861816254,1.9400666509906017,2.2429416927781265,2339.618211919291
30.955182265708437,32.01790274906734,5044.057709263692,1.0421874805650075,True,0,1928.719560878244,1966.0399201596808,47.929592,24.84653,6012.0684,0.8244561514277459,False,,16.974409734291562,7.171372749067338,0.8389887429197732,906.5950927352732
5.707802027677337e-05,28.371080855898537,4782.023357710137,1.1573742721413998,True,0,3948.9163602941176,2040.7472426470588,56.881947,26.377085,3589.087,0.6478633061387787,False,,56.88188992197972,1.993995855898536,1.332378779815072,4782.023357710137
-19.188605999187963,23.92147524792023,7777.510619426197,1.1947672095451944,True,0,3233.847097301717,2097.830744071954,51.79781,24.502785,2304.183,0.5561322507450129,False,,70.98641599918795,0.5813097520797612,3.375387553604118,7777.510619426197
1.9900745475355128e-07,39.367429777650116,18071.157450759383,0.973557162172639,True,0,1047.4636942675158,2072.416560509554,42.371284,24.190712,10799.959,0.6963723648298089,False,,42.37128380099255,15.176717777650115,1.6732616717118447,18071.157450759383
11.715988092096442,27.760904213492616,7922.426019632638,1.1270252377901069,True,0,3548.127880184332,2068.759216589862,43.801624,24.505505,4559.315,0.6873358496094101,False,,32.08563590790355,3.255399213492616,1.7376351534457781,2314.5615358499676
22.853843645209583,16.196094647249474,9926.359926406654,1.175648091148304,True,0,597.2731958762887,2125.035051546392,51.066048,24.73526,5257.611,0.7101697765649825,False,,28.21220435479042,8.53916535275053,1.8879981661645668,2076.396999374908
34.81294498982463,15.996886410890866,1601.593298241697,0.33769887710329194,True,0,2726.0349848529268,2270.3154500146584,140.42444,31.560328,0.0,0.6915918775398725,False,,105.61149501017537,15.563441589109118,,271.44500909751946
28.198675087084673,34.28292366709964,6342.512626957696,1.188341404177234,True,0,2091.2921933085504,2198.136802973978,62.526222,24.796215,4119.9766,0.6617559425132811,False,,34.327546912915324,9.486708667099638,1.5394535558667242,1194.3922830527767
34.19585979165076,47.03714685942114,13034.6327096577,0.8521344865444901,True,0,1955.164395229983,2247.7069846678023,59.317024,24.976343,5687.58,0.7115274191414279,False,,25.121164208349242,22.060803859421142,2.2917713174421634,2229.0100892234327
72.58460946903594,24.403492173960323,13666.782545665137,1.1190780517313423,True,0,520.6010768477729,2298.1639745472344,94.97291,25.651102,10322.9,0.9325097408194812,True,59.33813761520298,22.38830053096406,1.2476098260396782,1.3239286000702455,1604.146441010256
-34.495216131015,87.17276274572194,10285.970486967039,1.1313311276212819,True,0,1420.669976635514,2364.941588785047,81.11147,24.797703,4986.5376,0.9839437428344444,True,45.973792807718574,115.606686131015,62.37505974572194,2.0627480051422933,10285.970486967039
15.395678342978961,178.52953539265522,4876.986742011095,1.1762184781520033,True,0,3691.142857142857,2312.5557011795545,40.355003,25.080206,2407.0583,0.5273098843782412,False,,24.959324657021043,26.550670607344784,2.0261190773863245,1242.9457122219185
19.599105225818114,25.71327675625394,9782.165982868572,1.1445653986508078,True,0,4036.2478260869566,2330.6076086956523,43.34511,24.458225,4153.3853,0.8356837656020056,False,,23.746004774181884,1.2550517562539412,2.3552271884981564,2209.6165052622973
30.03348602239038,35.867245483896895,7255.004011573308,1.1455250462739663,True,0,1318.416918429003,2422.4068479355487,51.644115,24.484686,4096.898,0.5348808883550359,False,,21.61062897760962,11.382559483896895,1.7708529750004292,1323.8378223172895
39.31015520359815,28.04154912895274,8148.820194847968,1.0267810754259634,True,0,864.4976580796252,2472.2060889929744,41.947113,24.286045,3218.5354,0.641389881739401,False,,2.636957796401852,3.75550412895274,2.5318410960612607,1299.6977164147083
68.896164,25.038828,8376.527,1.1474257079834094,True,0,3948.414492753623,2440.8195652173918,68.896164,25.038828,8376.527,0.9159308065985864,True,39.59602708376636,0.0,0.0,1.0,1009.1749730338769
16.6371888361168,0.222290722803524,7408.191587000432,1.1420649290139593,True,0,1133.8866714183891,2455.9251603706343,57.68857,24.24753,3089.6147,0.5838566102929466,False,,41.0513811638832,24.025239277196476,2.3977719898213947,1816.2358020501154
5.984554533866309,87.38423833067257,6860.729428806145,0.8392112657232211,True,0,2736.5730452674898,2467.837448559671,49.517326,23.944126,3337.2454,0.7348811049770918,False,,43.53277146613369,63.44011233067258,2.0558060934943967,2804.4931120008278
57.06665216361199,22.418154812660582,7383.843644770944,1.1478767540069343,True,0,3358.856341976174,2511.112824106517,65.119896,24.304611,3768.8062,0.6189579417944964,False,,8.053243836388006,1.8864561873394337,1.959199612007363,977.4426701155342
50.96310686028667,19.266161138945836,9421.862776850234,1.1637132759328694,True,0,3234.101809954751,2516.881221719457,46.100166,24.574047,3114.2324,0.6455495035627459,False,,4.86294086028667,5.30788586105416,3.0254205745371587,1319.8021355141532
278.50810289825165,92.20531570427725,177109.20398460655,1.001490248374821,True,0,9.23748862602366,2538.567788898999,63.003723,23.569668,7819.785,0.8276787594379283,False,,215.50437989825164,68.63564770427726,22.64885850245327,10612.610216546336
26.217471895132988,0.8575613361300927,8842.211640092304,1.1230017579362976,True,0,1673.4501397949673,2528.537744641193,50.352173,24.647778,3684.6338,0.5526981574189499,False,,24.134701104867013,23.7902166638699,2.3997531695259116,1726.8932822204024
19.77239552376763,51.554982507843924,3558.5989795848227,0.48747859204618005,True,0,791.211323870143,2695.29342991824,285.1359,25.722805,-448.19385,0.709495393501419,False,,265.3635044762324,25.832177507843923,-7.9398657067356515,800.293713038196
36.05745418054042,10.377399736866789,27794.172847623366,1.1273477431355314,True,0,2024.0363771343727,2622.883444691908,65.399574,24.762112,10001.837,0.9609377481033065,True,30.960309877228543,29.342119819459583,14.384712263133224,2.778906799583253,4628.670052046451
33.65054430133212,68.42719409364841,11114.499987868265,1.1219252390655603,True,0,413.680196801968,2653.359163591636,38.160786,24.888456,3778.0422,0.6269071072298191,False,,4.510241698667883,43.538738093648405,2.9418676127726324,1915.9928453660962
138.68708747754334,17.31018059117397,25171.291085339566,1.1228492097284823,True,0,2483.46320754717,2711.275471698113,54.26539,24.573738,3877.035,0.5105411544048859,False,,84.42169747754335,7.263557408826017,6.492407493184758,2137.4082337646055
45.84592035830719,27.945483316135704,11107.945980547807,1.1287374810190285,True,0,3547.638368983957,2724.706550802139,65.48849,24.442034,3158.0334,0.5271694432720598,False,,19.64256964169281,3.503449316135704,3.517361779817721,1640.527108721638
29.780313202521462,89.32489112996042,14864.814466015545,1.1397396203907562,True,0,3650.765813253012,2806.752259036145,63.18391,25.43477,6231.294,0.9321033876338976,True,35.64551591122907,33.403596797478535,63.89012112996042,2.385510050723902,2723.9232240954943
13.799607297292528,20.9679597478846,10509.06868483968,1.127153173201673,True,0,594.9601482854495,2914.916589434661,56.750454,24.741177,6087.9893,0.9432427225759358,True,44.11450210742226,42.950846702707466,3.773217252115387,1.7261969702935713,2828.9864458229704
7.021390306080319,118.76331329158302,12599.91326240696,0.39076571915958075,True,0,2818.6534478960125,2984.42983035911,116.7429,90.1343,0.0,0.705401384643303,False,,109.72150969391969,28.62901329158302,,4755.059961577405
-19.117364228992137,22.569082561981435,8157.699698090678,1.1606324563178914,True,0,2190.345957011259,2919.8085977482087,49.111794,24.954111,2123.4915,0.547342292090784,False,,68.22915822899213,2.3850284380185656,3.8416446207063593,8157.699698090678
26.064720605359437,54.61655732532525,10784.803720262258,1.1493690076604115,True,0,297.7122507122507,2958.203228869896,54.37494,24.523146,6816.6914,0.8854738721033287,False,,28.310219394640566,30.093411325325253,1.5821170546553214,2112.446450057068
-22.13714800710092,92.23495228670049,10298.45717073755,0.989086966525313,True,0,2985.3607257203844,2980.39060832444,46.871323,25.00934,1680.1641,0.661335012805042,False,,69.00847100710092,67.22561228670048,6.12943531571562,10298.45717073755
38.012559345258985,14.75195379568706,10894.192606133181,1.1434892136063584,True,0,3259.371551724138,3049.321551724138,57.745674,24.590914,4328.597,0.5119573030717398,False,,19.733114654741016,9.83896020431294,2.516795304837383,1766.9794293845773
14.811251444267857,174.35231001966554,5732.319681906741,1.146842350898831,True,0,2953.7974217311234,3109.528545119705,52.257175,24.78753,3567.7441,0.6422051529420657,False,,37.445923555732136,30.435219980334466,1.6067070734996776,1489.4794813130216
33.56289770139749,16.50736907150071,11229.3458695151,1.1475633353495078,True,0,212.20321761219304,3123.5537679932263,57.261982,24.832842,2551.8936,0.589987433798058,False,,23.699084298602514,8.325472928499295,4.4003973635558715,1938.3166838561124
86.6726943855135,21.093219372034223,10964.794730994992,1.1150816828775714,True,0,2017.1669535283995,3299.023235800344,59.25903,24.463032,2332.3987,0.668252523474575,False,,27.413664385513492,3.3698126279657856,4.70108079334592,1177.7669331606774
26.527608217505485,60.234726187998646,8495.09715432554,1.1224780513762398,True,0,1067.3753026634383,3364.955609362389,50.439312,24.699522,3331.11,0.6028373023869787,False,,23.911703782494516,35.535204187998644,2.5502301498075837,1649.374601394704
34.83243051175266,61.80856866643717,10712.834776480633,1.137499185843544,True,0,555.5862369337979,3430.770905923345,58.19115,24.604223,2909.2542,0.801776802323408,False,,23.35871948824734,37.20434566643716,3.6823302606147768,1815.1499881650993
70.16764,26.00863,6314.043,1.1257930864997103,True,0,1727.2995361166336,3436.9237905897944,70.16764,26.00863,6314.043,0.5175600741102225,False,,0.0,0.0,1.0,753.7704369044819
3.7553443942377926e-05,163.4866826992635,4565.280128946703,1.1361610899948327,True,0,3348.558609539208,3495.6467259498786,60.287075,24.472128,1749.2362,0.5956953390458769,False,,60.287037446556056,40.9854453007365,2.6098705989200903,4565.280128946703
47.23181314634674,17.81450576699352,10629.066410462203,1.1234213607024754,True,0,1798.7611464968154,3629.8577494692154,46.19164,24.953997,3968.5886,0.517430997324069,False,,1.0401731463467385,7.139491233006481,2.678298881990994,1546.5993085758437
2.4899537647957344e-06,20.21369522492275,10081.16676990339,1.168114422645173,True,0,3440.0711500974658,3674.751461988304,53.133167,24.623804,4269.9985,0.8547143641407168,True,6.377802888860658,53.133164510046235,4.410108775077248,2.360929815292298,10081.16676990339
-3.032444469576889e-06,33.74359361132479,5997.237795420069,1.1490815051682313,True,0,2677.9116279069767,3752.96,54.29644,24.229908,5403.9766,0.8644351747050755,False,,54.296443032444465,9.513685611324792,1.1097823398088122,5997.237795420069
48.04003123873834,144.98525194760347,24954.227048263943,1.1213785059162549,True,0,896.9034289713086,3808.555633310007,70.610794,25.12093,7290.7383,0.9888293217876916,True,51.81335106241134,22.570762761261662,60.13567805239653,3.4227297732335207,3600.331429164189
18.026802461583237,15.22020324587414,8600.03611778057,1.1248435744608265,True,0,2149.729794933655,3754.260554885404,40.496365,24.54533,3332.823,0.5853381532113338,False,,22.46956253841676,9.325126754125847,2.5804058954767686,2025.5404725514663
33.607778238437916,10.369002523527733,8923.131549341006,1.109755603112133,True,0,2155.1440443213296,3845.207756232687,66.24889,24.784407,3012.655,0.5379083350348106,False,,32.64111176156209,14.415404476472276,2.961882973437385,1539.2082915707467
168.51291763801402,32.87364452234949,43037.134903471655,1.1505835237394126,True,0,3991.905537459284,3818.976112920738,43.394978,25.248255,4399.029,0.5513469410515591,False,,125.11793963801401,7.6253895223494865,9.7833260256915,3315.32991551941
52.02409707322305,176.44178397292848,14006.513062809383,1.1395228479447526,True,0,3209.673668417104,3839.370592648162,63.023495,25.12759,4743.0,0.5513026611737925,True,47.69026837318569,10.99939792677695,28.68580602707152,2.953091516510517,1941.9039939503975
39.60874591499794,21.464196792590222,8554.442303388207,1.1314975218371484,True,0,3603.533783783784,3888.704954954955,47.141304,24.658436,3059.0842,0.6067569077100543,False,,7.532558085002059,3.1942392074097654,2.7964062915915187,1359.2400278536809
59.136309373032994,68.62553564413771,27821.6335046146,1.1604465292063058,True,0,82.11332007952286,3855.816434724984,72.68723,25.331905,9702.8545,0.9502641410591702,True,50.74155565061815,13.550920626967006,43.293630644137714,2.8673658359624588,3617.891320299819
31.711815711045254,15.433251695796805,10052.284147745668,1.143255745551148,True,0,1869.6988764044945,3928.13595505618,40.389187,24.64866,3994.1917,0.6836838058306355,False,,8.677371288954745,9.215408304203208,2.5167255111329956,1785.0656864112661
19.39569420683811,21.245213966729683,7899.621149183481,0.9508096358275483,True,0,3467.323647294589,3923.6042084168334,48.23491,24.537125,2129.7395,0.8349807802775427,False,,28.839215793161888,3.29191103327031,3.70919595996763,1793.7156595781469
103.50320492722653,0.0723831685317965,64305.32789172774,1.028358361108392,True,0,1069.4954499494438,3954.2497472194136,51.90841,24.8318,4357.007,0.5619222759079439,False,,51.59479492722653,24.7594168314682,14.75906003633406,6320.771028260667
115.65626481324144,179.81642297252495,47598.05581800656,0.987748418652289,True,0,2157.470781893004,3975.472427983539,59.15102,24.907627,4930.0864,0.5741892800331945,False,,56.50524481324143,25.091204027475044,9.65460885594349,4425.930936268569
141.95582182647001,179.4986941100614,109247.09621303325,1.0063061110272091,True,0,482.6294227188082,3979.872439478585,49.694588,24.252522,4466.773,0.5303742274630389,False,,92.26123382647,24.753827889938606,24.457722882500015,9169.239108818825
117.36884140072023,0.1925295862637294,62256.91527388765,1.0119933083293413,True,0,1572.523469387755,3982.526530612245,48.098324,23.834742,4907.441,0.6820760798865517,False,,69.27051740072022,23.642212413736274,12.686227969707156,5746.602924898241
62.02088604085523,33.3540541755158,13468.253836730451,1.1288902507242038,True,0,1348.5676784249383,92.24938474159148,56.609467,25.573566,6097.093,0.7745746560355874,False,,5.411419040855229,7.780488175515799,2.2089631627286073,1710.1819161089345
83.68070120322675,5.841442239101246,12197.630773018487,1.1461941144295487,True,0,3395.3239051094893,185.3558394160584,56.017467,25.66171,4405.0596,0.6282325900830079,False,,27.663234203226743,19.82026776089876,2.76900470836274,1333.4072974712712
214.4148794984004,19.941779758034816,27294.785090194662,1.0867127445766032,True,0,3947.623781676413,48.26413255360624,51.28222,24.452456,2717.2551,0.5600533861814728,False,,163.13265949840041,4.5106762419652,10.044984399953712,1864.027087148053
138.95891,48.315674,1000.0,0.2817036201319009,True,1,1500.6508145034156,3980.668155543878,138.95891,48.315674,0.0,0.5390214574901092,False,,0.0,0.0,,84.83143246872812
28.51774145641201,24.961836070266383,7952.6901189365335,1.8766718666736102,True,1,4056.8622898318654,31.65892714171337,55.783012,24.810339,2687.2793,0.6076931601617741,False,,27.265270543587988,0.15149707026638382,2.959383536700682,1489.2118953792124
18.642337912539496,59.7171741452902,4073.320110285078,1.2168392638221772,True,1,1782.7099514563106,37.62864077669903,37.9407,25.257433,2469.851,0.5378063589403492,False,,19.298362087460504,34.4597411452902,1.6492169407324886,943.4053906143819
45.594596342163584,23.341986447849067,7406.4356408052045,1.8585532212833287,True,1,3079.810113519092,3929.190918472653,45.58731,25.497162,2141.5642,0.6112586093354695,False,,0.007286342163581594,2.155175552150922,3.4584233528022206,1096.8634517870535
29.767040803081755,14.754867303813791,9004.925864988736,1.7461639325998464,True,1,2872.8920032976093,3954.695795548228,52.87992,25.556051,2285.0938,0.6471903471510507,False,,23.112879196918243,10.8011836961862,3.9407248249453635,1650.4877691458005
59.55437756493613,17.52222568437276,8987.700052103777,1.64992931054269,True,1,2652.848214285714,3958.714285714286,54.24883,24.994707,4016.7925,0.9441997852404928,False,,5.305547564936134,7.472481315627249,2.2375315757793754,1164.6400622097972
12.761924577507646,36.29499456689561,6162.659824911021,2.228412279291143,True,1,4044.105532786885,3916.7674180327863,44.200226,24.77942,3147.0347,0.836405967176568,False,,31.438301422492355,11.515574566895612,1.9582433663381662,1725.083450403415
-1.3396008979899877e-05,120.99871955853737,3404.348989871525,1.9459504869122821,True,1,2495.250797024442,3920.602550478215,47.588085,25.131596,761.41547,0.6185847011254252,False,,47.58809839600898,84.13287644146263,4.471079356808347,3404.348989871525
34.83108729258469,0.09904909709825951,1799.3367047354723,0.3168379311787803,True,1,975.338604484946,3947.1406236040384,196.8331,35.042583,0.0,0.6861275962800423,False,,162.0020127074153,34.94353390290175,,304.87999131947527
47.243549064103576,27.460905171474657,2522.6359423859544,2.033866027967851,True,1,3914.77971646674,3871.4405670665215,47.009506,27.410892,2426.1125,0.6862963774641809,False,,0.23404306410357378,0.05001317147465656,1.039785229409582,367.0145834790119
-3.1034481773283385e-05,11.533358161036281,4610.792872847978,2.013545090937865,True,1,3791.329341317365,3769.813515825492,57.750587,25.482857,1503.1355,0.5820911595094207,False,,57.750618034481775,13.949498838963706,3.067449922410839,4610.792872847978
50.26430855090749,46.095769358595525,8912.774100541255,1.9177153654899197,True,1,2646.790521327014,3727.8170616113744,51.782677,25.23593,3142.0786,0.7344536462200518,False,,1.5183684490925131,20.859839358595526,2.8365853421175573,1257.1382567797139
30.96715636007729,131.8119327525785,11614.25459860366,0.8732505687185487,True,1,833.6041834271923,3733.16814159292,61.608196,25.024197,4345.411,0.9046029991960824,True,28.957484487844145,30.64103963992271,73.21226424742149,2.6727631974521304,2087.0876036984755
44.08124316447945,41.56775362744654,6488.832618771879,0.6832817668351365,True,1,1075.160447761194,3690.087064676617,43.336548,24.957382,2167.7637,0.7063845379969438,False,,0.7446951644794524,16.610371627446543,2.99333023187531,977.3264547736218
16.80894716360295,45.64756354994438,4206.4322105210085,1.0384718270777067,True,1,2379.7039403620875,3697.621938232162,45.14587,24.700258,1609.7582,0.7213935930215504,False,,28.33692283639705,20.947305549944378,2.613083263387637,1025.991205950956
31.883646494357553,10.584784676641421,8007.944957671954,1.7510898192303568,True,1,2597.978965321205,3467.441159749858,72.824936,26.438541,3325.1047,0.8812606304011987,False,,40.941289505642445,15.853756323358567,2.408328663356662,1418.1987123503393
55.53538109186513,24.881862402835093,3384.428448305646,0.8933099674950107,True,1,1322.131289308176,3502.297955974843,61.584713,25.09837,1839.9897,0.628587669790534,True,29.542144799541468,6.049331908134867,0.21650759716490597,1.8393735836160636,454.1511923219146
49.98050090208978,16.841529544479705,7513.981824826291,1.7782822330536998,True,1,3287.860320284697,3405.223309608541,50.19953,26.055405,2644.2505,0.5686458105259476,False,,0.21902909791022296,9.21387545552028,2.841630104570762,1062.8447657603444
11.750699442562295,146.7915016057738,6738.507786247255,1.808994520508637,True,1,3181.414193548387,3368.141935483871,40.747555,25.115902,5609.278,0.8072092831774317,False,,28.996855557437705,58.32440039422622,1.2013146408944708,1965.7662546595382
49.569002755557264,26.734231942210545,5951.529747032556,1.046257666587531,True,1,540.0754716981132,3418.229559748428,43.808067,24.578272,1608.3794,0.636059615369724,False,,5.760935755557263,2.155959942210547,3.700327016767658,845.3246196687164
27.906953076140585,42.88625299495268,4925.936823440693,1.0552648729593503,True,1,432.8028802880288,3284.866786678668,51.675404,25.239067,1967.4143,0.5567817457831862,False,,23.768450923859415,17.64718599495268,2.5037618276133773,932.4651866650013
9.246213593311379e-07,32.2737060706377,4137.2818543281,0.9086081842037023,True,1,1140.839406207827,3220.412955465587,40.920013,25.743109,1519.3718,0.6503291345748123,False,,40.92001207537864,6.5305970706377,2.7230213528565557,4137.2818543281
-1.8752085397692247e-05,103.51018755644111,3795.619355455451,1.9931328745931316,True,1,3720.368472906404,3210.098522167488,48.887344,27.930195,450.25116,0.5226614603807126,False,,48.887362752085394,75.57999255644111,8.43000461221566,3795.619355455451
10.549075939005942,136.56132747102734,5906.545769477593,1.7378268688208156,True,1,3163.074835526316,3247.0361842105262,57.749664,25.053047,3040.2134,0.8843913057425947,False,,47.200588060994065,68.49171952897265,1.9428063074380217,1818.5546817531956
51.55181559101298,28.48858367982954,5930.191760170364,1.7684425016884326,True,1,3005.8606173994385,3152.9840972871843,54.077717,26.080112,2940.5273,0.7332370679901791,False,,2.5259014089870178,2.408471679829539,2.0167103227269356,825.9366815340682
55.218716,25.114815,4879.5,2.064615848655015,True,1,3950.643884892086,3106.3920863309354,55.218716,25.114815,4879.5,0.5414574427861754,False,,0.0,0.0,1.0,656.6473114551054
67.62211512323361,38.88303011911479,8792.82073551685,0.9971706320032535,True,1,2451.067022086824,3104.6016755521705,65.29426,24.844027,3364.6658,0.7682265745037569,False,,2.3278551232336184,14.039003119114792,2.613282048849205,1069.261287824269
40.586452784809836,42.392788349720384,9151.615808026192,1.9207448245985863,True,1,3634.21602434077,3110.012170385396,54.791027,26.890348,2840.915,0.6366459122859536,False,,14.204574215190163,15.502440349720384,3.2213620639921268,1436.505297051245
68.91400854960568,30.392039562543793,11532.851710817707,1.8328720073673046,True,1,3338.50408496732,3113.506535947713,56.33518,25.589321,3710.3271,0.9150690587055496,False,,12.578828549605682,4.802718562543792,3.1083113159531695,1389.258145100857
39.46035009881262,11.49629859434477,5878.859032272939,1.0276964976078813,True,1,476.18602620087336,3142.0934497816597,56.69918,24.607529,2148.2004,0.6136448429176,False,,17.23882990118738,13.11123040565522,2.7366436726633783,935.8636506962105
45.361883219584925,41.55495025873395,8984.776107289686,1.7112830361829559,True,1,2685.9464,3116.4408,58.767727,25.720276,4691.08,0.8113861999309662,False,,13.405843780415076,15.834674258733955,1.9152894658137756,1334.0180972478963
7.8827731641284196,51.45729772469827,5974.802434992268,1.05923489458886,True,1,138.56044776119404,3046.258208955224,66.64067,25.11611,4683.606,0.989496441573048,True,36.44366648825972,58.75789683587158,26.341187724698273,1.2756842558900703,2128.060813465259
10.449710767035326,75.2626280756984,5813.154209938484,1.8815910741292474,True,1,3720.694610778443,3037.1844311377245,41.227043,25.193806,2124.4998,0.7555130345824916,False,,30.777332232964675,50.06882207569841,2.7362460612792168,1798.2899161012197
13.795298090193912,40.808441205412,4875.740458716614,1.0501369707338888,True,1,391.2233502538071,3049.181472081218,39.6261,25.297842,3003.638,0.8799587522861521,False,,25.83080190980609,15.510599205412003,1.6232783240578972,1312.7288653489406
31.925239825461624,22.1284460798038,7823.851320207565,2.8072020668587108,True,1,3535.115711252654,3019.19957537155,47.704945,24.906034,3402.039,0.8517292834228896,False,,15.779705174538378,2.777587920196197,2.2997535654963284,1384.6930250221453
43.322291847155086,55.95299506537428,12758.362736391784,0.39598923006516906,True,1,1784.0183106910808,2998.3709391612524,80.99272,24.574564,6562.3335,0.7754796612533211,True,43.14865324637356,37.67042815284492,31.378431065374283,1.9441807912371087,1938.381399343526
5.253751969132621,51.434057113077856,2738.718173682093,1.0337554504844293,True,1,483.6114519427403,2953.99591002045,50.001083,24.862051,2714.9243,0.50270661876483,False,,44.74733103086738,26.572006113077855,1.008764102071683,1194.8477244709222
72.91751052755492,28.207327219130296,7494.975875633461,1.747463603936659,True,1,2908.4327586206896,2857.8155172413794,57.17443,25.17691,2736.7085,0.8455530569653845,False,,15.743080527554923,3.030417219130296,2.738682572745128,877.7166215830857
39.71343542184542,14.91033335971203,7567.770764249255,1.743254846174703,True,1,3039.188896411645,2864.57413676371,69.282646,25.925842,2795.5605,0.8941827964887217,False,,29.569210578154582,11.015508640287976,2.707067425029526,1200.8789704889366
48.18179110173757,12.304077889038552,8069.632090954876,1.9252949913299318,True,1,3806.265800865801,2873.582683982684,60.605583,25.941105,2308.92,0.6506489354518055,False,,12.42379189826243,13.63702711096144,3.4949812427259825,1162.5516710049844
30.70794446263043,45.57344127848339,7661.212839248848,1.8011457418191361,True,1,2812.4175531914893,2769.2748226950357,57.412563,25.33616,2408.058,0.5765078911504131,False,,26.70461853736957,20.237281278483394,3.181490163130974,1382.52232991939
-1.0538455358728188e-06,75.93877127048752,4610.359998633634,1.9555174809349953,True,1,3883.8888888888887,2737.074074074074,42.79432,25.846199,1278.1178,0.5150286025901403,False,,42.794321053845536,50.09257227048752,3.607147947265607,4610.359998633634
24.90539822723176,20.072391708984945,9261.263469685351,0.9554868702497014,True,1,1456.770742358079,2687.677947598253,47.462284,26.1008,3097.2012,0.7128980798012556,False,,22.556885772768236,6.028408291015069,2.990204016996168,1855.767199210442
-23.79702534613341,48.481009087872934,7847.930714972954,1.7395692100858313,True,1,2878.7382953181277,2739.953181272509,43.919315,25.213655,2775.0056,0.7743889856543971,False,,67.7163403461334,23.267354087872935,2.828077433419577,7847.930714972954
29.238639841375768,31.44543758006613,8024.143361697945,1.7485457548037964,True,1,3169.790951638065,2706.3486739469577,54.447525,25.151747,3533.8394,0.6938437510270258,False,,25.20888515862423,6.29369058006613,2.2706587519789228,1483.9528303165284
96.45893327966274,17.62458234366542,16078.790738640346,1.8252335815182397,True,1,3645.366914103924,2707.506892895016,44.204742,24.867292,2776.747,0.7375264209145463,False,,52.25419127966274,7.2427096563345685,5.790513409626569,1637.1261877102866
11.023012043438953,175.3494448894071,5169.521074024405,1.9626617331890495,True,1,4029.4157068062823,2594.1811518324607,44.25115,25.408428,3343.0637,0.7613028229473819,False,,33.22813795656105,30.05898311059292,1.5463423787062163,1557.0414323449465
42.29345320766568,41.93693217975308,9910.095523851496,1.7630003992439907,True,1,2850.575504523312,2609.810020876827,66.68572,26.634666,1791.6117,0.6365580247241425,False,,24.392266792334325,15.30226617975308,5.531385804106714,1523.8466603712695
36.627451627750986,179.59452806897934,8600.696028922182,1.7520409523712428,True,1,3124.7612826603327,2598.238717339668,43.389458,25.301657,1229.0273,0.6807725415873548,False,,6.762006372249012,25.707128931020662,6.997969881484473,1421.1183494968634
29.427557950905445,178.9882159341333,4733.711930209978,0.9840025651527374,True,1,1195.628616106333,2597.0359655981238,51.747414,25.241877,954.5405,0.6959719970039805,False,,22.319856049094554,26.25366106586668,4.959152524392604,872.6190979315597
56.52100060555236,36.43106784271185,10752.272856501193,1.7646469307670023,True,1,3120.96813862493,2471.927333705981,96.64645,26.934275,1391.5168,0.6459581200843785,False,,40.12544939444764,9.496792842711848,7.727016200236456,1430.1953311090888
39.760633580507985,55.50037466977106,16734.432983989755,1.829452590201035,True,1,3746.5666199158486,2500.98667601683,69.458176,26.42676,8644.699,0.9207630174045208,True,34.531771865676774,29.69754241949201,29.07361466977106,1.9358028525909061,2653.8987723794135
13.074503552042838,175.9991174717182,5543.830255959527,1.7776425369560498,True,1,2993.508997429306,2451.4498714652955,36.40477,24.771223,1904.439,0.8520153529809953,False,,23.33026644795716,28.7721055282818,2.9110043723949817,1533.1947400492606
15.229172781629778,83.35169196241262,1547.0680077658112,0.7995678180305139,True,1,2153.2840283241544,2416.314712824548,64.43172,25.013649,3336.953,0.512822575262515,False,,49.20254721837022,58.338042962412615,0.46361696067214947,396.4343229986007
48.80958776048114,47.11742850153302,9392.249782183662,1.7473198326984516,True,1,3307.084656084656,2482.797883597884,47.20643,24.906784,2588.65,0.8214735136783443,False,,1.603157760481146,22.21064450153302,3.628242436089723,1344.3645876780924
46.410482483910926,17.31522090465716,11554.699790214676,2.8852168577294295,True,1,4066.218816067653,2482.130021141649,46.415283,23.94285,2521.2974,0.7760890946276948,False,,0.004800516089076723,6.627629095342854,4.582838894854164,1696.0967602685882
-5.3654233879628695e-06,43.04473018566365,5594.4925181487215,1.021598334591228,True,1,1452.4111014744146,2415.5238508239377,53.58039,27.168715,4745.9365,0.5899946985140334,False,,53.58039536542339,15.876015185663654,1.1787963277950984,5594.4925181487215
20.34256411598087,40.32937030077658,7449.780140225537,1.8389329827112473,True,1,3726.427234042553,2338.1982978723404,58.505142,25.065628,3002.838,0.9214115736520276,False,,38.16257788401913,15.263742300776581,2.480913102946458,1651.7359039350265
-6.5855658283122394e-06,33.870259337090005,4622.946109523315,1.8312178646578763,True,1,3594.4597432905484,2415.7829638273047,40.335007,25.891167,3345.9375,0.6033610741784747,False,,40.335013585565825,7.979092337090005,1.3816594331254886,4622.946109523315
38.632254517068354,25.652207993921856,7099.668818952829,1.744664952179344,True,1,3236.0014771048745,2373.822008862629,66.18775,25.574034,3720.9307,0.5334062211700407,False,,27.55549548293164,0.07817399392185465,1.908035755396581,1142.2549892253498
21.54686825231868,18.114210648403514,9607.263121291293,1.0082894191902407,True,1,1457.5093296475466,2252.898410504492,64.46917,26.646395,3097.483,0.815195993825357,False,,42.922301747681324,8.53218435159647,3.101635463791502,2069.700988646706
9877625.610434543,29.645233810293366,668183052.0769397,1.6889388113351866,True,1,3144.927710843373,2277.9347389558234,49.276924,25.195795,-858.74,0.5391357189333655,False,,9877576.333510544,4.4494388102933655,-778097.0399386772,212602.89565747953
15.704020303795954,166.87015229322682,7470.870623686915,1.8427913457535505,True,1,3743.2995391705063,2154.02534562212,44.627766,25.22923,3390.1467,0.8766688444612358,False,,28.923745696204048,38.35907770677318,2.2037012804451543,1885.236291772637
69.01478205429152,15.476901937697342,6075.3349047172915,1.0656794869136785,True,1,2849.4297912713478,2163.3387096774195,54.195763,24.383957,2141.5369,0.508083113023009,False,,14.819019054291516,8.907055062302646,2.8369041433361675,731.3060446575687
44.47582498836607,20.481559333824045,7818.440911983213,1.7894846175039893,True,1,3456.679510703364,2153.500305810397,63.75951,27.085888,3926.1753,0.6681750910448446,False,,19.283685011633928,6.604328666175945,1.9913631752467122,1172.3523329712973
38.170924591053506,159.36531515572887,18591.69055404218,0.8997280397304233,True,1,1752.40038071066,2064.841370558376,76.00375,24.70064,5146.822,0.979181243143443,True,38.20233986198786,37.83282540894649,45.33532484427113,3.6122660845939842,3009.2103187697644
31.22954535319785,30.08236738429251,11295.37074900568,1.0917359360268641,True,1,1451.2986301369865,2103.4376712328767,67.94419,25.043812,3619.0793,0.7491643320460271,False,,36.71464464680216,5.038555384292511,3.1210619642972954,2021.2389540110423
7.2634831444565896e-06,49.25248958236437,3847.6654101348227,1.0630293165063598,True,1,899.1739690721649,2025.9664948453608,38.95342,24.839066,547.4849,0.5034596736046637,False,,38.95341273651686,24.41342358236437,7.027893207894541,3847.6654101348227
10.279561914110545,99.1349494266396,5187.594146247209,0.42488178952937133,True,1,2088.813581890812,1982.0186418109188,38.462593,24.60434,2261.6084,0.5904158060665351,True,9.49325532482435,28.183031085889453,74.53060942663959,2.2937632112823816,1618.0006367639623
102.3348782310142,24.93788262880902,14595.727687879622,1.7411730710904123,True,1,3444.5227272727275,2000.442082111437,59.93764,26.261566,2809.2634,0.5554102927452462,False,,42.3972382310142,1.323683371190981,5.195571083822052,1442.8258464985452
102.44072704635124,25.28417553654248,9833.1331720686,1.1660014352573693,True,1,86.43251005169444,1999.388856978748,87.189,24.570272,9894.1875,0.9390364514949484,True,58.44032021386439,15.251727046351249,0.7139035365424817,0.9938292732039492,971.5286110519818
56.0920784189947,23.247287990152206,7886.78588305202,1.4301587325989704,True,1,2964.805650684932,1994.3184931506848,61.879745,25.904556,1971.24,0.8448341470177314,False,,5.787666581005297,2.6572680098477974,4.000926261161513,1053.0507072326873
53.35661950786825,25.057419650995023,4577.973269861242,1.0456313208398846,True,1,1192.634986225895,1707.8767217630857,67.14418,24.82549,2153.7485,0.5096410862282704,False,,13.787560492131753,0.23192965099502416,2.1255839620369983,626.728002155405
53.110897,26.469427,2500.3347,1.773223192190047,True,1,3734.499520613615,1585.4995206136143,53.110897,26.469427,2500.3347,0.668478056435739,False,,0.0,0.0,1.0,343.0886333359244
33.08793176018369,16.85416846389521,4961.582028736852,0.8220429573324407,True,1,2642.450146627566,1607.199413489736,34.359676,24.895922,930.2361,0.5543325454375553,False,,1.2717442398163072,8.041753536104778,5.333680372904097,862.5521561832797
66.34821280190951,23.391334115790375,652.8735709370567,1.3010377164962348,True,1,3566.428175689957,1739.8571698393212,1112.6952,24.865213,440.0047,0.6777884035974105,False,,1046.3469871980906,1.4738788842096255,1.4837877207608388,80.15202033224568
16.973423542851396,158.70376492599962,10553.666321395418,1.101824189481848,True,1,1906.622401847575,1424.3290993071594,46.431236,25.513433,5232.8574,0.9860482634357398,True,14.2112270964066,29.457812457148602,46.80966807400037,2.016807551720293,2561.6431761671492
40.56345608428197,24.56148366686079,9019.239761515617,1.7412014006510166,True,1,3388.3664122137407,1459.0076335877864,55.082733,25.298277,4590.325,0.811477169023809,False,,14.51927691571803,0.736793333139218,1.964836860465352,1416.1278269417032
21.491805962998228,3.3189323847524683,7720.896342166921,1.861565007388721,True,1,4006.119373776908,1405.8669275929549,49.360546,27.890762,2628.8308,0.789068909431874,False,,27.86874003700177,24.571829615247538,2.9370077154326255,1665.4487248721778
12.23799949125813,18.26840882979493,3595.6137315391743,1.06678895496413,True,1,1507.714652956298,1412.2686375321337,37.241005,25.71349,1610.3134,0.5378005715948765,False,,25.00300550874187,7.445081170205071,2.2328658083197808,1027.821776623012
31.490369328410765,120.48249622313034,12067.450509683855,1.199924354784617,True,1,73.53166421207658,1389.739322533137,67.60298,24.84305,4809.0205,0.9657661461976288,True,26.73908328801562,36.11261067158924,84.36055377686966,2.50933646668461,2150.4366309433058
23.172547999772473,44.89340243784314,7362.887847722239,1.8133728975289025,True,1,3727.439962476548,1306.8489681050658,50.62464,24.828196,2666.8733,0.8942664499178481,False,,27.452092000227527,20.065206437843145,2.7608690100584226,1529.541588742289
60.622746,24.704844,4211.9976,1.8848163475252318,True,1,4015.044105173876,1197.5920271416455,60.622746,24.704844,4211.9976,0.8207865575761542,False,,0.0,0.0,1.0,540.9664265894409
30.355268623085585,42.73696330224693,8620.610725730414,1.7513695738011084,True,1,3219.9763186221744,1210.2077502691066,41.453144,25.286366,4196.0405,0.7459893108136099,False,,11.097875376914416,17.450597302246926,2.0544631839779464,1564.6636535810765
28.425948043970784,50.398731862221105,4275.282768330998,1.0433242497116273,True,1,171.9233498935415,1166.3222143364087,67.4634,24.816504,1439.6716,0.5027934869894953,False,,39.03745195602921,25.582227862221107,2.9696236060577967,801.8762771288272
-18.489550233586797,21.968935055468705,4535.955495650889,0.9848320537746478,True,1,1270.898148148148,1168.0436507936508,37.525196,24.624327,928.52893,0.6844964326893355,False,,56.0147462335868,2.6553919445312886,4.885098728858011,4535.955495650889
19.75666422248136,19.156218980045605,7505.90376937785,1.7725790769773977,True,1,3646.8258877434137,1104.2061855670104,44.58793,26.335258,364.81458,0.5172685165714556,False,,24.83126577751864,7.179039019954388,20.574571798577377,1688.6754232998562
14.212720492964717,55.26804235685661,6191.647212999094,1.794387187565882,True,1,3824.462703962704,1006.4568764568764,41.16968,25.833073,1884.7814,0.6634557358466298,False,,26.956959507035283,29.434969356856612,3.2850744457681373,1642.3571122571798
-12.549686878362728,56.27331843881426,5493.794966353458,1.8117173926280083,True,1,3960.337783711616,959.611481975968,37.561996,26.070692,1583.7026,0.5813205186172551,False,,50.11168287836273,30.202626438814256,3.468956208289017,5493.794966353458
12.454957267260106,69.24651860687717,6111.892319552614,1.7808258023626276,True,1,3562.080474934037,926.8997361477572,37.095016,24.934126,2725.7341,0.8716898323410868,False,,24.640058732739895,44.312392606877175,2.242292202879442,1731.8272672921025
-6.611133138531892e-06,44.64376017658081,4575.8506014400045,1.7974217172935543,True,1,3706.982345523329,876.6078184110971,37.233955,26.242228,3450.388,0.7257354739480503,False,,37.23396161113314,18.40153217658081,1.3261843599734304,4575.8506014400045
30.21765007297742,14.288103995203807,5952.474694210612,1.1347382148560194,True,1,3307.86164043082,851.817729908865,56.838165,25.28086,1698.1033,0.5613246326118654,False,,26.620514927022576,10.992756004796206,3.505366660679955,1082.8472898773189
41.87539989046088,25.94515390866205,4896.74550339097,1.0493109281687032,True,1,1483.2392378263935,809.4318983768525,68.07794,24.810656,2622.5732,0.7900685833248791,False,,26.202540109539115,1.1344979086620484,1.8671530325220171,756.7075192807257
1.0823684722535644e-06,35.33213159712514,3755.602281435128,0.957293840965189,True,1,176.83692722371967,767.1172506738544,38.481697,27.24954,2752.6226,0.5530176656911983,False,,38.48169591763153,8.082591597125141,1.3643723921452682,3755.602281435128
46.313181610253466,18.04894956362452,17720.409276974813,1.0008620611684997,True,1,2182.989528795812,757.9418266433973,84.32226,25.193663,6530.3906,0.9837842332865572,True,48.71392683590613,38.009078389746534,7.1447134363754685,2.7135297660410718,2603.8828413049723
63.768036,24.965338,3854.8643,1.8222964533895831,True,1,3942.0620099786174,656.7106200997862,63.768036,24.965338,3854.8643,0.8902429803160202,False,,0.0,0.0,1.0,482.7336505943107
27.27839653239964,35.465207424351505,9415.508241797947,1.8267163622521074,True,1,3681.5669436749768,607.0812557710065,53.15184,24.912252,4058.392,0.9815224949888952,True,34.033091236138034,25.87344346760036,10.552955424351506,2.3200095608797637,1802.7452036405864
-16.770400899763125,121.50872955215863,5738.39937629774,1.796598468194564,True,1,4039.7963800904977,588.7420814479638,42.588017,24.66225,1589.3354,0.7759011289430578,False,,59.358417899763126,83.15352044784137,3.610565382421948,5738.39937629774
65.47898656762936,45.98659118458639,7488.65737917579,0.9182266984078504,True,1,207.9490708878183,568.6579490708879,73.5717,24.781425,5799.3267,0.9742374353321632,True,52.14114115314131,8.092713432370644,21.20516618458639,1.291297725850794,925.4500573038523
-2.2905760199147794e-05,29.304056431204902,2669.2556034942827,1.0772188139912906,True,1,1122.3200549450548,503.2486263736264,37.386314,25.073929,2117.3328,0.7812626810111881,False,,37.386336905760196,4.230127431204902,1.2606688960253591,2669.2556034942827
64.62160968550856,27.29475722944396,10267.458196706843,1.7993820084592376,True,1,3958.9645721925135,476.97393048128345,68.92984,26.155302,3502.8667,0.8365716201801426,False,,4.308230314491439,1.1394552294439606,2.931158698304689,1277.244547609539
107.5708322849967,27.335574432153766,10005.514289492037,0.9061475151436821,True,1,2343.030934767989,517.6993947545393,77.82408,24.660477,9163.062,0.9308261509839656,True,37.6227118628435,29.746752284996703,2.675097432153766,1.0919400402935218,964.6997192596805
43.0586374036903,23.40903640583612,7840.6610069558865,1.7968205431204332,True,1,3420.362051282051,353.8553846153846,45.602882,25.104181,3658.6335,0.9193372715363834,False,,2.544244596309703,1.695144594163878,2.1430572389816818,1194.8751695124479
74.47914573087543,13.382618263759749,12119.287815410957,0.9411313964738428,True,1,2900.5819070904645,336.5036674816626,79.06178,24.665476,6924.9434,0.9560144148252462,True,46.612672817968274,4.5826342691245685,11.28285773624026,1.7500919668759973,1404.2995481747532
19.735914908226537,9.570253687562175,6631.718399213416,1.7267540210458574,True,1,3520.274936061381,299.85166240409205,74.100494,25.517673,3819.0293,0.5422124692581336,False,,54.364579091773464,15.94741931243783,1.7364931971622777,1492.7856259684283
85.62008539647516,178.84798894643706,21678.00375153792,1.4755729329533116,True,1,1103.7336010709505,11.875502008032129,38.724354,24.33987,2758.0842,0.7800505821893186,False,,46.89573139647516,25.491881053562935,7.859804915142881,2342.7797352533016
63.88182673113353,177.7699642606356,19468.050461379178,1.6213062941133654,True,1,1324.4699669966997,9.98019801980198,0.0,26.409298,0.0,0.5871869512663758,False,,63.88182673113353,28.639333739364417,,2435.7561065453347
10.75249528458412,33.512651409836366,5085.8488857834345,1.8006055091905577,True,1,3492.547396528705,79.00534045393859,36.057087,24.722149,1837.5239,0.8665927329959602,False,,25.30459171541588,8.790502409836364,2.7677729175568464,1550.98937102818
44.36257308118664,24.99417963770944,3675.0633031383995,1.0102173038571507,True,1,3279.3337155963304,97.7993119266055,43.867443,24.627281,2762.4666,0.5576183055805031,False,,0.4951300811866375,0.36689863770943987,1.3303557419077572,551.7679371532066
50.895501796307556,23.48795939229621,6468.155180731494,1.8247126869873578,True,1,3947.504081632653,152.687074829932,61.69883,26.314665,4079.6562,0.5640824346528142,False,,10.803328203692445,2.8267056077037864,1.5854657509452619,906.6522224138073
31.278931702797287,49.42643034873491,7296.391808461223,1.848424538381826,True,1,3617.83569979716,156.2292089249493,46.92781,24.814127,2749.4216,0.863109853516806,False,,15.648878297202714,24.612303348734912,2.653791549634011,1304.6144701592632
108.45253021879594,1.3396169924878527,12919.239495930895,1.1208710743102246,True,2,86.66471527408196,25.22778073443321,76.90223,24.250786,2340.541,0.5575823185579003,False,,31.55030021879594,22.911169007512143,5.5197663685151825,1240.5580890845583
33.9899635096361,1.3896664267958485,5613.058857926966,1.0564960600853541,True,2,328.0497592295345,26.751738897806312,72.9411,25.281193,1809.9545,0.9280633562019888,False,,38.95113649036391,23.891526573204146,3.101215449298292,962.7737639679796
69.48559736730539,19.1182619686286,7424.623451445662,1.5346413227672762,True,2,3552.7933579335795,22.962484624846248,64.31611,24.107338,1965.638,0.518994396398531,False,,5.169487367305393,4.989076031371383,3.7772079352585077,890.6909406045808
30.90856766495346,20.920480961860967,5143.3233026334365,1.6938372904420005,True,2,3852.761115297664,28.71665410700829,59.60595,23.979973,1881.6892,0.7458370173407551,False,,28.69738233504654,3.059492038139041,2.733354319423971,925.1334509124484
79.21326355457506,31.755775696963855,9644.295106206187,5.156515808308456,True,2,1958.8584298584296,19.274774774774773,70.85681,23.145815,3133.686,0.8097259913055352,False,,8.356453554575069,8.609960696963856,3.077620127289775,1083.6063408563582
100.13345574910369,15.55806229938601,6845.96873695071,2.4346943696766794,True,2,2245.640840446488,23.970453053184503,68.17751,23.921741,2613.0847,0.9025261643190476,False,,31.95594574910369,8.363678700614003,2.6198801504408604,684.1405134804472
38.37914687939455,37.85624965927258,4090.8492707773175,1.1826988427461054,True,2,2446.6513994910943,19.36217133163698,53.236782,24.65958,1216.096,0.5614217120204236,False,,14.857635120605451,13.19666965927258,3.363919682966902,660.3372848335935
79.78726809312398,26.200703177174226,7763.065066386531,1.9348063626617664,True,2,2607.59509202454,26.00061349693252,69.36319,23.887964,3312.4177,0.8059755101656502,False,,10.424078093123981,2.312739177174226,2.343625040521469,869.0933536003067
73.31024896215948,107.4747802409835,128423.52142129178,8.787283379885997,True,2,1079.0773480662983,26.51460142067877,68.02521,24.31784,23537.049,0.5733084351250007,False,,5.285038962159476,83.1569402409835,5.456228664064547,14998.99730438871
22.148925606843022,12.001684892429735,4046.5899889156462,1.2580778804531163,True,2,1752.841432225064,28.930946291560105,55.13253,24.410412,1610.9336,0.9055410145459404,False,,32.98360439315698,12.408727107570257,2.5119533101275224,859.8305478094849
14.519811090560417,88.2319770164468,10864.912871717188,1.3363404725778938,True,2,3748.5670567056704,128.42214221422142,55.021828,24.916029,4320.8057,0.5349553010101398,False,,40.50201690943958,63.315948016446804,2.514557151162152,2851.3187170356464
19.035888909594824,178.01796864771964,5731.125297640514,0.7318716324594221,True,2,3552.028720626632,140.144908616188,34.466522,24.332878,2567.5645,0.7833391020991208,False,,15.430633090405173,26.314909352280353,2.2321251511463545,1313.5703064524462
59.63673,23.812412,6469.0405,5443.755410019538,True,2,3410.0423940149626,93.42726517040732,59.63673,23.812412,6469.0405,0.6878089422599925,False,,0.0,0.0,1.0,837.6892823525346
51.123676,24.252342,2621.1418,1.7324799496224077,True,2,4030.471953578337,94.45647969052224,51.123676,24.252342,2621.1418,0.6681686701926528,False,,0.0,0.0,1.0,366.5890423371846
98.88923535335516,17.27798851392692,25572.59387480491,1.2601365122470516,True,2,862.4427450980393,96.0764705882353,126.406006,24.377726,10555.933,0.8516505333287258,False,,27.516770646644844,7.0997374860730815,2.422580161772996,2571.5813778422216
22.120386266107495,42.75014488503123,5249.758381355114,0.8690504714737662,True,2,668.5899441340782,118.34357541899442,75.46339,23.977549,4268.2085,0.7798134433338347,False,,53.34300373389251,18.772595885031233,1.2299676506794628,1116.20242681308
40.90441097034099,6.737301800392019,6894.173642926469,1.2681704539749659,True,2,911.3626126126126,3979.024774774775,45.341682,23.65017,2289.2778,0.8541805624943514,False,,4.4372710296590085,16.91286819960797,3.0115059181225057,1077.9463496791138
18.352767299321343,24.397454796024764,3696.77907260981,2.3722086913124363,True,2,1208.5865019011408,3978.7490494296576,49.349014,24.481054,1804.8315,0.7329532601520818,False,,30.996246700678654,0.08359920397523979,2.048268258067199,862.924337800842
39.362202069558165,8.102682430652592,5567.300691631312,1.1229206417405853,True,2,1087.6497175141244,3980.6214689265535,44.963085,24.118364,2435.121,0.7079040625461009,False,,5.600882930441834,16.015681569347407,2.2862521786930965,887.370496439152
34.95629224811195,34.96025668002678,5786.700961844166,2.3995935551847283,True,2,3773.159544159544,27.813390313390315,69.98026,24.31972,2758.6616,0.8505238271540179,False,,35.02396775188805,10.64053668002678,2.0976479905488103,978.7423018838363
128.7638952832606,14.30822379588853,13656.118684338333,1.2423395807128892,True,2,2974.23713033954,21.42716319824753,76.284294,24.830412,2850.2175,0.93314799026771,False,,52.47960128326061,10.522188204111472,4.791254942592392,1203.456035854274
18.44293872554204,130.21310076924033,5298.589885882537,0.527173736323231,True,2,1467.6124031007753,61.42414174972315,46.63656,24.886032,2845.5918,0.6131786136353445,False,,28.193621274457964,74.67293123075967,1.862034423167278,1233.801359567269
86.50612725391048,24.750617478137208,3642.768895427963,1.13285451658262,True,2,1316.4545454545455,86.72664576802508,80.40149,24.427992,4082.7808,0.6802527301882844,False,,6.104637253910482,0.32262547813720843,0.8922273993813146,391.65906673697157
52.65354217108572,23.645715443370214,13228.049520316434,1.724032082759291,True,2,788.9684775318578,3975.9040912139503,70.02931,24.158176,2848.0078,0.5239773421000317,False,,17.375767828914277,0.512460556629776,4.64466758845128,1822.9804684898936
58.29374067232118,22.422208969891145,4882.29566335088,1.0448029473529872,True,2,2774.776616915423,3979.5194029850745,94.29222,25.874641,4016.4326,0.6844932181189386,False,,35.99847932767882,3.4524320301088665,1.215580130325324,639.4596029682647
34.28479802052087,177.1495210698843,6290.684462299412,1.1870205902848263,True,2,1625.3441671503192,3979.198491004063,73.01961,23.280426,1891.9163,0.7941189901358814,False,,38.73481197947913,26.13090493011572,3.325033175251681,1074.3532553092587
24.59431766964562,18.338704738066774,6145.1345006330175,19.742296282986114,True,2,51.130917159763314,3980.354289940829,72.061424,23.680529,4090.9653,0.7832446561499303,False,,47.46710633035438,5.341824261933226,1.5021233498687994,1239.1218174545425
63.57940938214311,16.818554810302064,7346.257334586431,2.964640084251882,True,2,415.250300120048,3980.629051620648,74.12711,24.22939,3220.6338,0.5166897835398105,False,,10.54770061785689,7.410835189697934,2.2809974032398315,921.3144711448191
41.892273673133474,3.22620509427861,6204.493720375354,0.9990238939367069,True,2,1458.2073643410852,3973.700258397933,64.07147,23.852938,2357.122,0.8455654051337999,False,,22.17919632686653,20.626732905721383,2.63223274840053,958.6043233177201
89.22932458303113,11.600477709587048,8328.494545921132,2.0913969790711415,True,2,1296.5133030499676,3975.143413367943,71.49176,24.094881,3406.9812,0.8270246968243568,False,,17.73756458303113,12.494403290412947,2.444537864171699,881.6834786041891
55.671674911700194,29.554892579398917,7004.042218033904,1.7083555595528452,True,2,3929.010795681728,3976.4406237505,113.674225,23.683523,3672.7075,0.6436957017938679,False,,58.00255008829981,5.871369579398916,1.9070514649026375,938.7103611088463
44.9083648239635,23.89358517512825,7492.432892334218,1.304474362167965,True,2,1011.7950401167031,3975.054704595186,61.6428,23.684227,3300.9675,0.9636955991351274,False,,16.7344351760365,0.2093581751282514,2.2697687548678434,1118.044889277044
94.34179196765136,176.14015626256605,14022.51626816145,109.9681176555818,True,2,4052.572359843546,3978.135593220339,62.982407,23.485004,3249.5034,0.646880669438163,False,,31.35938496765136,27.344847737433952,4.315279764951607,1443.6898128045816
76.37307498534014,16.444177702302184,10461.738877234318,1.7701196816694558,True,2,503.669298245614,3920.683333333333,71.011345,26.815954,3025.109,0.6750249632237787,False,,5.3617299853401335,10.371776297697807,3.458301461942138,1197.1091147526174
83.59264728660162,18.071862280940703,14035.967902017284,1.2632935402378047,True,2,662.6756360078277,3970.915851272016,104.243164,23.792637,4462.5312,0.8223398405497834,False,,20.650516713398375,5.720774719059307,3.1452929454066973,1535.176546347858
68.5356847054517,25.018944525121043,6028.107235116029,1.0636569388515449,True,2,3462.923031026253,3914.2846062052495,83.52859,24.444618,4287.767,0.9387400608918964,True,55.71225684693712,14.992905294548294,0.5743265251210445,1.4058849828164706,728.1529133680842
103.3161207935924,166.04533896811327,12585.869947542038,3.8429685346037403,True,2,2356.782016348774,3866.947683923706,88.03687,23.736532,5197.539,0.9288219726073212,True,59.01638435347781,15.27925079359241,37.69119303188674,2.421505629403077,1238.2239332232382
-6.9383046244574486e-06,93.78867221150621,8627.830929949947,0.5897984216905889,True,2,286.96787148594376,3843.8125836680056,66.24821,25.586956,2889.3242,0.5309832684963337,False,,66.24821693830462,68.20171621150621,2.9861068999975657,8627.830929949947
90.72153,24.266111,7945.7446,2.2845515323468613,True,2,600.6864406779661,3870.505084745763,90.72153,24.266111,7945.7446,0.6812451257054997,False,,0.0,0.0,1.0,834.2177350124254
26.751553608268473,23.250267739850436,4106.815835911064,1.108484606428596,True,2,4013.6977025392985,3816.1451027811368,45.331112,23.833548,2551.7932,0.97446260061474,True,19.073000399580863,18.579558391731524,0.5832802601495644,1.60938426981899,794.0186869762147
15.672682393516542,174.1926040860838,4172.761538863368,1.0433795866291837,True,2,966.389303482587,3762.458955223881,40.06507,24.61856,2059.4885,0.9546608726585604,True,15.962409575192826,24.392387606483457,30.425955913916198,2.026115483948256,1054.0273991821218
42.52706292393236,171.03798609849622,10210.517581482492,24.98463638308633,True,2,382.6387208297321,3742.7078651685392,56.94151,24.28299,5303.47,0.7858210034458413,True,45.29823922633234,14.414447076067638,33.24500390150379,1.9252522558782255,1565.723473402879
47.84533367237827,30.025502222194035,6323.54414779678,0.9334526124752165,True,2,2506.440322580645,3703.132258064516,56.519722,25.309015,3448.1047,0.5678604008137994,False,,8.674388327621735,4.716487222194036,1.8339188330901843,914.1990403876127
1810787779.4877977,22.601474446898813,160522906829.5551,1.9601238541579427,True,2,36.557959814528594,3683.519319938176,55.14219,23.722017,1655.8397,0.8935424440669416,False,,1810787724.3456078,1.1205425531011883,96943506.5662184,3772274.06788171
22.284577828237648,9.244998715257653,3354.4272412462997,1.8720881310819808,True,2,1125.3820224719102,3576.356486210419,49.05276,24.398882,1730.237,0.7134232980144884,False,,26.76818217176235,15.153883284742335,1.9387096919360178,710.58522129522
20.458316301474987,177.83543043162763,5482.2365776165025,0.6351009172271049,True,2,2530.783266129032,3591.5564516129034,48.33056,24.588573,2306.011,0.5609147394635489,False,,27.87224369852501,26.75314256837237,2.3773679213223624,1212.0563983194056
50.11601540939275,24.732814006175413,4209.698305919171,1.2942767212645987,True,2,17.905372894947874,3533.4121892542103,62.001675,23.857595,2537.9766,0.6665596752200965,False,,11.885659590607247,0.8752190061754135,1.6586828680450287,594.6517558284021
36.485263195843345,23.494334677080246,2758.2691584402255,0.8080783213106189,True,2,2065.4473895582328,3546.235341365462,60.72316,24.284983,1749.625,0.8001474427737473,False,,24.237896804156655,0.7906483229197647,1.5764916244567981,456.64415347713225
40.25505984807687,20.087349787539463,3625.4750791546303,265.6179170470755,True,2,1088.2201754385965,3514.9201754385963,54.9637,23.675835,1569.7747,0.5553246678522039,False,,14.708640151923134,3.58848521246054,2.3095512235957365,571.4190119291065
15.575956070504173,16.982910539591806,3128.7789878407066,0.8787544859095712,True,2,2835.173378076063,3380.910514541387,40.69559,24.88705,1471.4209,0.5457113328854134,False,,25.11963392949583,7.904139460408203,2.126365737934473,792.7705883089432
23.09560478965613,77.49045808231155,3593.068493227749,3.26175055391481,True,2,1696.4423423423425,3353.7648648648646,47.256153,24.240622,1776.3816,0.5595909098213472,False,,24.16054821034387,53.249836082311546,2.022689546676091,747.6542844776475
26.29231676165351,30.18763861351111,4356.673756838708,5400.983091059561,True,2,2665.77840112202,3368.220196353436,69.36711,23.610476,4977.9883,0.8311201591575375,False,,43.07479323834649,6.57716261351111,0.8751876248561509,849.6510759275701
57.338483903996334,18.916252110638084,3704.5727259613936,1.077820211916637,True,2,1893.3156028368796,3341.606382978724,59.707405,25.526577,1197.1151,0.7018222589366152,False,,2.3689210960036675,6.6103248893619195,3.0945835750976607,489.23218739419826
59.770264,104.0398,1000.0,0.0,True,2,3391.7308543603363,3264.665338645418,59.770264,104.0398,0.0,0.5244399437008191,False,,0.0,0.0,,129.34731348933687
47.20357306655185,19.144237287748545,6003.755879171866,1.2415654730274197,True,2,1175.8542757417104,3276.3542757417104,56.922466,24.777748,1972.0819,0.8046639121383379,False,,9.718892933448153,5.63351071225145,3.044374515668881,873.8473792156458
122.21136833071044,17.414513056370797,79334.02018680338,1.1837794004663995,True,2,3206.6662679425835,3218.6794258373207,131.37718,24.866394,21630.287,0.7193231380023181,False,,9.165811669289567,7.451880943629192,3.6677285043329926,7176.350782621024
26.500250951410276,39.36567358783396,9124.131214654511,1.7979959679343933,True,2,2166.919964028777,3219.544064748201,54.183006,24.77231,5009.731,0.7063684850812296,False,,27.682755048589723,14.59336358783396,1.8212816645553447,1772.4195387507075
71.8213862162321,17.365465030855866,2608.8035413965754,1.0232198496318876,True,2,2947.4881995954147,3231.1867835468643,68.00091,24.001783,1736.7961,0.7337846687618683,False,,3.8204762162320947,6.63631796914413,1.5020781894872837,307.8325102035046
51.60922255788623,22.1381901953299,3644.692368947171,0.847940113148255,True,2,62.74,3199.220909090909,53.244827,24.966722,2713.0742,0.6073890953591523,False,,1.6356044421137739,2.8285318046700922,1.3433810136660365,507.3377973302792
31.480473797752182,39.927890124094034,17263.65210724986,1.17120679805791,True,2,1430.2684183410613,3196.844410097888,101.37121,26.874796,7981.837,0.7952088653122045,False,,69.89073620224782,13.053094124094034,2.162867032645475,3076.890533169522
47.96848936314248,25.283092373050206,3968.356531869705,0.8564806778907147,True,2,1097.7161246612466,3188.677506775068,65.01274,24.881102,3133.5063,0.6398441562475716,False,,17.044250636857512,0.40199037305020724,1.2664268560333531,572.9710284588162
23.957098193039542,112.88390654091569,6351.564085806325,55.68489341450906,True,2,565.1758754863813,3108.9455252918287,56.8115,23.867878,742.11926,0.6722972964892355,False,,32.85440180696046,89.01602854091568,8.558683796734133,1297.6679482694728
76.78555420793971,21.76905855757855,3447.213011458386,86.86911877011437,True,2,691.2918739635157,3159.949695964621,82.97231,23.790426,4115.575,0.5816561729299935,False,,6.186755792060282,2.0213674424214503,0.8376017959722241,393.39456786599845
20.935349090495553,176.5554930493752,3430.8532132059227,1.1853357716452242,True,2,4063.705304518664,3079.851669941061,49.007557,24.76764,1570.5914,0.5316660133922898,False,,28.072207909504446,28.2121469506248,2.1844339738559135,749.8286563888245
55.964949339977935,17.56601646453565,17369.534770648155,0.8366608443349063,True,2,1556.9778225806451,3091.2298387096776,96.349144,24.133696,7614.342,0.7331022106508375,False,,40.38419466002206,6.56767953546435,2.281160311770624,2321.8284524614014
122.82692108287567,27.753962102139287,10903.314437973546,1.0141748914898236,True,2,2202.186652197504,3107.561041779707,88.49494,24.237885,5480.618,0.8685163444054051,False,,34.33198108287567,3.5160771021392883,1.9894315637348827,983.8111810878004
20.31393555629866,175.78877221557553,6217.8272303788435,0.7375281752908384,True,2,86.08687615526802,3103.00831792976,52.685127,24.16624,1955.8605,0.5339993308680996,False,,32.37119144370134,28.377467784424454,3.1790750057986465,1379.5632454658814
151240787.5043158,34.467020872068126,14577279006.84555,6743.2588936115635,True,2,2024.472303206997,3091.8644314868807,64.41433,24.074347,-1111.3328,0.7056181607882945,False,,151240723.0899858,10.392673872068126,-13116934.015486227,1185337.4371288244
31.838728414796723,15.370939293721893,4905.535286461276,1.3523797647606723,True,2,350.02762430939225,3053.3743093922653,71.959854,24.77597,2653.1357,0.9525714852236482,False,,40.12112558520329,9.405030706278097,1.8489575510447038,869.3778014921663
40.75503406087022,16.59565460259453,18275.073176174476,3.6048729172797027,True,2,1404.226226993865,3045.700153374233,65.757126,23.698994,7373.544,0.6658248548160366,False,,25.002091939129777,7.1033393974054775,2.478465331755595,2862.651594196915
6.0197043439009774e-06,148.41376756459795,58840612.608735435,2.219578060830784,False,2,3428.237747205503,3103.170249355116,130.43652,24.251904,32952.656,0.7195848932100211,False,,130.43651398029564,55.83813643540205,1785.6106229718002,58840612.608735435
40.97363727973829,20.786300278451748,12324.662052208927,0.9674546154969056,True,2,62.08161865569273,3018.6028806584363,69.77811,25.45677,5751.5283,0.7003344651315523,False,,28.804472720261707,4.670469721548244,2.142849936461049,1925.4079483233238
42.21108706605449,7.970828434331405,6413.843552477989,1.119644205846679,True,2,2570.6041666666665,2942.926215277778,48.84065,24.49991,1223.6534,0.7874215096565861,False,,6.6295629339455076,16.529081565668605,5.241552511910635,987.1998801797771
19.203156671691268,38.85002578407147,3789.1452180059596,0.6852232211249677,True,2,495.36046511627904,2951.146511627907,39.44927,26.929434,1432.6794,0.6897382327395479,False,,20.24611332830873,11.920591784071469,2.6447963291759202,864.6790509722199
103.79228,24.315023,6588.6963,1.6505322973402086,True,2,1140.4985835694051,2950.538715769594,103.79228,24.315023,6588.6963,0.6596299332592208,False,,0.0,0.0,1.0,646.7210002048287
92.95422,25.783602,7761.034,1.6656601174928416,True,2,25.315447154471546,2933.99783197832,92.95422,25.783602,7761.034,0.6148307202540483,False,,0.0,0.0,1.0,804.9798892258103
71.03954675958849,27.22921754725602,5548.735275869307,4039.5287083253734,True,2,812.406015037594,2921.591250854409,62.93162,23.582737,3932.3052,0.7496765844935631,False,,8.107926759588487,3.6464805472560187,1.4110642469636658,658.3304067771576
-3.0301373182770357e-06,88.49319558028515,9247.798696879625,1.8440603318234101,True,2,1432.7288842544317,2870.307612095933,47.96551,25.27585,1283.5974,0.5153307006595236,False,,47.96551303013732,63.21734558028515,7.204594444394811,9247.798696879625
-5.5519623670215395e-05,31.249255960562667,9224.626591630076,2424.830022641017,True,2,2421.0535194880745,2906.930191972077,85.95327,23.914022,12823.006,0.882910842091758,False,,85.95332551962368,7.335233960562668,0.7193809775672004,9224.626591630076
79.2748957376499,19.366401143494013,6684.581501859574,1.1237170352128059,True,2,3365.493150684932,2857.766575342466,89.51177,24.203114,5417.5044,0.9835914563341588,True,55.029922983339546,10.2368742623501,4.836712856505983,1.2338857540862493,750.7690884641007
59.1181271572018,16.572827953158118,41528.27999623143,4.294804657442628,True,2,2528.7629533678755,2809.077720207254,75.75071,24.05928,14311.615,0.637579221078988,False,,16.6325828427982,7.48645204684189,2.9017186387581995,5401.11731371612
28.75440952466174,18.41437642807852,5763.810355286243,0.7594344736848699,True,2,433.6046511627907,2779.22655663916,62.155323,24.617111,2332.1003,0.5674906017496452,False,,33.400913475338264,6.202734571921496,2.4715104900446363,1074.87374792096
21.48682389077722,54.47814179668578,3961.238433992263,0.672898732362643,True,2,536.2417391304348,2789.354782608696,55.78772,24.520409,1845.5315,0.6730382036434459,False,,34.300896109222776,29.957732796685782,2.1463943769002385,854.5645480934277
54.42335373103427,17.575951875894457,4014.8883247263325,1.060874745596537,True,2,3031.2692802056554,2799.681876606684,72.804306,24.920834,2788.537,0.8944045750053784,False,,18.38095226896573,7.344882124105538,1.4397830563934897,544.2279214400802
9.120046771615432e-05,61.460834726975676,2393.65475891472,2.819323263313368,True,2,62.13771839671121,2797.0853031860224,44.29165,24.821957,808.86896,0.5321175212449504,False,,44.29155879953228,36.63887772697568,2.959261483979704,2393.65475891472
51.98124476265547,17.703596015914165,35750.271814134125,1.3718935340568679,True,2,2336.979065238559,2750.724440116845,108.315994,24.503582,15221.896,0.7457950142390928,False,,56.33474923734453,6.799985984085822,2.348608334607865,4958.565000011435
28.06645615567333,15.8133978478799,6536.989478438769,0.8056443918074838,True,2,1249.450429799427,2744.099713467049,69.93664,25.022524,3094.8335,0.7578004083704739,False,,41.87018384432667,9.209126152120092,2.1122265473857538,1233.9114556881707
92.22316,26.30899,7756.542,0.9015078500364325,True,2,3808.8079896907216,2707.849226804124,92.22316,26.30899,7756.542,0.7134008527241612,False,,0.0,0.0,1.0,807.6964031714101
6.46913183074046e-05,63.001225635106564,1961.659951677756,1.3154622957558422,True,2,1988.8002283105025,2706.171232876712,45.578773,25.007738,934.1245,0.5672883450737893,False,,45.57870830868169,37.99348763510656,2.099998396014403,1961.659951677756
85.5383787590082,31.425527161995944,6663.342680457743,1.4159033562680419,True,2,880.7677884615384,2707.6490384615386,100.32919,26.216341,7048.1226,0.6250652192647219,False,,14.7908112409918,5.2091861619959445,0.9454067499418559,720.4629322042996
60.64767773756378,27.413101078081137,7169.949541589637,1.1434962889796663,True,2,2605.03125,2635.307904411765,57.606068,28.347528,1838.3899,0.5381874431684313,False,,3.041609737563782,0.9344269219188561,3.9001245283112347,920.6806409176521
88.3259809839617,14.248106250238399,13321.946728872712,0.8805831763479842,True,2,989.1025420077552,2652.0654890133565,106.78269,25.191042,5601.659,0.6092470043177636,False,,18.456709016038303,10.942935749761602,2.3782145126778893,1417.5012740136929
43.31223715600878,27.029582715999986,4835.8991429587495,1.3036404319133894,True,2,406.2439834024896,2615.156846473029,64.636375,25.680193,3208.9038,0.7781267275072155,False,,21.324137843991224,1.3493897159999868,1.50702527852619,734.8047016452322
37.71572505586444,21.078104341206615,3902.552245852267,16.164596522768765,True,2,4070.829268292683,2587.932926829268,59.242027,23.996437,2541.964,0.6283053856628346,False,,21.52630194413556,2.918332658793389,1.5352507926360353,635.4589420523738
91.30165631734256,17.791244273903345,11618.724684048979,1.159644051921625,True,2,775.4936575052855,2586.340380549683,47.714085,25.657978,1943.0007,0.7549121608372161,False,,43.587571317342565,7.866733726096641,5.9797840958312465,1215.9595633149306
2.7723958875484884,46.59136450311493,1840.4690324627056,1.1107198663611495,True,2,2261.889024390244,2542.241463414634,41.121407,24.416025,1834.7745,0.6860485222667628,False,,38.34901111245151,22.17533950311493,1.0031036688501533,1105.3527383224655
25.428527965374926,38.20645944136202,7262.098839614997,6209.736766476318,True,2,3656.035602094241,2466.885863874345,43.124634,24.461306,2356.7515,0.5724684474979924,False,,17.696106034625075,13.74515344136202,3.081402022917986,1440.1294961374413
23.73933817848925,142.00317895671014,10683.490551147952,0.9263733036545643,True,2,2475.652356902357,2445.2314814814813,60.408318,24.180845,1975.1804,0.5572072546493974,False,,36.66897982151075,62.17766604328986,5.408868248767531,2192.6982330157657
59.06858,24.377504,1211.4591,1.0664880213194932,True,2,2569.7843438219493,2449.6707597851114,59.06858,24.377504,1211.4591,0.7456592839943724,False,,0.0,0.0,1.0,157.62695688275645
2.0219191554066192e-07,139.30243448636463,16598.75350881626,1.261542859826551,True,2,391.4344528710726,2414.426868905742,46.2919,24.410713,1831.3252,0.5126753349444667,False,,46.291899797808085,65.10827851363537,9.063793535313257,16598.75350881626
58.44103146164747,22.743825364873178,5288.188192612113,1.3316183863593167,True,2,471.8009478672986,2450.513954713007,87.65416,25.451157,2565.5166,0.5154552765280481,False,,29.213128538352535,2.7073316351268204,2.0612566656602858,691.7480856005176
42.896532546468904,35.01266680566704,3553.265436198383,1.0597171005123527,True,2,3962.88369441277,2327.5461801596352,45.180035,24.779198,1617.3022,0.7981950008146955,False,,2.283502453531092,10.233468805667037,2.197032463196045,542.5210045529816
36.17231884280946,17.382604762659422,8825.989626911862,0.7743840000381297,True,2,573.8959938366718,2332.4791987673343,61.235065,24.97513,3070.4622,0.7357611257399347,False,,25.06274615719054,7.592525237340567,2.8744824238226614,1467.490294139866
26.807691010170778,6.895554394623858,7528.975172392647,0.721166489459388,True,2,2718.9654631083204,2326.4662480376765,59.138935,24.024706,3080.4167,0.7434744109946211,False,,32.33124398982922,17.129151605376137,2.44414178523076,1454.1397971667163
32.963399128734466,44.59895946240472,3214.7263732871143,1.0212905083115256,True,2,3264.360411899313,2270.4473684210525,46.70184,24.367596,1347.2202,0.6294083836793845,False,,13.738440871265531,20.231363462404722,2.386192229961453,559.9226276861646
42.16865311391575,32.71609355515645,1788.7634518044483,1.1591136607360832,True,2,683.1188760806916,2240.28674351585,67.4544,24.921337,1637.5913,0.5864182349756087,False,,25.285746886084254,7.794756555156447,1.0923137243123167,275.45968588595593
64.60979680142424,21.38715272009075,2119.8487085906736,1.0827514972535806,True,2,2903.5185406698565,2261.82057416268,77.64299,24.12393,2754.0415,0.6970364287277122,False,,13.03319319857576,2.736777279909262,0.7697228631415589,263.72765873002305
30.22200112354854,23.042106609261417,9899.612812166626,0.9822622498008594,True,2,2745.6504910456383,2216.964760254188,79.88718,24.051548,5434.9277,0.6546159280914854,False,,49.66517887645146,1.0094413907385729,1.8214801297479313,1800.7631727544797
38.47846199147229,12.61990635340708,17242.91529469349,1.119766038187804,True,2,329.46980198019804,2224.489108910891,96.43316,25.033855,10015.533,0.6971942878909089,False,,57.954698008527714,12.413948646592928,1.7216173412531803,2779.725060132696
71.81841101896083,7.831475083750593,3817.6702100092425,0.8682858558675981,True,2,3814.557001239157,2184.7571251548948,76.00835,25.084734,1314.3496,0.5071167633321564,False,,4.1899389810391625,17.253258916249422,2.904607883632515,450.4851850077462
50.45456085470688,18.157047762076893,12206.036637637479,2.898913665991385,True,2,168.50244498777505,2174.842909535452,77.37205,23.603146,5532.0996,0.6386415209013454,False,,26.917489145293125,5.44609823792311,2.2064021836550953,1718.4007514668067
26.001870462653685,54.48430423316309,7989.68795125653,1.2603617345067364,True,2,549.8605277329025,2204.2180936995155,93.79282,25.079216,6547.5293,0.8782359053539724,False,,67.79094953734632,29.405088233163088,1.2202599767299291,1566.8503626840213
25.03952162056217,4.7617517599540715,4463.934522474613,0.9133071862530404,True,2,1370.9060665362035,2192.5342465753424,71.21152,24.230143,1792.3235,0.896839762780131,False,,46.171998379437824,19.468391240045946,2.490585277978341,892.0820523861959
1.2159159381307223e-06,24.35637664585238,11676.052840943099,2.4689681845657656,True,2,65.97860962566845,2140.1860962566843,40.607327,23.967064,903.4529,0.679874022349235,False,,40.60732578408406,0.3893126458523781,12.92380913376126,11676.052840943099
55.69817453822253,22.260329863225905,4252.843506538108,0.8407858809419744,True,2,2943.534074074074,2135.2244444444445,65.99093,24.24353,3146.167,0.879496539894393,False,,10.292755461777475,1.9832001367740872,1.3517538981681863,569.8478594254044
-9.535149798736733e-06,53.83220119908866,13051.478559711017,2.304192014771298,True,2,2836.888993414864,2098.904985888993,48.87174,24.097284,2197.561,0.6613529011972211,False,,48.8717495351498,29.73491719908866,5.939074528402632,13051.478559711017
43.41151983872754,14.066599202322765,5771.002041999933,1.1391018665663353,True,2,4073.028695652174,2101.782608695652,56.198135,24.225012,2526.726,0.9353423445665924,False,,12.786615161272458,10.158412797677244,2.283984113037952,875.8883150477068
71.32081796921787,100.284551617636,44713.244911628324,1.2587440959802114,True,2,277.0759493670886,2078.961359093937,88.039,26.119175,5905.5693,0.8745684175762635,False,,16.71818203078213,74.165376617636,7.571369099271822,5294.537525554341
42.91427274948505,20.20154623825913,10518.183636330192,1.1375172371050943,True,2,1503.2689393939395,2068.318181818182,73.96195,23.76472,3713.8694,0.7576439508783556,False,,31.04767725051495,3.5631737617408703,2.8321361102062963,1605.6092826365923
47.803426499912646,23.708662642898517,5447.833469155279,1.052539214682472,True,2,3511.401549386701,2095.0929632020657,74.47527,25.181131,3346.5889,0.8613014059825406,True,32.27484403107537,26.67184350008735,1.4724683571014907,1.6278765130534194,787.9421074950154
14.28092200064776,47.78370255034505,7382.847812849016,6694.298318818769,True,2,31.116613418530356,2028.1301916932907,54.602802,23.354475,1832.5618,0.6974568029673376,False,,40.321879999352234,24.429227550345047,4.028703322774171,1953.6456404484472
40.05268583461518,21.747054038176834,6332.518952748891,0.9859388148148857,True,2,2283.9830949284787,1984.3023407022104,73.638596,24.839903,3402.5088,0.6497637923267638,False,,33.585910165384824,3.092848961823165,1.8611322776737245,1000.6004093440739
124.57365888960753,16.908925658281834,10822.984191240252,1.1455188105560024,True,2,1401.7260092653871,1917.272667107876,79.18811,26.433523,3197.4834,0.7206801608500397,True,56.24832866156113,45.385548889607534,9.524597341718163,3.384844528431407,969.6922259543458
65.379524,24.538254,2923.372,1.0950211188411278,True,2,2997.536012130402,1940.0909780136467,65.379524,24.538254,2923.372,0.9945964744395386,True,41.88623610079793,0.0,0.0,1.0,361.5457042770701
42.3833885011971,22.187349276848778,6015.230494289579,1.453836824465123,True,2,569.0025929127053,1925.980121002593,58.69501,26.705,1923.0886,0.536606587766274,False,,16.3116214988029,4.517650723151235,3.127900864416532,923.9626928932313
48.17810913475334,7.223010470636697,3846.9606552626847,1.0349513174443885,True,2,912.2,1890.905223880597,60.792892,24.47219,1278.9417,0.5371508379544477,False,,12.61478286524666,17.24917952936329,3.007924954876899,554.2336230083432
108.1245743307405,11.29247697852827,10610.2015765073,1.0626641176304747,True,2,3798.777479892761,1847.0089365504916,52.330418,23.962862,1780.5267,0.741564214118984,False,,55.7941563307405,12.67038502147173,5.959024133986477,1020.3788061843659
79.1581947818128,17.330649874343667,13587.839068935153,0.9137146246663964,True,2,2323.829721362229,1798.3783281733747,74.19974,24.625698,4733.777,0.6521706464534384,False,,4.95845478181279,7.295048125656336,2.8704011762563284,1527.2229926013865
21.937406902374843,8.946733760297606,3225.730246467223,1.0594088705559583,True,2,2512.8645320197043,1772.0726600985222,39.43391,23.83982,1030.8986,0.5305523396483172,False,,17.496503097625155,14.893086239702399,3.1290470725900907,688.708433413768
-4.252870179905332e-06,84.81169704406523,27526.577169094773,2.620632919989462,True,2,920.4505730659026,1752.138252148997,60.21418,24.04231,2302.268,0.8738766810936368,False,,60.214184252870176,60.769387044065226,11.956287091292053,27526.577169094773
71.93627254724043,30.919274644295403,19062.901189966,1.126017506083813,True,2,2403.470221606648,1751.691135734072,83.94454,27.376032,5172.963,0.5479926870807085,False,,12.008267452759569,3.543242644295404,3.685102945829305,2247.579340461894
59.19517590226016,24.67804584446631,2399.5586914462397,1.0700248477368883,True,2,3873.3790786948175,1694.1717850287907,53.04607,24.580378,2090.39,0.9299445755002932,False,,6.14910590226016,0.0976678444663115,1.1479000049972683,311.8804981372462
-0.884086174867408,20.586782372416277,186.4131977042955,1.7298484205362479,True,2,2743.608875128999,1653.1155830753355,47.35594,24.789867,93.565735,0.5617842194069348,False,,48.2400261748674,4.203084627583735,1.9923233404225968,186.4131977042955
46.67654362384502,37.74598896777314,7822.243443282285,29.926618560557895,True,2,4070.742326909351,1681.1548893647396,64.515976,24.11528,2757.4375,0.5055539606553416,False,,17.839432376154974,13.630708967773138,2.8367799608449094,1144.9380359060135
24.167083121889426,20.594174821583245,5090.404412078333,3.3553278380955422,True,2,21.519863791146424,1599.900113507378,41.442528,24.574123,2052.8516,0.6792091197427084,False,,17.275444878110576,3.9799481784167483,2.479674815304883,1035.476313198595
48.410437636205145,12.743934993631301,4365.856562903335,1.0775933482030546,True,2,3587.4266666666667,1568.8886274509805,58.997673,25.575932,1422.6544,0.6079713978035197,False,,10.587235363794854,12.83199700636871,3.0688103610429454,627.4801024798514
-1.4794600507003884e-07,132.7112231047704,66168.56854502753,51.65835139018508,True,2,1686.9482071713148,1509.4852589641434,57.230175,23.683971,3737.9402,0.676513368020965,False,,57.23017514794601,70.9727478952296,17.701879913709572,66168.56854502753
21.72336447735892,17.690125472604414,3419.7178090740326,1.1516054815105607,True,2,4042.584147665581,1517.1487513572204,43.017864,23.96402,2099.8877,0.9829770010125018,True,9.089200519723944,21.294499522641082,6.2738945273955835,1.6285241392070786,733.7138643424003
48.75834298291466,26.51945931358374,4020.606448626863,3497.8788902956235,True,2,3116.9172413793103,1484.8224137931034,53.51743,24.319996,4947.108,0.791634366621342,False,,4.759087017085335,2.199463313583742,0.8127185516521699,575.7939480676121
16.461156840248904,5.830410734326267,3929.8976687430413,0.7225497270649085,True,2,1259.5623130608176,1481.7467597208374,42.4955,23.695095,1113.9033,0.7323062579622915,False,,26.034343159751096,17.86468426567373,3.5280420380683326,968.6147215944386
42.33544890443882,12.319301309824509,3606.969738369332,1.3576244388488428,True,2,2731.7625354777674,1488.4361400189214,51.182007,24.772808,1801.0126,0.7535052011214927,False,,8.846558095561178,12.453506690175487,2.0027454213087306,554.3581210783016
62.22535966539327,16.67204059081662,14626.628561201182,0.7831171706009145,True,2,76.23225806451613,1460.8044665012408,99.25819,25.603037,5381.712,0.8339104329573832,False,,37.03283033460673,8.930996409183365,2.7178393346208756,1854.2168569462194
69.08616171611823,14.926429544061843,15415.349928077545,0.8123117415419756,True,2,2537.6128617363343,1393.8192926045017,74.56722,24.03582,4369.585,0.8480552712946071,False,,5.481058283881779,9.109390455938154,3.5278750563446057,1854.6324541689812
26.473058802698404,164.57800217285018,5215.174317965804,0.6834159337564566,True,2,1876.292662819456,1395.755976916735,56.20151,24.569983,1600.541,0.6462142408309897,False,,29.728451197301595,39.99198082714983,3.258382208244465,1013.6003858608225
57.70797476768331,21.519071158527954,7711.473842870667,1.1724151139485512,True,2,1456.6993736951983,1384.0156576200418,73.770996,26.067652,2778.533,0.5995542265407354,False,,16.063021232316686,4.548580841472045,2.7753760142026986,1015.1248824184596
28.174019588936137,3.7549378792681702,3763.0993951257487,1.0745728397688645,True,2,1311.478426395939,1371.5761421319796,38.40275,24.49419,1141.3486,0.5030455577822781,False,,10.22873041106386,20.739252120731834,3.2970640128053326,708.9592666035412
-21.20184896565308,91.33385118596699,5685.266850708886,59.948240001740615,True,2,421.8996168582376,1390.1877394636017,58.472355,23.675165,1315.1155,0.6178663558566871,False,,79.67420396565308,67.65868618596699,4.323017142379422,5685.266850708886
18.453893573940785,17.089115684727552,4012.326153396448,0.7371680990581564,True,2,3563.616345062429,1347.427922814983,39.38209,24.914995,937.7381,0.6860587639701471,False,,20.928196426059213,7.825879315272459,4.278727880840554,934.0114985396436
70.6335880398693,17.402659223926204,15719.072899906501,0.8822203439870379,True,2,2414.8628013777266,1357.922502870264,84.6087,24.598993,6268.5234,0.6905707048267623,False,,13.975111960130704,7.1963337760738,2.5076197210824005,1870.3431526261
29.411228121944287,29.953251491215976,3475.949339760607,16.518228632820698,True,2,3438.48717948718,1375.6538461538462,63.880123,24.431232,2050.3203,0.6819348747762592,False,,34.46889487805571,5.522019491215975,1.6953201603479258,640.9392360119704
54.41379529852931,26.32437153361079,5294.33976084395,0.8117521782740587,True,2,2126.7234548335973,1323.1426307448494,62.658363,24.117775,3456.6558,0.9090704882982252,False,,8.244567701470693,2.2065965336107887,1.5316363754944735,717.7237195775942
18.74270390699556,22.596597104339203,6173.725430343821,1.6017361054628898,True,2,242.2761096605744,1309.424281984334,69.822075,24.387548,2819.5378,0.6041980807796236,False,,51.07937109300444,1.7909508956607851,2.1896232177996766,1426.0382961886655
29.961206320909376,167.94502260244502,4812.572489035845,0.7815041425236448,True,2,3587.8899012908123,1249.4973424449506,63.07502,24.530193,2422.9966,0.6741000951782458,False,,33.113813679090626,36.585170397554975,1.9862068684024754,879.2201575961602
1.9792962667490626e-07,101.90711885925928,12859.919352159872,2.717293438026903,True,2,805.2979166666667,1167.8125,47.583935,24.36732,3423.8242,0.7336943974801043,False,,47.58393480207037,77.53979885925929,3.7560104143664477,12859.919352159872
66.7366432180632,14.666645909888123,4952.33905023341,2.073880678357859,True,2,276.4215210355987,1195.993527508091,62.42871,23.598082,3220.0938,0.7518176962052959,False,,4.307933218063191,8.931436090111873,1.5379486927472141,606.2171113897173
10.45876950571669,17.357938940220137,3308.992809212435,0.7985605189399797,True,2,2978.086053412463,1192.704747774481,56.568096,23.772436,1661.8994,0.6272482107686288,False,,46.10932649428331,6.414497059779876,1.9910909223581374,1023.1882104860464
74.989914,24.289831,2657.766,1.1287022598368759,True,2,3298.8078406169666,1165.159383033419,74.989914,24.289831,2657.766,0.7049470733531564,False,,0.0,0.0,1.0,306.91302063397137
81.57950577426739,22.763050395965962,5974.390245803833,0.8909425993063591,True,2,2155.3391405342627,1189.185830429733,88.47369,24.735554,5342.4834,0.8900747678720717,False,,6.894184225732616,1.9725036040340456,1.1182796086561229,661.4591862305388
20.588401357358165,25.145075432988524,6120.611164667586,5.795849284462474,True,2,26.34525277435265,1058.170160295931,38.98753,23.70413,2468.518,0.7836921254430451,False,,18.399128642641834,1.4409454329885243,2.4794679093559724,1348.9115619984873
-5.308152454957663e-05,62.41676956067989,2724.12325091157,1.2036174325961129,True,2,3896.505791505792,1071.824967824968,39.939003,25.417639,1460.5388,0.7610072079460555,False,,39.93905608152455,36.99913056067989,1.865149526264944,2724.12325091157
34.50197754198142,27.754559576625297,4686.745652893309,9.491621134914038,True,2,1074.8246187363834,1093.245642701525,76.96604,24.275381,3050.52,0.6221906329853857,False,,42.46406245801859,3.479178576625298,1.5363759794701588,797.9017014481324
45.96295257703157,18.35662299692576,4509.764757439512,1.0433664973522956,True,2,2172.886756238004,1039.3243761996162,55.525143,24.754168,1651.8789,0.9921736624440166,True,16.2718599121281,9.562190422968428,6.397545003074242,2.7300819433189156,665.1964591405056
35.32686431135548,16.529752529036763,2933.5886290129515,1.0644213622116585,True,2,2957.3654545454547,1037.0354545454545,52.73143,23.625444,1422.4727,0.5695906874443065,False,,17.404565688644524,7.0956914709632315,2.0623162954290453,493.56762902661467
76.06306108910368,25.22800372216368,3538.848998913243,1.0287575430333047,True,2,547.21589958159,934.1004184100418,59.551426,24.601433,2327.38,0.8312784078036689,False,,16.511635089103684,0.6265707221636809,1.5205290923326844,405.7655127724729
50.11331749459084,16.953826428342587,3686.9886251468106,0.7965226263599505,True,2,1217.888888888889,936.4736467236468,67.652824,24.828968,3230.0173,0.7213036872180357,False,,17.539506505409157,7.875141571657423,1.1414764326948994,520.8290753566296
5.615394508805061e-06,1.5571891375375913,2731.6983329850163,1.0724931088100065,True,2,248.9968085106383,848.7521276595745,46.965885,25.975594,1067.775,0.5174674150891667,False,,46.96587938460549,24.41840486246241,2.5583089442860305,2731.6983329850163
69.19761259108029,33.32017597946491,5066.256281509953,1.0462864330384687,True,2,708.1016518424397,869.6226175349428,79.57669,24.703465,4196.2207,0.9593982259972708,True,43.706742060769,10.379077408919713,8.616710979464912,1.2073378984832597,609.034086169715
2.1233150022554558e-05,49.18877684464915,3092.614928878692,1.091323170713608,True,2,1918.097037793667,813.2747701736466,50.79658,25.294266,1827.8542,0.7728506829894218,False,,50.79655876684998,23.894510844649147,1.6919374252490662,3092.614928878692
26.461181973637615,20.60379953792831,3950.231437350746,2.013447504591061,True,2,57.31578947368421,806.6315789473684,40.398087,24.35615,1498.6677,0.5863318754455854,False,,13.936905026362382,3.752350462071689,2.635828768012246,767.92343484512
11.955329452202594,1.5011969612491392,1975.3128268723985,5.452808431102525,True,2,2599.98087431694,783.4842896174863,65.05779,23.937262,1832.9391,0.5003330358966622,False,,53.102460547797406,22.436065038750854,1.0776750994467839,571.2880104263551
91.10737974731234,25.322101205919775,4563.263969165833,1.0818009917560025,True,2,3891.014542343884,793.8887938408897,58.19739,24.75855,1671.7456,0.7350134039882211,False,,32.90998974731234,0.5635512059197758,2.7296401851847754,478.0780602518515
59.096381654536884,19.83938881934423,5907.375628000367,1.2217705805679973,True,2,814.4824742268041,751.5257731958762,61.210304,25.046926,2806.1948,0.6829146847669103,False,,2.1139223454631164,5.207537180655777,2.105119583287791,768.4473929145668
68.31927965045706,28.83554794647833,9964.826632579941,6.672528243951165,True,2,462.62268188302426,765.4764621968616,61.428146,25.759512,2073.8606,0.5753796447836651,False,,6.891133650457064,3.076035946478328,4.804964534540046,1205.5857555779467
-7.67833906877187e-06,33.832972056356745,2648.661817905385,1.0610231194594497,True,2,3217.721835883171,685.8734353268428,36.93698,24.352345,1712.304,0.7142511470603873,False,,36.936987678339065,9.480627056356745,1.546840875163163,2648.661817905385
64.5308717518217,35.46267553160839,4760.420571038865,37.53884798292317,True,2,1319.832732516222,694.8471521268925,59.02161,23.805494,2128.8462,0.6395639044045321,False,,5.509261751821704,11.65718153160839,2.236150535928272,592.5998772669508
-5.952711622680243e-07,9.57857650011661,8248.897003753935,1.7502218114202943,True,2,921.4540960451976,676.6405367231638,63.52601,24.610365,3154.9524,0.9142427115231871,False,,63.52601059527116,15.03178849988339,2.6145868329911837,8248.897003753935
-7.955065883187544e-06,89.26879230950529,27188.023237699075,4.665472461877684,True,2,2929.5210970464136,688.7728551336146,60.56628,25.033194,4723.537,0.6487695075693043,False,,60.56628795506588,64.23559830950529,5.755861177270142,27188.023237699075
51.67488926314808,51.91394777041291,6403.156164326468,1.0957088764688945,True,2,2714.6020042949176,632.2405153901217,68.377655,25.121624,4382.2915,0.9281666555510252,True,42.38572229074955,16.702765736851923,26.79232377041291,1.4611433685610524,890.7468936665435
68.63123291530414,24.694273664401184,8035.28877916382,3.449436383609874,True,2,1136.5719273743016,616.1466480446927,67.28147,24.468006,3302.823,0.5382160405354361,False,,1.3497629153041402,0.22626766440118473,2.432854796991489,969.9304394011883
43.10459679794404,19.858318678572132,11862.820482869936,1.2264638419684704,True,2,664.0933874709976,482.34570765661255,80.654106,24.968206,5526.913,0.9774318642566862,False,,37.54950920205596,5.109887321427863,2.1463736597391594,1806.8669113950589
41.19587068064177,23.079595759097568,3068.2137690666923,1.1467609645110148,True,2,2866.859756097561,465.4085365853659,48.098812,25.598791,2015.3185,0.8798905969203157,False,,6.902941319358234,2.519195240902434,1.5224460893236935,478.0339831892689
57.601429613001514,18.18650616701684,22477.54071295385,0.9936296075308627,True,2,1370.9808760024675,466.15792720542873,90.70562,25.768015,9115.317,0.7718464387639256,False,,33.10419038699848,7.581508832983161,2.465908833774388,2961.639282277115
11.462645697454715,72.91156268171484,4088.8641603062442,2682.1059512906536,True,2,15.642794759825328,479.0218340611354,61.23613,23.906593,3310.6035,0.7494887650870543,False,,49.773484302545285,49.00496968171484,1.235081205075221,1207.7032869086095
20.50234038431768,11.099278560406544,3171.020490580324,1.0864533651356778,True,2,867.6835443037975,431.0978135788262,38.695923,24.043755,815.83,0.5952254609657894,False,,18.19358261568232,12.944476439593444,3.886864286162955,700.3212889986645
1.1013343943598742e-06,70.30096261209812,7999.761681451051,1.1176481455137663,True,2,3323.6096311475408,401.7530737704918,46.82194,23.600595,4324.3525,0.5336512817326735,False,,46.8219388986656,46.70036761209812,1.849932835366925,7999.761681451051
35.09074320845336,12.518985490026878,8844.760010748429,0.897879468256466,True,2,3848.414776409592,436.1101749837978,57.373775,24.46411,2480.5479,0.5730944461827712,False,,22.28303179154664,11.945124509973112,3.5656477388517387,1493.1030074302018
57.16600536243655,15.858290260174732,12794.489319071403,1.023816961347307,True,2,3424.7127167630056,366.4797687861272,85.019165,24.454895,5611.4688,0.822783270511305,False,,27.85315963756345,8.596604739825267,2.2800606712936555,1692.2091274723812
-23.455618823547088,94.0252198764659,5688.51357782864,4663.104561526697,True,2,277.0406001765225,319.243601059135,50.870186,23.981073,841.2607,0.5153032248947884,False,,74.32580482354709,70.0441468764659,6.761891501443774,5688.51357782864
46.293671847006905,30.697613554930225,2986.4714041983884,1.7031789126346473,True,2,2051.561478933792,341.76182287188306,56.30968,24.512968,1248.7122,0.520782158885095,False,,10.016008152993095,6.184645554930224,2.391641087672875,438.93230559851173
85.37158428039717,18.189777541530784,16453.37305317991,0.9490320476936592,True,2,3771.026888604353,347.4413145539906,118.16455,24.688808,7526.3364,0.7603176601037676,False,,32.79296571960283,6.499030458469207,2.1861065170007428,1780.7308157452653
4.396149962875753e-07,40.58168819514117,42978.74385661943,5.268191184509521,True,2,977.139468690702,348.62523719165085,55.337906,24.576,2134.3135,0.7117350769308365,False,,55.337905560385,16.00568819514117,20.137034159517533,42978.74385661943
95.60124216655367,17.26127493405536,22718.32285892977,1.0100457146639792,True,2,3258.220581449008,315.7558837101984,104.652,24.710976,9342.012,0.7498245087464693,False,,9.050757833446326,7.449701065944623,2.431844752386292,2323.5097519430983
40.20802583050936,22.55697913698011,8373.621092681637,1.2074273682277958,True,2,595.2956878850102,257.4455852156058,71.33198,24.349909,3203.9072,0.6418058224974454,False,,31.123954169490645,1.7929298630198787,2.6135654280753315,1320.5563259917553
43.860397050636195,21.927522808582548,3833.4714875632963,33.431899479466544,True,2,2902.5955357142857,210.1241071428572,53.577423,23.920841,2085.6748,0.5940447111185282,False,,9.717025949363808,1.993318191417444,1.838000577828958,578.8365655107942
76.76944,25.867704,7840.9863,1.2493070304187226,True,2,3378.896130346232,229.8275627970129,76.76944,25.867704,7840.9863,0.8642115894151989,False,,0.0,0.0,1.0,894.904122514815
58.7206430821292,20.90122328704798,5171.464654604832,2.7587440724757664,True,2,1536.441328413284,230.4686346863469,62.513527,24.247961,4669.874,0.9104366092780084,False,,3.792883917870803,3.346737712952006,1.1074098904177783,674.8669485509232
68.94051108753914,17.317218254384493,67191.2571308676,1.3984720725913278,True,2,1217.2473147153598,204.98469387755105,166.5154,25.915352,17806.879,0.6856574239219602,False,,97.57488891246086,8.598133745615513,3.7733314822247963,8092.3660114891945
34.85555347123028,20.090315600539583,3737.7688507424473,1.252844076732665,True,2,3735.948359659781,206.4198055893074,68.69387,24.532696,2158.1677,0.5203208887747811,False,,33.838316528769724,4.442380399460433,1.7319177053490549,633.1060283056453
13.398507363441453,13.040820469799467,4081.1531003941254,1.5394258421323477,True,2,757.929158110883,206.935318275154,51.155678,25.45562,2271.939,0.5650463827588781,False,,37.75717063655855,12.414799530200526,1.7963304034105343,1114.9481662342203
5.681432630175931e-07,49.096046729070316,25191.499030072606,1.9510536716521938,True,2,553.9762363519588,175.96146435452795,77.356026,24.496044,7672.8774,0.6370132473954905,False,,77.35602543185674,24.600002729070315,3.2831880032479868,25191.499030072606
19.53930287191154,26.095860539697323,4358.392278425014,6663.518175677578,True,2,244.2287275565964,170.75956284153006,61.359093,24.500914,4610.665,0.5505721354486578,False,,41.81979012808846,1.5949465396973217,0.945284959637062,985.988351223903
50.12972966653857,25.47304772215364,4507.285781770255,1.1379877645623617,True,3,621.1017543859649,43.843859649122805,57.21806,24.602144,2519.3823,0.9371424537092896,False,,7.088330333461428,0.870903722153642,1.7890439977173194,636.601142666763
66.44619269004193,26.658435796002994,4269.670876935534,1.3858864688077506,True,3,4041.8480325644505,28.06648575305292,63.944187,23.770231,3900.128,0.6447749321198187,False,,2.5020056900419263,2.888204796002995,1.0947514740376556,523.7925879414065
28.77034797203479,17.605847161451727,4003.008995477459,1.0517800459318756,True,3,3380.871287128713,241.59034653465343,41.13405,24.48431,1911.687,0.9187886587074292,False,,12.36370202796521,6.878462838548273,2.0939667400978608,746.3009745273174
20.71243903066504,163.19060726051515,3417.8437057590663,1.0222268551784526,True,3,731.7767441860465,283.3686046511628,40.348225,24.463087,592.8587,0.5478244347913341,False,,19.63578596933496,41.27247973948485,5.765022434112995,750.9941906476496
38785062.520477116,30.149235249295575,1144065894.0397391,1.043724262685637,False,3,503.78680611423977,278.0257441673371,56.435646,24.651314,730.0625,0.6677101532436891,False,,38785006.08483112,5.497921249295576,1567079.3857234677,183704.0753904562
77.92104802076294,27.05844782338565,4951.728603815722,1.025850955182873,True,3,2916.990483162518,360.2891654465593,66.3331,25.484722,3209.2239,0.8266619287669875,True,50.99864749162259,11.587948020762937,1.5737258233856473,1.5429676327088682,560.9568312357521
30.310936818958858,32.361958107823796,3063.757348900292,1.0048998836946355,True,3,1355.340425531915,352.8936170212766,51.852352,24.567045,1421.6941,0.6941430951677894,False,,21.541415181041145,7.794913107823795,2.155004616605142,556.4865682172477
32.869483023423264,36.56097329199056,4736.936574252724,1.1082666159634986,True,3,19.50474683544304,752.8544303797469,57.79668,24.804985,1498.0635,0.8261777513194923,False,,24.927196976576738,11.755988291990558,3.162039909691895,826.2303292178708
114.99774478235972,28.839713926601068,6784.712202685889,1.0389194073913643,True,3,3418.126376811594,794.2776811594202,85.67632,24.341166,9032.5625,0.9470382546212592,True,54.61350963475603,29.321424782359713,4.498547926601066,0.7511392478807524,632.6838788350435
31.780636116826507,37.10653571524699,7677.244239719563,1.007287153774482,True,3,1852.733500417711,839.6950710108605,62.86314,25.35406,4465.794,0.6938688257267351,True,45.44173537625741,31.082503883173494,11.752475715246991,1.7191218940505457,1361.8336602470245
21.94034681800865,20.42795968969424,4247.926754981684,1.0291117365612976,True,3,249.9490861618799,860.9647519582245,36.28699,24.658287,2111.6567,0.8562777775447007,False,,14.346643181991354,4.230327310305768,2.0116559452972087,906.8913835290192
18.674905946940264,84.93772552865354,1314.6794985632528,0.2119330927141879,True,3,467.4210862619808,898.9497337593184,124.30606,58.53743,0.0,0.7186149112897254,False,,105.63115405305973,26.400295528653544,,304.22204325325276
81.41428192144554,16.409756693657,7126.644625152758,1.033528450494254,True,3,691.3799772468715,874.2116040955632,40.72923,24.584827,1878.9178,0.7303988779340344,False,,40.685051921445535,8.175070306343002,3.7929517859444184,789.8321444335767
57.00148887389817,24.22392080106545,3632.828512247751,0.9979622501453734,True,3,1005.182641509434,916.4362264150944,68.19277,25.037462,3170.238,0.6004234069747898,False,,11.191281126101828,0.8135411989345585,1.145916651130846,481.1736069847123
47.96999216673565,14.083097081111761,14512.567012611762,0.8631830945329876,True,3,3927.315407854985,994.4640483383686,80.661804,25.454634,6633.2837,0.5820811500988944,False,,32.69181183326435,11.37153691888824,2.1878405430800076,2095.363692367314
55.71949381352473,13.343986434308642,4340.705045957767,1.0697866347204321,True,3,654.6156462585034,985.0,59.843906,24.446636,2278.1484,0.7773880299827699,False,,4.1244121864752685,11.102649565691365,1.9053653598500284,581.5093405498553
28.987663633520384,13.670940088193133,3535.9695624761084,3.3534023809298477,True,3,2699.077376565954,1050.8710390567428,54.137295,24.404501,766.1085,0.5161369963439443,False,,25.149631366479618,10.733560911806876,4.6154944925896375,656.7527672158923
28.1484880683498,9.375584391462196,7473.800453225176,0.7602580519489069,True,3,3998.922766570605,1082.7873198847262,74.08004,25.603922,2822.0125,0.6188286131073454,False,,45.9315519316502,16.2283376085378,2.6483938158407083,1408.6852326365818
30.442151291601977,36.63883259253513,3755.826572005282,1.0435491827184953,True,3,253.4029268292683,1102.3365853658536,51.723198,25.11105,1280.3025,0.5884751469425119,False,,21.28104670839802,11.527782592535132,2.9335462298990134,680.7189804831031
8812.06289063843,84.21864357121187,15053586.638137309,1.142210599495817,True,3,3267.198598130841,1200.8746105919004,64.52542,25.388731,3986.2024,0.5500767540657221,False,,8747.53747063843,58.82991257121187,3776.4230532140837,160361.89970358447
12.097149145812747,170.2145743533475,2815.6407092589393,1.0271047705867538,True,3,3064.81517747858,1301.965728274174,37.83784,25.335651,1713.2578,0.8014925623039643,False,,25.740690854187253,35.12107664665251,1.6434425159243047,809.5351641882992
51.04030876663556,36.512698135703225,4783.8403579934875,1.1773119180164455,True,3,4049.5525525525527,1322.1351351351352,64.18392,24.35888,2702.6995,0.9965212618108078,False,,13.143611233364439,12.153818135703226,1.7700230299348807,669.607072120283
43.48463957847248,17.866750288524095,9750.25466913835,1.3330732358350919,True,3,1926.0214285714285,1397.6531746031746,61.721375,24.326263,4116.417,0.9981160645516666,True,38.676501817023,18.23673542152752,6.459512711475895,2.3686265675072153,1478.5908757959237
34.32047531900605,15.897013041538914,9229.513507008536,0.8225050859019175,True,3,3772.348137535817,1446.9276504297995,68.831215,26.136105,4671.7676,0.6991693306150533,False,,34.51073968099395,10.239091958461074,1.9755934578185217,1575.4410695847037
46.73023674001232,17.655172281878627,14573.004424277155,0.9020164128096037,True,3,3626.5556811758056,1406.3589598643302,82.18455,27.10567,6531.374,0.5427239450619897,False,,35.45431325998768,9.450497718121369,2.231231043311431,2131.8179081770863
46.18587333346399,24.16482400560174,7299.299864344572,0.7584381184529988,True,3,3691.105586878524,1494.7206560738084,90.880325,25.292233,4370.2563,0.6373439395842487,False,,44.69445166653601,1.1274089943982517,1.6702223767389963,1074.0552574441845
52.85818175720058,18.13692177327164,4537.277752325572,0.9893102271761617,True,3,2228.5026269702275,1551.4859894921192,54.37385,25.589685,1298.0184,0.7467211867355609,True,17.09563400194537,1.5156682427994141,7.452763226728365,3.495541937098559,624.0785498031919
96.04588065913634,25.583811454876308,5443.605024241829,1.0254308472784874,True,3,298.04792147806006,1648.2280600461893,86.21787,24.507626,8480.183,0.9593608454148008,True,57.122209236381615,9.82801065913634,1.0761854548763097,0.6419207019756329,555.4528951270187
16.529353008130332,122.82956028451348,4117.625399592325,1.030905657081871,True,3,3455.15546875,1702.3015625,62.641567,25.328085,2665.1746,0.707256496905689,False,,46.112213991869666,82.49852471548652,1.5449739764112735,1012.7888391787418
61.007103,26.925316,5725.2666,1.1430794163444218,True,3,3689.534626038781,1724.072945521699,61.007103,26.925316,5725.2666,0.6349712948488149,False,,0.0,0.0,1.0,733.0025971177653
6.554547612418543,173.79085278621184,2836.8722183541986,1.263833777116232,True,3,2810.559343434344,1758.4747474747476,38.214638,24.720001,1270.5798,0.600419929620947,False,,31.66009038758146,30.929148213788153,2.232738328087853,1108.0731027293996
60.10925789343639,32.08030482609764,5349.032013937816,2.015003675322723,True,3,4048.656338028169,1756.7645070422536,79.05863,24.070297,5667.897,0.9107694294122232,False,,18.9493721065636,8.010007826097638,0.9437419229632819,689.929180910742
45.95162273994262,21.77421741075083,6850.675120666022,0.796330477433688,True,3,2712.479327259986,1791.561317449194,63.57609,25.121317,3742.5847,0.5375513595847539,False,,17.62446726005738,3.347099589249183,1.830466287286971,1010.6084987205064
8.103854750340762,142.9290344877535,2481.6403357699055,3.2484456926804497,True,3,325.6345580933466,1842.7020854021848,47.145798,26.857557,1693.2969,0.5150082528598504,False,,39.04194324965924,63.92852251224649,1.4655671641340071,871.7521260974037
51.44737989902338,21.282804969795517,5467.008667805131,1.0319259146609,True,3,918.8829305135952,1884.8746223564956,59.5899,24.757559,1647.4169,0.7007724414881175,False,,8.142520100976618,3.4747540302044797,3.318533801495621,762.1985731890621
-1.129920247408498e-06,148.00049344522262,20202.10885190279,2.174112500936887,True,3,2921.290113452188,1937.2414910858995,54.687233,24.346058,3024.3098,0.6551673253441844,False,,54.68723412992025,56.34556455477738,6.679907214499914,20202.10885190279
37.5225097734984,15.935742358894728,8025.634533747245,1.0616693604034553,True,3,1864.520398912058,1930.09338168631,52.31981,25.79661,2125.5828,0.8139644436560559,False,,14.797300226501598,9.860867641105273,3.775733664078974,1310.1874633341176
38.21108447583337,28.47931084546985,5113.206665612239,1.157800447498449,True,3,55.345699831365934,1940.0101180438448,57.238754,24.684853,1823.0559,0.5138457794701442,False,,19.027669524166633,3.79445784546985,2.8047448603261365,827.177408338803
26.604298157646333,18.074205819657944,2915.256313351553,1.025466127960081,True,3,2539.901717557252,1998.6870229007636,52.010387,25.07788,2989.4893,0.5080096664712178,False,,25.406088842353668,7.0036741803420455,0.9751686729072933,565.1982927669216
43.35491633072906,24.163952555977765,4658.110187308078,1.0524391263878616,True,3,4007.143546441496,1989.634499396864,41.800495,25.745344,2121.5833,0.7657873042396783,False,,1.5544213307290633,1.5813914440222447,2.1955820388047353,707.4415789464665
55.44579806206046,32.139052737663526,6054.753629642637,1.0305634932934822,True,3,158.54042243262927,2055.058266569556,64.89042,25.401014,3303.5635,0.6715355344844282,False,,9.444621937939544,6.738038737663526,1.832794686599073,813.1340673012871
65.8002306543277,18.197777047070907,3123.853218001572,1.0917008150957088,True,3,1453.5269872423944,2013.3984298331695,52.157944,24.6782,2874.6497,0.515032848412991,False,,13.642286654327705,6.4804229529291035,1.0866900471391598,385.10300837639005
66.3817631635132,58.04161597604649,9097.520737016825,0.9131270568692419,True,3,1868.3702956989248,2068.1545698924733,69.16151,24.64579,2570.0457,0.9220849647652368,False,,2.779746836486808,33.39582597604648,3.5398283917740545,1116.6026711596837
75.81657618205386,27.25629107699621,5204.141226568438,1.0396260774988413,True,3,878.0564635958395,2087.397473997028,63.047653,23.76827,2494.7131,0.7215998472555891,False,,12.768923182053868,3.4880210769962083,2.086068023841474,597.6776139084386
64.65470075642929,13.689179803321581,6430.614287565699,1.05043405269606,True,3,1192.561787905346,2151.729184925504,54.555847,24.694376,2320.6978,0.5818730583720529,False,,10.098853756429293,11.005196196678412,2.7709830584428956,799.7466104590959
37.92216754341497,10.577452547215046,3911.6897688883205,5.601917888145692,True,3,238.7434367541766,2205.7840095465394,37.23381,23.949781,1478.3391,0.5389347845067032,False,,0.6883575434149733,13.372328452784956,2.646003050915937,635.2107332503379
8.004225571049322,13.8022768896552,2571.8316209454324,1.1108546558898165,True,3,4061.31747483989,2275.7483989021043,51.537903,24.582228,1407.3853,0.5922940593238712,False,,43.53367742895068,10.779951110344797,1.8273827507971219,909.0397455616986
37.93092329367229,31.53344380044443,4977.290416765191,1.0949431890006975,True,3,3115.569530558016,2334.995571302037,55.31143,24.205698,3759.8887,0.967588171455912,False,,17.380506706327708,7.327745800444429,1.32378663676007,808.1579969650509
29.883423240621614,173.87610984098689,5201.164185522664,1.0299077721399,True,3,3925.213926174497,2411.0520134228186,55.69453,24.587217,2156.3794,0.8666019700577725,False,,25.811106759378386,30.711107159013125,2.411989367697848,951.4487294353318
32.72224078260203,33.738372065943715,3118.4070712312323,1.013788490866221,True,3,1372.2238805970148,2424.9680170575693,42.936913,26.37752,1210.9252,0.569524402790363,False,,10.214672217397968,7.360852065943714,2.5752268358369554,545.1440653651547
17.058657737583488,24.668693638736308,5017.312630889672,1.0393723985105923,True,3,3118.47384305835,2452.2786720321933,48.10142,25.272377,1792.4404,0.8346186270059214,False,,31.04276226241651,0.6036833612636769,2.799151721245332,1214.783082397059
12.059189525159224,178.08321804327505,5088.517174298278,1.0084302780534173,True,3,1099.669284467714,2495.065445026178,58.41678,24.81384,3355.5547,0.9624943805220034,True,12.400849535162603,46.35759047484078,26.730621956724946,1.516445902162846,1465.3190114502602
-18.6535946974317,5.576797556046083,3398.9405043144916,1.0334391538694616,True,3,354.3516609392898,2470.544100801833,39.83985,24.341518,968.26105,0.6697142697583024,False,,58.4934446974317,18.764720443953934,3.510355502077143,3398.9405043144916
11.822910356023074,8.76782184117345,4780.405209336421,1.0965331122096238,True,3,4030.4343329886246,2517.758014477766,49.113922,25.031158,2556.7632,0.996673999274744,True,11.50763297691956,37.29101164397693,16.263336158826547,1.8697097992244338,1390.2807600534657
58.3917685379103,14.553764204817355,4880.31438162414,0.8950996709916458,True,3,485.2759900990099,2552.058168316832,74.01924,25.15587,2075.6445,0.7031510607772085,False,,15.627471462089694,10.602105795182638,2.3512284409127577,638.6633355625629
39.127735937207724,27.049967949136576,4418.162574008065,1.0451004457231865,True,3,3928.571174377224,2587.3229537366547,50.818573,24.614162,2165.0786,0.9381707308877858,False,,11.690837062792276,2.4358059491365758,2.0406476577839094,706.3164695027092
65.24338,25.52157,2202.7097,1.393478190337844,True,3,2486.617994100295,2668.4601769911505,65.24338,25.52157,2202.7097,0.8301425120941112,False,,0.0,0.0,1.0,272.7024490906211
22.42924567078893,45.872998749303356,4635.823109400132,1.6637100050865679,True,3,2627.167482859941,2715.456415279138,48.361546,26.759113,2090.5532,0.6946129056070842,False,,25.932300329211067,19.113885749303357,2.217510230976247,978.8576114144958
243.36637533286415,26.43788409059199,53724.92897484801,1.4333120964089696,True,3,2841.262830482115,2777.505665407687,234.80954,25.595089,53624.03,0.7104373609120554,False,,8.556835332864154,0.8427950905919879,1.0018816000000001,3443.8605941843866
27.250959770882446,56.07280518561525,8201.137911470309,1.1134611951436497,True,3,1047.7244444444443,2756.564444444444,63.480515,28.267305,3071.9,0.5889941623333588,False,,36.22955522911755,27.80550018561525,2.669728152436703,1571.0254258057575
21.027187475265446,49.94680583286453,7921.752578410093,0.7142131233717176,True,3,666.9689984101749,2805.885532591415,59.53507,24.909643,4576.8174,0.5757825471182881,False,,38.507882524734555,25.037162832864528,1.7308430479245454,1727.5502170837472
16.954052198389714,23.692306294196154,3631.3059592174177,1.0072919652417627,True,3,292.25550660792953,2794.692731277533,45.18359,24.231817,1556.5605,0.770024567530006,False,,28.229537801610288,0.5395107058038491,2.332903834587488,881.9136903162995
14.190395090035759,4.692941107083715,6298.4023972846,1.0979946749342135,True,3,2542.673649393605,2765.93164277839,46.38086,24.318851,3371.7769,0.9927282300897448,True,22.516391432095347,32.19046490996424,19.625909892916297,1.8679772072952396,1671.9880151914238
90.009969131501,10.570581202069027,10623.27119193168,1.0691287044311495,True,3,3929.553416746872,2867.9162656400385,49.44917,24.98144,1874.0933,0.7460251396087553,False,,40.56079913150099,14.410858797930985,5.6684857642528685,1119.7290921748404
12.29475933059732,0.48850393643146894,3286.692850651316,0.02443322473161559,True,3,3126.0060586734694,2858.527469023324,215.23248,26.115015,0.0,0.6956590967859129,False,,202.9377206694027,25.62651106356853,,937.3442166926194
26.074207529128586,16.30955917573823,3940.690007096866,1.0243184456341927,True,3,154.24271844660194,2844.6947141316077,46.942547,24.727577,1201.059,0.5307527943819508,False,,20.868339470871412,8.418017824261767,3.281012845411313,771.7323642157517
55.64512811544393,27.655502702450505,3647.618184553967,0.7825124801778142,True,3,979.1945564516128,2844.1804435483878,62.928894,25.749922,2896.179,0.7835215245056972,False,,7.283765884556068,1.9055807024505036,1.2594588195529235,488.9852947797971
56.44834428949149,18.995131061687726,5545.429143697469,1.1669027339895084,True,3,834.1795735129068,2865.6509539842878,46.00312,25.621086,1531.3608,0.5948856783895815,False,,10.445224289491485,6.625954938312276,3.621242716737603,738.0903996891878
97.53976797236403,16.10006926262965,104612.67557578115,1.3384658723342588,True,3,3383.3873183619557,2932.191281373844,197.967,25.111702,33722.242,0.734050272143502,False,,100.42723202763598,9.011632737370348,3.1021862536832856,10592.377513709576
33.973308616306156,19.012467746648024,3927.681493554319,1.0331513811588167,True,3,1678.6986584107326,2918.124871001032,50.22749,24.89401,2876.4888,0.8632079014492526,False,,16.254181383693847,5.881542253351967,1.365442998962596,673.8563733050903
41.821187070772275,34.97503482635473,5733.776226611454,1.0373882119806714,True,3,2799.831632653061,2939.120991253644,70.841896,26.369837,2247.7458,0.771004277546428,False,,29.02070892922773,8.605197826354729,2.5509006519382456,886.6302852192827
68.20899252722529,45.4249920925687,72252.09633393498,1.6667836422046531,True,3,3047.393326592517,3081.336366700371,162.138,27.067108,17622.889,0.5351903531458952,False,,93.92900747277471,18.3578840925687,4.099900778693833,8748.42020331865
24.230877282948544,20.782832436127208,5430.518016097051,0.869972037647442,True,3,967.7684210526317,2967.3585526315787,69.89467,24.752575,2454.3425,0.6998610651104702,False,,45.663792717051464,3.969742563872785,2.2126162163989136,1103.2061895059392
63.88876622785527,26.670946838513192,3285.151970769902,1.0492562846007896,True,3,1002.9269005847954,3117.6710526315787,66.51505,25.177639,2325.6597,0.767691299294821,False,,2.626283772144731,1.4933078385131928,1.4125677848611737,411.0013175074536
50.129139543922165,26.69847191166789,3621.3549649784245,1.0322824742209493,True,3,1817.2458100558656,3046.487895716946,52.60235,24.47044,1498.0002,0.5921615745426354,False,,2.4732104560778367,2.228031911667891,2.417459600458281,511.47683765418094
63.40165719989271,39.93558994202578,3688.631653351463,1.0743456970688707,True,3,1557.8482886216466,3088.1054579093434,56.53442,25.416159,914.257,0.8071081914570418,False,,6.867237199892713,14.519430942025778,4.0345675814912685,463.24952632512117
41.26299542517141,36.88987966075969,4801.7336246039395,1.0958270425101757,True,3,3951.328125,3117.7288602941176,56.458675,25.588217,1236.4156,0.7254592692747792,False,,15.195679574828588,11.301662660759689,3.8835919124636886,747.5111724642564
71.29196,25.245530000000002,2884.326,0.9993815975747978,True,3,3736.781580584941,3163.013067828251,71.29196,25.24553,2884.326,0.5843776143967648,False,,0.0,3.552713678800501e-15,1.0,341.60488098846065
64.94799270625975,33.20624891935651,4505.940542796906,1.6374674163699576,True,3,3009.105671641791,3216.957611940298,88.15149,25.953266,5152.881,0.6415523264830492,False,,23.20349729374024,7.252982919356512,0.8744507282036798,559.1168621748837
21.221976328413973,20.619766096961058,7930.971555141644,1.1487214870645006,True,3,3113.4914107235813,3239.46954711088,93.09562,25.829432,6040.5303,0.6503675126433726,False,,71.87364367158602,5.209665903038939,1.3129594855507378,1721.6048575979828
44.942842510625326,32.85829800689812,4793.475341345794,1.080513002803898,True,3,4016.387211367673,3244.726465364121,49.483585,25.754486,2901.9512,0.6608752417407442,False,,4.540742489374672,7.103812006898117,1.6518111473913806,715.0233577346543
16.718869873020168,10.094524615946714,3355.2174840010643,1.024041033217169,True,3,3680.966417910448,3348.098258706468,40.384346,24.674814,1872.1182,0.8562936968252882,False,,23.665476126979833,14.580289384053287,1.792203870461312,820.5729896727847
106.77705114084122,12.858430185860037,8863.876538601453,1.0374853635560093,True,3,2327.637219406228,3359.7711803041275,59.695755,24.607336,915.81055,0.5808146170004,False,,47.081296140841225,11.74890581413996,9.678722895910571,857.7974224531921
69.66370019854308,29.437679925265723,5155.681926113843,1.3739123359148901,True,3,2942.512211221122,3447.231683168317,70.48292,27.214571,2957.8032,0.5645507067694997,False,,0.8192198014569101,2.2231089252657235,1.7430780810954032,617.7074610287686
56.61733782114296,20.37993442555279,16242.313276762161,1.020231539979105,True,3,2720.598285714286,3369.6811428571427,85.37672,24.461927,6640.551,0.982302316566408,True,59.77594764026573,28.759382178857045,4.081992574447213,2.445928549718564,2158.604909127166
31.63231491661443,177.15034132692625,3433.3611454394822,1.0057641013126142,True,3,2014.196589769308,3448.06519558676,46.727158,25.302467,2294.3354,0.592755110872818,False,,15.094843083385573,28.152125673073755,1.4964512797211265,610.4554849234074
60.43089843619155,23.182238490065476,2786.92284204899,1.1145410362980617,True,3,2427.624118476728,3471.27221438646,62.074894,24.555862,3872.697,0.9750522800511382,False,,1.6439955638084527,1.3736235099345322,0.7196335892141806,358.5051672001861
35.454035096610696,8.731103195616726,2583.655172858025,1.047800511272179,True,3,556.6041486603284,3479.7778738115817,55.177773,24.371344,1590.4734,0.5697020246164565,False,,19.723737903389306,15.640240804383268,1.6244567012928508,433.9120540836885
70.30689276880182,27.14906605053253,6530.2531980530675,1.053820051280507,True,3,3381.83860342556,3549.1100131752305,75.52316,24.66343,3871.1982,0.99539086209443,True,55.74010314759315,5.216267231198188,2.485636050532527,1.6868816476648154,778.8091911733436
58.36579585256237,23.471864717210334,5799.087652634329,0.7582514080721565,True,3,2785.7980900409275,3618.433833560709,70.50313,24.659157,2575.3525,0.8355166220975112,False,,12.137334147437628,1.187292282789656,2.251764623535741,759.0676223963638
24.43002746363135,34.90924516251044,2550.802325393517,1.0567424044595835,True,3,2961.4962362478286,3670.284887087435,72.29077,25.208199,3443.7297,0.5130351452298687,False,,47.86074253636865,9.701046162510437,0.7407092157649647,516.0773830304928
67.59888965319615,23.451932250285548,5259.26611194976,1.0611921241089173,True,3,861.2063897763578,3662.729073482428,64.89563,24.566322,2414.933,0.9239241498410604,False,,2.703259653196156,1.1143897497144621,2.1778103624198932,639.6690893334465
-3.158953792139941e-05,10.521195099950694,1183.570925554579,0.9985312532603201,True,3,2476.25841816758,3658.878621769773,64.36884,24.695448,421.19202,0.5203351625465573,False,,64.36887158953793,14.17425290004931,2.81005068793701,1183.570925554579
16.423059851466736,50.682173457919056,3785.586286759245,1.0507487904123183,True,3,3110.806070826307,3630.231871838111,57.035076,24.596651,3640.337,0.928176420249514,False,,40.61201614853326,26.085522457919055,1.0398999561741797,934.1274018192004
47.02385469383616,29.285914735344583,1095.3952880787851,1.0466586806470994,True,3,1697.846237731734,3624.276990185387,47.011627,24.773312,1092.5693,0.5537348039119585,False,,0.012227693836159403,4.512602735344583,1.0025865527054303,159.73929195138123
24.990530667905,7.515427071453508,3650.680701367232,1.033620863138864,True,3,2344.82466442953,3666.135067114094,48.593166,24.63433,1844.479,0.7009895756688732,False,,23.602635332094998,17.118902928546504,1.9792476365235017,730.274457599604
59.360622,24.84709,3550.695,1.037399805858626,True,3,3107.835992907801,3726.209219858156,59.360622,24.84709,3550.695,0.8811256520331371,False,,0.0,0.0,1.0,460.8548338330161
56.325386,24.662025,2958.2485,1.0094674882739776,True,3,1444.2187776793623,3712.7289636846767,56.325386,24.662025,2958.2485,0.9569489208299056,True,19.71713951653344,0.0,0.0,1.0,394.1690899399204
29.767743198155827,12.455265709193934,3837.447153252817,1.0855871558421022,True,3,2215.1143984220907,3747.059171597633,55.44229,25.422235,2211.643,0.9530935449275424,False,,25.674546801844173,12.966969290806077,1.735111477418741,703.3466973164457
-0.05218636897755052,28.766244512003624,8059.551170316202,1.0491928403073114,True,3,3113.428466076696,3801.617256637168,73.75851,25.181108,3548.3738,0.7066587253562359,False,,73.81069636897755,3.5851365120036256,2.2713365684066886,8059.551170316202
412051988.4514451,23.82919530970915,14012032686.4896,1.0527191021793976,True,3,482.4599673202615,3791.373366013072,58.548576,24.370182,1526.388,0.7270469512186053,False,,412051929.9028691,0.5409866902908504,9179862.974872444,690279.7523343153
34.47859724751842,12.302757849843038,3353.0853578047545,1.036197400269997,True,3,3163.0321931589538,3973.3923541247486,50.390118,24.524622,2190.1975,0.8252113512702871,False,,15.911520752481579,12.22186415015696,1.5309511392487454,571.0443185628485
64.01715,26.17951,2573.8896,1.0918777381104616,True,3,3534.207659574468,3931.527659574468,64.01715,26.17951,2573.8896,0.873072375620855,False,,0.0,0.0,1.0,321.693101038016
113.3006371721452,24.05972859511896,7388.075124568764,1.0817975327832983,True,3,2022.444769568398,3978.58888076079,128.92613,25.556452,7052.455,0.6484862920113393,False,,15.6254928278548,1.4967234048810383,1.0475891196142002,694.08894410951
49.92753170042171,22.928333361505626,7079.038605820792,1.0570619497869091,True,3,3036.2939460247994,3983.542669584245,61.693897,24.522638,3061.5918,0.9394950046690004,False,,11.76636529957829,1.5943046384943784,2.3122085072937524,1001.8535299691247
51.505272891711456,14.061670779429301,6520.974883221592,1.1410238030699358,True,3,3985.954388389772,3984.134761575674,66.90326,24.843367,3984.2957,0.745434421867487,False,,15.397987108288547,10.781696220570694,1.6366694076500374,908.629182926062
32.603501114841016,21.38455334600809,5006.1877800540515,1.0903116401968704,True,3,2916.8289156626506,3981.671485943775,62.41885,25.118406,2226.2815,0.7867802577792208,False,,29.815348885158983,3.733852653991903,2.248676899149569,876.7484690924573
50.36521426224358,9.433756209525404,10161.489831195708,1.162907049392093,True,3,2795.0077469335056,3980.7236927049703,67.29016,24.90502,3526.837,0.8507902232651694,False,,16.924945737756417,15.471263790474609,2.8811906621133065,1431.8319331636692
41.965254630850275,13.029483294424798,7039.664802895655,1.0646121148800052,True,3,1889.982132564841,3980.406916426513,78.72228,24.765615,3004.125,0.960993153126056,False,,36.75702536914972,11.73613170557519,2.3433328516275638,1086.6934495210728
122.70154195247206,1.10972614696837,18783.028941385095,1.071979310412767,True,3,1798.154356060606,3980.5492424242425,51.099167,24.730991,2549.056,0.6773675290865959,False,,71.60237495247205,23.62126485303162,7.368621537300513,1695.6671920561764
40.549835180615176,20.41695239937106,3316.0389996340673,1.0267981937029136,True,3,2815.5037468776018,113.73105745212322,62.166958,24.873798,2891.372,0.925956806388746,True,41.79178066041998,21.617122819384825,4.456845600628952,1.146873871516383,520.7449691180424
83.38802328886865,25.54776458051946,7875.6264919845225,1.0998502061485669,True,3,2580.0817204301075,3985.6028673835126,69.08397,25.186934,4027.5273,0.6624644233307245,False,,14.304053288868658,0.36083058051945827,1.9554495613188076,862.4486995600048
63.26864145444518,17.15525078180979,5107.246415985487,1.0139960311537441,True,3,1337.8200408997957,106.8295841854124,63.37291,24.59266,2329.9692,0.7978644429066023,False,,0.10426854555481668,7.437409218190197,2.191980227028532,642.0850494847567
60.871991668671214,16.780643188979116,3207.4926644025254,1.0146557919922787,True,3,1693.2336683417086,79.5284757118928,58.430614,24.179901,2752.2708,0.6239481401261336,False,,2.4413776686712154,7.399257811020874,1.1653986462387806,411.108935176934
44.24946062024228,40.21512898220309,4833.105902148898,1.0179803711347566,True,3,2188.9240506329115,163.10488245931285,54.430996,24.715887,1197.1187,0.6556459540652176,False,,10.181535379757719,15.499241982203092,4.0372821025591685,726.5613990309142
49.835108644225,30.914451580566382,4369.717798027448,1.0601685741117761,True,3,1570.1828358208954,232.51940298507463,63.7572,24.461842,1599.936,0.7463164934797316,False,,13.922091355774995,6.4526095805663815,2.7311828710819985,618.9929260846034
35.34001998026775,3.548145743856883,5829.910739511935,1.25285498086362,True,4,3719.166376306621,28.924216027874564,51.473335,24.33705,1865.8885,0.6053789112799298,False,,16.13331501973225,20.788904256143127,3.124468980601968,980.6826909450741
78.91708337317593,8.551280641484661,20951.312342873513,1.2267503810233327,True,4,2449.308172826653,3978.832378969287,88.08435,25.005741,3752.334,0.6937014301518385,False,,9.167266626824073,16.454460358515348,5.583541428581121,2358.4448128509694
42.89655385414635,23.289628467350642,6238.679933023675,1.0806787495763595,True,4,3804.032062391681,27.87694974003466,54.604534,24.92034,2242.5713,0.9710763108200344,False,,11.707980145853654,1.630711532649343,2.781931585864706,952.5362302689817
40.923348427498816,34.11570471193674,5521.966378985712,1.109560893123756,True,4,3802.8153477218234,3951.756195043965,57.202106,24.437218,1374.6272,0.6985101709970717,False,,16.278757572501185,9.678486711936742,4.017064684145427,863.1935318835108
40.01158650238228,53.82406656929636,6725.250936260087,1.2307176238636008,True,4,26.67083333333333,3869.9510416666662,47.796448,24.37302,2177.1128,0.5451629839115242,False,,7.784861497617719,29.451046569296363,3.089068667576658,1063.201566043911
-1.4591049137743543e-05,127.13832310721432,25453.54696528985,1.6948407866794237,True,4,1806.7502116850128,3883.860287891617,63.638435,25.635159,2103.5054,0.6719639906033118,False,,63.63844959104914,78.49683589278568,12.100537971183648,25453.54696528985
64.18124,24.548182000000004,1949.1614,1.3394751172793111,True,4,4067.641723356009,3826.573696145125,64.18124,24.548182,1949.1614,0.7218653404011203,False,,0.0,3.552713678800501e-15,1.0,243.30091965380112
14.283081853532847,92.15428906049121,3446.2654662208997,0.8095329474609229,True,4,2528.8589181286548,3743.4634502923977,62.58976,24.198008,1228.3435,0.541760233421556,False,,48.30667814646715,67.95628106049121,2.8056203059005074,911.8801576173732
52.014701099705285,25.802127204046112,6706.038875429123,1.1150497527409813,True,4,975.624254473161,3617.195825049702,50.3146,24.417948,1784.9047,0.72554143892007,False,,1.700101099705286,1.384179204046113,3.757085112403549,929.8288417495066
84.68475256599439,42.53488650344651,6350.809203283679,1.0655043802365782,True,4,1515.068934646374,3558.4888093106533,56.226143,25.292603,1012.862,0.5342626121980174,False,,28.458609565994387,17.242283503446508,6.270162374818761,690.1229244454453
48.7717500561769,26.39202188691066,4709.588423493972,1.0402052256261598,True,4,3431.2023608768973,3581.760539629005,56.549046,26.607038,2317.1746,0.540909143301121,False,,7.777295943823098,0.21501611308934798,2.0324702434999815,674.3708439479647
57.453613010243686,14.145789967024918,15529.507726647915,0.8652138366772185,True,4,731.3477366255144,3599.775034293553,69.735214,25.057491,4310.2666,0.7971862074672837,False,,12.281600989756313,10.911701032975088,3.6029111810967596,2048.7974114513336
41.74134189537557,38.77250498313777,9523.160736955886,0.984612103434434,True,4,788.9228775113415,3461.914452365522,73.80445,24.725456,4773.59,0.9786987076829284,True,51.954039325849095,32.06310810462443,14.04704898313777,1.9949683020443494,1474.0014520348316
-19.29982490227834,70.30591350724899,7209.027501423185,0.8421796200606552,True,4,619.2610124917817,3550.3852728468114,64.74077,24.25732,908.7411,0.7621780434286897,False,,84.04059490227834,46.04859350724899,7.932982784010963,7209.027501423185
-14.8971539029512,92.84938352036191,7399.423544490684,1.0675961850833162,True,4,1737.2619324796274,3309.782305005821,45.911545,26.838701,2539.1143,0.9806324320956328,True,16.09881699983532,60.80869890295119,66.01068252036191,2.9141750509186153,7399.423544490684
103.34844380125242,34.62785487771521,6895.722399655075,1.060230150902474,True,4,2316.629179331307,3241.5604863221884,77.93752,24.953585,3640.0737,0.6926075932584037,False,,25.41092380125241,9.674269877715208,1.8943908744636337,678.3093430249864
51.768099432769084,22.432529731320756,4588.155632045311,1.0761805127282698,True,4,682.8292507204611,3199.4560518731987,69.50038,24.57116,3339.5305,0.9858966152304748,True,45.11947198325432,17.732280567230923,2.1386302686792362,1.3738924175255507,637.6862173165591
31.585090202362046,35.23904183003183,6959.37856013275,0.844146183718227,True,4,2898.9222720478324,3103.1233183856502,62.098072,24.435316,3564.5427,0.5880141876990718,False,,30.512981797637956,10.80372583003183,1.9523902912238222,1238.3100571173582
123.93043835755631,17.728321671272226,8189.191038798959,1.0242862955389787,True,4,3660.509944311854,3108.821002386635,58.401237,24.418507,2177.4746,0.6685375504763794,False,,65.5292013575563,6.690185328727779,3.7608663902664854,735.6174275801167
58.71494088585933,19.346689542085972,22260.12686993988,0.9788712727752977,True,4,140.47597461468723,3027.4043517679056,106.41319,24.847807,9366.887,0.7222851915500432,False,,47.69824911414067,5.5011174579140345,2.376470098330414,2905.0480577433573
-18.46643450430532,63.05989108349684,3889.096501095657,1.0168321994267564,True,4,2574.339285714286,3001.9083333333333,43.21004,24.743969,1069.0652,0.5618134355823553,False,,61.67647450430532,38.31592208349684,3.6378478142358923,3889.096501095657
71.73790680338467,25.650919773732788,3952.540378759564,1.1061997969493336,True,4,264.8193493150685,3014.970034246576,60.941505,25.049646,2914.2046,0.8138501362556335,True,59.36409991390048,10.796401803384676,0.6012737737327889,1.3563016058514095,466.6614918432494
48.39379316051071,25.196375422180825,11436.901694433272,2.111469824513434,True,4,2843.0539184952977,3017.586206896552,77.2919,25.719658,2683.4343,0.6889159476077947,False,,28.898106839489287,0.5232825778191739,4.262039020084551,1644.0444530840748
29.898646055826426,39.413380235331424,8543.651731945309,2.7752431500286767,True,4,2935.875730994152,2981.9758771929824,53.66851,24.035656,3123.765,0.6032369321673066,False,,23.769863944173572,15.377724235331424,2.7350494457634644,1562.491904035588
31.786471255312584,20.698508201587234,4810.9025177666135,1.007753428617447,True,4,759.3164444444444,2956.3786666666665,53.726467,24.732073,2442.3086,0.5491806030632237,True,21.343620671620364,21.939995744687415,4.033564798412755,1.9698176216415133,853.3071763403012
27.79701367415223,41.64501561645396,8464.28164994679,0.9442813352100107,True,4,81.47957099080695,2926.2517875383046,80.40321,25.989126,4762.5356,0.6361979600798671,False,,52.606196325847776,15.655889616453962,1.777263701702679,1605.428748962283
76.53252288100042,27.446191546336326,8126.762342825443,0.75833803818831,True,4,1749.5828988529718,2845.9864442127214,50.509964,24.605762,2490.1824,0.7363434279330828,False,,26.02255888100042,2.8404295463363276,3.2635209143014756,928.9547174655761
175.43247578649692,25.690101752184788,11447.446825141571,0.9447899684334538,True,4,2582.88541014402,2838.7113337507826,78.32636,25.094358,3741.9243,0.9044097937122394,False,,97.10611578649693,0.5957437521847879,3.0592406225699356,864.2783589743723
43.2786468562376,20.127007438230773,3843.5473076060007,1.0170146461650136,True,4,1891.892996108949,2803.326848249027,49.131615,26.693148,1744.1389,0.6419438248028703,False,,5.852968143762396,6.566140561769231,2.2036933569946755,584.2455241814945
58.57306762962547,16.138830762266153,6353.358284944906,1.0789793122881552,True,4,3083.570552147239,2760.462576687117,37.227154,24.754171,1378.8779,0.522364386129556,False,,21.34591362962547,8.615340237733847,4.607629352058588,830.1457757249572
68.79089479257915,13.548124303100632,6702.432145761414,1.074378367532832,True,4,313.89687924016283,2711.2306648575304,37.238647,24.78467,2493.1392,0.6206600640159199,False,,31.552247792579152,11.236545696899356,2.6883505524927824,808.103423582419
58.33545530939294,17.554623248698466,8432.136054494738,1.071722524522561,True,4,3492.120751988431,2715.191612436732,66.801094,24.484999,4227.166,0.9898796964842964,True,37.69284133227378,8.465638690607065,6.93037575130154,1.9947492136563216,1104.005684119723
56.96264278844787,24.127875708269027,6115.856873417752,1.2449208104118699,True,4,4013.632950990616,2725.3628779979144,47.183918,24.83807,1106.6925,0.798116119367465,False,,9.778724788447875,0.7101942917309714,5.526247691583481,810.3306166848474
93.28376848899335,18.039480641182656,10221.565872439412,1.0653774095213415,True,4,2094.6508795669824,2710.5825439783493,72.44105,24.40931,4828.1094,0.9992280681949788,True,36.059304056591,20.84271848899334,6.369829358817356,2.1170949176171137,1058.3136327201948
37.53026451218956,26.445975352511084,3081.016819504502,0.9997458258830815,True,4,3837.387782204515,2718.221779548473,35.712837,24.939692,2221.439,0.5134133436183613,False,,1.8174275121895604,1.5062833525110833,1.3869463980350134,502.9250369658677
61.88463753707772,15.073366106638108,24655.867945142374,18.97181175603537,True,4,3347.7509293680296,2634.9169764560097,77.99036,25.917635,7842.0435,0.6745262408871633,False,,16.105722462922273,10.844268893361885,3.1440616141879825,3134.2156117951895
48.007349676952046,32.38124864260101,5387.54873883625,1.0397737588993348,True,4,2054.878478664193,2533.385899814471,52.74827,24.578232,3666.9348,0.5895551463328604,False,,4.740920323047952,7.803016642601008,1.469224033881445,777.566151146562
26.090000583823183,16.266366413897554,3139.993639205425,1.0956400473183545,True,4,3293.2223502304146,2395.2039170506914,39.431416,24.192125,1846.9276,0.5983420895359872,False,,13.341415416176815,7.925758586102461,1.700117340390292,614.7403554536203
19.800534314616492,13.755740395318027,4539.821495683444,1.2000900134207615,True,4,2463.212389380531,2405.2379547689284,50.975586,24.174383,2179.454,0.8220265462205324,False,,31.175051685383508,10.418642604681963,2.0830086322920525,1020.235243602045
28.336057406345297,16.429739625954568,7906.399337977178,1.2782260532429952,True,4,19.387956564659422,2312.5903257650543,49.712215,25.660934,2975.2983,0.7942959898771879,False,,21.376157593654703,9.23119437404543,2.6573467735914678,1485.282397542095
12.215694431253944,43.011012301401365,3450.175704298553,1.0335328349237232,True,4,3093.078144078144,2323.423687423688,38.2038,24.166063,1738.0846,0.7978823003886943,False,,25.988105568746057,18.844949301401364,1.9850447465552328,987.1476871552281
28.41180455933037,171.82237106049502,4006.9908874269895,1.048609353555519,True,4,2653.9111328125,2352.64453125,48.3117,24.811867,1604.2391,0.5625667590566881,False,,19.89989544066963,32.98949593950499,2.497751667707756,751.7422257793037
28.83165421426399,31.787680635555148,5280.83728756345,0.7993430415041999,True,4,3519.539538714992,2381.0939044481056,62.30703,24.487423,2897.657,0.7370712041849964,False,,33.475375785736006,7.300257635555148,1.8224507895735935,983.4856010496748
51.654564452349156,17.096236939724164,36567.099952079494,1.1072015700829332,True,4,1093.598148148148,2219.8712962962964,103.302734,26.856821,14006.06,0.6002488188005091,False,,51.648169547650845,9.760584060275846,2.610805605008082,5087.871883189563
87.99302616063369,38.14868791909764,7104.8025214927575,0.9781752151670124,True,4,409.5956204379562,2211.9036496350363,71.41652,25.296415,2579.7515,0.745670542060948,False,,16.576506160633684,12.85227291909764,2.7540646924685412,757.4045056305727
39.03881921759064,53.582158757041476,17332.514802086633,0.9136064834556755,True,4,1033.341856586993,2097.043357420789,82.22554,26.742096,6362.707,0.6048780640615301,False,,43.18672078240935,26.840062757041476,2.7240787297115254,2774.043347225745
4.1184233817518343e-07,21.06728035658969,61002.026788906,3.6426658716425275,True,4,1751.5909742120343,2085.4212034383954,63.326042,24.606653,2692.1172,0.6579428159506658,False,,63.326041588157665,3.539372643410303,22.659498921111606,61002.026788906
31.954062606644783,108.87348580441284,14614.861686172015,0.9023428427472233,True,4,113.01308539944904,2101.5792011019284,75.77781,25.628523,6431.546,0.6067054138383364,False,,43.82374739335522,83.24496280441284,2.2723714774289125,2585.4233614830932
40.31748313055623,34.62586670175692,8812.853044450712,1.1051601180962107,True,4,1250.5277777777778,2056.868055555556,36.567047,25.33581,1473.1211,0.5614822953936159,False,,3.750436130556224,9.29005670175692,5.982436233145199,1387.9372184381348
52.27396793581981,18.80889869234876,47505.22339940889,1.141186170096051,True,4,885.3791405550581,2140.911369740376,107.44384,27.586447,22653.309,0.5291979443538867,False,,55.16987206418018,8.777548307651244,2.0970544921013037,6570.503200660081
23.79228298501743,13.41713269794466,16293.222069947402,1.2612554146684918,True,4,217.06223175965664,2077.9254291845496,99.131454,26.593515,8433.324,0.5698634419255754,False,,75.33917101498258,13.176382302055345,1.9320047551768913,3340.326496046592
61.248212491759276,45.3071982162171,3737.2932472184407,1.0382914276260558,True,4,2153.6837672281777,2036.584992343032,62.849133,24.703577,1784.8049,0.525202586976912,False,,1.6009205082407263,20.603621216217103,2.09395057533652,477.5407827161786
48.27123235363911,80.032538431221,17348.018541882797,0.8062825510874942,True,4,163.39398862713242,1999.647441104793,57.43766,24.50424,4439.438,0.6859467823551026,False,,9.166427646360894,55.528298431221,3.907706007355615,2496.926073934844
44.89683372423963,19.998162954446425,24099.371698676317,11.510165167814657,True,4,55.88490364025696,2014.8302997858675,95.53993,25.478918,11280.107,0.6474542799934268,False,,50.64309627576037,5.480755045553565,2.1364488562631823,3596.64739586894
-10.131930363696291,52.471956758967956,19988.88055441428,1.466609327722273,True,4,495.7434402332361,1991.9689018464528,54.654297,26.067612,5454.144,0.5978421276630687,False,,64.7862273636963,26.404344758967955,3.6648978381235042,19988.88055441428
55.75126159630364,19.521966009624727,6446.098479393118,1.0820854848915018,True,4,806.7304261645194,1911.704658077304,52.363438,25.041302,2162.2527,0.6570817567505968,False,,3.3878235963036403,5.519335990375282,2.9811957128753352,863.3155954891798
53.41108136165807,23.000412428314633,13458.237001377114,1.07802542974326,True,4,410.18130990415335,1881.629392971246,63.671425,25.249458,5131.353,0.9259478199048828,False,,10.26034363834193,2.2490455716853717,2.6227462818046456,1841.5032371147634
20.040136392541513,44.57463725832187,4816.500407180138,1.0413691936267953,True,4,3073.8710144927536,1897.394927536232,61.627186,24.764267,2242.1829,0.9768286668982225,True,54.52359729599118,41.58704960745849,19.81037025832187,2.1481300241742716,1075.9231816257047
104.60376854644538,177.5118356738475,11727.475491848645,4.608892655088061,True,4,3787.817285822593,1843.882486732373,62.974102,24.430225,5961.581,0.7685747738464045,False,,41.62966654644538,26.91838932615252,1.967175400594011,1146.6499817835456
-4.207711812844915,24.455447773173052,7407.00581469407,1.0596384915675041,True,4,812.2134888438134,1795.585192697769,97.01181,25.007607,7314.075,0.9598233188190124,False,,101.21952181284492,0.5521592268269444,1.0127057508562696,7407.00581469407
44.05486507033764,11.621700876326754,11580.55534763799,0.8603747883156686,True,4,3001.2940831868777,1766.02460456942,81.74715,25.596537,4626.709,0.723523850475807,False,,37.692284929662364,13.974836123673242,2.502978974393676,1744.746954160983
62.895816381420396,18.825034204088695,14212.797027375287,0.9260930460525345,True,4,2870.581981981982,1714.096096096096,78.86007,26.468163,4695.6914,0.7462448894705623,False,,15.964253618579598,7.643128795911309,3.026774082167173,1792.1265531639067
11.882946609964268,22.619319543717097,3259.848507927287,1.0661983101115435,True,4,2713.287709497207,1713.195530726257,53.577454,24.582634,2460.8694,0.5888921277007346,False,,41.69450739003574,1.9633144562828875,1.3246735108849281,945.660709002907
54.08065262655016,18.755061029058076,10973.802830717555,0.8632039718581471,True,4,2352.156303972366,1631.0466321243523,57.508583,25.147322,4487.9023,0.8027089180186741,False,,3.42793037344984,6.392260970941919,2.445196463104278,1492.2314570152012
53.18123716392854,24.629174711944646,6786.664518017702,0.846063587169329,True,4,1796.6129770992366,1580.3809160305343,62.633778,25.017115,3294.7598,0.750389390332837,False,,9.452540836071456,0.3879402880553471,2.059835900030619,930.6302462586553
38.01186351527373,7.653386967572693,14203.786923640931,1.2024355278257663,True,4,1647.672131147541,1587.792786885246,76.23666,24.919697,5706.548,0.9411026953394636,True,37.10822721393309,38.22479648472627,17.2663100324273,2.4890331113732738,2303.7989078141777
5.0079158406697555e-06,83.11962564486251,16926.219353062414,2.236931879781323,True,4,2373.289935364728,1528.555863342567,54.56657,23.418434,4637.9824,0.98048483267071,True,22.97388022850005,54.56656499208416,59.701191644862504,3.6494789960958918,16926.219353062414
42.57282200556666,31.218375364747523,4905.396330007016,1.0509446529367563,True,4,1317.110576923077,1495.194230769231,54.420498,24.562979,2153.5193,0.700586322088907,False,,11.847675994433345,6.655396364747524,2.277851110973102,751.8096265113538
47.03056229437229,26.388531838007694,3604.2086277095123,1.0924420768698055,True,4,902.7430368373764,1374.433962264151,58.337006,24.882627,1988.3638,0.6293326054666166,True,33.726570543549144,11.306443705627714,1.5059048380076945,1.8126504957038103,525.5570138390552
42.19403162908672,177.95867569666072,5889.813028204682,1.0569891138275895,True,4,1420.744019138756,1317.0231259968102,60.267902,24.683516,2926.9673,0.7801941221840698,False,,18.073870370913276,26.724840303339278,2.0122578848778674,906.7258479618268
2.6479815681522524e-08,7.124519070379221,7151.376728155999,1.427459267785131,True,4,1629.1404761904762,1238.5738095238096,42.07635,23.979586,2048.177,0.6998395502678956,False,,42.07634997352018,16.85506692962079,3.4915814053941623,7151.376728155999
50.3949204316213,6.956860989772731,7882.151502689852,1.1332075941366326,True,4,36.54703832752613,1235.3275261324045,55.806553,24.764088,2830.941,0.9054374613019004,False,,5.4116325683787,17.80722701022728,2.784286745181144,1110.328266827461
-1.2106214306941114e-05,40.36410039943375,3443.790440778739,1.045115903506719,True,4,2581.833996023857,1192.831013916501,52.466747,24.83471,2424.8162,0.7546216910056882,False,,52.466759106214305,15.529390399433751,1.420227413846352,3443.790440778739
51.463459534825475,14.317545009341718,2753.1782007740358,1.0464399525331969,True,4,2713.912489379779,1209.7799490229395,56.792217,24.62683,2348.7832,0.7931112531577427,False,,5.328757465174526,10.309284990658284,1.1721721275825014,383.78220476558903
47.55891258524369,24.200380719595305,9682.185189455438,0.940044953082644,True,4,3676.2129213483145,1177.1157303370787,79.0104,24.781912,4983.545,0.922477426236629,False,,31.451487414756315,0.5815312804047039,1.942830894364441,1403.9687040251936
28.222249778602873,30.15266696709159,3696.543553519762,1.0311035367668135,True,4,3001.651493598862,1253.0128022759602,66.477844,24.865156,1804.6445,0.5603262659117982,False,,38.25559422139713,5.287510967091592,2.048349995536385,695.8249737764335
27.116756859552236,25.60435758501579,4090.8368754547655,1.0621023597883863,True,4,342.311004784689,1173.354066985646,40.93319,24.27228,2361.672,0.8319356914145172,False,,13.816433140447767,1.3320775850157922,1.7321782514484507,785.5851920062307
55.05518247452026,29.6555905370552,16080.730680800076,1.1486752122832555,True,4,67.53769401330376,1133.4312638580932,84.42353,23.993845,8423.549,0.948059315472995,True,52.01627488420387,29.36834752547974,5.6617455370552,1.9090208510450968,2167.238340915516
35.03453312805989,61.54058966532965,8721.249429968608,0.983842346265111,True,4,1737.1750433275563,1134.7192374350086,57.576145,25.158863,3450.3123,0.8992775722978901,False,,22.541611871940106,36.38172666532965,2.5276695764521397,1473.4335021270406
22.061658306277508,15.741348030140253,3906.982617383301,1.073523089904173,True,4,3857.0906313645614,1061.3238289205703,49.333874,24.489222,1301.2861,0.611527478124359,False,,27.272215693722494,8.74787396985974,3.002400945789939,831.8066767769881
53.944897223440606,21.34203632884915,4338.876857196115,1.078205496044533,True,4,470.3327987169206,988.83319967923,60.212505,24.726467,768.29205,0.5552856000225489,False,,6.2676077765593945,3.3844306711508523,5.647431672885481,590.7478360723521
30.879241928171584,44.129554960873605,2880.951313567121,1.0577083557363078,True,4,2946.790363482671,1001.69146238377,61.238327,25.247988,2328.4392,0.666231462726105,False,,30.359085071828414,18.881566960873606,1.237288615295225,518.4448968415385
35.37349650649061,31.882057607929763,6605.603653381224,1.1721875570528946,True,4,26.03933054393305,968.2970711297072,51.85803,24.319412,1016.6715,0.7075166837092841,False,,16.48453349350939,7.562645607929763,6.497284180171494,1110.6405272336106
105.37225871795843,171.3811534594518,11401.61293866004,1.0640428957336054,True,4,601.4771986970684,876.8184039087948,60.07492,23.97745,2082.6602,0.698463200054319,False,,45.29733871795843,32.596296540548195,5.4745430573168115,1110.7163088903242
73.17659652521913,24.605699237430624,4136.722183095283,1.0140514219497192,True,4,3879.8291948833703,852.6215199398043,63.769917,24.489473,1377.7677,0.7505287948049632,False,,9.406679525219126,0.11622623743062377,3.0024816107209387,483.5821391191151
1.8337752037865964e-06,177.96771719582387,6829.102598481272,1.1265838565486803,True,4,1937.2506596306068,851.9551451187335,54.607647,24.426973,1337.7085,0.8304397941184646,False,,54.6076451662248,26.459255804176138,5.105075282455985,6829.102598481272
36.40965073609137,14.055071255472793,4232.559627579445,1.1810386360483995,True,4,4034.812255541069,789.9256844850065,39.400578,24.197649,1399.7439,0.6232526963435803,False,,2.990927263908631,10.142577744527216,3.0238100180893412,701.4469458683321
-9.27830533385053,73.18339663966925,9722.666567606178,1.0785095110624598,True,4,807.0775558166863,730.9424206815511,46.216896,25.338312,4015.4624,0.6100168314847293,False,,55.49520133385053,47.84508463966925,2.4213068381878458,9722.666567606178
-2.2050380056472175e-05,56.935494928843724,21466.66308632168,1.4472483778665726,True,4,2253.109077040427,685.1243325705568,64.1119,24.242962,3757.9639,0.66260278201601,False,,64.11192205038006,32.692532928843725,5.7123122141545,21466.66308632168
25.100353967200455,161.75256151402255,8483.313677669417,1.3947362115825133,True,4,17.728285077951004,691.7661469933184,47.213802,24.591717,3237.9229,0.9570783103848676,False,,22.113448032799546,42.83915548597744,2.619986312110587,1693.2676168003134
17.564863495936983,67.16723637104283,5970.787732564835,0.2000164868322037,True,4,1776.4119170984457,585.3402417962003,55.543568,24.643965,2087.7847,0.5394036889163887,False,,37.97870450406302,42.52327137104283,2.8598675584531463,1424.6534768991623
23.6243088416065,31.91254446252616,6507.791033870664,1.9110184212266144,True,4,818.8365019011407,540.7557034220532,52.005226,24.02708,3591.112,0.924018361340774,False,,28.3809171583935,7.8854644625261585,1.8121938368590744,1338.9181952640488
29.769664086900825,15.88724914563766,3997.752211565995,0.8904342327233706,True,4,1732.8351219512194,490.30536585365854,55.083656,24.804365,2203.7822,0.6251732221245098,False,,25.313991913099173,8.91711585436235,1.8140414291239828,732.7045780701773
21.506375325253483,16.88352905942714,12006.011046496056,1.2599485322850723,True,4,4074.671219512195,443.2126829268293,50.631077,25.136768,3980.6353,0.8309330490691387,False,,29.124701674746515,8.253238940572857,3.0161042501170745,2588.899122030879
-12.54930123732617,166.2337126572318,4260.939732485352,1.1076660249533146,True,4,1817.957427536232,440.15036231884056,55.877907,25.871582,927.2343,0.6754693171721728,False,,68.42720823732617,39.6378693427682,4.595321519582862,4260.939732485352
-17.254018641077614,68.39702103955906,5762.023722578506,1.0857232882718275,True,4,811.7843833185448,387.7133984028394,54.328682,27.09942,1654.7667,0.8130981646007268,False,,71.58270064107762,41.29760103955907,3.4820761878870936,5762.023722578506
64.12855830873875,1.1885939863719823,6956.515904783941,1.0285067102153047,True,4,2662.229367631297,339.2250803858521,43.04813,25.642956,2608.7354,0.9500145182706778,False,,21.080428308738746,24.454362013628014,2.6666237997092157,868.6924443062912
26.440396979205907,65.2320322104739,6270.850798459436,1.144516155299668,True,4,22.434813248766737,373.2403100775194,69.82161,25.214134,1343.5491,0.722148981381956,False,,43.3812130207941,40.0178982104739,4.667377469464597,1219.5299826214355
40.84880122731763,19.37508449939079,4638.626068333315,1.1050520384551132,True,4,232.29258010118045,358.93254637436763,55.17624,23.87522,1806.5281,0.5427322418844229,False,,14.32743877268237,4.500135500609218,2.5677021399962254,725.7711594970311
81.7540171678626,20.362871501284662,6060.869166401224,1.0404505285072803,True,4,2783.825158227848,301.0348101265823,63.89098,24.483528,3007.7659,0.9774966400129264,False,,17.8630371678626,4.120656498715334,2.0150734358685374,670.3171921383114
1.7387172643992311e-06,47.83153235732508,3157.8721609121103,1.6129727643590277,True,4,805.889247311828,262.06774193548387,44.990658,23.474442,2741.7996,0.6583813090845244,False,,44.99065626128274,24.35709035732508,1.151751630904064,3157.8721609121103
38.717804627390294,23.29207338564076,3424.395756083766,1.0641387836763412,True,4,1657.516984258492,156.84258492129246,52.224068,25.984194,2706.1882,0.5664834001138063,False,,13.506263372609709,2.692120614359226,1.2653945339366146,550.3368429493652
44.966184405023,26.07832427266041,4291.733039728581,1.2148614072950386,True,4,15.090690208667736,51.33707865168539,62.47935,24.82786,3109.0422,0.8983874163287586,False,,17.513165594976996,1.250464272660409,1.3804035981655642,640.0143048953406
39.60065214991589,11.672522408522116,7612.50414180651,1.125076666538487,True,4,3094.914320685434,27.08017135862913,80.98314,27.736,4625.8574,0.5633746235437146,False,,41.38248785008412,16.06347759147789,1.645641766174312,1209.6963574213808
36.40592614325692,167.02787491580992,6400.055746278923,1.7577332721098915,True,4,3509.355363984674,34.638888888888886,50.04478,25.595152,1145.5754,0.9281959341502404,False,,13.638853856743083,38.567277084190096,5.58676080708343,1060.7125687247321
480.692364215266,21.498165396259225,52984.67028503705,1.6995539712188301,True,4,3608.4270104895104,28.90603146853147,97.209755,24.604242,5679.13,0.5351607399217131,False,,383.48260921526605,3.1060766037407745,9.32971604542193,2416.6659575773915
42.71414235592536,158.31559435189914,8909.492205232931,1.1744710596435988,True,4,3184.7159227985526,30.96562123039807,75.43214,24.969187,1719.0824,0.6933627978185435,False,,32.71799764407464,46.65359264810087,5.18270224000486,1363.2236342110273
28.979820019094355,22.951661103404255,5590.190007659932,1.0748514084328125,True,4,2612.3422509225093,35.00830258302583,47.83118,25.865747,2491.1782,0.526121874763784,False,,18.85135998090565,2.9140858965957364,2.243994431092859,1038.4335897537164
70.53810910134618,13.529548799348854,14686.100030587972,1.2113641317849504,True,4,2020.6052009456264,3968.128841607565,81.39132,24.290646,4931.9917,0.6862868987586568,False,,10.853210898653813,10.761097200651136,2.9777219678994946,1748.6165126853334
-3.9262800067802193,11.601961913394376,30217.434799862956,3.7843932663050093,True,4,2890.417701863354,3975.4774844720496,55.395065,23.910423,3485.764,0.8373888701610775,False,,59.32134500678022,12.308461086605632,8.66881257591247,30217.434799862956
47.60055109563737,13.317347904377945,7793.145503704436,1.222075806578753,True,4,1197.6409130816503,26.04302019315189,46.698254,24.674553,2779.7598,0.8235934862605282,False,,0.9022970956373726,11.35720509562205,2.8035319827649987,1129.5534711557525
-3.863297743190441e-07,169.52789470011965,8545.885882252165,1.1777747965101737,True,4,3260.8138651471986,30.011396011396013,51.631756,25.505976,2492.1157,0.7135470855852623,False,,51.631756386329776,35.97808129988036,3.429168991733476,8545.885882252165
47.00458271688807,20.230807145600657,7918.408628946114,1.066399922128438,True,4,3393.572719802794,28.4379622021364,55.61312,25.508291,3885.5752,0.6224791715143924,False,,8.608537283111929,5.27748385439935,2.0378986948820637,1154.9623016334908
45.535667182468174,32.12000260727852,8739.215043299933,1.3135563813330122,True,4,142.89892608970308,3949.641819330385,67.082985,24.208786,2426.7,0.5136005812685861,False,,21.54731781753182,7.911216607278522,3.60127541241189,1295.0799324657237
5.480692522892751e-05,54.145893962753284,5825.452957278256,1.0329166953558333,True,5,2734.1803921568626,197.6313725490196,39.180027,28.37596,2751.428,0.5255531844075773,True,9.255596565629036,39.179972193074775,25.769933962753285,2.117247101242793,5825.452957278256
43916106.788563654,26.998335271311447,2553734899.6499047,1.0431110157673247,True,5,2028.4158926728587,288.9205366357069,50.612034,24.633364,2046.9812,0.5754485054798354,False,,43916056.17652965,2.364971271311447,1247561.4820741415,385357.57060949743
66.73332154126592,28.48630939758793,8613.37988282926,1.0415207101981656,True,5,3014.202040816326,301.5418367346939,48.380383,25.355127,3866.3508,0.5671923714025942,False,,18.35293854126592,3.1311823975879314,2.2277802321582563,1054.392312465613
38.65796987334332,25.851560419224995,6732.285387880523,1.0357912519339614,True,5,926.9872389791184,343.13109048723896,42.143307,24.452747,3987.7832,0.5847207766469454,False,,3.485337126656681,1.3988134192249966,1.6882275314968282,1082.7869083442656
36.94951597205964,44.55074810339174,22309.509691861706,1.0358293862464043,True,5,1881.1016949152545,385.82659713168186,76.2262,24.964054,13363.508,0.94883599294044,True,44.7710553659841,39.27668402794036,19.58669410339174,1.6694351282508835,3670.1655030957086
26.797690113537627,42.827063257069845,9835.960526387007,1.0515681331092301,True,5,2124.892729439809,459.53873659118,40.052483,27.069626,2364.4492,0.7294365790529591,True,29.398199434853264,13.254792886462376,15.757437257069846,4.159937344556613,1900.0634192425273
78.18830016428062,19.26935003753628,9229.372812685822,1.0472737461981367,True,5,3947.808940158616,366.73035328046143,62.958363,24.379438,2745.7974,0.5520259875209729,False,,15.22993716428062,5.110087962463723,3.3612723257316155,1043.7615721443035
44.156678541509564,57.832522557392195,8703.655400159507,1.045392397082973,True,5,1551.7781217750255,419.73374613003097,46.40662,25.197002,3351.9302,0.7169544930169619,False,,2.249941458490433,32.6355205573922,2.596609977188519,1309.7954839183262
17.19882706751016,5.680567586765985,8279.154567413061,0.740642371159092,True,5,462.5469613259668,524.5171270718232,43.658703,24.57337,3487.6838,0.6219648073930548,False,,26.459875932489844,18.892802413234023,2.373826023853728,1996.349502326528
57.70064660185277,37.25164628261254,7525.545160645025,1.0315154149080328,True,5,1259.0820895522388,662.7751865671642,55.658546,24.59455,2543.9966,0.8598123086752778,False,,2.0421006018527663,12.657096282612539,2.9581584977924207,990.7124628367524
46.63095683332296,5.638487753411457,10579.24374893105,1.0479284766643961,True,5,2009.2345971563984,747.1445497630332,42.846127,24.364407,3790.8376,0.6054913020045807,False,,3.7848298333229593,18.725919246588546,2.7907404286933977,1549.2355712147848
47.33161091975264,169.35083533142839,5668.615394644397,1.0284712571243886,True,5,3724.54794520548,648.8277886497065,53.49657,24.745811,2061.5703,0.5445385178415006,False,,6.164959080247357,35.39497566857162,2.74965903158597,823.9509313462037
40.16146686254223,21.480216764115358,5679.271556588864,1.046131603378512,True,5,937.8144796380092,756.7411764705882,58.20196,24.859173,3753.7825,0.7426205925327993,False,,18.040493137457773,3.3789562358846297,1.512946356532075,896.1647387818792
32.24924900373525,118.90923141763389,10417.855829063097,1.0289096169933316,True,5,754.4127861089187,820.9944751381215,61.33212,24.957123,1418.8745,0.5928561768066788,False,,29.082870996264752,86.0478915823661,7.342337767761066,1834.5034812295137
67.75540140798876,28.117331403664892,8981.70787803991,1.0277314525178896,True,5,2733.352539802881,909.0,61.756924,24.468443,4850.555,0.5682325432741635,False,,5.998477407988759,3.648888403664891,1.8516866375167191,1091.156300396424
35.356340886217026,23.459953866968394,10038.709000532504,1.0333123432290159,True,5,1174.789364640884,983.7948895027624,63.02016,24.671831,3336.8247,0.5036334221288776,False,,27.66381911378297,1.2118771330316065,3.0084616073875576,1688.278963145392
3.014658516360406e-05,35.27526596656162,4072.9681222065838,1.0314900542621757,True,5,3036.476797088262,1006.5787079162876,55.807137,25.143463,3640.5972,0.6083747964821832,False,,55.80710685341484,10.131802966561619,1.1187637353032585,4072.9681222065838
-1.8844750966208822e-05,3.130016568939603,5029.69616612408,1.0145995839808608,True,5,410.3802647412756,1126.6197352587244,44.807255,24.656149,1822.3777,0.5856123541416544,False,,44.807273844750966,21.526132431060404,2.7599636267081626,5029.69616612408
657.2215894607314,43.709984347601186,138608.9108038907,1.0706429838453204,True,5,2962.2346600331675,1261.75456053068,60.290802,24.533848,2714.2085,0.5190669904984566,False,,596.9307874607314,19.176136347601187,51.067893569668904,5406.736943178488
58.19508669146242,20.853914247637427,8044.789295392213,1.0532730413563,True,5,371.5627009646302,1331.8220793140408,53.755657,25.364809,2094.247,0.57078012404766,False,,4.439429691462422,4.51089475236256,3.841375585302122,1054.5605336008343
57.51255938856099,21.897321257405437,7801.522049739276,1.0174592885707585,True,5,2911.1963993453355,1363.9721767594108,60.361126,24.53175,2512.6172,0.6259544634068159,False,,2.8485666114390114,2.634428742594565,3.104938567537974,1028.7219177525435
27.57741276833631,24.48713777218271,9972.255468648647,1.0356298804246986,True,5,2402.8316651501364,1305.8989990900818,53.337147,24.614756,3262.2363,0.8600363215636205,False,,25.759734231663693,0.12761822781729393,3.0568771087025937,1898.9635817921585
36.44390969370518,20.52947673780562,6976.474201724056,1.0354661636153906,True,5,1321.845542806708,1328.7360988526036,58.038116,24.553383,4149.214,0.6693833826086151,False,,21.594206306294822,4.023906262194373,1.6813965733567986,1155.642517501998
38.46863048721033,11.46042934787968,9981.864562729288,1.0827580796479799,True,5,259.7839673913044,1434.4402173913045,36.473152,26.143011,4300.763,0.8029645124052237,False,,1.9954784872103346,14.68258165212032,2.3209520177534286,1609.3789262693888
50.30094876943071,27.47436149711301,8407.914758892915,1.0170216125419524,True,5,1860.15296566077,1470.7970863683663,49.276382,24.9553,4776.8535,0.6796517728555264,True,21.08534278984904,1.024566769430713,2.5190614971130074,1.760136616894974,1185.4963241648024
21.964783824937392,144.38380361196093,7942.694980383769,1.064211582506525,True,5,3443.735950044603,1499.9866190900982,51.748882,25.00067,3234.118,0.7091814513944381,False,,29.78409817506261,60.61686638803907,2.455907601511067,1694.745222055325
50.36545446369149,35.51697206206202,10624.968184301259,0.7723103887735743,True,5,1895.4400305576776,1579.6936592818945,65.81795,24.055613,8507.736,0.8528234316904871,False,,15.452495536308504,11.461359062062016,1.2488596477724812,1497.1360214605602
24.421675974296896,163.95702374815195,9023.227147110138,1.0283619742932542,True,5,1107.2393669634023,1562.523244312562,46.380596,25.27168,2830.3792,0.678336486412907,True,12.798860493501572,21.9589200257031,41.31465625184805,3.187992318170702,1825.888098816691
61.43637587164196,28.32150680795319,7494.326634986771,1.036493937719151,True,5,3244.8506571087214,1556.363201911589,42.704678,24.636421,2420.038,0.6052302606479968,False,,18.731697871641956,3.685085807953193,3.096780560878288,956.1363365014658
101.7027196139112,31.454397976695926,9847.37719853697,0.9040876626531495,True,5,1845.6880261927035,1726.5776426566886,114.98857,25.662504,9611.908,0.6457725154235213,False,,13.285850386088796,5.791893976695928,1.0244976542156843,976.4596245292323
25.289569982766544,9.281309612436836,9704.495201534162,1.064126028341876,True,5,2732.775967413442,1649.2525458248472,68.19483,25.280416,3041.6895,0.5175682483133914,False,,42.90526001723345,15.99910638756316,3.1904950198020416,1929.755232734351
65.78597910089005,26.719796435603126,7722.217684287362,1.0772162738284645,True,5,1236.233644859813,1783.875955819881,54.092148,24.58892,3707.88,0.568129155913821,False,,11.693831100890044,2.130876435603124,2.0826503781911394,952.0842231218173
23.60180622171095,3.2241819982831617,13620.277664713863,0.8191326291938742,True,5,3720.445926966292,1834.90941011236,68.91444,24.588814,6541.5,0.7989680576674022,False,,45.31263377828905,21.364632001716842,2.082133710114479,2803.5825040536765
58.085894398613895,17.405144308803084,8088.510269375058,0.7454855364677853,True,5,1112.7965825874694,1834.457282343369,62.522762,25.543905,3365.2563,0.7361850690313271,False,,4.436867601386105,8.138760691196921,2.4035346934422375,1061.2878706356585
56.90269701834003,31.519333147018667,10945.834869705544,1.051332578113204,True,5,1838.2268041237116,1871.0816151202748,55.78286,24.432837,1229.501,0.5673825110436733,False,,1.1198370183400286,7.086496147018668,8.902664470956546,1451.0502971233482
13.803543835203296,0.20781049380560682,8161.301910688461,1.0647062799564897,True,5,3664.2118742724097,2005.2502910360888,38.480877,23.804914,4185.2603,0.8906573318809727,False,,24.677333164796703,23.5971035061944,1.9500105909036198,2196.66658947074
11.285321962296628,8.191810913276488,11647.294453550188,0.808903907779142,True,5,110.83820093457943,1995.3031542056076,80.66814,25.563335,6609.292,0.901897524369097,False,,69.38281803770337,17.371524086723525,1.762260534645797,3467.113652219161
-0.24548421980235569,41.14146595605194,3555.3254276410353,1.0082032841679358,True,5,4072.8063200815495,2036.2273190621816,49.221355,24.581404,2979.4092,0.5348054389959069,False,,49.46683921980236,16.56006195605194,1.1932988015345576,3555.3254276410353
20.07801739705161,6.348792671726415,6117.059983445764,0.9888797865912469,True,5,4073.7576187101354,2116.231041814316,68.93949,25.126202,2303.2515,0.7035336884579672,False,,48.861472602948396,18.777409328273592,2.6558367522807496,1365.156137940298
34.56777450443954,28.160993044035422,8591.837251521798,1.0445419598018388,True,5,543.4482490272374,2068.515953307393,59.46871,24.321205,2757.659,0.5457340610339577,False,,24.90093549556046,3.839788044035423,3.115627150246567,1461.3368362503213
44.449856639523475,30.311171934684154,9725.86211004345,1.072838541577478,True,5,2060.9098591549296,2139.0769953051645,52.681744,24.734648,2817.603,0.6176712513550204,False,,8.231887360476527,5.576523934684154,3.451821321188063,1458.7904975494419
51.70162411501107,1.2231723932942369,7849.6976973404,1.0739722255253,True,5,1488.2790224032588,2211.8401221995928,49.016396,24.775236,3318.564,0.5788969666033177,False,,2.6852281150110713,23.552063606705758,2.3653898786765604,1091.6937874115515
56.022977297341185,30.289145457597687,6577.967555868124,1.0215556685987666,True,5,412.3340773809524,2186.441964285714,64.50148,24.849863,2387.478,0.5577866430504429,False,,8.478502702658815,5.439282457597688,2.7551950450928233,878.8376101728455
29.559892414619974,26.15387365966564,6201.050835660873,1.051716041178897,True,5,558.9039433771486,2246.488372093024,50.829197,26.85717,4782.662,0.5105868082505107,False,,21.269304585380027,0.7032963403343615,1.2965689056974699,1140.548787428214
41.68904731397046,24.650779937751263,6386.6792088139155,1.0604225759092214,True,5,2658.010799136069,2322.80777537797,47.31767,24.419285,3405.4697,0.8625323364717173,False,,5.628622686029537,0.23149493775126473,1.8754180102715097,989.1544691881805
51.94292672412701,29.544443828509998,8582.189616103127,1.047157954714316,True,5,2114.9192273924496,2339.908691834943,57.01876,24.99582,3941.6,0.6289238792113423,False,,5.075833275872988,4.548623828509999,2.1773365171765597,1190.7892285293804
30.815914244365665,42.62809648590752,9424.298308687637,1.1836906846339061,True,5,1992.7983293556083,2394.175417661098,41.90409,24.374998,2455.2388,0.7332335649930556,True,15.412287814748328,11.088175755634332,18.25309848590752,3.838444679469727,1697.702139663003
7.91098866629661,62.03786721919351,2602.4992247526616,1.0081228887577962,True,5,3859.26582278481,2429.345569620253,39.467945,24.853388,3184.6135,0.538007436537099,False,,31.55695633370339,37.184479219193506,0.8172103851072231,925.2843733462684
52.05197,24.567204,1986.3047,1.0287658559587105,True,5,3484.535514018692,2403.138317757009,52.05197,24.567204,1986.3047,0.5035059318920636,False,,0.0,0.0,1.0,275.31335880849053
20.822900901429094,46.18057577027951,8365.083000393217,0.9532330937496405,True,5,4071.579661016949,2353.2757062146893,41.673172,24.608875,2730.079,0.7138094648299416,False,,20.850271098570907,21.57170077027951,3.064044300693576,1833.1569021906662
19.365245523201395,149.058323803827,6508.732606581258,1.0320452436492857,True,5,1962.1545538178475,2642.7479300827968,52.79855,24.361427,1539.4906,0.725215298818636,False,,33.433304476798604,55.303103196173,4.227848228876004,1479.0570515313411
26.77613823748532,156.49068569288718,8648.932556163403,1.0411756884207415,True,5,1382.7205588822355,2601.798403193613,50.11415,24.460451,3061.7407,0.5316531773751552,False,,23.338011762514682,47.96976530711282,2.8248416190709436,1671.4313348900778
43.332019997647905,12.405655432991475,21317.36406599297,1.0545598040665407,True,5,1671.2030735455544,2613.549396267837,89.36857,25.13823,6068.1074,0.9482574561059556,True,43.26865514016852,46.0365500023521,12.732574567008527,3.513016936053731,3238.389143323463
8.104485380543764,30.347385173268947,15253.170219679716,0.9429554267646348,True,5,1763.2424242424242,2704.5975544922912,94.7547,25.010845,21566.77,0.8234843971833955,False,,86.65021461945624,5.336540173268947,0.7072533448300193,5357.9344400964565
41.208185148614035,178.8275017085275,7985.006916748817,1.0621991019362271,True,5,539.7154471544716,2641.104674796748,50.337585,24.617126,2577.975,0.6076776721123973,False,,9.129399851385962,25.789624291472478,3.0973950161459354,1243.8945144267793
98.74967547412739,28.48286819589089,10037.685188318905,1.0350591283644313,True,5,3036.354294478528,2702.502300613497,63.9212,24.809414,4181.173,0.7480092390619348,False,,34.82847547412739,3.6734541958908906,2.400686407455254,1010.1031658366081
32.726475214807934,16.20550878770802,22780.06177695108,0.7506848394212082,True,5,1661.1278911564625,2769.7843537414965,74.00385,25.534191,8390.867,0.6221549835267027,False,,41.277374785192066,9.328682212291994,2.7148638843818023,3982.036910557054
88.66835740263382,63.668610550500745,16281.274227137277,0.8675108251439553,True,5,2294.959210526316,2787.2986842105265,86.53783,25.151695,18389.02,0.7487006671588375,False,,2.130527402633817,38.51691555050074,0.8853802011818616,1729.0360951523623
38.4643605231266,11.545474352989437,25298.117029176152,0.8477124935054043,True,5,1809.678529062871,2820.3487544483987,85.52041,27.269215,11959.613,0.652161837398079,False,,47.0560494768734,15.723740647010573,2.1152956227911517,4079.049156198499
-2.8685132558705576e-06,31.871311214897734,6146.606039072691,1.0354392867647457,True,5,3909.889248181083,2901.1616814874697,59.698868,25.895,3901.6958,0.9920139958822296,True,26.712990185053982,59.698870868513254,5.976311214897734,1.5753678282844836,6146.606039072691
48.774352439751354,18.441645976142816,22191.92386691238,0.7189321104533701,True,5,2195.5466666666666,2849.897391304348,79.33527,24.370472,6917.0327,0.6404554031156237,False,,30.56091756024864,5.928826023857198,3.2083011356751836,3177.5997873298206
-15.784984872882825,28.230027946215404,6375.446761161878,1.0565156354394354,True,5,333.3799504950495,2854.8539603960394,36.78484,25.514498,1700.6133,0.6141242385601988,False,,52.569824872882826,2.7155299462154048,3.7489103261522643,6375.446761161878
0.006991929074648854,29.458549835950322,31677.48652283504,0.9057543343745794,True,5,1697.949741315595,2898.957132298596,131.05223,24.196411,21182.02,0.8665568569210369,False,,131.04523807092536,5.262138835950321,1.4954894067154614,31677.48652283504
38.357849500950074,28.43510004924383,5887.269002093291,1.0304195185922576,True,5,2967.3112338858195,2889.705340699816,55.408943,24.948727,1665.2349,0.5353629807201593,False,,17.051093499049927,3.486373049243827,3.5353985207091756,950.5758021462361
29.975552100740238,17.351556089860125,11649.444792428063,0.7589801826519407,True,5,2339.909275558565,2900.532836831415,73.35815,24.4103,3803.268,0.7690276346407658,False,,43.38259789925976,7.058743910139867,3.0630091785348976,2127.7550608027436
44.28104182020559,4.528180153895918,14236.94562494467,1.0701451418713857,True,5,3175.231977159172,2910.2483940042825,71.3618,24.500313,9072.98,0.9543411579336728,True,45.28436095332507,27.080758179794415,19.972132846104074,1.5691587135587945,2139.478424719014
51.22392171383129,23.71653925193596,5049.79071574724,1.0432059380632437,True,5,2050.676516329705,2920.747278382581,64.11872,24.876192,3762.7104,0.6534008989445145,False,,12.894798286168708,1.1596527480640475,1.3420620188434487,705.5648989236985
102.49832139016027,23.312091029765476,15106.946029149012,0.848472136914456,True,5,2234.4788114953726,2962.0530930345835,102.1558,24.400417,15498.824,0.7340874185427331,False,,0.3425213901602717,1.0883259702345356,0.9747156319182031,1492.1699892440988
49.0331795024005,22.413440125377967,10627.690431110444,1.0441661060342624,True,5,1470.3354898336413,3083.07393715342,55.276756,25.926863,4512.2944,0.937483863487068,True,23.08846059212059,6.2435764975994985,3.513422874622023,2.3552741663111445,1517.7277255777178
24.9537344210554,29.704523971457103,7533.185354195294,1.0313196486623397,True,5,1551.50991831972,3119.30455075846,44.789177,24.979528,3702.0889,0.7881440887993795,True,9.104212425809296,19.8354425789446,4.724995971457105,2.0348472329217415,1508.0331175322501
79.61041444143889,23.565179751174103,8208.731628443431,1.0504490557003359,True,5,931.8232074438972,3192.7241379310344,82.63767,25.250954,5639.9707,0.5145701908381716,True,55.93416326797898,3.0272555585611087,1.6857742488259078,1.4554564314391618,920.0069643547727
84.35787,24.770983,9430.964,0.8328202960755243,True,5,1879.5530565167244,3246.2652825836217,84.35787,24.770983,9430.964,0.8758645798280676,False,,0.0,0.0,1.0,1026.8175534620507
62.20359104372353,27.15632564075161,13160.29225650801,1.0485266170657597,True,5,1121.5072765072764,3206.074844074844,74.60953,26.390053,3323.4446,0.6908309857006486,False,,12.40593895627648,0.766272640751609,3.9598350026680182,1668.6213851746359
-0.12065861173668846,45.23504694594386,5155.660128716808,1.0513850466860197,True,5,3228.49282700422,3146.1518987341774,57.712196,25.374584,3395.7046,0.7129581959434208,False,,57.832854611736686,19.86046294594386,1.5182887606645195,5155.660128716808
55.85084105534678,14.436334545799754,15139.76096290465,352.5708171059724,True,5,35.57688442211055,3268.0170854271355,47.028378,25.347345,5557.1094,0.581363420291365,False,,8.82246305534678,10.911010454200238,2.7243949818415754,2025.8354171165408
58.73896931102627,25.470260277391368,13049.180366520712,1.0384612658172592,True,5,2461.6355591311344,3158.405470635559,57.631004,24.291637,4682.4956,0.7612966406292058,False,,1.1079653110262697,1.1786232773913667,2.786800347771968,1702.629183957215
-13.343776777243978,162.6554483672682,6181.282168009027,1.0434778732579333,True,5,3474.267670915411,3253.2537659327927,42.131348,24.485004,2311.092,0.5406139491142882,False,,55.47512477724398,41.8295556327318,2.6746153627847904,6181.282168009027
51.12458241545483,14.991335442094291,14151.4178352573,0.7815810441764147,True,5,1923.948158253752,3338.005457025921,65.84563,24.889698,3302.8342,0.5458706268702906,False,,14.721047584545168,9.898362557905699,4.284628588155379,1979.1789682945662
43.61537645248067,27.447995935968112,8333.60634230849,1.0427879659371584,True,5,639.1149144254279,3354.4755501222494,42.287777,26.284746,3141.0874,0.5597500813779319,False,,1.3275994524806691,1.163249935968114,2.6530959763515307,1261.865797306225
1.7067090324881585e-06,37.12719355407498,4234.601430725612,1.0545498120333454,True,5,853.4671857619577,3410.0244716351503,43.915714,24.66271,1946.5206,0.6161400928881815,False,,43.915712293290966,12.464483554074977,2.1754721890565203,4234.601430725612
21.5752030156617,2.4088858620912075,8040.152667247976,1.043379987437002,True,5,975.0827374872318,3416.0388151174666,49.016068,24.4736,3608.4207,0.5356138962726129,False,,27.440864984338297,22.064714137908794,2.22816387990679,1730.9592733994855
26.641116071060342,9.593471499484124,8595.941700165513,1.0464725800958155,True,5,1098.7380745880312,3455.3920208152645,56.94999,24.698475,3732.7852,0.5200581789809452,False,,30.308873928939658,15.105003500515863,2.30282248766029,1665.3949905770437
-10.320613668809639,91.53307591326373,6776.6912168126,0.7390290397406942,True,5,1831.14512195122,3379.167073170732,39.3335,24.57734,533.587,0.5080305972324446,False,,49.65411366880964,66.95573591326374,12.700255472514511,6776.6912168126
48.66806926173358,20.69568911237977,8220.362065166915,1.041785191246028,True,5,3028.5268292682927,3426.7629268292685,50.757618,24.554895,2687.7747,0.5501423618961486,False,,2.089548738266423,3.85920588762022,3.0584267591948517,1178.33529848762
54.81131011380053,24.46905138444918,7593.635976370759,1.028042689640641,True,5,345.23489932885906,3487.354958985832,66.846725,24.941217,3026.4905,0.5182749479707378,False,,12.035414886199476,0.47216561555080716,2.5090566041329914,1025.6866022311979
57.73581628567514,27.216742609858457,11423.38149165385,1.0402839559660144,True,5,806.131983805668,3628.230769230769,62.846222,24.622046,4567.9014,0.5960803995603762,False,,5.110405714324855,2.594696609858456,2.5007942359819437,1503.391274798401
-27.369396805486698,5.34869785728401,8258.837573302793,1.0447415415717762,True,5,1199.3403755868544,3814.79186228482,63.44759,25.283499,3253.2896,0.7193292635868777,False,,90.81698680548669,19.934801142715997,2.538611248535265,8258.837573302793
37.06952223222858,1.9949939181526888,9708.363070686584,1.069280971095461,True,5,2875.1030383091147,3820.323645970938,64.302246,24.785854,2678.9658,0.5725456699239282,False,,27.232723767771418,22.790860081847313,3.623921989107358,1594.547699240104
29.604352329495264,63.42960149397133,6302.221032268622,1.0369823797399467,True,5,3446.414150943396,3854.6556603773583,54.988777,25.206797,3546.4082,0.6961869968013665,False,,25.384424670504735,38.22280449397133,1.7770715261341383,1158.2861106493908
36.12901253710042,39.38397639959759,18363.914858627177,1.0357517927008972,True,5,2968.052098408104,3881.5303907380608,69.18909,24.510933,7718.1626,0.961881584641094,True,41.34869374766253,33.06007746289957,14.873043399597591,2.379311736530036,3055.182970819746
118.81786630515407,179.9020147701203,52479.425300586634,0.9252623349075856,True,5,2861.3370110330998,3985.590772316951,51.003574,23.889208,3226.2327,0.5711112971353011,False,,67.81429230515407,23.987193229879693,16.26647244031301,4814.466796206817
93.86294122549407,15.750497719623123,16322.339498570575,1.0574403343564525,True,5,1554.4,149.56384839650147,82.117004,24.607368,8889.842,0.929145743367792,True,55.18106122524681,11.745937225494075,8.856870280376882,1.8360663213778798,1684.7494658608027
46.61886659124644,18.044548523013038,16253.083546028218,1.039307976306143,True,6,2339.764066496164,1391.18094629156,70.12202,24.58177,5044.4453,0.7539654960971837,False,,23.50315340875357,6.537221476986957,3.2219763679523328,2380.427245808047
-1.7186219459726685e-06,32.516627150258735,7549.993719341272,1.2855502544680197,True,6,3374.837676438653,1388.7035830618893,94.30333,25.768,5014.199,0.5173697011769222,False,,94.30333171862195,6.748627150258734,1.5057227922827299,7549.993719341272
31.872390783650367,3.5007668789773123,13896.311215223272,0.5790505731991935,True,6,1059.086926286509,1381.529207232267,58.713825,23.958015,5752.334,0.5547268397911196,False,,26.841434216349633,20.4572481210227,2.4157691843386133,2461.4567599996617
16.607571609243294,2.179511618655132,8897.084232898258,1.4936564298632506,True,6,3494.6749156355454,1560.312710911136,43.232155,24.298485,5085.823,0.7356523275815203,False,,26.624583390756705,22.11897338134486,1.7493892793552308,2183.2055937211885
16.14136229110808,177.7678487503335,10450.670583767973,1.1159806536319912,True,6,2745.7473053892218,1509.2682634730538,41.07688,25.024527,4591.5386,0.6129948279707721,False,,24.935517708891922,27.256678249666493,2.2760715947739114,2601.2019198628664
79.2794948002724,9.341580710507095,19514.920162659382,1.3753587914710463,True,6,3901.0691003911343,1189.7249022164276,36.65066,25.988527,2717.8086,0.5332328440766803,False,,42.6288348002724,16.646946289492917,7.180387965016883,2191.7264152206126
20.765218244993676,157.3082026524015,13240.961535718208,1.1657536435293359,True,6,2650.5066803699897,1194.0411099691676,48.40048,24.938475,4718.377,0.5587374386216544,False,,27.635261755006326,47.63027234759852,2.8062534078387986,2905.703349265837
78.19067363011466,10.525088368275874,19425.566249972748,1.2204696769030323,True,6,2842.498054474708,1326.5706874189364,70.40453,24.449455,3311.3896,0.5507882239294652,False,,7.786143630114665,13.924366631724126,5.866288355188634,2196.828781951687
11.908948397959701,1.1395869168659554,8118.912780089834,0.8808479237355239,True,6,722.9423328964614,1293.4823066841416,37.341778,24.454674,3994.8853,0.5031527399325897,False,,25.432829602040297,23.315087083134046,2.0323268805965053,2352.6708371780455
37.98830578422336,152.9427594584526,15411.538104621275,1.1052948253539998,True,6,2549.232790988736,1302.6426783479349,75.337234,24.608946,11189.27,0.9563687255685028,True,46.46567446086463,37.34892821577664,51.666186541547404,1.3773497381528264,2500.4663926630687
-6.809420331255786e-07,75.57978351888927,7052.668880950991,1.3760821261646115,True,6,3728.786516853933,1260.3233458177278,39.845142,24.386969,3469.5647,0.5524153217232474,False,,39.84514268094203,51.19281451888927,2.032724416682874,7052.668880950991
56.447384,24.861345,4153.755,1.2340729198452962,True,6,3301.982543640898,1966.1554447215292,56.447384,24.861345,4153.755,0.7703981530805408,False,,0.0,0.0,1.0,552.8648346008575
55.07826579748031,37.020176513026456,17808.462442855176,1.273024122312837,True,6,3500.7205218263925,1950.0406422478677,73.48712,26.042822,6655.3037,0.5345881711100182,False,,18.40885420251969,10.977354513026455,2.675830171785425,2399.585870142259
1535548296.5091772,0.2860220985760485,218303363292.35468,1.1069656022903387,True,6,2787.6358208955226,1902.390049751244,49.22105,24.632742,3337.8064,0.560017072057286,False,,1535548247.2881272,24.346719901423967,65403243.0677689,5570942.634654298
5.649638326869155e-06,24.544782229714503,9314.665681621458,1.0599159346300207,True,6,2605.8304020100504,1887.2977386934676,41.048958,24.630808,5151.187,0.9394107906581228,False,,41.048952350361674,0.08602577028548808,1.808256171174034,9314.665681621458
44.19650202556622,13.247736462241829,15532.48190288847,1.2855002055548537,True,6,3728.678707224335,2022.944866920152,54.387295,24.92346,6247.7036,0.8410076144774365,True,42.15916700680567,10.190792974433784,11.67572353775816,2.486110561148975,2336.3984381848227
34.08349854123486,176.9019183786213,12503.928980122942,0.888294901838057,True,6,1595.5222327341532,2119.295175023652,54.847286,25.602135,3440.5862,0.5259979386806113,False,,20.763787458765137,28.7002166213787,3.6342437751226644,2141.7778102882876
-17.1290006581211,21.879798480106718,11856.260213778785,1.0803670555871538,True,6,2670.159515951595,2036.6193619361936,45.231556,24.721191,4027.3706,0.6646674198697434,False,,62.3605566581211,2.841392519893276,2.9439208335529847,11856.260213778785
-39.44992952736557,0.5613026434520568,18486.49579151199,1.357657829884767,True,6,3952.166184971098,1728.8150289017342,63.278587,25.352415,3794.6611,0.746872879651496,False,,102.72851652736557,24.791112356547956,4.871711940629425,18486.49579151199
4.325992864084226e-05,81.94463993728424,8226.792290677993,1.3434262359808038,True,6,3959.275175644028,1660.1943793911007,39.039444,26.370363,3029.8274,0.531313489595666,False,,39.039400740071365,55.57427693728424,2.7152676389018042,8226.792290677993
-19.960421563180297,151.13055820752407,11910.702621216062,1.1032056370982435,True,6,2718.472505091649,1722.1561439239647,78.01896,25.647245,3104.7502,0.586242656790645,False,,97.97938156318031,54.51668679247592,3.836283711718921,11910.702621216062
51.88567347744397,54.56679122667236,18534.901346038372,1.1632532504279656,True,6,2941.185689948893,1811.0451448040883,61.619762,26.788443,7233.128,0.7844000765614999,False,,9.734088522556029,27.778348226672357,2.562501499494876,2573.158566339704
26.746727008767735,146.62601459419983,12120.883113781307,0.909472116848843,True,6,1514.5013404825738,1760.7247542448615,53.623833,24.506386,4050.1875,0.5778639205235023,False,,26.877105991232263,57.88037140580016,2.9926720957440383,2343.6833819663407
47.73620704042588,48.2956496632108,13741.964642303383,1.0997936082530964,True,6,2029.92695035461,340.7148936170213,65.11822,24.443926,2767.728,0.5545511338825467,False,,17.382012959574112,23.8517236632108,4.965070499089283,1988.954611665802
2.518268402550658e-05,22.82098220367283,7498.606464348299,1.2722383020812837,True,6,2890.1901336074,275.4059609455293,48.392643,25.317532,3507.6648,0.6173969237086612,False,,48.39261781731597,2.496549796327173,2.1377773795113773,7498.606464348299
24.648138930846514,27.81359337049833,9427.958969270938,0.8959406891980447,True,6,753.0625465376024,280.2457185405808,58.716625,24.71272,2901.31,0.6305544209679794,False,,34.06848606915349,3.1008733704983307,3.2495524329599172,1899.0028528483872
30.789401526404426,28.71608682059622,8031.579649466908,1.462198802040632,True,6,3738.945093457944,316.1051401869159,44.781525,24.669876,5155.008,0.5541947951168185,False,,13.992123473595576,4.046210820596222,1.5580149729092387,1447.4392560660385
40.414684289998675,71.96209968980517,20074.12479858305,1.3786234956241188,True,6,3487.19040801718,288.23049391553326,63.647266,24.556282,3693.7607,0.7492393954887767,False,,23.232581710001327,47.405817689805176,5.434603491932504,3157.6720610637863
1.6128546949317297e-05,92.26761235338515,8906.496431748565,1.323415478490543,True,6,3279.4846248462486,479.6826568265683,44.10368,24.990393,4003.3323,0.8760690411231695,False,,44.10366387145305,67.27721935338515,2.22477070708034,8906.496431748565
79.21299990544942,175.92929445191305,20760.821570403423,1.3666759705702,True,6,3451.1381578947367,452.6815789473684,38.780666,25.169504,6805.8535,0.6441640142662695,False,,40.432333905449426,29.240209548086938,3.050436153291196,2332.632409687904
48.62222212597762,112.76802054082297,19738.41893388822,1.1250427128482612,True,6,2193.460063897764,411.944089456869,60.02262,24.545263,4960.7344,0.6651598765198351,False,,11.400397874022381,88.22275754082298,3.978930807883651,2830.7072734206913
-31.25697752608725,53.03935373770981,14733.558554914813,1.3156636383829279,True,6,3206.3649337410807,439.487257900102,45.77259,24.848955,2836.856,0.5981274272893345,False,,77.02956752608725,28.19039873770981,5.1936222899275855,14733.558554914813
34.69131990004645,131.1414785219744,20652.454283243744,1.4958617908965035,True,6,3808.4128,111.2984,60.00473,24.371235,7757.5615,0.9012839880222052,False,,25.31341009995355,73.2297564780256,2.6622353278467394,3506.3983848369744
78.99436699089165,32.32722484960974,24073.731821377747,10.478110882189643,True,6,3941.451960030746,43.71944657955419,55.225464,23.035147,4367.33,0.6551814268955466,False,,23.768902990891647,9.292077849609743,5.512231001865613,2708.6030089547853
71.17438955900526,171.05295155754996,20666.002543605435,0.9987274627315041,True,6,1497.2900849858356,89.26232294617563,86.14574,25.561728,5927.0,0.5357053722034146,False,,14.97135044099474,34.50877644245003,3.486755954716625,2449.5967829407923
56.12486125498315,10.607353934525458,22569.2908880867,1.5606320879283817,True,6,4011.888629737609,249.8571428571429,80.94463,24.578756,8733.838,0.5258014372712619,False,,24.81976874501685,13.971402065474535,2.58412062235259,3012.5916904060214
25.96787197131256,159.50207178367782,11553.706929543827,1.2113080193640222,True,6,2524.716357775987,242.0958904109589,58.814224,24.910528,2959.1003,0.6395504929191652,False,,32.84635202868744,45.40845621632218,3.904466141125337,2267.2696076141497
80.86715547873737,14.66728784532493,14233.139141757303,1.4741113761228581,True,6,3732.9060523938574,208.4245709123758,56.31849,25.020636,1690.1962,0.7595662988318423,False,,24.548665478737377,10.353348154675075,8.420998190480669,1582.758343250825
39.471318579065546,12.10017492286062,11891.990763029364,0.946799281430164,True,6,1211.496632996633,230.3989898989899,54.2803,25.92877,2344.4036,0.6923564222578452,False,,14.808981420934451,13.828595077139369,5.0725014937826245,1892.8393063619976
-2.0789152212228567e-06,173.42010937674488,8804.780422206062,1.0940689078930221,True,6,2038.9107744107744,172.43686868686868,60.302753,25.001457,4300.221,0.9143973172610008,True,20.370001075172876,60.302755078915226,31.581347623255112,2.0475181210933258,8804.780422206062
38.10433625408055,42.00120177079573,13793.951340765056,1.303505383033457,True,6,3374.2345483359745,935.662440570523,59.360435,25.167469,4737.0947,0.7169257013683756,False,,21.256098745919452,16.83373277079573,2.9119011154168097,2234.608719999949
-5.50478063654247,27.805800734239682,100319.2003929333,1.2220125690993064,True,6,2450.339285714286,1056.6364285714285,59.7852,24.502316,7124.8926,0.5716988406866416,False,,65.28998063654247,3.3034847342396816,14.080100013428034,100319.2003929333
108.90768940401006,24.044662519940864,20954.84875063977,1.3492598558515887,True,6,3616.836969001148,992.9954075774972,44.604347,24.687424,4084.6165,0.6633102499914623,False,,64.30334240401007,0.6427614800591357,5.130187558768312,2007.9609309166942
45.13654853367172,22.495310257910553,16478.90248618414,1.0206876928849957,True,6,2026.5070898041863,982.5921674544228,72.58821,24.679113,9425.392,0.9528136476885116,True,36.632314629319765,27.451661466328282,2.183802742089455,1.7483519503681269,2452.8111427745134
37.68044911206859,168.5343202061104,18812.06313735868,1.4081152132915482,True,6,3879.091498559078,816.2636887608069,53.64115,24.927473,2254.1438,0.5607740669530642,False,,15.960700887931417,36.393152793889584,8.345547048665964,3064.632425997708
47.386353783804225,159.65364975905254,14265.655063438346,0.9257958908291949,True,6,1316.9845276872963,611.7972312703583,62.16991,24.64778,3715.459,0.7594703617649541,False,,14.783556216195777,44.99413024094747,3.8395404345569,2072.3593865003154
66.92929208203128,28.560753349991696,12623.184117928904,1.2928634131887158,True,6,3089.8399339933994,655.2161716171618,57.659172,24.90411,4236.185,0.7179780504106175,False,,9.270120082031283,3.656643349991697,2.9798472252578447,1542.9817914100806
52.2806180717642,41.0704357903315,13548.788040745821,1.3830992389280368,True,6,3474.234154929577,557.7095070422536,48.24867,24.647957,3232.958,0.5736297808288561,False,,4.031948071764205,16.4224787903315,4.190833299023934,1873.8295871451337
23.973999679775392,37.8827675612595,10421.224428606827,1.0570707665622303,True,6,2005.9557788944724,554.3477386934674,48.75465,24.570389,3573.5923,0.6231040548188463,False,,24.780650320224606,13.3123785612595,2.916176092221496,2128.376726098028
17.548971979506742,126.24500855562967,10325.498017214306,1.0382068095157957,True,6,2022.1713995943203,732.1693711967546,49.783627,24.574497,978.1307,0.5833005904041543,False,,32.234655020493264,78.32948844437033,10.55635818118612,2464.819762183474
33.20941026071401,144.92417969659726,23827.904512243615,0.8512366215023555,True,6,153.24790236460717,3458.207475209764,66.357475,25.615126,5663.179,0.884425171759501,True,30.38668725537331,33.148064739285985,60.69094630340274,4.207513926761561,4134.807252429254
-10.429757955364831,55.55025358946398,9837.042788519066,1.1539920400993966,True,6,3615.415501905972,3448.780177890724,40.23526,26.300774,4424.909,0.570960465881329,False,,50.66501795536483,29.249479589463977,2.2231062352963793,9837.042788519066
33.68747212878074,32.92433528286,18237.86389499946,0.8273622355634311,True,6,2347.997641509434,3447.865566037736,60.168476,25.545324,5596.5303,0.8893795001798794,True,32.79855509845983,26.481003871219258,7.379011282859999,3.2587805153131146,3142.242937122822
45.70673762600644,14.283313473199511,11930.932903986759,0.86901074768381,True,6,1240.7101123595503,3455.7295880149813,69.06291,25.648375,6349.362,0.6275930471994515,True,55.20120937171708,23.35617237399356,11.365061526800503,1.8790758668330392,1764.7544728997811
15.776834140662878,43.19736101588639,8468.633746490756,0.883943480975003,True,6,1565.524654832347,3409.2199211045363,47.920486,24.760208,6258.635,0.517326203873297,False,,32.14365185933712,18.437153015886395,1.3531119399822413,2132.07962973701
35.75153096768712,10.973622521103785,10823.03017343365,0.9296532411995966,True,6,2506.194933920705,3594.2896475770926,42.258556,25.293968,5373.9595,0.5013844204351924,False,,6.507025032312882,14.320345478896229,2.0139768774650517,1810.095743719543
0.00021791377343631263,176.29871567623744,6513.753827697077,0.9674161657006751,True,6,2834.3983440662373,3590.251149954002,52.76108,24.970665,2072.5894,0.5853187932043282,False,,52.76086208622657,28.67194932376256,3.1428095828807567,6513.753827697077
38.04321125540044,50.77895415601151,16375.462487149885,0.871539838573771,True,6,1912.762940735184,3385.767441860465,66.85952,25.313929,5379.677,0.6993707904740634,True,49.7054621552403,28.81630874459956,25.465025156011507,3.043949011650678,2654.9417072779743
9.349718557224902e-06,36.99728188181304,5992.075372259393,0.9133455460049599,True,6,2648.33973710819,3572.4944388270983,49.116688,24.620558,3690.6997,0.5548415741326421,False,,49.11667865028144,12.376723881813039,1.6235608040013096,5992.075372259393
34.75848126425798,10.368813127345181,14867.334170118658,0.8909269608941921,True,6,1148.6276408450703,3216.6875,54.8415,24.615631,5949.4653,0.76330449099421,False,,20.083018735742023,14.246817872654816,2.49893619349602,2521.7539340273
34.67147978238347,94.86378567921814,16144.1968027412,1.2115303300621378,True,6,3775.232682060391,3248.8179396092364,59.538837,25.032703,3150.0527,0.5031000523900033,False,,24.86735721761653,69.83108267921814,5.125056099138024,2741.765164605821
74.76449088375773,157.73672147305444,16908.56756240905,1.1712655316005842,True,6,3581.932188841202,3199.79313304721,57.279472,27.039248,6985.831,0.5305255087651877,False,,17.485018883757732,49.30252652694554,2.4204089051694853,1955.5058838785267
52.65742395834158,23.11471317994335,12027.64596407475,1.1924821202488598,True,6,3664.5727554179566,3222.760835913313,61.576965,24.708284,7074.068,0.844998996092892,False,,8.91954104165842,1.593570820056641,1.7002446066499148,1657.489673895812
74.35129185670368,29.154067738386424,20239.293189744458,1.154902464556223,True,6,3675.0941597139454,3323.486293206198,39.57571,25.080305,3844.6482,0.570851333396721,False,,34.77558185670368,4.073762738386424,5.264277025332111,2347.2053279125594
88.99700104025425,23.550437958526235,14879.52461655928,1.1336304119530416,True,6,3367.498300475867,3177.4221617946973,71.52991,24.6663,5787.5454,0.7829482974022172,False,,17.467091040254246,1.1158620414737754,2.5709560078024234,1577.2530288279424
24.037503330265775,157.0556717417644,13947.030904772986,1.1142466717815347,True,6,3298.12172923777,3292.2980659840728,44.31126,24.707235,6339.9023,0.9340265833322884,True,30.539027158512205,20.273756669734222,47.6515632582356,2.1998810462383602,2844.704007198621
1.7410787160513093e-05,142.22711967642678,6436.46404066905,0.8475798210701548,True,6,941.60098928277,3765.483924154988,54.041054,24.485655,1568.1177,0.6377539994108944,False,,54.041036589212844,62.25853532357323,4.104579675791587,6436.46404066905
7.966513807391834e-07,77.27395427654555,10358.634692334988,1.046723175112389,True,6,3331.4054054054054,3668.607520564042,45.76497,25.813591,4772.505,0.6042219594186491,False,,45.76496920334862,51.46036327654555,2.170481684636263,10358.634692334988
38.274899831708034,45.693640995588645,7805.026640093298,0.8117456717496478,True,6,1568.802304964539,3850.1817375886526,55.994976,24.54241,6398.376,0.5500264207769351,False,,17.720076168291968,21.151230995588644,1.2198449481701759,1261.5874449567834
11.775484901743601,59.42992375082522,8304.785887432376,1.2657761122278597,True,6,4001.1047180667433,2578.3417721518986,40.607277,23.95821,4114.418,0.5359664790607374,False,,28.8317920982564,35.47171375082522,2.0184594485617104,2420.1319215838007
111.87497018036636,29.166863772182808,16069.587273128858,1.1961783216475865,True,6,3331.007111597374,2565.9983588621444,97.27729,25.567074,9397.295,0.5741805560658421,False,,14.597680180366368,3.599789772182806,1.710022647275504,1519.281523693261
40.989747904693274,75.31420355812595,20224.918581817197,0.8920065378649352,True,6,1754.5788761002032,2561.170616113744,74.38641,25.171217,4946.2505,0.882232299703215,False,,33.39666209530672,50.142986558125955,4.088939406084911,3158.9965988011795
31.574663009391863,162.99966620901364,13966.326341783282,0.8707581692769815,True,6,878.0520646319569,2523.5960502693,54.986584,24.609709,5480.351,0.672773993828061,False,,23.411920990608138,41.61004279098637,2.5484364672597217,2485.494598357273
40.004573826444705,16.155653386984774,7559.53865385654,1.0219482272719238,True,6,2580.092633114515,2174.5185995623638,64.631966,26.47503,8177.6177,0.5125760175068397,False,,24.6273921735553,10.319376613015237,0.9244182023643072,1195.1996793180267
54.128869647280574,28.42011021532713,18505.33271811823,1.1420906808555669,True,6,3178.4371859296484,2340.166834170854,48.131325,25.454824,5352.513,0.6853261487800407,False,,5.997544647280577,2.965286215327133,3.4573167254555437,2515.2573047686383
51.4965535318169,52.567197743899484,15831.634520357724,0.8743391173178796,True,6,1226.813432835821,2317.295115332429,69.58118,24.61491,4944.6406,0.584361639433882,False,,18.084626468183103,27.952287743899486,3.201776590265777,2206.1583092873175
22.260394855985858,100.17787988875641,20425.161467304915,1.2830319208730927,True,6,3810.685683530678,2261.185145317546,49.028313,24.48707,5928.8213,0.9641658472676372,True,20.436848606404848,26.76791814401414,75.6908098887564,3.445062759321978,4329.1144412418125
-9.162445193763917,5.473537261351272,6714.666944035393,0.9889239718898195,True,6,2648.0755750273825,2878.499452354874,46.575726,25.342438,4389.9033,0.5249307950193138,False,,55.73817119376392,19.868900738648733,1.5295705816652938,6714.666944035393
26.651048603132566,18.552356552277757,10994.50221135991,1.0924749955143034,True,6,3169.5454545454545,2902.140186915888,54.52514,24.88688,3340.5513,0.6720484769898614,False,,27.874091396867435,6.334523447722233,3.2912238801301776,2129.699948109894
6.988710624918731,177.184176559349,13930.165043974208,0.8663519287101433,True,6,1721.2846803377563,3073.528347406514,45.354397,25.826162,2660.73,0.7279833391476189,True,8.651252323711692,38.36568637508127,28.641985440651013,5.235467350679778,5269.35833027561
-15.941517317243976,54.68058081429633,9567.204917623341,1.025630216473874,True,6,2853.5862632869994,2733.869991823385,59.422684,24.599651,2967.2244,0.5622430025339459,False,,75.36420131724397,30.080929814296326,3.224294366689402,9567.204917623341
50.662227428677426,38.06479209572772,5766.780440325255,1.146138191913245,True,6,3494.28801843318,3048.8448540706604,56.87682,24.81133,2791.4612,0.6100461905707893,False,,6.2145925713225765,13.253462095727716,2.0658644441575094,810.1982049962247
25.909550530473837,57.21723864918006,11765.599307607687,1.235089023143661,True,6,3749.825704225352,2725.406690140845,52.393604,24.698452,3594.9485,0.6059958598940663,False,,26.484053469526167,32.51878664918006,3.2728144249097553,2311.447928885455
65.94667920719561,27.189125542542257,8233.838414417414,0.9694066198427671,True,6,2529.047660311958,2708.8405545927208,59.00842,25.018415,3819.734,0.5761199653585543,False,,6.938259207195614,2.170710542542256,2.1556051846587785,1013.925100049155
-2.1111350088344417e-07,21.88230779278223,8142.1181892574195,0.9133503157903399,True,6,2078.966987620357,2645.993122420908,70.15914,24.812464,2262.0244,0.5522658360009494,True,57.68493357466304,70.1591402111135,2.9301562072177774,3.599482918600445,8142.1181892574195
71.15688915449311,15.366766481796004,11732.72022539625,0.8752347469016774,True,6,1064.2876550502067,2828.8157117542823,83.07466,25.749191,7643.208,0.5388594723095192,False,,11.91777084550688,10.382424518204004,1.535051803561574,1390.8818441532885
68.71899548635392,25.17808455428658,4771.731013192881,1.0334521224325088,True,7,2003.801697530864,95.64891975308642,64.531944,24.656567,2970.491,0.8828157927374106,False,,4.187051486353923,0.5215175542865822,1.6063778726119287,575.6222236798744
-11.510019699799276,127.59851080237145,5206.7520832017,1.020556317839111,True,7,3276.288508557457,3862.1320293398535,43.303036,26.098639,1480.4058,0.7838835276691435,True,13.811703077183608,54.81305569979928,78.50012819762856,3.517111377976025,5206.7520832017
52.524876634311696,30.733491515076476,3613.5241535933524,1.0347069259796633,True,7,851.6322489391796,3764.218528995757,67.36131,25.191132,1711.7158,0.5378832028800723,False,,14.836433365688308,5.542359515076477,2.1110538055402377,498.595599806945
44.13488878107706,28.432276944210912,2700.1157211716836,1.0285397961543674,True,7,2192.597972972973,3675.201576576576,46.278286,24.523901,1233.02,0.7810311103013854,False,,2.143397218922942,3.9083759442109134,2.189839354732027,406.43524260721324
1.9111884528794135e-09,57.25737526894659,96005.107425919,0.915326066634751,True,7,2883.158135981665,3737.954927425516,64.12884,25.410793,3606.6501,0.8819414830336834,False,,64.12883999808881,31.846582268946587,26.618913607926373,96005.107425919
-0.046934659314689646,29.211432725485288,6815.943549533798,1.543772641647305,True,7,2797.709486166008,3646.901185770751,73.60023,25.89244,6341.938,0.8199321704533453,False,,73.64716465931468,3.3189927254852876,1.0747414354309044,6815.943549533798
67.22639633079278,40.29578299451778,12646.949328758186,1.0246204043986844,True,7,1905.3920595533496,3573.8246484698097,94.18382,26.142998,7562.6416,0.8296396458157551,True,48.78102692839232,26.957423669207216,14.15278499451778,1.672292566232173,1542.466933841299
42.50083936728621,17.49620731954008,5065.103019943972,0.9964482328189334,True,7,1299.739263803681,3608.370143149284,50.074303,24.478378,2030.3739,0.5377479652673034,False,,7.573463632713789,6.982170680459916,2.494665154996315,776.9436640301288
55.29292,24.6018,3137.361,1.068312091698802,True,7,2800.361367837338,3494.57393715342,55.29292,24.6018,3137.361,0.597860998274601,False,,0.0,0.0,1.0,421.9196292866625
23.61801038420858,32.025378270688726,5269.696445378863,1.0409220340134966,True,7,133.16187050359713,3528.9736211031177,42.4933,27.278082,2343.351,0.811765963796623,False,,18.875289615791417,4.747296270688725,2.2487866501343006,1084.3361690287347
53.158429484889,23.803997089122124,6104.954804820911,1.030353644927917,True,7,2629.438661710037,3525.645910780669,54.773697,26.322926,2575.1636,0.5025969797677028,False,,1.6152675151110003,2.5189289108778894,2.3707056145174277,837.3294811920281
47.204775239944304,50.79987378437849,5813.16891677871,1.0282163303217153,True,7,2472.529972752044,3511.4277929155314,74.0129,25.795513,3445.9114,0.923066651553704,False,,26.808124760055698,25.00436078437849,1.6869757350054648,846.0966502072655
74.42969,24.565218,6307.749,0.9292323129784683,True,7,2892.6824644549765,3563.094786729858,74.42969,24.565218,6307.749,0.8894752687474281,False,,0.0,0.0,1.0,731.1412692463059
27.479768008112046,43.675847691836374,4645.856276219562,1.0466932533197806,True,7,3499.354723707665,3355.813725490196,49.554333,24.40038,2505.4905,0.8717878732999873,False,,22.074564991887954,19.275467691836376,1.8542701623572557,886.2561040678039
28.27738184839309,31.063746251181296,3337.1165894558408,1.0024351555123059,True,7,2350.5,3230.5187969924814,53.39469,24.704828,1213.9768,0.5064777537359102,False,,25.117308151606906,6.358918251181297,2.748912985368288,627.5549820620131
48.39533789864779,16.85436085193455,7062.386773647124,1.0332565084393903,True,7,458.5859305431879,3177.46571682992,57.07056,24.466358,2151.6978,0.5929113180220295,False,,8.675222101352212,7.611997148065456,3.2822391572120972,1015.1956189529836
26.72550465405604,21.199708209065466,3746.1643802192557,1.100823962119155,True,7,2193.581664910432,2992.8345626975765,47.641888,24.54312,2543.357,0.6891861723977424,False,,20.916383345943963,3.343411790934539,1.4729211747384483,724.6426187008115
96.98483786071199,28.53394904937295,9807.146863169928,1.0322646391336947,True,7,3440.496889580093,2926.336702954899,61.600056,25.47084,1700.9313,0.5080736245768553,False,,35.38478186071199,3.063109049372951,5.7657513052819525,995.8427293280301
69.07784,24.729753,6731.039,1.0867862200820986,True,7,3432.740990990991,2815.225225225225,69.07784,24.729753,6731.039,0.9817817264346668,True,35.65676396013329,0.0,0.0,1.0,809.8651900140088
67.11796116655205,24.46965964417746,4442.9966467420945,1.0105030291282324,True,7,2543.5285223367696,2797.4254295532646,69.27111,24.604334,1903.8556,0.6637102461381577,False,,2.1531488334479434,0.13467435582253984,2.3336836295473744,542.3212322654853
69.3901420571544,28.935077622707997,5496.7604672774205,1.014258760817937,True,7,2931.0322265625,2852.76953125,51.02678,24.518082,1845.447,0.6396584692110976,False,,18.363362057154404,4.416995622707997,2.978552332999767,659.8693003717019
33.77231009549611,20.025389319617705,5973.980291923482,1.0248703404688526,True,7,1884.36873747495,2717.2074148296592,48.5684,24.200891,2198.5195,0.7728011009294481,False,,14.796089904503887,4.175501680382297,2.7172741892548515,1027.9770084031309
43.0936773435284,28.981923353606664,6695.783191926837,0.8987449732598336,True,7,3807.726573426573,2822.768531468532,73.29562,26.788374,4278.001,0.826957092606604,False,,30.2019426564716,2.193549353606663,1.565166345666314,1019.9869258573734
0.0006897138696618304,27.102924122442218,28579.893408344757,1.0090022900050373,True,7,3570.087551299589,2806.8508891928864,135.24393,24.834803,16253.916,0.8570181599839837,False,,135.24324028613034,2.268121122442217,1.758338938649908,28579.893408344757
23.307878002593526,41.14359970676952,13135.493653090678,1.0748720161108822,True,7,3715.1594396264177,2666.507671781188,67.04379,24.885687,5440.4746,0.6733254890984599,False,,43.735911997406475,16.25791270676952,2.4144021650410203,2720.7900505634457
42.0815600080363,14.854595181294098,4624.087142722352,1.0471303542012083,True,7,1324.978021978022,2656.386813186813,44.662483,24.549406,2340.1606,0.7334801545414389,False,,2.5809229919637033,9.69481081870589,1.9759700008291532,712.8203576264596
131.08806881279241,23.805709936907927,8544.00234891949,1.0426084041967014,True,7,497.1968199398367,2630.2960893854747,110.61424,25.395466,9399.193,0.9249172356047324,True,50.16731500913067,20.47382881279242,1.589756063092068,0.9090144599562421,746.2421511672691
56.94703579505611,32.43824477779364,3005.819919049865,1.023101338419611,True,7,157.28270042194092,2525.5215189873416,58.285904,24.611908,2254.4346,0.5124058027744849,False,,1.3388682049438927,7.826336777793642,1.3332921341119697,398.31567401835696
33.40123240936771,177.3171676298475,11777.749899274888,1.020724412008346,True,7,1417.9368258859784,2508.8004622496146,63.970276,24.436108,5758.7163,0.9952268494670572,True,30.899117522601216,30.56904359063229,27.1189403701525,2.045204049950314,2037.8916139652688
15.814742305325812,1.4740935017351853,6778.795178444607,1.030154873541939,True,7,663.7406568516421,2542.9161947904868,45.177555,24.409832,3691.0234,0.963556875976288,True,18.985503008181013,29.362812694674187,22.93573849826481,1.8365625041674367,1704.5959492081909
10.452233956198953,91.80623759038832,5640.654213107084,1.0014429583346796,True,7,3926.367346938776,2534.0013605442177,38.26781,24.978413,3645.2698,0.926193779857934,True,9.84261723304347,27.815576043801045,66.82782459038832,1.547390048634283,1744.7166921004255
47.0593644024903,12.4063332783651,6307.096163944834,0.9132606427033285,True,7,2402.535935563817,2524.412639405205,61.82211,24.458693,3544.694,0.5936118572112584,False,,14.7627455975097,12.0523597216349,1.779306243062119,919.4040746086305
45.79744218807231,22.15549345287816,4775.785477308154,1.0071364778215157,True,7,1770.2564338235295,2538.6305147058824,53.53948,25.220034,3070.3933,0.601486671473718,False,,7.742037811927688,3.064540547121851,1.55543118118065,705.7066323239916
35.76038877830858,22.29204925919251,10084.768665538524,1.0056308725879122,True,7,2855.5702225633154,2493.790483499616,61.86827,25.14328,3772.0933,0.9748037661522926,True,36.447170517589065,26.10788122169142,2.8512307408074946,2.673520473509636,1686.4164294063687
19.964193360117058,27.51239963471561,4585.80372756977,1.0211264954076764,True,7,1363.7715311004786,2413.7236842105262,42.07871,24.478764,2764.7021,0.6546105406072608,True,52.59527615552598,22.114516639882943,3.0336356347156084,1.6586972345301758,1026.3360393372022
56.17355683208767,28.912707487487534,5111.435523914281,0.8951277290835884,True,7,2413.6591928251123,2394.669058295964,57.441177,24.409695,2607.835,0.7065273928028872,False,,1.2676201679123338,4.503012487487535,1.9600302641517888,681.9883015927305
69.87487992499703,27.388501947126795,11226.267225366366,0.974786768464663,True,7,1920.796089385475,2382.8156424581007,60.600544,26.222353,5259.1025,0.8606508298629191,False,,9.274335924997033,1.1661489471267963,2.134635562886703,1342.9963689622423
46.24146366100006,15.16362165951895,4412.879664075846,1.0119069017302509,True,7,2198.8504122497056,2342.547703180212,43.151405,24.333363,2678.856,0.7738033136608004,False,,3.0900586610000644,9.169741340481039,1.6473000654293646,648.9426211823301
39.601980555904134,27.194256807285587,9043.447289324704,0.9287748665744877,True,7,1831.2054631828976,2278.4257719714965,83.3953,24.433651,8320.393,0.9550862928843096,False,,43.79331944409587,2.760605807285586,1.0869014587802168,1437.062175172477
70.9574043157733,21.14048766711627,6096.021110965414,1.013994598726337,True,7,3073.341592920354,2226.53185840708,56.293434,26.81715,1757.4614,0.6603646921058944,True,25.86539761408281,14.663970315773305,5.676662332883723,3.4686514941183995,723.6817193355855
61.80080755586137,5.015039260795868,12879.845577056254,0.8899767207052957,True,7,2014.7803468208087,2289.622625928984,60.429756,24.394453,5396.242,0.9412575033748504,False,,1.3710515558613707,19.379413739204125,2.38681763661753,1638.376013294565
13.845573441186566,13.414280706115356,6235.794029061998,0.885862864084761,True,7,1933.5991189427316,2203.8493392070486,56.95076,24.772882,4211.314,0.7308607945961791,False,,43.105186558813436,11.358601293884647,1.4807240754458104,1675.8544156351547
34.088576540493754,16.47814285061868,3042.1949466126184,1.0303122425408087,True,7,811.6515151515151,2130.57336523126,62.511818,24.942913,2831.1438,0.903264501686054,False,,28.423241459506244,8.464770149381309,1.0745462475670147,521.0538477940555
74.6287238558178,32.52497566221024,6943.501827898492,1.0330335460347801,True,7,1682.393586005831,2021.7507288629736,58.681206,24.646341,2318.532,0.6655627767374611,True,27.24837717716481,15.947517855817793,7.878634662210239,2.9947836941213195,803.7584403429357
24.856277544401173,22.801322704307843,3724.6581838495176,1.050594610237311,True,7,3616.879025923016,2028.516103692066,62.080425,24.560574,2266.0664,0.7268606436977763,False,,37.224147455598825,1.7592512956921667,1.6436668333503013,747.0821817548953
58.42165466057026,35.59076251165415,4813.441785970999,1.0192324541420479,True,7,234.58647798742135,1962.503144654088,59.663666,24.988918,1763.9911,0.5508688468347396,False,,1.2420113394297374,10.601844511654146,2.728722262811303,629.7509005178163
-11.719657451407482,142.0348395368835,3701.606225359736,1.0594181599516361,True,7,1375.362892223738,1914.350613915416,35.81051,24.394646,1335.7428,0.7858887423619332,False,,47.53016745140748,62.359806463116485,2.7711968392116626,3701.606225359736
35.33609424738519,48.595487710334226,14300.549993733332,1.0381506899476802,True,7,426.6682892906815,1881.15090403338,70.19766,24.549713,8678.711,0.966909520175324,True,33.36480985645063,34.86156575261481,24.045774710334225,1.6477734992827082,2405.7110792204885
12.345933058705945,26.40773609097,3375.662014988891,1.0709810477020882,True,7,2690.5172413793102,1830.3039591315453,37.146572,25.79734,2280.2373,0.6546046917768413,False,,24.800638941294054,0.6103960909700028,1.4803994369309244,960.7203673616433
98.73300002629841,28.021927270694334,8091.012399069838,1.0269382634356639,True,7,3119.3525525525524,1692.3411411411412,74.2836,24.681444,3900.471,0.8291298025856497,False,,24.449400026298406,3.3404832706943353,2.074368044031051,814.2761227298363
40.02603658504644,43.19608882087643,3737.8127008603597,1.0063125022481807,True,7,1965.8668610301263,1699.7016520894072,52.41483,24.574097,1655.7924,0.5177193837438921,False,,12.388793414953561,18.621991820876435,2.257416268404396,590.8078286424912
70.11005588265668,12.589340442663195,7648.092074070544,1.048480308394407,True,7,3631.062138728324,1689.3952312138729,68.49352,25.213512,1797.7329,0.6454056859579002,False,,1.6165358826566774,12.624171557336808,4.254298329896807,913.4040881470389
49.70540786608189,23.69977607532355,4888.031098413425,1.030678513932111,True,7,2978.988023952096,1649.152266894782,56.403748,24.589327,1181.7399,0.5834837744659075,False,,6.698340133918109,0.8895509246764561,4.1363002962102104,693.3174633346475
48.388417605311886,26.59137555999154,5586.796734230534,1.0177399588788183,True,7,3118.4019851116627,1576.1976840363936,55.121536,24.842394,2554.4246,0.9737480899978574,False,,6.733118394688113,1.7489815599915417,2.187105751420705,803.1416723190955
27.898500787328942,49.039262940248435,5445.095497184035,1.0311980202669935,True,7,1693.2048192771083,1556.617900172117,55.426353,24.609787,2199.889,0.7867828514619595,False,,27.527852212671057,24.429475940248434,2.4751682913019857,1030.8965068416953
60.555542,24.409424,3627.167,1.0243588981698881,True,7,799.5536547433903,1511.5707620528772,60.555542,24.409424,3627.167,0.7914883571017668,False,,0.0,0.0,1.0,466.11234326959453
60.502665601244914,24.849511189140056,3928.524425887031,1.0395812226207206,True,7,3613.407195421096,1544.494685200327,62.363968,24.74713,3362.483,0.8640491309870758,True,27.52317320494483,1.861302398755086,0.10238118914005767,1.1683403086014208,505.05910317266336
30.174111900079176,5.956240896629148,7294.986668171208,0.8892127623634146,True,7,508.1028615622584,1458.8205723124518,64.6705,25.776705,4155.1377,0.5193952462017316,False,,34.49638809992083,19.820464103370853,1.7556546124021855,1328.0280688209596
-14.687028306915732,152.06919882381712,3626.254659471188,0.9903022113776334,True,7,3986.1906614786,1380.823605706874,38.66554,24.44844,992.31146,0.7191186898047178,False,,53.35256830691573,52.37924117618289,3.654351285503836,3626.254659471188
96.12697262872109,24.61158016257506,9325.471441816437,1.0337424366846766,True,7,2470.065803667745,1318.017259978425,46.02932,24.300097,2310.4136,0.6395370788427499,False,,50.09765262872109,0.31148316257505826,4.036277938208309,951.1481420519191
49.066653705619416,21.041999872086556,5132.593107073113,1.051720534113085,True,7,658.7709978463747,1296.7681263460158,60.382267,24.577856,2646.0334,0.5643405325940879,False,,11.315613294380583,3.5358561279134335,1.9397310355466841,732.7293976213101
48.05810072147299,13.505895430319534,4044.4528330713893,1.1442324738666314,True,7,1397.4133635334088,1264.1211778029444,46.942657,24.401257,1536.2356,0.8175803706380367,True,19.44458615512127,1.1154437214729924,10.89536156968046,2.632703494874998,583.4134986624514
20.96794387526333,37.54257269657884,2631.044354590418,1.0413695774623,True,7,3733.07210031348,1180.5224660397075,47.024357,24.321957,2242.97,0.7486578359730751,False,,26.05641312473667,13.220615696578836,1.1730180762963474,574.5796584513632
24.225003153222726,8.37336270644126,3941.555233033635,1.0158156040028201,True,7,2970.543247344461,1118.199544764795,63.462852,24.623781,1389.6178,0.50618603579714,False,,39.23784884677727,16.250418293558738,2.8364311633268047,800.8214470179703
23.37081978429289,28.91664407321492,3879.805035466893,0.9768851819778691,True,7,12.964314679643149,1176.197080291971,66.70984,24.746336,2774.8215,0.8147196150806496,False,,43.33902021570711,4.170308073214919,1.3982178801291878,802.5515338287747
21.480966661889532,34.70898311751764,3628.630984950746,1.0271152088050601,True,7,1027.6496191512513,1074.7247007616977,44.97947,24.795588,1833.8407,0.6099534574348183,False,,23.498503338110467,9.913395117517641,1.978705666719441,782.9173080148765
36.7194354977007,27.411218267852533,3424.7385442085015,1.0049807776648323,True,7,3494.207508532423,1108.522866894198,72.43812,24.73994,1277.6018,0.7872103198994492,False,,35.7186845022993,2.671278267852532,2.68059934183601,565.1704200575579
24.128984057682086,177.62122197642597,4141.391094152046,1.0192957338473647,True,7,1860.2155907429965,1056.545676004872,39.15273,25.353651,1493.405,0.5746081651620496,False,,15.023745942317912,27.732429023574014,2.7731198798397263,843.0954140477819
67.49392758249387,25.63151233628266,3963.887654125395,1.005588858705321,True,7,2902.351729212656,979.5371596762324,73.61887,24.956669,3051.6904,0.5001609029178548,False,,6.1249424175061336,0.6748433362826596,1.2989153991916726,482.49074413748184
61.87154633037649,22.352272792956878,3594.0339954502942,1.038206538106088,True,7,512.9439002671415,969.1442564559215,57.524826,24.843609,2748.954,0.5137545653209813,False,,4.346720330376492,2.4913362070431333,1.3074187474400423,456.91634655285935
68.94990863458119,27.834203805091327,7113.846090840341,1.0189498886611799,True,7,3327.833333333333,937.7552552552552,69.74112,25.328192,4112.5938,0.9764931927364996,True,45.02748246469258,0.7912113654188033,2.506011805091326,1.7297711460928482,856.7174589074851
13.647961852966136,75.94042177786298,3527.6173837050037,2.426224679469226,True,7,235.7750491159136,811.4449901768173,50.609253,24.304972,1156.9807,0.6431341968253472,False,,36.96129114703387,51.63544977786298,3.048985504861925,954.8773110031234
-4.401574707024768,26.849910131275937,4165.530353788135,1.0225100291499398,True,7,1288.5598755832036,763.7604976671851,33.155994,25.108747,2617.4028,0.6495293668375133,True,6.956504330801852,37.55756870702477,1.7411631312759361,1.5914747068308075,4165.530353788135
22.788596982468608,26.73001251339786,4096.21070263094,1.0227088188182134,True,7,1775.6420323325635,729.7113163972286,41.528698,24.485249,1581.5416,0.5602346353282496,False,,18.74010101753139,2.24476351339786,2.5900113551429444,858.0715324923567
86.13550758679756,23.134814014821938,7758.3320345440125,1.0110791007748337,True,7,1619.6446977205153,746.5054509415263,97.49297,24.6254,11145.229,0.9348784269894922,True,58.52832281781989,11.357462413202441,1.4905859851780576,0.6961123934325631,835.9441320582995
67.70146310912412,28.624924738586127,4366.47710214498,1.0214414276255874,True,7,3995.738367658276,723.5797101449275,65.77368,24.336359,2775.3237,0.7592978204307604,False,,1.927783109124121,4.288565738586126,1.573321736179812,530.679314965335
47.017159308142155,16.94979634536849,5753.108289242191,1.0112646726576795,True,7,1501.0324508966696,682.8121263877028,52.35187,24.718395,1569.5505,0.5522915636469815,False,,5.334710691857843,7.768598654631518,3.665449623470026,839.0239453500327
45.53380698855866,23.729750348596145,4428.025170069253,1.027745164919212,True,7,809.9202898550725,687.8155467720685,73.29054,25.325998,1840.3441,0.5318297953892609,False,,27.756733011441334,1.5962476514038428,2.406085454382826,656.2103858800261
42.917502479953356,37.20791026098814,6883.388968396175,1.0245224799509562,True,7,1357.564856230032,604.3354632587859,72.08635,24.660055,3135.3245,0.6112349887957819,False,,29.16884752004664,12.547855260988143,2.195431116746026,1050.71538403735
41.8168072590484,28.998785902439156,4914.90285473035,1.0158760034344108,True,7,3988.864468864469,594.5347985347985,56.244286,24.523579,1728.9648,0.6729240143391939,False,,14.4274787409516,4.4752069024391545,2.8426853194063577,760.0453436514273
-8.312996242533554,3.427154578361981,2180.9264560764987,1.0295315232893174,True,7,1568.2510548523207,569.5685654008439,45.98304,25.766443,676.2112,0.5830722189247636,False,,54.29603624253356,22.339288421638003,3.225214927047199,2180.9264560764987
34.781034156722356,16.288726297154508,4739.729741808568,0.9914049734226711,True,7,1316.9500846023689,416.5296108291032,57.33111,24.480099,1111.9592,0.5620554472472438,False,,22.550075843277646,8.191372702845484,4.262503284121007,803.6784691564901
68.09931059667643,24.95053730399137,8761.665909217118,1.0316562491394714,True,7,989.4853846153846,478.12384615384616,64.584404,24.404217,7306.0063,0.9733239872796212,True,27.936713278388947,3.5149065966764255,0.5463203039913722,1.1992414938400913,1061.733037710883
17.48361610360355,90.22814969078543,10949.894378250825,0.851630510306074,True,7,3002.3115384615385,285.24038461538464,49.360054,25.534742,5710.42,0.7158949592731287,False,,31.87643789639645,64.69340769078542,1.9175287243759347,2618.75156033497
39.0516386410589,3.0710636700090945,11346.28053114152,0.8403024005280502,True,7,3104.7176573426573,198.99213286713285,57.402473,25.771696,5068.046,0.6264466920560946,False,,18.3508343589411,22.700632329990896,2.2387879926783456,1815.6573250074382
121.69192828464006,23.963027325264015,13412.555069759997,0.996876470732431,True,7,2881.164687252573,187.04315122723676,120.20523,24.799053,13504.82,0.7638999302057481,False,,1.486698284640056,0.8360256747359927,0.9931679999999998,1215.8517709845837
69.31456895785624,13.850296371948689,5453.009536248152,1.0301219172103944,True,7,325.6381294964029,148.79496402877697,70.21914,25.398462,6280.9844,0.9953863780671528,True,30.40109734546077,0.9045710421437576,11.548165628051322,0.8681775322110578,654.9738993664923
60.395037705279506,20.261532288944252,5713.311381786727,0.9854341602795247,True,7,3009.8414298808434,67.39963336388634,61.703636,26.271542,5764.578,0.7067611348943885,False,,1.3085982947204968,6.010009711055744,0.9911066138382942,735.1691355473712
33.89567527226016,72.23695312331377,8496.325501338897,1.0177847453600506,True,8,1645.9812925170068,3917.237244897959,59.274834,24.776615,2331.9963,0.9004354643527239,False,,25.379158727739835,47.46033812331377,3.643370060809658,1459.3484361372443
166.67517607162762,0.8722531738386723,39153.51323277695,0.9313122820105245,True,8,3473.8927125506075,23.52226720647773,53.6954,24.808321,3847.7183,0.6572701082243686,False,,112.97977607162761,23.93606782616132,10.175774362893707,3032.740674453694
27.89089247091744,26.405084779828893,6324.660316096549,0.9349090745725296,True,8,3599.0512077294684,25.28985507246377,47.628647,24.503042,2160.722,0.8045854545690754,False,,19.73775452908256,1.9020427798288928,2.9271050677026236,1197.5840405082458
1437850093.429853,176.60429018582684,170254001567.18982,0.8907375336598491,True,8,1769.734193548387,15.251612903225809,39.81744,24.005276,1946.3313,0.5347369026599533,False,,1437850053.612413,27.40098581417317,87474317.2281049,4489939.852036733
28.588418090903737,41.882821180640605,6709.608568893846,1.055981500701166,True,8,2339.6774758983347,74.66170026292725,54.775707,24.82172,3610.3042,0.7064036202651732,False,,26.18728890909626,17.061101180640605,1.8584607271857716,1254.8797820768966
51.80611785715134,51.83589968332215,10142.10817320837,1.0638992423051756,True,8,3788.456442831216,86.75771324863884,54.111034,24.73689,1930.735,0.8191566034459057,False,,2.304916142848654,27.099009683322148,5.252977841707106,1409.086693426495
57.3005433324236,17.733608791102654,3132.0179717020483,0.9649322619022569,True,8,42.07204116638079,303.74785591766727,54.28617,24.466806,2802.9458,0.5357413370168409,False,,3.0143733324236024,6.733197208897337,1.117402260044432,413.75654372968154
77.51093944802648,24.500154540765088,6556.9226011285755,1.0457420478856394,True,8,2448.734095782702,291.7748391708363,69.73576,25.205717,4406.9014,0.634588222966323,False,,7.775179448026478,0.7055624592348977,1.4878759486492201,744.7637961083248
57.32834486321687,24.011170051397762,7162.566069266689,1.0216647047668725,True,8,1487.253052917232,393.6194029850746,69.5534,25.802973,4971.3896,0.9961614599255214,True,32.742985179117454,12.225055136783126,1.7918029486022533,1.440757342628445,945.9843231871348
22.973695098618023,16.6524606745576,6114.1625070098935,1.0483556470978177,True,8,726.3408662900189,338.50376647834275,51.79621,24.30045,2329.741,0.5419398287059379,False,,28.82251490138198,7.64798932544241,2.6243958049456544,1275.620679464711
33.41150660676695,50.41426561840894,7308.6222959439765,1.0206613542757685,True,8,564.2596380802518,472.03461841070026,61.31485,24.6582,1482.0039,0.6117835759663921,False,,27.90334339323305,25.75606561840894,4.931581014020258,1264.408738695654
-10.275525199347904,77.8810815897302,9127.005982751782,0.9420767246026885,True,8,4083.855769230769,459.4436813186813,40.68531,23.968231,2787.6895,0.9319620528341874,False,,50.960835199347905,53.9128505897302,3.274039659995054,9127.005982751782
44.46631944654985,48.267001429584774,9693.759777616277,1.0046509841509494,True,8,3006.041506533436,466.8854727132975,64.77893,25.596548,2702.998,0.812533624750139,False,,20.31261055345015,22.670453429584775,3.586299278658836,1453.706262591405
20.016431755878518,141.97961695351802,5879.027477724125,1.0452689672881466,True,8,2839.8820912124584,533.4371523915462,44.1953,24.604317,508.67563,0.5560053973079838,False,,24.178868244121485,62.62470004648199,11.5575174649592,1314.0508149515288
64.73456765051382,21.876693076998414,6747.261458309384,0.9936264688723021,True,8,661.5063538611926,661.5884652981428,51.67575,24.391579,2102.5674,0.5250680822456787,False,,13.058817650513824,2.5148859230016,3.20905834377028,838.6087965935171
-2.7445626536761876,40.87731770938289,3831.802951585424,1.0628970965980211,True,8,3705.1987000928502,690.7901578458682,51.903408,24.28947,3181.7139,0.6550785785288928,False,,54.64797065367619,16.587847709382892,1.2043203983819613,3831.802951585424
88.37799567334028,11.280454733755558,11468.660786898954,1.0178915833522408,True,8,1676.5153203342618,690.5480501392758,64.24387,24.52921,1571.9395,0.5088284202717243,False,,24.13412567334028,13.248755266244444,7.295866531058577,1219.946073790981
39.33132836121972,173.60066884370897,7897.525387021975,1.07509041130117,True,8,3693.457142857143,786.8372294372294,60.312595,25.201517,1682.5201,0.5396816652800399,False,,20.981266638780284,31.600848156291022,4.69386688873552,1259.2783111471472
55.446659215517286,20.229847941130707,8253.130825255434,1.0471011070383753,True,8,2639.1066225165564,720.7966887417218,72.67477,25.074345,4870.3438,0.9852180315348466,True,39.94423293080474,17.22811078448271,4.844497058869308,1.6945684255915228,1108.360493588848
24.932533846826445,31.717634429227687,6181.752896083617,0.9544135291091885,True,8,41.48095659875996,801.9211691762622,54.975407,24.807577,1991.7129,0.5759207082560166,False,,30.042873153173552,6.910057429227688,3.10373693722806,1238.022199663727
20.175228444826686,74.00595606614067,5295.009057132616,0.988432435246679,True,8,292.3074398249453,869.3938730853391,44.507877,25.561575,2274.6829,0.554993495872027,False,,24.332648555173314,48.444381066140664,2.3278009682723764,1178.8470928800339
46.03741319021931,42.77614228585905,24266.00901076693,1.0506412773619267,True,8,937.8397212543554,839.2723577235772,88.14834,24.654358,10531.862,0.9548386336541114,True,44.169322254390586,42.11092680978069,18.121784285859054,2.3040568714978353,3576.3737457971497
36.07708451697268,178.51225899565355,6863.7441462731385,1.031311522542943,True,8,2273.228140703517,915.2633165829146,50.003094,24.724268,2880.5498,0.709357536485744,True,30.421653569208303,13.926009483027315,26.21200900434644,2.3827896140775415,1142.7345793838174
50.00500685451388,34.64552351594846,6426.990012316468,1.0107257190592986,True,8,116.26399331662488,920.3324979114452,58.567738,24.960306,2739.687,0.7024161408756981,False,,8.562731145486119,9.685217515948462,2.3458847716240827,908.8681394991149
6.651511284978126e-05,31.015830802166455,5416.713304238719,1.0247883447846584,True,8,2524.1044444444447,1146.5622222222223,88.29311,24.664833,5356.808,0.988538919122609,True,53.844609997358745,88.29304348488715,6.350997802166454,1.011183022471352,5416.713304238719
27.365335701005755,163.48327274386685,6457.607635776243,1.031813869485798,True,8,2286.110396570204,1229.9389067524116,43.984016,24.443998,1894.7487,0.8176804295449633,False,,16.618680298994242,40.960725256133145,3.408160478366468,1234.4436319863403
10.897772080132384,177.5099185205173,4789.051945438378,1.0439058739079214,True,8,1817.293388429752,1302.8347107438017,35.28972,24.569063,2418.5806,0.6026369070569606,False,,24.39194791986762,27.05914447948271,1.9801084757888072,1450.7102761423264
33.34295578592903,12.571554200750453,4876.800758686797,1.037947930825327,True,8,2668.2907488986784,1171.3898678414098,45.215054,24.186678,2617.5356,0.5404195779538445,False,,11.872098214070974,11.615123799249545,1.863126812367632,844.5647762719283
36.14452029947804,148.20850552418432,14338.635752967224,1.0009403432542248,True,8,439.8253477588872,1250.5100463678516,60.975044,25.214977,6606.302,0.9896449549162468,True,27.46351183106791,24.830523700521958,57.00647147581569,2.1704481195330194,2384.9902051276204
18.688860621709146,44.81094800004934,5901.758824166254,1.03901419124942,True,8,3901.924464487035,1267.8072153325818,42.568363,25.043354,3392.9387,0.5861338690704238,False,,23.87950237829085,19.767594000049343,1.7394239466119013,1365.1804032175237
69.4913340710776,23.24050684519643,5253.795740528946,1.0171543691710188,True,8,672.0564516129032,1385.6424731182797,70.00756,24.554552,3327.3882,0.8350404482693815,False,,0.5162259289223954,1.3140451548035799,1.5789548512941611,630.2427514674584
69.5160367777003,28.900522598116552,5570.847520377258,1.0257341699030154,True,8,558.5704323570433,1475.0251046025105,68.364944,26.313732,2430.397,0.5379051023303582,False,,1.151092777700299,2.5867905981165507,2.2921553640731362,668.1573795559267
35.69002411417298,17.53462288527385,13246.203011543023,1.0331921836158917,True,8,2967.97957695113,1515.6761487964989,65.60016,24.892824,4767.8403,0.992146286603542,True,37.85394294736675,29.910135885827025,7.358201114726143,2.778239659483356,2217.2669627913033
46.6573672523952,10.72097452206766,7658.939892943167,1.0302785306331326,True,8,2377.903892944039,1570.594890510949,42.26739,27.437607,4054.0532,0.8937069158890963,False,,4.389977252395198,16.716632477932336,1.8892055715852885,1121.2657246846968
72.9197005996135,27.63682188079925,6647.118709121278,1.0299713549853757,True,8,3864.62545720556,1699.633504023409,62.077812,24.399738,3023.6057,0.6045790067563932,False,,10.841888599613505,3.2370838807992506,2.198407917117393,778.4146419188223
14.547956525342343,154.03679697215307,4610.878272482834,0.8897307220908401,True,8,22.72878048780488,1627.719024390244,45.1563,24.33823,2178.403,0.6331822065829682,False,,30.60834347465766,50.30143302784694,2.1166323552083037,1208.8785167023404
55.651490940947,30.45800843412572,4954.924395035892,1.0402946016542516,True,8,3268.4176882661995,1772.3187390542907,59.340622,24.693026,2440.1853,0.5380307217938294,False,,3.689131059053004,5.76498243412572,2.0305525137930682,664.1996313758616
61.7935234530928,23.099150802837233,7690.829458885146,1.017980867984192,True,8,1796.139240506329,1773.554728220402,66.763084,25.118546,4057.0615,0.5298830890737689,False,,4.9695605469072035,2.0193951971627655,1.8956649927256823,978.3667878800678
26.269584615382154,167.9914817495182,6648.775114114345,1.0253891083364126,True,8,3176.396980461812,1701.5301953818828,54.009426,24.778671,1955.3146,0.846880996748726,False,,27.739841384617844,36.787189250481816,3.4003607982645585,1297.2241971085439
50.362556849612886,83.62418090881499,14092.220195972743,1.0186539802703234,True,8,1340.760775862069,1820.676724137931,71.02165,25.26028,1974.6061,0.9337042707446664,True,52.72344992558737,20.659093150387108,58.36390090881499,7.13672473511185,1985.7544079021302
43.085046451583146,26.562685018879748,6107.793653300902,0.9965236079645077,True,8,300.5882818685669,1830.6753760886777,59.54063,24.560375,2576.436,0.7615619107560467,False,,16.455583548416854,2.002310018879747,2.3706366675907735,930.5100617823898
23.988985904839804,2.1455498118138028,6758.175895350429,1.0343322713848528,True,8,3426.146620847652,1792.9621993127148,44.267735,24.705816,3466.0916,0.8539273139043989,False,,20.278749095160197,22.560266188186205,1.9497972573345805,1379.8235290418204
-21.892136130308003,96.09100657317086,7128.3712301258565,0.9971697403131856,True,8,607.6375291375291,1849.1596736596737,44.127464,25.757902,2470.3333,0.7810768111287295,False,,66.019600130308,70.33310457317086,2.8855908755817916,7128.3712301258565
23.684497208786894,95.80359350609788,7550.701836749941,1.029208464750138,True,8,1665.561072492552,2005.4041708043692,49.99649,27.337835,2420.3625,0.6967136991762019,True,59.84620375393071,26.311992791213108,68.46575850609788,3.119657421873765,1551.5123478113758
27.222002286261073,21.19640307660893,4213.853767517663,0.9288328887506303,True,8,15.400759734093068,2109.258309591643,56.18285,24.365837,3563.641,0.7177185666919348,False,,28.96084771373893,3.169433923391068,1.1824574269736101,807.6429887147177
-24.001988275501027,148.66444788909592,2789.730245306373,1.006988433970755,True,8,2219.923676012461,2079.9119937694704,62.76858,24.970642,326.07925,0.6066613781248666,False,,86.77056827550103,56.30619411090407,8.555374944300727,2789.730245306373
61.73152581967878,33.951039306617616,9059.863962129419,1.0405750812233234,True,8,3731.741185897436,2330.984775641026,60.077198,24.529343,4471.389,0.771713446838132,False,,1.6543278196787767,9.421696306617616,2.026185590680976,1153.1031826312942
39.12382821290814,38.81282985715464,4752.245737242171,1.0240964461203468,True,8,1359.1633714880334,2385.1550468262226,48.6101,24.360378,1777.5842,0.638064758179692,False,,9.486271787091866,14.452451857154639,2.6734293302349172,759.7631369509444
40.295995890066045,25.873833154010534,5406.134522252441,1.0194381520208795,True,8,1703.1176024279212,2402.1790591805766,61.565536,24.450651,3557.2124,0.5476641362609358,False,,21.269540109933956,1.423182154010533,1.5197671418924663,851.6397060620432
-9.440073736638277,36.980644729160424,4238.405835995531,1.0246590396624113,True,8,2630.5437908496733,2351.052287581699,35.255577,28.771158,1778.0922,0.5078733507723608,False,,44.69565073663828,8.209486729160425,2.3836816988430245,4238.405835995531
64.36706379393233,92.85343354240729,20750.626528284243,0.7561031411057584,True,8,4027.802462227197,2539.6961387800784,82.5149,24.511246,5919.966,0.8135532441952688,False,,18.147836206067666,68.34218754240729,3.5051935312270786,2586.421875008513
-3.467028834141245e-05,45.46674170591707,4601.303888497507,1.0241985691888993,True,8,878.5702179176756,2607.4709443099277,41.40858,25.330206,1703.9268,0.6315275421999317,False,,41.408614670288344,20.136535705917073,2.7004117128138994,4601.303888497507
-3.703095183740577e-05,21.16854195509624,3597.431309374263,1.0415277487946963,True,8,2079.7589743589742,2475.3,39.65015,24.56404,2157.0793,0.8712546311264664,False,,39.650187030951834,3.3954980449037464,1.6677325258159323,3597.431309374263
63.812718658949336,16.22427615226996,17030.872178081783,0.8581499551552326,True,8,3936.138824310861,2608.1095981401527,112.84846,25.814844,5575.2686,0.617078450538807,False,,49.03574134105067,9.590567847730028,3.0547177902929703,2131.9806842158014
28.380738726960043,19.58741801718853,5706.110732063202,1.0314170905360287,True,8,420.0798742138365,2719.32641509434,70.263,24.781813,2927.3452,0.8403403099913787,True,45.27366085258343,41.88226127303996,5.194394982811474,1.9492442271800405,1071.0958767510174
25.52123468657154,115.69665761448191,9829.558823002812,0.7533230421851033,True,8,4011.7128888888888,2687.568,56.896797,25.472221,3292.4673,0.7457873821042922,False,,31.37556231342846,89.7755633855181,2.985468928727952,1945.7327342745903
9.50477246737012,2.7055941621511646,4922.263585985149,1.0890544621919922,True,8,3520.1709844559587,2775.925388601036,45.738747,25.081795,1487.5867,0.5707982297869394,False,,36.23397453262987,22.37620083784884,3.30889190255946,1596.5922025413927
44.17840941233452,50.19590059935704,9009.243990082692,1.051530265184673,True,8,3442.840967575913,2741.811631497684,76.738716,25.343597,2079.433,0.5142224566574166,False,,32.56030658766548,24.85230359935704,4.332548338937918,1355.4494039501913
18.29071771132945,45.47127192483884,5242.407072297301,0.9968156619580825,True,8,870.2317497103129,2818.393974507532,39.769173,26.05661,1739.6711,0.5830313353669865,False,,21.478455288670553,19.41466192483884,3.0134472385598063,1225.788005106569
37.436991616704674,41.404412764404945,6266.698548641409,1.0033978706062503,True,8,550.430846605197,2849.511316010058,55.1908,25.31023,2627.7932,0.7084217357518311,False,,17.75380838329533,16.094182764404945,2.3847761492956936,1024.2083990133438
10.867484027675589,16.245032609020758,4005.859644308575,1.0252742870389868,True,8,1822.6886363636363,2802.7761363636364,42.245605,24.986536,1758.8369,0.5376787404035817,False,,31.37812097232441,8.741503390979233,2.2775617479418218,1215.1537271450793
62.27858893361092,32.07609251183426,9106.263855206165,0.9715830527690177,True,8,1047.061677631579,2900.3034539473683,59.382282,24.68141,2980.569,0.8154790500083561,False,,2.896306933610923,7.394682511834262,3.055209879457971,1153.907106083576
41.251729404601505,42.2895209653643,6930.878527610286,1.0291919272343002,True,8,1916.718899521531,2863.843301435407,42.58671,24.457644,1789.0703,0.5118560331055201,False,,1.3349805953984912,17.831876965364298,3.874011282625555,1079.1137025089395
59.049446,24.975685000000002,3451.5076,0.9679001005383366,True,8,4056.859663865546,2918.079831932773,59.049446,24.975685,3451.5076,0.6644702826950567,False,,0.0,3.552713678800501e-15,1.0,449.15984190386183
-25.409621254710828,137.4929143820025,28229.74899277521,2.0405826907651208,True,8,927.7845249755142,2955.182174338884,48.77088,24.327824,-2935.7175,0.6510848627808589,False,,74.18050125471083,66.83490961799748,-9.615962364490183,28229.74899277521
0.013996382213300516,38.7340125997462,6073.685654154063,1.0278435831542794,True,8,3163.0752475247523,3078.269306930693,72.11644,25.356476,4053.133,0.5989999281772994,True,51.949179748860026,72.10244361778669,13.3775365997462,1.4985162475926803,6073.685654154063
26.916058481575334,25.873566264503737,2972.820057203706,1.0528932124065262,True,8,1902.85559566787,3153.38146811071,80.31797,24.596514,5582.867,0.988356690765275,True,54.46248797957091,53.40191151842467,1.2770522645037374,0.532489858204343,573.010909883318
34.862733288812485,138.7993757341298,16780.19017817876,1.0093635667202423,True,8,1370.9689158453373,3183.7968157695223,65.79578,24.542595,6347.0684,0.991383781966656,True,35.935782848924106,30.933046711187508,65.74321926587021,2.6437701818651838,2841.9482266626037
27.32294000501306,11.464845312072118,9096.216217731067,1.0270771371252014,True,8,2713.329745596869,3156.470645792564,51.14052,24.55635,1821.7175,0.8373850218862601,True,34.16241347955284,23.817579994986943,13.09150468792788,4.993209000699102,1740.1915711384852
65.28979718847926,29.882316674154833,10210.238152108324,1.0481290834072357,True,8,549.2147651006711,3317.5637583892617,67.03771,24.509918,5322.359,0.9947338078594689,True,41.45627360554717,1.7479128115207487,5.372398674154834,1.9183670534265584,1263.6104599963794
-2.1505201420820583e-05,6.479241922992464,4038.549960308569,1.013554029356153,True,8,2835.107776261937,3232.171896316508,35.015244,24.044971,1309.1318,0.6345793928283038,False,,35.01526550520143,17.565729077007546,3.084907081402017,4038.549960308569
40.020183596837114,14.490045511785404,7076.096225261366,1.039107161358672,True,8,2537.675261885576,3342.7671232876714,60.872066,24.499327,2504.9653,0.7557057572901354,False,,20.851882403162882,10.009281488214583,2.824828042632513,1118.546882566089
46.305720232917274,14.17817337954494,15484.452138903793,0.7094891016066087,True,8,1134.0162696106916,3357.1016850668216,79.51669,24.343021,4015.397,0.7321367002523492,False,,33.21096976708272,10.164847620455049,3.856269290160797,2275.5088150871375
-22.329394413772224,35.09693495855652,9479.359735631495,0.6321847063112269,True,8,1278.2403685092129,3363.819095477387,58.01974,25.612959,2353.5796,0.6628792382687827,False,,80.34913441377222,9.483975958556517,4.02763506942,9479.359735631495
33.79462022701384,88.65370694635978,13700.67382616374,0.8263863739158497,True,8,1200.18487394958,3449.0882352941176,58.828278,26.033707,5158.917,0.7058171459019774,False,,25.03365777298616,62.619999946359776,2.655726739965721,2356.7751048289233
93.71216499943647,16.917666960842116,12302.25884514329,0.9961166989277341,True,8,361.02878365831015,3537.5506035283192,53.400417,24.505663,3194.917,0.5040429136912665,False,,40.31174799943647,7.587996039157872,3.8505722825172892,1270.8282921660038
58.88480332047838,45.93145321899912,19308.49284548684,1.0184061982748362,True,8,1841.1823235130628,3751.9032795997778,84.60076,24.640705,8218.455,0.9734908479466065,True,54.99818250790032,25.71595667952161,21.290748218999116,2.349406651917768,2516.2092882661323
11.706739653588071,175.37051767395704,5406.638470228952,1.046575743865735,True,8,3584.026350461133,3639.745718050066,38.08177,27.062195,3210.5095,0.7927292451291271,False,,26.375030346411926,31.691677326042964,1.6840437538742534,1580.1901493993944
32.01193263518615,21.68707312545585,4820.670783228629,1.0333539337665665,True,8,3871.8619957537153,3794.532908704883,48.18566,24.371082,2686.5234,0.6087493495029794,False,,16.17372736481385,2.684008874544162,1.7943900221485616,852.0234074085724
-0.003735771801924628,49.205751265283496,9385.17883929654,1.029208287685338,True,8,997.641651031895,3752.980612883052,74.19148,24.948933,5605.9766,0.5514641984525928,False,,74.19521577180193,24.256818265283496,1.6741380688775156,9385.17883929654
14.469391480305836,9.65731528537768,4950.258969019738,1.0503682841423367,True,8,3588.2998204667865,3879.527827648115,54.31526,24.769547,1915.3789,0.5714719281935075,False,,39.845868519694164,15.112231714622311,2.5844802660297335,1301.375977899369
104.44958186965519,31.5103089250986,7686.516422994977,0.7999696119708447,True,8,3443.894676588437,3890.27418431597,83.853355,24.218805,5013.383,0.8866698775631547,False,,20.596226869655197,7.291503925098599,1.5331995227563857,752.1010700168674
14.469404375487763,169.15523593711566,10465.378079489677,1.0156372635671977,True,8,217.83816425120773,3855.6787439613527,42.936184,24.958488,3102.958,0.9795266135649036,True,18.26729558367813,28.466779624512235,35.803252062884326,3.3727101944305007,2751.2470859992677
87.59001207871994,15.722668871996506,2920.8488592198582,1.0467133705394023,True,9,1459.973372781065,3909.4704142011833,58.900673,25.97898,888.2352,0.56000952345906,False,,28.68933907871994,10.256311128003489,3.2883732363003157,312.09139299787705
-25.432411014628002,55.33191942438753,7418.0988729911805,1.0607170095740008,True,9,707.7377326565144,3922.830795262267,58.480007,25.38993,1694.5845,0.99163826716068,True,26.576816234669742,83.912418014628,29.94198942438753,4.377532588661811,7418.0988729911805
3.9757533020738054e-05,20.54624541899397,1931.4064642757833,1.040285331675214,True,9,4038.1871921182255,3784.795566502463,37.88519,24.440758,1075.5181,0.5589497521640504,False,,37.88515024246698,3.8945125810060404,1.795791688002074,1931.4064642757833
16.46989801434252,68.10515474529973,3658.110814084512,1.055615216859559,True,9,2102.8413068844807,3821.8961493582265,39.675224,24.839102,296.12845,0.7126334270645475,True,21.831975270032707,23.20532598565748,43.26605274529973,12.353121809419232,901.3872325527834
16.688608121837362,27.425228431959994,3510.7118692325585,1.0576139573104129,True,9,412.367447595561,3694.683107274969,39.84236,24.166292,1498.3362,0.8584557963610416,True,8.62898489626195,23.153751878162637,3.258936431959995,2.3430735166330217,859.3797761258655
-4.897525651728052e-05,25.951496776690554,2745.3229748323047,1.0512534085824212,True,9,3433.3385909568874,3638.584647739222,47.572567,24.9801,1462.7499,0.902857335009063,False,,47.57261597525652,0.971396776690554,1.8768232182632894,2745.3229748323047
-14.23016510174925,92.33473951617799,2947.522485529673,1.0546815308151691,True,9,1092.0965842167257,3663.86101295642,44.591133,25.66897,990.9084,0.5887290962267343,False,,58.82129810174925,66.66576951617799,2.9745660502319615,2947.522485529673
8.053508763038319e-05,169.87908840165764,3840.786585598817,1.0738987346112276,True,9,916.4362532523852,3495.934952298352,58.053127,24.48205,1298.6034,0.961971043540271,False,,58.05304646491237,34.60296159834235,2.9576286228719386,3840.786585598817
69.53204427361305,77.68555537350669,34836.81711186064,0.8345881826164439,True,9,276.594777265745,3469.853456221198,154.3382,24.563387,6064.618,0.5960792716559541,False,,84.80615572638695,53.12216837350669,5.744272287530829,4177.783877165284
6.20931837066573e-05,156.1111858041215,3075.780391170053,1.0506363260238991,True,9,835.206599713056,3412.183644189383,35.948517,27.216455,1059.8706,0.7162038511721296,False,,35.948454906816295,51.10526919587849,2.902033881466335,3075.780391170053
-37.5715006249777,5.370157141767481,5355.782405184614,1.0508538070477607,True,9,932.1091170136395,3307.979899497488,63.264763,24.42872,802.34875,0.5385518707349151,False,,100.8362636249777,19.058562858232506,6.675130241287985,5355.782405184614
68.90165,98.730804,1000.0,0.08808222753505265,True,9,328.5112229102167,3259.358746130031,68.90165,98.730804,0.0,0.5662669431894238,False,,0.0,0.0,,120.47174164277254
2.7907660922199147e-05,43.83008081164792,3766.338033146922,1.055883500897309,True,9,643.7184401850628,3294.5208195637806,78.4596,24.937075,2508.7295,0.9965716909671624,True,55.68335562251519,78.45957209233907,18.893005811647917,1.5012929983670706,3766.338033146922
50.69588344800004,3.7970734248740867,4268.112554539488,1.0235351668778796,True,9,3433.602564102564,3280.725274725274,66.20007,25.026287,1754.1476,0.5196956578957277,False,,15.504186551999958,21.229213575125925,2.43315474395626,599.4452398815785
95.76379921147772,109.93333895897833,24946.29249506796,0.7276311905129353,True,9,361.4416706673068,3110.0465674507923,107.08999,25.067043,4175.0938,0.7930360207644674,False,,11.326190788522283,84.86629595897833,5.975025637763626,2549.208315304501
65.87335204125858,57.47293073985373,5595.812336262663,1.0922719570731751,True,9,2663.3028812368234,3042.834855938159,70.722176,24.712837,1540.9304,0.6647942834276432,False,,4.84882395874142,32.76009373985373,3.6314504122072373,689.4587054307243
-4.985830211463861e-05,179.63927677171532,2308.2816919859306,1.054900856568591,True,9,1236.3280159521437,3069.5463609172484,48.20172,25.802164,995.55505,0.6884697774667794,False,,48.201769858302114,26.16288722828469,2.318587698375826,2308.2816919859306
26.05441281603791,39.963445518506816,4347.753966374181,1.0344963794813846,True,9,337.54959053685167,2943.839854413103,55.100483,25.219921,910.1361,0.6068146306107227,True,22.556074250414515,29.046070183962087,14.743524518506817,4.777037155623407,851.7738738118628
57.37966384261715,30.3438019125133,4931.009050397937,1.0481550443905632,True,9,105.45940594059404,2944.3920792079207,53.009674,25.00016,1647.5553,0.7251059112485172,False,,4.3699898426171515,5.343641912513299,2.9929247597321544,650.963742506778
46.21612631358197,127.01036348739936,4767.543972541691,1.063061000367124,True,9,878.4759825327511,2920.707423580786,55.1063,24.6522,1688.1284,0.6243259472192871,False,,8.89017368641803,77.64183651260063,2.824159567804019,701.2904690407914
9.944053211125158e-06,35.371315680181524,2194.128104246518,1.0653495821372498,True,9,835.8252212389381,2797.8938053097345,47.54991,25.274908,1477.8707,0.6116415609098702,False,,47.549900055946786,10.096407680181525,1.4846549865604062,2194.128104246518
5.6382648034526285e-05,28.502754565902222,2318.4769567057506,1.0485669942363993,True,9,412.7510373443984,2798.8703319502074,47.794205,24.231913,1175.3854,0.7354641421177842,False,,47.794148617351965,4.270841565902224,1.9725248898835657,2318.4769567057506
6.75145838821789e-07,37.136381469974104,3334.290449190161,1.0261100164943753,True,9,3430.432727272728,2735.490909090909,88.05911,24.759485,2245.429,0.706094610627135,False,,88.05910932485416,12.376896469974103,1.4849235710370539,3334.290449190161
-30.557262529377944,70.71027670081101,7562.738106909381,1.0520399598057901,True,9,3330.310216256525,2656.121551081282,67.87787,25.226772,2445.7668,0.8949687422284379,True,31.00464830419052,98.43513252937794,45.48350470081101,3.0921746533272843,7562.738106909381
-26.51916665251497,55.72391061152241,4900.3575632149505,1.030540701006533,True,9,3490.083333333333,2621.316017316017,46.482952,25.683416,1491.3896,0.7905551808563968,True,12.144935819220535,73.00211865251497,30.040494611522412,3.2857662164299324,4900.3575632149505
19.59288898898921,153.7420365545308,4908.073754214609,1.0550180287660156,True,9,2087.2297297297296,2674.002457002457,40.11562,24.35398,987.94525,0.8869386516975802,True,18.083129857177678,20.52273101101079,50.611943445469194,4.9679612855212465,1108.8220185110606
-15.679617209617625,28.84637497145205,4306.442041374259,1.047205765120582,True,9,1787.4265350877192,2486.032894736842,48.707756,25.619373,1584.4421,0.9447167405987452,True,14.483513453879286,64.38737320961764,3.227001971452051,2.717954819159538,4306.442041374259
4.748862190982552e-06,28.266342063794987,3338.1590244838335,1.0072165026426543,True,9,3437.0942100098137,2479.459273797841,52.966606,24.80909,2365.3748,0.9206397412659036,False,,52.96660125113781,3.4572520637949857,1.411260077888643,3338.1590244838335
-23.233516951439277,5.901681897198285,5304.724967929389,1.045216180207991,True,9,4014.096743295019,2411.251915708812,54.116787,24.618044,1713.9269,0.9003043053003191,True,9.699632246495764,77.35030395143929,18.716362102801725,3.095070722053192,5304.724967929389
-47.65452492477126,71.07844466514517,5529.879224151761,1.1026164334808164,True,9,2943.79243697479,2271.9084033613444,55.39818,25.068403,843.56433,0.5047541727404419,False,,103.05270492477126,46.01004166514517,6.555373464110035,5529.879224151761
57.90498925077225,33.473327383195965,2318.8078220316984,1.0760619793992097,True,9,941.8498322147652,2220.981543624161,59.78462,24.959175,1281.6167,0.7136754925397158,False,,1.8796307492277435,8.514152383195967,1.8092834012163685,304.7240726402944
0.00018123040853387543,17.886775715500804,4273.9150896593255,1.0595029103707891,True,9,3285.272857142857,2111.514285714285,35.586987,26.132597,1918.7155,0.8477630154133095,True,11.80390016669471,35.586805769591464,8.245821284499186,2.2274876549750733,4273.9150896593255
87.5466039606693,13.596111233693922,6354.713511336882,1.0757572571161922,True,9,1433.6113879003558,2092.7786476868328,69.18411,25.080622,1943.9799,0.969087737235232,False,,18.362493960669298,11.484510766306073,3.2689193501110183,679.1666063558457
78.48305379570738,9.188777886233076,5634.728066769359,1.0384731609841755,True,9,2990.426956521739,1853.134782608696,60.2462,25.015663,1389.3298,0.6749484324552631,False,,18.236853795707376,15.826885113766934,4.0557166964743425,636.0408585506357
36.6836850662817,118.10607759016357,6443.83877168873,1.0638686924421017,True,9,3832.686925795053,1805.6791519434628,70.34881,25.05462,1673.6086,0.8867115682552411,False,,33.6651249337183,86.94854240983643,3.850266287881605,1063.9180755394113
-0.04158004006312231,79.06358281209236,2952.518200378071,0.9824010412182199,True,9,3925.428691275168,1889.268456375839,60.916576,24.57787,2920.7332,0.512437071861462,False,,60.95815604006312,54.48571281209236,1.010882541540621,2952.518200378071
18.363805500903617,146.8771808423026,3313.926623931303,1.0648265680871631,True,9,1140.435304990758,1820.19685767098,55.63949,25.413273,979.157,0.5011215881154448,True,48.45944381272256,37.275684499096386,58.5360921576974,3.384469113667474,773.3241021134637
41.09430929169744,2.6437939296050903,3548.8134715976516,1.0805095927602166,True,9,3477.1385017421603,1769.628919860627,59.944256,24.835098,2118.1255,0.8300611860020759,False,,18.84994670830256,22.191304070394892,1.6754500484497503,553.5952185857348
26.082368003375397,55.90991992270277,8562.82462768794,0.6665129567834468,True,9,4076.858797972484,1807.225923244026,64.13795,23.596386,1323.9513,0.5821488469384756,False,,38.05558199662461,32.313533922702774,6.467628097565175,1676.654351331658
-0.00016250688439984335,71.17979200156462,2750.247283497946,1.0478132618414564,True,9,2169.8537252221463,1735.7730690362268,69.7644,25.408087,1126.2789,0.6670834675861484,False,,69.76456250688439,45.77170500156463,2.4418883133635423,2750.247283497946
8.553868343418698e-05,27.2353232893268,1569.263656050398,1.0449356477848042,True,9,972.644272179156,1716.891472868217,61.5845,26.78849,737.07446,0.5382270166280916,False,,61.58441446131656,0.44683328932680055,2.1290435922178035,1569.263656050398
-136.74446445618148,102.22453048608513,44041.2735210259,0.8508775088529084,True,9,3855.7972394098047,1704.9095668729176,102.84704,24.370907,5936.888,0.8407057439375545,False,,239.5915044561815,77.85362348608513,7.418242271207727,44041.2735210259
47.23576884951699,168.65407190811845,12096.75106258758,0.5159136745163849,True,9,4035.8912437256,1499.8176240936978,81.029945,24.501163,4333.1826,0.5227388596527442,False,,33.79417615048301,35.84709109188154,2.7916550441672086,1760.0834086795064
-28.676333347471022,12.780527400325376,4060.586340652526,1.0604997790943058,True,9,2658.36013590034,1469.2174405436017,43.693455,24.580538,1026.1635,0.5119354160675093,False,,72.36978834747103,11.800010599674636,3.957055908393278,4060.586340652526
6.399922203960268e-07,27.436571016014653,3363.4529044916553,0.9766208561280825,True,9,19.073777777777774,1450.7875555555556,60.07922,24.909136,1365.1844,0.5823379854099261,False,,60.07921936000778,2.5274350160146533,2.4637352320255457,3363.4529044916553
-45.372154161692954,123.50862703869538,5305.263790674278,1.0452902136646038,True,9,2480.1969568892646,1385.8174133558748,60.87904,24.96298,880.612,0.6877856500476608,False,,106.25119416169295,81.45435296130462,6.024519073864856,5305.263790674278
189.6730677435475,12.202968394382886,59068.891009327606,0.9084833810406596,True,9,3639.189667374381,1380.8998584571832,136.2859,24.709229,6630.4854,0.6543488971677763,False,,53.38716774354751,12.506260605617115,8.908682765416783,4288.999375704132
1.006731734142178e-06,23.001205112216663,2471.355211947921,1.0574086423853495,True,9,2649.2066666666665,1358.3966666666668,46.066326,25.003342,1249.9374,0.7759379918223088,False,,46.06632499326826,2.0021368877833368,1.9771831868923362,2471.355211947921
-29.413697651347775,83.12531859267983,7110.249956872289,0.5734413141694646,True,9,3933.0250658974487,1423.074799820958,291.77893,64.3013,1394.2865,0.6897406693864683,False,,321.1926276513478,18.824018592679835,5.099561644520183,7110.249956872289
45.13542490543216,41.65838622692859,13692.75281948944,1.0697111046956223,True,9,1866.650668286756,1382.9453219927095,79.60854,24.781889,2738.4673,0.9617968036468064,True,44.85274550382495,34.473115094567845,16.876497226928592,5.000152026459999,2038.130559250365
3.538829601390802e-05,42.39417894793511,2690.896701782548,1.0721931566102387,True,9,3060.914634146341,1255.719512195122,46.669746,25.18586,1277.9028,0.57864603173547,False,,46.66971061170399,17.20831894793511,2.1057131276201506,2690.896701782548
174.91952121912095,1.4866548033995104,8448.46320261857,1.0596607886116973,True,9,2790.543682310469,1183.3494584837545,62.10901,24.656992,2205.852,0.7390631673019759,False,,112.81051121912095,23.170337196600485,3.8300226862992486,638.7906884450867
83.36005454089658,21.665245980668022,5299.77098864706,1.0533978458452415,True,9,100.87235294117647,1162.220588235294,81.49062,24.593815,2727.2817,0.9927415160203632,True,52.642592156168,1.8694345408965773,2.9285690193319738,1.9432429692345532,580.4677666798422
104.19309684167422,10.28269624682216,24169.034118248797,0.7519511452312172,True,9,3967.9986569970456,1213.163040558689,183.2237,23.768797,12262.146,0.7102360407514543,False,,79.03060315832579,13.486100753177851,1.9710280825435285,2367.771678701679
36.494961825279766,3.3817911388040205,2844.525119629229,1.057689968704905,True,9,3676.873083475298,1062.8994889267462,61.126953,24.43011,1144.6299,0.6237679613605123,False,,24.631991174720234,21.04831886119598,2.4851046784897277,470.86164600869495
107.94751821309376,38.57135914100011,5625.1347003059245,1.0752914764720178,True,9,3154.8317631224763,945.4212651413188,70.7307,24.832935,2118.0178,0.9662138593378006,True,57.39028121514384,37.21681821309376,13.73842414100011,2.6558486431539547,541.4104020476204
17.749517670440525,13.547919419949395,3118.236758576367,1.0521065291007012,True,9,3618.9736842105262,893.6519138755981,40.129795,25.04017,1076.1954,0.6503882328786148,False,,22.380277329559476,11.492250580050609,2.8974633775394008,740.1432944057126
-5.797962547449953e-05,29.063364878092237,2550.03076964428,1.0795703360591238,True,9,518.9040968342645,863.0633147113595,53.756886,24.299694,1633.4363,0.6446504917538198,False,,53.756943979625476,4.763670878092238,1.5611449125039525,2550.03076964428
52.37089662808357,174.60955108017993,3693.1257871467433,1.070376407352953,True,9,1873.8046728971965,745.414953271028,51.794544,24.371014,1497.4019,0.695176375480884,False,,0.5763526280835691,29.761462919820076,2.466355750681726,510.3276450181185
-25.6855186473706,48.384639830689906,3356.0537472932474,1.0493071171124688,True,9,1375.351145038168,619.3260632497273,46.434074,24.60805,1104.7457,0.5627959676556147,False,,72.11959264737061,23.776589830689908,3.0378518307817335,3356.0537472932474
13.748804127003032,76.7379954551229,5003.398009643261,1.0514459491318557,True,9,3914.8274111675128,626.1045685279188,51.6596,24.483341,653.4461,0.691036061068943,False,,37.910795872996964,52.2546544551229,7.656940656074404,1349.3747805601704
-1.6819160677476952e-05,19.919720980997756,2346.698381181017,1.0636701916735791,True,9,350.71965628356605,486.1987110633728,48.94441,24.52675,1236.0775,0.8431689538816527,False,,48.944426819160675,4.607029019002255,1.8985042452281646,2346.698381181017
53.00717777997875,14.065218362370006,4410.498667450505,1.0335749746532992,True,9,2248.0613397901534,464.1041162227603,63.084137,24.623539,1732.6188,0.9388318417218614,False,,10.076959220021251,10.558320637630004,2.545567823372634,605.7875647970312
64.48574567319119,60.473712846535165,6768.254743646417,1.0972320518196552,True,9,2074.9075562700964,313.7725080385852,62.382355,25.142271,1497.4055,0.5246058680670034,False,,2.1033906731911927,35.331441846535164,4.519987901504581,842.8394077576876
38.537886431708266,170.55110527357988,5181.570421072918,1.056364859083117,True,9,3484.739293764087,246.64237415477083,56.838303,24.603083,1364.5249,0.8470473264045159,False,,18.300416568291737,34.05197772642012,3.7973439847619628,834.6751014792369
118.43942379702324,45.67194660531173,9077.877895122743,0.9597978970130787,True,9,303.9206212251941,20.46074201898188,59.169693,24.439808,1864.852,0.8634254345760338,False,,59.269730797023236,21.232138605311732,4.8678811482749,834.1347108753966
55.776840467637456,17.380842034909026,6905.47490411045,1.171501181900945,True,9,63.6930473372781,155.69600591715977,59.551872,24.293566,2041.7305,0.673063776120766,False,,3.775031532362547,6.912723965090976,3.3821676779136376,924.6270540475635
96.73186509054676,1.3254760590103085,7311.170131074921,0.9578891289943285,True,9,1624.5362453531598,3949.263011152416,55.42838,24.508331,2019.7195,0.5834034898412815,False,,41.303485090546765,23.1828549409897,3.6198938174706545,743.3650000746911
