trail_length,length_raw,field,visit,detector,score
8.39960806125066,14.712067,0,2025072300519,98,0.97390896
12.226672603809767,18.553,0,2025072300519,142,0.97193336
7.6232999857657395,13.973518,0,2025072300519,181,0.9622008
23.196982311770604,28.151705,0,2025072300519,181,0.9502267
8.39960806125066,13.475021,0,2025072300520,83,0.9799856
8.73280837606945,13.069773,0,2025072300520,84,0.97937644
12.226672603809767,19.744156,0,2025072300520,87,0.9835746
6.390473060181409,16.916733,0,2025072300520,97,0.96293676
23.196982311770604,32.017445,0,2025072300520,136,0.94343925
22.456330031447138,27.085016,0,2025072300521,52,0.98701465
8.39960806125066,13.969277,0,2025072300521,89,0.9759405
21.055330582385132,28.838772,0,2025072300521,133,0.98238796
6.390473060181409,12.885206,0,2025072300521,139,0.9302608
19.81386634605699,32.61631,0,2025072300521,140,0.9329118
28.668570213172963,36.892735,0,2025072300521,142,0.95010746
23.196982311770604,31.294632,0,2025072300521,171,0.9312186
21.31205802464754,29.60153,0,2025072300521,172,0.9880648
42.03862492588506,47.144333,0,2025072300522,81,0.9579162
8.39960806125066,14.439614,0,2025072300522,81,0.9459834
8.276690646103509,14.649354,0,2025072300522,86,0.97083527
7.106065352679411,13.430962,0,2025072300522,87,0.9638061
19.81386634605699,31.589758,0,2025072300522,89,0.96869385
21.055330582385132,29.495052,0,2025072300522,118,0.98871756
6.390473060181409,12.00235,0,2025072300522,127,0.946203
21.31205802464754,38.781487,0,2025072300522,130,0.9779107
11.706384405458166,17.44879,0,2025072300523,15,0.98094684
46.61323159012966,57.196167,0,2025072300523,45,0.97156763
22.88870269044728,29.003284,0,2025072300524,38,0.98877966
18.35939552508871,25.018124,0,2025072300524,80,0.9840037
27.165528111438856,36.241394,0,2025072300524,83,0.9315049
8.39960806125066,14.194873,0,2025072300524,83,0.98110884
42.03862492588506,48.595356,0,2025072300524,86,0.9553803
7.106065352679411,11.5718,0,2025072300524,89,0.956118
32.74505735271391,41.963604,0,2025072300524,92,0.9556778
16.99068283738863,22.582842,0,2025072300524,92,0.9526937
8.276690646103509,15.342105,0,2025072300524,94,0.97716284
19.81386634605699,25.915142,0,2025072300524,97,0.87423986
8.590196842678925,12.9346075,0,2025072300524,98,0.9471678
35.14675184598154,47.350506,0,2025072300524,135,0.9922931
22.88870269044728,26.004215,0,2025072300525,19,0.9788462
27.165528111438856,37.104057,0,2025072300525,25,0.975994
7.106065352679411,12.321428,0,2025072300525,55,0.97594
19.81386634605699,29.981838,0,2025072300525,59,0.99028593
10.386349638284871,20.084927,0,2025072300525,110,0.9827389
7.106065352679411,12.540027,0,2025072300526,54,0.97714466
19.81386634605699,35.24051,0,2025072300526,58,0.80239916
8.590196842678925,13.966701,0,2025072300526,59,0.9823899
11.328655958146912,20.450483,0,2025072300526,67,0.9757461
10.386349638284871,17.394053,0,2025072300526,109,0.9779197
22.88870269044728,29.427588,0,2025072300527,34,0.9798196
36.363235244644265,43.550987,0,2025072300527,87,0.9091776
11.89583276374783,17.152765,0,2025072300527,88,0.9586665
8.590196842678925,13.839977,0,2025072300527,126,0.9788746
11.328655958146912,15.225557,0,2025072300527,128,0.88523304
7.849788074670277,14.623983,0,2025072300527,134,0.80644363
22.88870269044728,27.317856,0,2025072300528,7,0.9810353
36.13075859645528,43.62247,0,2025072300528,16,0.9202986
34.28811379336792,39.608986,0,2025072300528,37,0.98438615
22.03377822618632,31.88572,0,2025072300528,40,0.9859372
22.647435304422,28.08314,0,2025072300528,41,0.98935705
36.363235244644265,44.162125,0,2025072300528,48,0.9877614
6.981688485892344,11.071068,0,2025072300528,49,0.9175819
11.89583276374783,19.18463,0,2025072300528,52,0.95195884
8.590196842678925,11.488127,0,2025072300528,83,0.9292444
22.03377822618632,34.804794,0,2025072300529,1,0.98694885
34.28811379336792,37.815907,0,2025072300529,1,0.990961
11.89583276374783,14.622156,0,2025072300529,13,0.93970937
8.590196842678925,16.784393,0,2025072300529,15,0.98721087
23.59261893513353,33.407085,0,2025072300529,16,0.9499277
45.58701331221289,51.801643,0,2025072300529,47,0.91989326
7.849788074670277,18.808733,0,2025072300529,49,0.9175576
22.03377822618632,23.923199,0,2025072300530,3,0.89702797
14.235853904989726,21.982561,0,2025072300531,7,0.9602948
44.51858679586035,45.31705,0,2025072300531,7,0.90366197
34.185573262600315,42.052265,0,2025072300531,10,0.96546125
6.947796046703682,12.421909,0,2025072300531,35,0.9473443
9.747502035586376,15.644298,0,2025072300531,42,0.99119216
11.514531216553731,16.787672,0,2025072300531,54,0.9828167
21.49408014874073,30.882418,0,2025072300531,83,0.96988475
30.97582391599067,41.094738,0,2025072300532,41,0.97917306
34.185573262600315,41.487633,0,2025072300532,53,0.97846735
22.647435304422,22.994429,0,2025072300532,98,0.9157461
8.083576304354404,15.178628,0,2025072300532,105,0.98414904
11.514531216553731,21.436928,0,2025072300532,107,0.96802384
6.947796046703682,12.644235,0,2025072300532,126,0.9647611
43.0124560309937,50.522064,0,2025072300532,128,0.952962
9.747502035586376,15.39949,0,2025072300532,128,0.98567134
21.49408014874073,30.247555,0,2025072300532,141,0.9702771
8.083576304354404,12.574191,0,2025072300533,152,0.9405537
6.947796046703682,10.706956,0,2025072300533,164,0.86286455
9.747502035586376,15.696302,0,2025072300533,171,0.966856
21.49408014874073,29.798288,0,2025072300533,179,0.9733603
10.461491428909644,16.356258,0,2025072300533,180,0.9680732
6.848288709677425,12.777837,0,2025072300533,182,0.9746381
19.798479363811666,27.979078,0,2025072300534,113,0.98009354
8.083576304354404,19.584976,0,2025072300534,114,0.8654056
9.747502035586376,14.173112,0,2025072300534,136,0.9685135
11.998748484125182,17.87276,0,2025072300534,146,0.93100727
10.461491428909644,15.320768,0,2025072300534,148,0.97927445
6.848288709677425,13.4745455,0,2025072300534,156,0.973515
17.076874023038748,28.847618,0,2025072300535,140,0.9783901
9.747502035586376,12.072104,0,2025072300535,140,0.98177564
25.10157896585289,26.786442,0,2025072300535,151,0.96740973
11.998748484125182,18.110651,0,2025072300535,156,0.9826969
10.461491428909644,15.366365,0,2025072300535,181,0.96821994
17.076874023038748,26.793753,0,2025072300536,33,0.9069268
10.461491428909644,14.014683,0,2025072300536,77,0.9870035
23.018532905682957,31.51065,0,2025072300537,22,0.9531866
10.461491428909644,17.291927,0,2025072300537,101,0.99077564
24.175483540588612,31.548376,0,2025072300538,26,0.9683981
16.689907060293056,33.678043,0,2025072300538,48,0.89638215
11.141385828811442,17.555096,0,2025072300538,70,0.95746803
7.46445389632433,14.460171,0,2025072300539,90,0.8210843
8.67671424006941,16.202986,0,2025072300539,105,0.9755676
11.141385828811442,20.15065,0,2025072300539,149,0.98077685
15.5981431792538,22.601013,0,2025072300539,153,0.9621669
29.535936115210102,36.2024,0,2025072300540,12,0.9892217
14.829631370720271,15.658871,0,2025072300540,40,0.90957624
8.67671424006941,12.243282,0,2025072300540,48,0.945115
11.415901566228811,16.47544,0,2025072300540,80,0.9801722
15.551147167866272,23.02496,0,2025072300540,93,0.9806521
11.141385828811442,19.650951,0,2025072300540,94,0.90178424
23.332998342291216,20.209274,0,2025072300540,127,0.9210013
29.535936115210102,38.389587,0,2025072300541,53,0.9853339
11.141385828811442,18.28818,0,2025072300541,147,0.947026
6.451408522356818,12.009213,0,2025072300542,96,0.9791422
8.432827693250626,13.214057,0,2025072300542,136,0.97408426
7.472143990532404,15.155548,0,2025072300542,174,0.96481687
32.405594307891015,40.883423,0,2025072300543,57,0.9605368
15.613511183152507,21.691282,0,2025072300543,83,0.96296304
9.788193930912955,18.718794,0,2025072300544,99,0.988316
8.372192463550064,15.100897,0,2025072300544,119,0.96609205
20.607293966796288,28.235577,0,2025072300544,127,0.9911583
20.003702489086347,24.66634,0,2025072300544,132,0.8930764
45.64088014803061,51.007633,0,2025072300544,144,0.9919708
8.817115894120215,13.43385,0,2025072300544,164,0.9684493
15.9351192760321,23.722898,0,2025072300544,180,0.986384
9.788193930912955,15.397442,0,2025072300545,18,0.97012365
37.03893854888547,48.379383,0,2025072300545,89,0.9889232
23.749892357816528,32.104073,0,2025072300547,60,0.9818916
45.09480848559107,56.41764,0,2025072300547,61,0.9804434
15.412350786250052,21.566061,0,2025072300548,89,0.9691897
23.749892357816528,33.255554,0,2025072300548,94,0.97446793
24.898950674916456,30.067478,0,2025072300548,130,0.96547794
12.28463576434304,20.279812,0,2025072300548,144,0.98827773
21.40187129005185,29.803223,0,2025072300549,5,0.9868808
36.00317892020411,51.009277,0,2025072300549,13,0.9926442
12.28463576434304,19.616673,0,2025072300549,22,0.96399164
23.749892357816528,31.26925,0,2025072300549,54,0.9856974
23.749892357816528,29.52284,0,2025072300550,2,0.9862248
11.495618985730712,14.800547,0,2025072300550,17,0.98443735
43.1692432364984,37.84647,0,2025072300551,3,0.83254075
23.749892357816528,32.83919,0,2025072300551,39,0.9857188
20.923307071691895,32.418484,0,2025072300551,49,0.97391754
41.50024626905343,48.92563,0,2025072300552,28,0.9843648
36.18617008481695,44.14325,0,2025072300552,37,0.978466
43.1692432364984,51.85389,0,2025072300552,42,0.97598994
42.10080130743647,49.34145,0,2025072300552,74,0.98966414
21.773079023109275,31.290462,0,2025072300552,76,0.9848087
22.227348286846794,29.552542,0,2025072300552,76,0.9806065
20.532158928538223,29.549717,0,2025072300552,80,0.99063665
21.791949967242903,35.04303,0,2025072300552,82,0.92084974
23.749892357816528,33.11805,0,2025072300552,88,0.97026885
18.86409347236348,22.311594,0,2025072300552,138,0.8767377
21.791949967242903,42.92497,0,2025072300553,69,0.9626034
19.64968267927041,31.101637,0,2025072300553,98,0.9885922
20.532158928538223,26.779228,0,2025072300553,99,0.98680645
13.38504849980605,23.714108,0,2025072300554,32,0.94687283
28.3122894015684,49.871876,0,2025072300554,43,0.9603255
36.18617008481695,47.27875,0,2025072300555,66,0.98894227
47.098727917859705,53.203194,0,2025072300555,92,0.9694305
21.791949967242903,27.430576,0,2025072300555,103,0.9454832
13.38504849980605,19.600271,0,2025072300555,144,0.93114084
47.098727917859705,53.67458,0,2025072300556,31,0.95859474
31.94445362289637,42.546127,0,2025072300556,37,0.9687867
9.435213612841888,17.22851,0,2025072300556,39,0.98309773
13.38504849980605,22.369646,0,2025072300556,84,0.9226951
28.3122894015684,33.618137,0,2025072300556,128,0.90548825
21.632562915008503,30.812378,0,2025072300557,35,0.99261355
41.5257677479009,44.709667,0,2025072300557,35,0.98333836
31.94445362289637,38.948402,0,2025072300557,51,0.98545605
47.098727917859705,54.436165,0,2025072300557,81,0.9648211
9.435213612841888,18.0883,0,2025072300557,83,0.985836
42.11593611122425,50.49894,0,2025072300557,84,0.99065405
48.15835607913285,47.13849,0,2025072300557,96,0.98035026
45.23781779052983,49.650837,0,2025072300557,126,0.99354905
13.38504849980605,18.548645,0,2025072300557,127,0.9476532
40.938576245123386,50.043243,0,2025072300557,129,0.99536407
36.52226354823926,30.29335,0,2025072300557,131,0.8929227
7.100190367190118,11.442848,0,2025072300557,140,0.9442626
28.3122894015684,28.069786,0,2025072300557,141,0.9652456
47.098727917859705,52.15269,0,2025072300558,43,0.9395139
7.53005634941952,11.600457,0,2025072300558,52,0.94584817
37.630548622912336,54.561726,0,2025072300558,60,0.9731382
9.435213612841888,19.293802,0,2025072300558,91,0.9866262
31.94445362289637,39.831482,0,2025072300558,92,0.9716713
30.30837791322725,42.795486,0,2025072300558,99,0.9909589
45.23781779052983,56.768864,0,2025072300558,127,0.9955279
40.938576245123386,46.670246,0,2025072300558,130,0.9918717
13.38504849980605,22.436869,0,2025072300558,135,0.94155395
24.27807054767322,29.024065,0,2025072300558,180,0.9875228
47.098727917859705,48.635815,0,2025072300559,83,0.9216217
9.435213612841888,15.590737,0,2025072300559,95,0.9501813
37.630548622912336,47.183605,0,2025072300559,100,0.92368686
40.938576245123386,47.820816,0,2025072300559,133,0.9889403
9.161507915083066,15.344354,0,2025072300559,142,0.9493509
15.030245553997071,16.784256,0,2025072300559,146,0.88046795
7.100190367190118,12.124405,0,2025072300559,181,0.9358183
16.140514630110793,26.088417,0,2025072300560,8,0.9325569
12.282953421412044,19.180433,0,2025072300560,16,0.9664375
33.343697440880334,39.057083,0,2025072300560,37,0.9703451
18.17532434361265,25.689932,0,2025072300560,42,0.9763624
21.008173938335403,30.549908,0,2025072300560,73,0.9868795
40.938576245123386,47.45345,0,2025072300560,76,0.97934407
26.685481335662992,33.526947,0,2025072300560,86,0.9551882
15.030245553997071,28.671041,0,2025072300560,91,0.9678349
16.140514630110793,20.27557,0,2025072300561,40,0.94287604
18.17532434361265,27.49699,0,2025072300561,76,0.988827
33.343697440880334,41.036236,0,2025072300561,81,0.94925785
15.030245553997071,21.803263,0,2025072300561,89,0.9840785
26.685481335662992,36.60976,0,2025072300561,119,0.96620375
9.161507915083066,16.02018,0,2025072300561,121,0.95521617
15.030245553997071,24.750572,0,2025072300562,13,0.98716843
9.161507915083066,13.004398,0,2025072300562,36,0.9517009
24.27807054767322,31.291721,0,2025072300562,51,0.9648961
6.686963494444056,10.686534,0,2025072300562,51,0.941661
21.008173938335403,28.498003,0,2025072300563,41,0.9747073
18.17532434361265,24.132124,0,2025072300563,47,0.9523509
15.030245553997071,26.831724,0,2025072300563,59,0.9323365
6.54435435717222,11.099889,0,2025072300563,59,0.9371023
9.161507915083066,14.361591,0,2025072300563,92,0.9582796
38.25936681493073,50.158203,0,2025072300563,103,0.9926831
8.361408192838892,13.612345,0,2025072300564,14,0.8812056
12.282953421412044,19.798939,0,2025072300564,17,0.9840074
42.86651341031904,51.501884,0,2025072300564,34,0.9919309
18.17532434361265,38.226696,0,2025072300564,40,0.9529023
19.35917677948215,25.615976,0,2025072300564,51,0.985465
6.54435435717222,11.861933,0,2025072300564,51,0.9209656
24.30349403491316,32.44424,0,2025072300564,84,0.9904019
28.016556938472387,36.98413,0,2025072300564,86,0.97280335
16.470766309527612,29.309572,0,2025072300565,109,0.9925016
18.17532434361265,32.22516,0,2025072300565,111,0.97587425
6.54435435717222,11.373008,0,2025072300565,116,0.92816204
24.30349403491316,34.447453,0,2025072300565,146,0.9857901
28.016556938472387,33.394695,0,2025072300565,158,0.88053477
44.48415661152604,34.741306,0,2025072300566,125,0.8315395
10.569396367502812,15.379262,0,2025072300566,128,0.97871655
6.54435435717222,13.433912,0,2025072300566,138,0.97185284
28.016556938472387,33.415283,0,2025072300566,164,0.9714697
12.867092205753396,18.316961,0,2025072300567,33,0.8610261
16.50464398079827,25.63137,0,2025072300567,40,0.98960835
16.50464398079827,19.797607,0,2025072300568,43,0.9647892
8.662168437026937,12.502258,0,2025072300569,1,0.9321044
9.830694724984651,27.24416,0,2025072300569,39,0.87766296
11.790387726250747,17.953358,0,2025072300569,80,0.92741257
18.66658361297243,26.601337,0,2025072300570,7,0.9846845
14.661862537731231,16.601053,0,2025072300570,31,0.8021313
37.818682716406485,44.18696,0,2025072300570,34,0.9799437
10.924518492957048,18.128786,0,2025072300570,98,0.97891474
41.38438366201768,34.862522,0,2025072300571,84,0.9477142
9.6442932941567,17.03801,0,2025072300571,133,0.9609091
22.109821524064973,28.270082,0,2025072300572,6,0.9772323
45.85248772161869,44.84077,0,2025072300572,6,0.9900899
15.81653798366177,20.257164,0,2025072300572,6,0.9562263
18.479900660150427,28.8912,0,2025072300572,93,0.9157903
15.81653798366177,24.11575,0,2025072300573,108,0.96225154
7.8630089750262115,13.290437,0,2025072300573,139,0.9335539
7.8630089750262115,12.600502,0,2025072300574,90,0.92146295
25.814244040856035,33.259445,0,2025072300574,99,0.9472916
45.41484374732377,52.41746,0,2025072300574,106,0.94158584
17.16017394990909,20.123611,0,2025072300574,109,0.9291839
7.783127586956174,12.97796,0,2025072300575,60,0.9098228
45.41484374732377,47.039627,0,2025072300575,115,0.91324574
22.60003322824338,32.447098,0,2025072300576,57,0.9747576
12.274733103141877,14.375505,0,2025072300576,97,0.9662625
45.41484374732377,51.093517,0,2025072300576,105,0.9377139
13.270863023729104,18.140871,0,2025072300576,115,0.9785736
13.446164619085105,21.208212,0,2025072300576,116,0.98762465
10.94448540817742,17.924715,0,2025072300576,147,0.9836729
17.077952123234933,25.552921,0,2025072300577,62,0.98200434
44.942439418231615,53.08002,0,2025072300577,116,0.98581415
14.067778321953105,24.578981,0,2025072300578,71,0.9886806
44.942439418231615,40.212032,0,2025072300578,114,0.97874683
10.45340476888909,24.870388,0,2025072300579,50,0.89333427
8.076620757441571,14.983752,0,2025072300579,60,0.97506475
20.24498619389219,26.799395,0,2025072300579,136,0.95612407
31.86386466418147,43.322704,0,2025072300579,137,0.9470333
19.33039721588925,27.009005,0,2025072300580,21,0.9913379
20.24498619389219,27.305885,0,2025072300580,48,0.99032694
28.343064084873287,32.21417,0,2025072300581,11,0.8328775
30.09066435795896,16.029036,0,2025072300581,15,0.9299747
20.24498619389219,32.84302,0,2025072300581,48,0.99360305
19.083914255691354,24.542528,0,2025072300581,51,0.97573924
13.76756584670467,19.258352,0,2025072300581,51,0.8828729
9.770312773439082,15.063203,0,2025072300582,4,0.9355772
28.94081696856668,32.04606,0,2025072300582,37,0.8692612
40.46398493628788,45.772774,0,2025072300582,43,0.9876825
16.45404973790525,23.24759,0,2025072300583,29,0.985706
40.46398493628788,50.18159,0,2025072300583,49,0.9882088
15.055767694759558,24.248297,0,2025072300584,45,0.98746186
11.282643185233852,23.376791,0,2025072300585,35,0.98961747
15.055767694759558,26.32653,0,2025072300585,41,0.9800481
14.080195111652396,17.5977,0,2025072300585,42,0.92604643
40.46398493628788,48.26942,0,2025072300585,82,0.98555493
15.055767694759558,15.401212,0,2025072300586,12,0.86146015
8.379400174206346,16.527262,0,2025072300586,45,0.9871553
25.745049052665284,17.89149,0,2025072300589,15,0.888985
8.675719993496454,15.987634,1,2025072300520,166,0.96776795
37.06032814723767,45.59318,1,2025072300520,174,0.97889394
28.61687314655243,40.398144,1,2025072300520,177,0.97785634
9.986096356925918,18.24453,1,2025072300520,184,0.9390997
14.986698881433338,25.213022,1,2025072300521,167,0.93925285
31.6196861163811,42.271183,1,2025072300521,172,0.9949862
35.50718218867722,41.042934,1,2025072300521,180,0.92337614
11.274071447131552,15.093263,1,2025072300522,121,0.96985394
26.63848937951947,29.240185,1,2025072300522,130,0.8757608
31.6196861163811,39.105347,1,2025072300522,131,0.98988485
17.374285549871605,26.47043,1,2025072300522,136,0.9564486
17.381657447462093,27.76939,1,2025072300522,141,0.99483055
25.92545187465413,33.663822,1,2025072300522,166,0.9049313
14.986698881433338,20.117167,1,2025072300523,32,0.98831147
12.449738102672464,20.426052,1,2025072300523,35,0.9275666
26.63848937951947,33.886032,1,2025072300523,37,0.8856015
31.6196861163811,40.32381,1,2025072300523,38,0.9867994
43.74570738608822,45.86875,1,2025072300523,38,0.9883612
44.23344454669394,51.92432,1,2025072300523,45,0.9608722
17.381657447462093,26.847082,1,2025072300523,48,0.95936304
8.032517216815439,13.432656,1,2025072300523,91,0.95210344
8.268493346389802,16.64695,1,2025072300523,94,0.9697384
28.61687314655243,37.535553,1,2025072300523,126,0.98942846
10.881203521516213,22.433767,1,2025072300523,127,0.98606455
11.274071447131552,16.622011,1,2025072300524,119,0.9588506
31.6196861163811,40.242958,1,2025072300524,139,0.9902092
43.74570738608822,54.75381,1,2025072300524,139,0.9932715
26.63848937951947,41.208065,1,2025072300524,139,0.9488006
18.09340764516932,36.571697,1,2025072300524,143,0.97852314
8.032517216815439,14.415278,1,2025072300524,183,0.93974125
11.274071447131552,17.15244,1,2025072300525,52,0.9878263
26.83878274106088,39.354465,1,2025072300525,101,0.979359
29.085787029648017,38.706627,1,2025072300525,109,0.89606786
37.31198800829901,22.867956,1,2025072300525,111,0.9641675
23.331891619453444,33.825733,1,2025072300525,112,0.9572998
18.09340764516932,23.922031,1,2025072300525,112,0.9872062
8.525123283591013,15.702011,1,2025072300525,137,0.9562251
29.76896241491763,37.190186,1,2025072300525,157,0.9696676
14.827976423653132,28.998743,1,2025072300525,172,0.9702767
11.274071447131552,18.316685,1,2025072300526,51,0.97904474
22.165921741412014,31.768654,1,2025072300526,96,0.99475694
37.31198800829901,43.940998,1,2025072300526,103,0.97814935
18.09340764516932,26.756874,1,2025072300526,104,0.98555344
8.525123283591013,12.543227,1,2025072300526,136,0.9732416
19.570389183527325,28.007612,1,2025072300526,153,0.92740244
36.75054176287351,40.109993,1,2025072300526,156,0.9654975
25.879484378239614,36.374672,1,2025072300526,159,0.99068356
15.493146393259456,20.462576,1,2025072300526,180,0.99011105
18.22337282266775,32.006042,1,2025072300527,117,0.9719303
19.570389183527325,27.726631,1,2025072300527,165,0.9589895
10.432627556511768,12.352391,1,2025072300527,169,0.9286465
22.165921741412014,29.48413,1,2025072300528,118,0.9854673
18.844736137444414,33.04425,1,2025072300528,119,0.9751618
31.435777103434067,38.479893,1,2025072300528,127,0.93721586
36.55217974186772,42.00514,1,2025072300528,131,0.88700145
35.60034402035066,40.23397,1,2025072300528,172,0.98067254
7.053632664910114,11.963089,1,2025072300529,38,0.9302978
6.718528289481607,12.06181,1,2025072300529,74,0.93592745
10.194345371097986,17.294336,1,2025072300529,96,0.95393765
7.053632664910114,14.144046,1,2025072300530,40,0.89769185
6.718528289481607,11.129186,1,2025072300530,76,0.9054678
17.59437631411803,27.768354,1,2025072300530,78,0.98401374
26.08610841698726,34.27978,1,2025072300531,83,0.95033336
44.77799456557644,52.75291,1,2025072300531,128,0.97832036
10.064281874932425,14.03954,1,2025072300531,162,0.9834974
20.300134282841466,32.267727,1,2025072300531,164,0.97925675
19.137167341262696,15.703381,1,2025072300532,143,0.8879028
9.673872778095213,14.539967,1,2025072300532,162,0.9427282
44.77799456557644,57.13838,1,2025072300532,174,0.9567809
9.673872778095213,16.068714,1,2025072300533,169,0.9537332
20.28639105403001,19.985893,1,2025072300533,178,0.9148402
23.07100567798541,29.49433,1,2025072300534,139,0.989293
8.135494556119623,19.803263,1,2025072300534,163,0.9403255
11.565267703410283,16.206123,1,2025072300534,170,0.99043125
9.673872778095213,13.479765,1,2025072300534,171,0.950235
44.77799456557644,41.982635,1,2025072300534,173,0.96598166
19.62561487501329,28.286467,1,2025072300535,139,0.962613
23.07100567798541,35.285744,1,2025072300535,172,0.9914807
9.673872778095213,14.756362,1,2025072300535,174,0.97249687
10.958226230190885,15.365113,1,2025072300536,76,0.95884997
14.576457451174628,21.115189,1,2025072300536,80,0.96477556
11.857472120848932,21.03266,1,2025072300536,119,0.9880784
11.197169994845364,19.244844,1,2025072300536,120,0.8850443
33.61074702336175,41.086143,1,2025072300536,125,0.9721202
10.272560106091474,14.0483675,1,2025072300536,126,0.93920773
9.673872778095213,13.773108,1,2025072300537,94,0.9707719
10.958226230190885,16.20479,1,2025072300537,100,0.97352815
9.509583821806316,13.965307,1,2025072300537,103,0.9828386
6.627392273404347,14.149946,1,2025072300537,104,0.9685281
12.641021854485448,17.91741,1,2025072300537,140,0.97083956
33.61074702336175,41.210564,1,2025072300537,148,0.9733821
9.156503404455448,14.619986,1,2025072300538,51,0.9822368
10.958226230190885,19.805437,1,2025072300538,53,0.92334795
14.120269529976069,23.094666,1,2025072300538,88,0.97546244
9.509583821806316,14.716289,1,2025072300538,92,0.96649307
11.857472120848932,22.384756,1,2025072300538,102,0.9828845
13.035810877572374,17.599915,1,2025072300538,105,0.954655
12.641021854485448,15.031256,1,2025072300538,135,0.93285155
33.61074702336175,40.785576,1,2025072300538,137,0.94882166
16.19634635436496,24.614319,1,2025072300539,125,0.9872617
49.709162441594685,55.95053,1,2025072300539,164,0.87874144
9.299531062642702,12.239805,1,2025072300539,164,0.95034295
11.857472120848932,30.787352,1,2025072300539,167,0.92967457
38.16689565048188,45.76796,1,2025072300539,174,0.95071065
32.685088291992926,41.523087,1,2025072300539,177,0.98002774
9.509583821806316,14.194086,1,2025072300540,80,0.93580097
38.16689565048188,45.772243,1,2025072300540,126,0.9609398
16.19634635436496,26.987015,1,2025072300541,120,0.9736787
22.661667716605965,32.119663,1,2025072300541,121,0.9894456
9.509583821806316,13.470518,1,2025072300541,132,0.94573087
36.57052937283924,40.477947,1,2025072300541,163,0.97831213
26.94949998178749,35.38149,1,2025072300542,120,0.9895606
9.157896085091034,14.629334,1,2025072300543,42,0.9552158
9.40032638476356,14.430988,1,2025072300544,164,0.9756016
9.40032638476356,15.646326,1,2025072300545,44,0.9676046
34.35497108845322,43.784317,1,2025072300545,117,0.98673093
11.054587925258971,16.80426,1,2025072300545,118,0.9849044
14.51286828824898,20.451561,1,2025072300546,134,0.9748744
9.40032638476356,13.848741,1,2025072300546,145,0.96454376
11.054587925258971,18.194235,1,2025072300546,164,0.9764208
10.693313934787652,16.080593,1,2025072300546,173,0.8435595
8.327741671766818,13.219537,1,2025072300547,40,0.973306
9.40032638476356,15.179625,1,2025072300547,90,0.98113394
10.693313934787652,16.796263,1,2025072300547,127,0.9880586
6.947260075595068,11.210201,1,2025072300548,34,0.9578168
8.327741671766818,16.507326,1,2025072300548,81,0.98163646
8.327741671766818,14.29563,1,2025072300549,94,0.9477217
10.693313934787652,16.89582,1,2025072300549,107,0.96810025
6.4570519444722345,11.599024,1,2025072300549,136,0.95767677
48.62506368793444,51.491512,1,2025072300550,39,0.9768996
36.61171757247666,42.6241,1,2025072300550,97,0.9788806
48.62506368793444,57.86245,1,2025072300551,75,0.9928437
37.03568518968381,23.235378,1,2025072300551,75,0.93865
6.63984051208993,11.795721,1,2025072300551,97,0.91803616
24.607767521276735,28.697016,1,2025072300551,131,0.9923384
13.703219101695826,23.698452,1,2025072300551,131,0.9623241
7.655315166135439,15.972716,1,2025072300551,136,0.85345834
44.65786340246383,43.006718,1,2025072300551,162,0.86042434
48.62506368793444,55.35438,1,2025072300552,120,0.99653447
37.03568518968381,50.353436,1,2025072300552,124,0.988442
24.607767521276735,29.914259,1,2025072300552,170,0.98038447
13.703219101695826,22.4289,1,2025072300552,170,0.9506327
7.655315166135439,15.395483,1,2025072300552,175,0.91607994
23.387358075652187,31.5354,1,2025072300552,176,0.990293
8.817648203315333,14.268708,1,2025072300553,140,0.97877663
9.493399164124275,13.487495,1,2025072300553,184,0.95757514
39.25364946646432,49.27104,1,2025072300553,185,0.960747
44.65786340246383,34.756496,1,2025072300553,186,0.88864356
12.110545056428364,18.309153,1,2025072300554,84,0.83652925
6.727575301958145,17.023184,1,2025072300554,118,0.951616
9.493399164124275,14.729977,1,2025072300554,121,0.9571606
39.25364946646432,47.829113,1,2025072300554,129,0.93660825
15.01497830895173,21.38262,1,2025072300555,150,0.9711057
16.492262461821106,23.387486,1,2025072300555,186,0.98822975
39.25364946646432,53.813477,1,2025072300555,187,0.98096323
15.01497830895173,22.939299,1,2025072300556,126,0.96980256
15.960223552796364,22.680504,1,2025072300556,127,0.97751665
16.492262461821106,24.099743,1,2025072300556,163,0.9835581
24.607767521276735,34.071926,1,2025072300556,169,0.9846935
47.26023124985,48.36951,1,2025072300557,131,0.971678
15.01497830895173,24.2075,1,2025072300557,133,0.98431545
11.02650188382538,17.596012,1,2025072300557,162,0.97861314
6.493086742149967,12.072104,1,2025072300557,177,0.9609327
25.996369679122097,31.767519,1,2025072300557,178,0.9677582
15.01497830895173,20.09864,1,2025072300558,141,0.9692694
6.493086742149967,13.132578,1,2025072300558,179,0.980492
15.01497830895173,22.830387,1,2025072300559,172,0.9800878
13.569858522351122,22.38311,1,2025072300559,183,0.98238224
11.781425431430003,39.462654,1,2025072300560,80,0.89638096
25.996369679122097,33.443336,1,2025072300560,131,0.95627457
13.569858522351122,21.464249,1,2025072300560,139,0.98688173
11.989995550343227,21.06746,1,2025072300560,164,0.9606643
6.493086742149967,11.70152,1,2025072300560,164,0.9615202
12.81319843096474,16.590374,1,2025072300560,165,0.8636306
13.569858522351122,21.03516,1,2025072300561,164,0.98462385
28.88752305998275,41.117664,1,2025072300562,28,0.98063236
6.375978851810252,13.450458,1,2025072300562,126,0.93224883
28.88752305998275,35.07341,1,2025072300563,51,0.9813533
20.47673867162215,12.508373,1,2025072300563,83,0.82787573
6.286845958122709,13.99429,1,2025072300563,96,0.8048883
36.38939836293806,40.68244,1,2025072300563,104,0.97722965
15.576367070883064,22.967184,1,2025072300563,105,0.9800774
38.4801058425446,47.97459,1,2025072300563,126,0.9888277
6.375978851810252,11.588373,1,2025072300563,142,0.9755093
7.773007526882117,14.438844,1,2025072300563,147,0.9757471
28.88752305998275,36.24388,1,2025072300564,74,0.9405785
7.59870232626621,13.980524,1,2025072300564,97,0.948532
6.286845958122709,33.14077,1,2025072300564,118,0.9243273
12.833645903487058,11.099889,1,2025072300564,127,0.9219676
8.392251940360362,13.895318,1,2025072300564,131,0.9526097
7.773007526882117,13.787552,1,2025072300564,133,0.9791155
43.20115690920615,47.80253,1,2025072300565,136,0.9696232
10.087752151382578,13.999985,1,2025072300565,145,0.9672577
28.88752305998275,37.22673,1,2025072300565,145,0.9551108
17.491341548795532,26.80414,1,2025072300566,117,0.98484784
23.875656487838977,36.318157,1,2025072300566,166,0.98594856
39.45704479133741,46.047104,1,2025072300569,79,0.9691153
28.7672682753703,39.458893,1,2025072300569,80,0.8967145
28.7672682753703,30.658417,1,2025072300570,119,0.87151396
12.877236643356309,25.372381,1,2025072300570,125,0.8847258
12.02138021770485,21.65862,1,2025072300571,119,0.9895203
28.7672682753703,28.062237,1,2025072300571,134,0.96914726
9.017562485068083,16.083248,1,2025072300571,165,0.9382681
12.877236643356309,19.26035,1,2025072300571,167,0.96404374
12.877236643356309,15.605533,1,2025072300572,120,0.97556555
12.02138021770485,20.05335,1,2025072300573,135,0.982232
12.877236643356309,12.320959,1,2025072300573,179,0.9418315
12.02138021770485,19.256071,1,2025072300574,44,0.96320075
29.054991019613663,32.37899,1,2025072300574,118,0.98474216
12.029165959572008,18.19677,1,2025072300574,129,0.9836398
10.076685590625956,14.696822,1,2025072300574,150,0.97261083
12.02138021770485,18.03274,1,2025072300575,92,0.96360815
26.723037647476787,44.103275,1,2025072300575,127,0.9334582
29.883579871888895,35.25796,1,2025072300575,134,0.9922465
12.029165959572008,30.305836,1,2025072300575,141,0.96475184
43.82876465882417,54.208294,1,2025072300575,150,0.9911118
12.02138021770485,21.688387,1,2025072300576,83,0.98429215
19.27457500878244,26.653963,1,2025072300576,89,0.9873926
35.762691497775265,48.55192,1,2025072300576,119,0.9807411
41.44189328555131,48.572163,1,2025072300576,124,0.924738
12.029165959572008,19.459263,1,2025072300576,125,0.95399326
42.84033666447669,48.29373,1,2025072300576,132,0.9900574
43.82876465882417,42.275105,1,2025072300576,134,0.98497045
11.59217060133346,18.742794,1,2025072300576,162,0.97809577
39.83350131952983,45.480553,1,2025072300577,49,0.9854827
35.762691497775265,45.75843,1,2025072300577,83,0.99251163
29.45205622843981,38.405106,1,2025072300577,94,0.98274565
12.293959486596494,16.157888,1,2025072300577,137,0.97873664
43.82876465882417,48.041264,1,2025072300577,140,0.96481586
11.59217060133346,15.3748455,1,2025072300577,142,0.98577476
39.83350131952983,47.651505,1,2025072300578,41,0.98451114
8.009051613993769,14.0348,1,2025072300578,79,0.9529544
12.293959486596494,17.553564,1,2025072300578,89,0.9718559
19.27457500878244,34.531578,1,2025072300578,90,0.98532087
39.83350131952983,27.01484,1,2025072300579,173,0.9332752
6.648065088490004,12.043885,1,2025072300580,53,0.96195924
39.83350131952983,47.381107,1,2025072300580,91,0.981588
12.293959486596494,18.66985,1,2025072300580,106,0.9731722
41.44189328555131,48.395336,1,2025072300580,143,0.9310245
14.431103149831443,22.017126,1,2025072300581,53,0.96925753
39.83350131952983,46.161972,1,2025072300581,92,0.98548985
11.202257499010114,14.110787,1,2025072300581,137,0.98809284
6.921806611934874,12.474376,1,2025072300581,157,0.91473794
14.431103149831443,21.851736,1,2025072300582,72,0.98184353
23.093401116077008,19.7336,1,2025072300582,80,0.8319558
11.202257499010114,17.078773,1,2025072300582,120,0.97111917
6.921806611934874,12.543453,1,2025072300582,134,0.96127295
9.54160016436236,14.734092,1,2025072300583,80,0.89121836
17.554789475280625,21.186924,1,2025072300583,85,0.98301136
11.202257499010114,16.032907,1,2025072300583,126,0.9449674
8.844692224233732,13.409091,1,2025072300583,127,0.9292818
6.921806611934874,11.193551,1,2025072300583,140,0.8797605
17.554789475280625,23.407804,1,2025072300584,126,0.9848556
6.921806611934874,13.966182,1,2025072300584,171,0.96225303
16.683459452155322,25.953531,1,2025072300585,170,0.94573104
9.30523746385702,16.721043,1,2025072300586,82,0.9891404
9.152955609703474,17.038393,1,2025072300586,141,0.91037345
9.30523746385702,16.202488,1,2025072300587,160,0.9766698
17.417506837295324,19.106562,1,2025072300587,186,0.9758287
11.277465454193734,16.528599,1,2025072300588,96,0.9309063
17.417506837295324,21.829527,1,2025072300589,96,0.9789387
22.3857801091387,35.140793,1,2025072300589,144,0.8301183
32.3743683383697,44.01926,10,2025072300523,98,0.9256256
16.937651832545733,23.91471,10,2025072300528,174,0.9662485
35.190570530355586,40.232357,10,2025072300528,175,0.90162015
18.45786955542818,25.157763,10,2025072300528,179,0.95964265
6.789919083332769,13.431645,10,2025072300528,183,0.9737499
30.18082454430088,36.121246,10,2025072300528,183,0.9608965
17.456369809731495,25.954266,10,2025072300529,136,0.982222
7.85740742921939,12.244397,10,2025072300529,140,0.9865463
18.45786955542818,25.510849,10,2025072300529,140,0.9737848
11.69370249959759,23.95192,10,2025072300529,141,0.8699595
46.49033859294386,53.18807,10,2025072300529,145,0.97409886
49.58189341007176,57.75747,10,2025072300529,145,0.8868441
13.21481165940007,17.15261,10,2025072300530,128,0.96621644
28.332409388008017,34.175446,10,2025072300530,128,0.98992074
21.76247809230745,28.186972,10,2025072300530,131,0.98993826
26.66387451522917,26.020535,10,2025072300530,133,0.97710425
17.456369809731495,25.075813,10,2025072300530,135,0.9750549
41.54766042193914,36.53735,10,2025072300530,138,0.9783731
9.062900729089934,15.171199,10,2025072300531,164,0.8682475
28.332409388008017,37.608997,10,2025072300531,171,0.9922537
37.05437370106946,43.835464,10,2025072300531,175,0.9281678
25.858373347750334,34.08149,10,2025072300537,176,0.97683674
21.76247809230745,28.085686,10,2025072300537,179,0.97435194
15.601748961378815,16.62914,10,2025072300537,179,0.8356629
37.05437370106946,43.099205,10,2025072300537,186,0.93428594
7.037771824460946,12.245037,10,2025072300538,167,0.97218937
31.68936011893146,40.00762,10,2025072300538,171,0.93738085
37.05437370106946,41.226604,10,2025072300538,175,0.957919
8.149731027937236,17.375288,10,2025072300545,165,0.9371389
8.327409796716873,17.58877,10,2025072300546,170,0.8778578
37.462707942182085,35.010475,10,2025072300549,160,0.9508524
20.67033671852308,26.28577,10,2025072300550,104,0.9543576
21.54834744634526,25.438759,10,2025072300550,108,0.964605
17.788289125045672,28.16343,10,2025072300550,108,0.9945511
20.01792319285495,26.821314,10,2025072300550,109,0.99314994
21.961428825810245,31.256151,10,2025072300550,112,0.9522305
49.33977150474998,54.91881,10,2025072300550,113,0.9175273
20.01792319285495,28.007341,10,2025072300551,148,0.9763215
17.788289125045672,23.174374,10,2025072300551,148,0.9926559
14.170456383275342,22.407583,10,2025072300551,181,0.80950224
20.01792319285495,30.925026,10,2025072300554,147,0.9766427
12.567407464073645,20.029896,10,2025072300554,171,0.95281476
30.59534100019487,35.753475,10,2025072300554,174,0.99687153
34.73178686173391,40.84889,10,2025072300554,180,0.9521706
15.90522765988791,24.018295,10,2025072300556,177,0.97605896
8.287144389784565,13.3362255,10,2025072300556,179,0.8593282
20.01792319285495,29.907772,10,2025072300556,187,0.98706114
15.90522765988791,18.75238,10,2025072300560,177,0.99473286
8.953771092074517,12.828151,10,2025072300562,127,0.97520894
22.078655280989107,34.055374,10,2025072300562,128,0.9344704
20.670093192636006,32.305927,10,2025072300562,132,0.914675
8.287144389784565,16.206556,10,2025072300562,138,0.9758238
13.178603244054884,17.11376,10,2025072300562,139,0.99158055
25.840561496208256,33.416702,10,2025072300562,141,0.9725345
8.953771092074517,14.76656,10,2025072300563,173,0.97823536
38.58667432298829,35.906086,10,2025072300563,176,0.9874073
22.078655280989107,28.136852,10,2025072300563,180,0.99330115
15.407473079427843,22.681452,10,2025072300563,182,0.97841567
14.72519479592058,18.280481,10,2025072300563,183,0.9353303
25.840561496208256,35.13906,10,2025072300563,184,0.9470287
33.09059160143048,41.076736,10,2025072300563,185,0.9294451
33.33219272893123,35.010994,10,2025072300563,186,0.9711728
7.353463555398941,11.185529,10,2025072300564,165,0.9722045
8.953771092074517,13.846148,10,2025072300564,165,0.9596059
25.840561496208256,37.43993,10,2025072300564,169,0.90234935
14.72519479592058,26.949833,10,2025072300564,169,0.9381195
15.407473079427843,21.713867,10,2025072300564,177,0.9443536
7.353463555398941,13.206556,10,2025072300574,166,0.9711828
18.558623976765023,32.513454,10,2025072300574,166,0.9564123
14.72519479592058,19.800674,10,2025072300574,169,0.98184776
18.558623976765023,21.200449,10,2025072300575,175,0.8812494
9.992706198398327,15.179906,10,2025072300575,175,0.98561007
18.558623976765023,15.391574,10,2025072300576,165,0.847767
9.992706198398327,13.979594,10,2025072300576,165,0.9632513
7.353463555398941,12.593772,10,2025072300577,141,0.9734221
8.741605198962452,16.78496,10,2025072300577,167,0.9734451
7.2345590966829425,12.485281,10,2025072300577,167,0.8384376
9.992706198398327,15.1242075,10,2025072300577,172,0.98466647
22.3817040778478,32.008446,10,2025072300577,178,0.96230763
7.259583994275896,17.314545,10,2025072300577,179,0.93716985
14.128470166828292,16.975576,10,2025072300578,163,0.83338726
10.044588630142696,16.648914,10,2025072300578,165,0.91178966
18.729533109688624,27.701193,10,2025072300578,170,0.9949462
17.113763887712402,26.776785,10,2025072300581,157,0.96662295
7.299433643968878,16.894655,10,2025072300581,158,0.88080996
14.128470166828292,19.194967,10,2025072300581,158,0.97222656
28.73052442709123,36.01993,10,2025072300582,142,0.9450726
20.19768337924973,26.540257,10,2025072300582,142,0.9614118
27.26035854171515,32.16263,10,2025072300583,143,0.9928231
16.936731596864135,22.965425,10,2025072300588,148,0.98731554
16.92816266962547,23.225136,11,2025072300522,112,0.95336825
36.43995039536141,42.45774,11,2025072300522,112,0.96591926
11.953270818055373,18.862057,11,2025072300522,115,0.9650612
13.74878175318012,18.313042,11,2025072300522,115,0.96709865
6.815463345914388,13.237619,11,2025072300522,115,0.9845574
13.47486767080714,19.811144,11,2025072300522,115,0.8993305
26.63456854906789,33.042675,11,2025072300522,157,0.9339199
15.776815026726853,21.189663,11,2025072300527,151,0.9568759
34.924956444710325,40.67977,11,2025072300530,101,0.96389604
11.171283444254378,17.240046,11,2025072300530,101,0.97951734
28.144648619408265,34.49677,11,2025072300530,101,0.88273734
12.033649227007436,17.34067,11,2025072300531,115,0.9662153
41.68147211774556,47.014885,11,2025072300536,173,0.94604284
8.046731009029003,14.746783,11,2025072300536,173,0.9818735
12.033649227007436,18.24985,11,2025072300536,173,0.9731088
23.79950113172152,29.553675,11,2025072300536,175,0.9382096
39.062068087361496,43.82461,11,2025072300543,172,0.97099227
8.046731009029003,14.591733,11,2025072300543,172,0.9806095
9.822949395741668,17.150795,11,2025072300543,172,0.9702674
38.1259143442698,44.248497,11,2025072300545,183,0.9540289
22.22128596454572,7.0,11,2025072300551,70,0.9699894
14.38734812834752,26.77237,11,2025072300551,70,0.8358543
34.8892467733779,44.496708,11,2025072300551,70,0.8605767
9.694960938563773,11.031707,11,2025072300551,109,0.9864092
11.473323642721276,15.073709,11,2025072300551,109,0.98216885
13.781638165496386,18.337992,11,2025072300551,112,0.988886
7.297913687467228,16.229673,11,2025072300552,112,0.8683523
10.672603751192412,14.809175,11,2025072300552,112,0.9702477
25.48884434237401,37.33162,11,2025072300552,115,0.96031743
37.39346490046008,48.758404,11,2025072300552,115,0.9636004
19.370570469220983,28.45385,11,2025072300552,116,0.9168077
14.38734812834752,15.599088,11,2025072300552,154,0.9690045
12.982366818263024,15.553558,11,2025072300552,154,0.8674037
15.290542403771129,21.119041,11,2025072300552,155,0.9513371
15.671030182926517,20.376844,11,2025072300552,155,0.962089
34.8892467733779,36.56978,11,2025072300552,157,0.8942791
22.3103675344897,28.939215,11,2025072300552,158,0.8895483
6.306515109021437,12.245164,11,2025072300552,160,0.8877229
7.297913687467228,25.8357,11,2025072300554,56,0.82474226
7.915551857038756,17.239246,11,2025072300554,56,0.92589337
10.672603751192412,18.762062,11,2025072300554,56,0.9121243
43.15036008451266,46.946457,11,2025072300554,56,0.9588279
37.39346490046008,50.603603,11,2025072300554,59,0.98095775
25.48884434237401,28.076805,11,2025072300554,66,0.8127394
15.290542403771129,25.152416,11,2025072300554,69,0.95863986
12.21792565975056,18.853401,11,2025072300554,104,0.9753686
16.71211650771358,23.203606,11,2025072300554,108,0.93002194
22.3103675344897,27.76953,11,2025072300554,108,0.8980676
22.898126063028823,28.696384,11,2025072300554,111,0.9422009
7.297913687467228,18.316816,11,2025072300556,114,0.84852576
10.672603751192412,16.196959,11,2025072300556,115,0.8540464
32.377743525678234,33.68162,11,2025072300556,115,0.8360095
30.747769851016542,35.612675,11,2025072300556,153,0.9616025
19.589862415699454,19.251835,11,2025072300556,153,0.9611849
10.234430863719243,15.3953085,11,2025072300556,154,0.8480353
23.854991819012653,22.734425,11,2025072300556,156,0.83426565
22.646622340477517,34.39919,11,2025072300556,156,0.9266912
16.71211650771358,22.583445,11,2025072300556,157,0.9308319
10.672603751192412,17.038088,11,2025072300557,158,0.9595824
32.377743525678234,40.004593,11,2025072300557,158,0.9282386
10.672603751192412,21.888508,11,2025072300560,154,0.9546452
19.589862415699454,23.101046,11,2025072300560,156,0.85210305
10.234430863719243,16.98764,11,2025072300560,157,0.9439156
21.925668835304467,26.899675,11,2025072300560,157,0.9822484
49.6265449472257,55.29373,11,2025072300560,157,0.99513334
23.854991819012653,25.241842,11,2025072300560,160,0.8056638
14.536855305775104,13.429999,11,2025072300560,185,0.95893025
11.27135456929796,14.809498,11,2025072300560,185,0.9872119
7.915551857038756,14.804842,11,2025072300561,152,0.8507882
32.377743525678234,40.981125,11,2025072300561,152,0.9948679
7.895321074107577,15.401159,11,2025072300561,181,0.9363711
26.968156775215164,43.185135,11,2025072300561,182,0.91490906
22.664939698586405,27.969805,11,2025072300561,184,0.93954
10.019314966679858,11.929583,11,2025072300561,185,0.98843235
25.19291324227548,31.50744,11,2025072300561,187,0.9923713
8.135236065037216,16.759888,11,2025072300561,187,0.9452854
49.24014982126281,53.034405,11,2025072300561,187,0.97794706
10.594900989622502,17.146807,11,2025072300562,66,0.9169487
6.703334771858845,12.246084,11,2025072300562,66,0.91063654
32.377743525678234,43.01184,11,2025072300562,66,0.96895045
26.968156775215164,35.014107,11,2025072300562,69,0.9537925
10.248464709921183,16.645748,11,2025072300562,69,0.9361224
21.69229515052319,32.29864,11,2025072300562,104,0.9193137
25.19291324227548,17.415218,11,2025072300562,107,0.8872711
15.533194085173136,19.226656,11,2025072300562,107,0.99010485
10.234430863719243,14.217704,11,2025072300562,108,0.9242393
17.952700603274504,32.598347,11,2025072300562,108,0.8933502
39.9789490540625,45.435825,11,2025072300562,108,0.97216934
7.7617882618286975,13.163059,11,2025072300562,111,0.9502412
8.887973837879226,15.638489,11,2025072300562,111,0.958431
14.536855305775104,16.777618,11,2025072300562,145,0.9837288
11.425670932707,13.80681,11,2025072300562,145,0.989422
36.24984156395515,42.526855,11,2025072300562,146,0.95082825
39.870553948712,46.150665,11,2025072300562,146,0.97823197
9.58325490636452,13.328453,11,2025072300564,153,0.97191757
20.07847492762792,29.583633,11,2025072300564,153,0.9617377
30.585951761802303,41.107376,11,2025072300564,156,0.9909655
26.968156775215164,42.89476,11,2025072300564,156,0.97961104
12.8399322208795,16.76739,11,2025072300564,156,0.84440684
39.9789490540625,46.011986,11,2025072300564,159,0.8457332
9.264086930406496,12.075868,11,2025072300564,181,0.8293541
21.741551597522445,30.137257,11,2025072300564,182,0.80536693
7.804050551038383,12.5222645,11,2025072300564,182,0.9801452
21.70786300930748,32.451305,11,2025072300564,184,0.8837685
26.904380579486663,25.188522,11,2025072300564,184,0.967292
20.51179452489011,24.736446,11,2025072300564,184,0.89425707
9.58325490636452,29.998833,11,2025072300567,150,0.91392463
8.225609256284415,11.080253,11,2025072300567,176,0.9770283
9.264086930406496,13.297308,11,2025072300567,178,0.9407855
15.458732882234209,18.983694,11,2025072300567,178,0.978255
30.585951761802303,45.132744,11,2025072300568,176,0.8905073
10.65195121887211,21.19848,11,2025072300568,178,0.8212409
10.347152234140122,15.394927,11,2025072300569,173,0.9685536
9.264086930406496,12.173021,11,2025072300569,177,0.9242413
27.96586986009665,35.3835,11,2025072300569,178,0.8641967
8.351665022992652,13.848523,11,2025072300569,178,0.97782314
43.62655576923936,48.82057,12,2025072300522,112,0.9827817
10.35582642468374,16.15776,12,2025072300522,115,0.96246356
33.684975370567166,38.82152,12,2025072300528,70,0.9750704
9.769675490356512,16.647669,12,2025072300528,70,0.9353955
20.56315806834589,26.018538,12,2025072300528,109,0.90575117
37.664630777863096,42.577065,12,2025072300529,64,0.9616623
12.698595209850993,18.541475,12,2025072300530,63,0.97509843
12.24256006152523,16.883696,12,2025072300531,112,0.9640684
27.69560649444025,33.380737,12,2025072300531,115,0.94765824
6.943768736596699,13.817786,12,2025072300540,180,0.95165765
42.71597355389751,48.468452,12,2025072300540,180,0.939988
8.316536790613892,14.440206,12,2025072300540,180,0.95639646
8.316536790613892,15.159364,12,2025072300545,182,0.9555531
14.04577998169878,14.4316635,12,2025072300551,63,0.92672753
11.502519879227023,14.644271,12,2025072300551,63,0.9282504
10.416806039370222,12.824073,12,2025072300552,70,0.92266923
6.985967686444711,11.261701,12,2025072300552,70,0.9919906
7.536550530099838,14.745794,12,2025072300552,70,0.8458266
8.88447416170491,13.469111,12,2025072300552,109,0.9800725
7.645445182770674,17.114445,12,2025072300552,112,0.9076631
28.05883035252964,37.58264,12,2025072300552,112,0.9581732
11.502519879227023,17.573124,12,2025072300552,115,0.96365964
17.662008837739187,45.328686,12,2025072300552,116,0.9076802
15.518204798763517,22.19899,12,2025072300554,23,0.94380426
7.536550530099838,13.8473625,12,2025072300554,23,0.9345487
16.461575366947034,21.087091,12,2025072300554,26,0.988441
28.05883035252964,38.195927,12,2025072300554,26,0.9820295
19.53483559288924,16.646467,12,2025072300554,56,0.80414206
14.04577998169878,18.212334,12,2025072300554,59,0.8995311
7.645445182770674,15.136798,12,2025072300554,63,0.9150322
12.595567571703306,18.41918,12,2025072300556,70,0.913044
23.49967594749724,28.930164,12,2025072300556,109,0.9854784
23.3421770787424,30.412851,12,2025072300556,114,0.9698251
17.283296326929204,27.06857,12,2025072300556,115,0.91018975
31.17378986059061,39.846836,12,2025072300556,115,0.8802552
7.149509601819521,11.798281,12,2025072300556,115,0.8420394
15.65292998571299,21.412987,12,2025072300557,113,0.9391416
41.31009904488851,46.03894,12,2025072300557,113,0.9496426
23.49967594749724,9.382453,12,2025072300557,155,0.9466388
23.48215971739716,23.021927,12,2025072300557,155,0.8490324
13.509966739040392,19.522419,12,2025072300557,155,0.95769
13.22063270296796,23.11841,12,2025072300557,155,0.88834876
15.107657986153033,21.63732,12,2025072300560,110,0.88942206
9.833026528472043,16.046875,12,2025072300560,110,0.9495324
30.29971635600641,34.869022,12,2025072300560,110,0.88430375
10.28990566769183,21.439629,12,2025072300560,112,0.9771985
13.22063270296796,15.358547,12,2025072300560,112,0.92381257
23.79355475265587,30.235703,12,2025072300560,113,0.95591235
23.48215971739716,31.044706,12,2025072300560,113,0.96471953
14.960850014090724,23.102175,12,2025072300560,115,0.9149424
11.929177274787367,18.098017,12,2025072300560,116,0.96330476
7.645445182770674,12.302847,12,2025072300560,154,0.9259604
27.15676627994832,35.063293,12,2025072300560,154,0.94399166
24.96900641760653,38.481,12,2025072300560,154,0.9584335
8.286972289903842,12.344595,12,2025072300560,154,0.85641456
18.8740651326547,24.596582,12,2025072300560,154,0.9884537
13.99351906732637,26.841562,12,2025072300560,155,0.969273
17.283296326929204,25.335295,12,2025072300560,157,0.83111936
14.960850014090724,23.412722,12,2025072300561,149,0.881152
10.28990566769183,12.21887,12,2025072300561,149,0.98144734
10.165591760385956,15.165008,12,2025072300561,152,0.9725869
33.13102808723601,36.111298,12,2025072300561,153,0.9608114
19.57529628483329,26.846313,12,2025072300561,153,0.95049703
30.29971635600641,37.836456,12,2025072300561,153,0.94482726
6.654400772183963,10.479497,12,2025072300561,153,0.9838695
10.94837913638475,16.019566,12,2025072300561,156,0.9653817
8.486557500891717,14.104116,12,2025072300561,156,0.9600485
23.79355475265587,30.675703,12,2025072300561,156,0.9552552
23.48215971739716,29.072693,12,2025072300561,156,0.95768917
7.645445182770674,13.4256525,12,2025072300561,182,0.96816504
18.82605879345111,23.101543,12,2025072300561,182,0.9824928
18.8740651326547,28.585619,12,2025072300561,182,0.9844789
20.25112147842116,24.387455,12,2025072300562,66,0.9554167
9.94406292513421,16.50229,12,2025072300562,69,0.93548256
12.585712713432336,17.997877,12,2025072300564,115,0.9681814
14.707335535255137,25.020487,12,2025072300564,153,0.9719587
8.873841004885172,14.092919,12,2025072300564,154,0.9377148
13.26595725940701,20.363243,12,2025072300564,154,0.94349265
9.94406292513421,20.641264,12,2025072300564,156,0.9767488
23.294284316048486,30.287895,12,2025072300567,146,0.9241782
8.558054065645033,15.658882,12,2025072300567,146,0.97914666
7.354289092062124,12.805796,12,2025072300567,146,0.9562159
20.37611021113357,27.342161,12,2025072300567,146,0.9602463
11.97497881153255,18.734453,12,2025072300567,146,0.9628205
6.593673358575216,13.1120205,12,2025072300567,146,0.98948413
32.89485602482229,13.99707,12,2025072300567,148,0.9325073
14.707335535255137,12.485058,12,2025072300567,150,0.95009583
26.785031575903563,38.013123,12,2025072300567,151,0.9247028
28.9342710245526,32.60058,12,2025072300567,151,0.9439947
13.26595725940701,18.954105,12,2025072300567,151,0.94650865
28.095338571932405,30.92535,12,2025072300568,151,0.99052376
17.653500995162965,21.71298,12,2025072300568,151,0.99251986
14.707335535255137,18.86497,12,2025072300568,176,0.9663393
26.785031575903563,27.687359,12,2025072300568,180,0.9424748
8.873841004885172,14.270149,12,2025072300568,180,0.96895367
13.26595725940701,15.606488,12,2025072300568,180,0.9570152
15.165013324316169,15.599779,12,2025072300568,180,0.96970034
10.588449130983772,12.200255,12,2025072300568,183,0.97270966
28.9342710245526,33.99586,12,2025072300568,183,0.9737288
8.593322356689088,20.154968,12,2025072300569,150,0.97134554
15.165013324316169,21.40384,12,2025072300569,150,0.987688
9.529854643630577,11.110447,12,2025072300569,173,0.8595502
20.87037978291257,28.009745,12,2025072300569,180,0.96580637
49.06002582182702,54.288662,12,2025072300569,183,0.9117625
15.165013324316169,17.829538,12,2025072300570,183,0.98878455
34.77230952663984,34.39459,12,2025072300570,184,0.98846406
13.26595725940701,17.92321,12,2025072300570,186,0.982232
37.49168505537383,27.39936,12,2025072300570,186,0.96408904
13.26595725940701,18.552916,12,2025072300572,176,0.97152734
7.254781923203426,11.608423,12,2025072300572,178,0.95991707
26.683720620155952,32.46043,12,2025072300572,179,0.95134187
15.221795565907328,19.563915,12,2025072300572,180,0.8740028
10.322193955570397,17.59798,12,2025072300572,183,0.9365065
47.45009366362645,53.46883,12,2025072300572,183,0.88719434
9.613205241420776,13.638151,13,2025070400536,45,0.96114475
6.3215622056347245,16.789759,13,2025070400536,51,0.92351705
7.958830108941275,11.269736,13,2025070400536,82,0.90643007
24.18201600359297,32.35778,13,2025070400536,91,0.8902466
7.151828378041002,12.940411,13,2025070400536,94,0.9689686
7.172743666104552,12.061072,13,2025070400536,101,0.9709701
25.888022156328613,35.372627,13,2025070400536,137,0.97621244
6.3215622056347245,12.0551605,13,2025070400537,51,0.947768
12.968172899149872,16.056221,13,2025070400537,59,0.9576728
40.48445440227364,37.050995,13,2025070400537,60,0.91682124
12.27625904110462,14.744438,13,2025070400537,62,0.9470296
31.73571807946601,28.121983,13,2025070400537,82,0.91473395
20.3722846001134,28.559906,13,2025070400537,91,0.9913856
7.151828378041002,11.806853,13,2025070400537,94,0.96125776
7.172743666104552,12.541687,13,2025070400537,101,0.92577136
41.16368783596607,45.216038,13,2025070400537,135,0.9839113
17.002892068101666,23.007933,13,2025070400538,16,0.98844737
39.07240116242668,29.141972,13,2025070400538,16,0.8586238
31.73571807946601,25.302652,13,2025070400538,43,0.8993665
19.360081312400336,22.820477,13,2025070400538,49,0.83324736
6.3215622056347245,14.097867,13,2025070400538,51,0.91344315
40.36954964263915,48.896736,13,2025070400538,58,0.9648201
12.27625904110462,22.657742,13,2025070400538,62,0.97753316
24.18201600359297,29.029888,13,2025070400538,90,0.97535044
12.169925326477047,21.199425,13,2025070400538,91,0.9877344
7.172743666104552,14.275754,13,2025070400538,101,0.8475877
12.801818343635164,13.192389,13,2025070400538,139,0.844023
18.57070383944581,25.980568,13,2025070400539,15,0.9789996
17.002892068101666,24.009941,13,2025070400539,16,0.9774196
31.73571807946601,21.248224,13,2025070400539,43,0.92105085
41.04978576858984,46.980003,13,2025070400539,47,0.9799875
23.79521027770227,40.608383,13,2025070400539,54,0.96583664
35.316121093079424,24.335535,13,2025070400539,58,0.8674481
40.36954964263915,51.433723,13,2025070400539,59,0.98902434
45.857010953263696,51.47967,13,2025070400539,61,0.97804034
12.258777300602867,24.609894,13,2025070400539,61,0.9855173
12.27625904110462,18.730646,13,2025070400539,62,0.93330044
7.151828378041002,11.17876,13,2025070400539,92,0.9169492
9.133893010516786,11.91343,13,2025070400539,92,0.96667594
16.727358723599988,24.223253,13,2025070400539,92,0.9834511
49.59092299638361,55.41365,13,2025070400539,94,0.9782551
33.487235190940936,34.765205,13,2025070400539,98,0.9557969
7.172743666104552,19.759357,13,2025070400539,101,0.9229336
28.485830805070943,35.559864,13,2025070400539,135,0.9855269
30.44303515712276,35.475323,13,2025070400539,137,0.9839753
8.51986653748351,18.212353,13,2025070400539,140,0.95304555
31.73571807946601,28.276302,13,2025070400540,40,0.9650154
9.244874782056735,14.294201,13,2025070400540,46,0.97237915
41.04978576858984,50.853657,13,2025070400540,47,0.9925046
34.43848918774387,36.99847,13,2025070400540,47,0.90505743
47.364303819779735,49.489906,13,2025070400540,57,0.964643
12.258777300602867,22.355583,13,2025070400540,61,0.9670863
45.857010953263696,53.3803,13,2025070400540,62,0.9963685
15.664786192965604,20.278273,13,2025070400540,81,0.9893567
27.330257645434926,37.83306,13,2025070400540,81,0.9826094
24.18201600359297,30.449493,13,2025070400540,83,0.8922327
13.489212504950745,18.447649,13,2025070400540,83,0.9843031
11.002549708901052,16.964474,13,2025070400540,84,0.9520786
17.02109613912559,31.2661,13,2025070400540,89,0.992151
7.151828378041002,11.800528,13,2025070400540,92,0.95861185
9.133893010516786,14.419348,13,2025070400540,92,0.93285984
6.271244415009026,13.429469,13,2025070400540,92,0.9640007
33.487235190940936,33.020866,13,2025070400540,105,0.9509432
24.647440938971545,44.172062,13,2025070400540,106,0.9544316
45.454151943898566,24.087816,13,2025070400540,137,0.8022126
14.940205041197336,21.461609,13,2025070400540,144,0.9858226
12.98499765649367,20.727127,13,2025070400541,69,0.8406427
21.558759138169066,28.001892,13,2025070400542,37,0.8092153
42.861845327766666,29.358969,13,2025070400543,103,0.91531587
10.13958276147648,16.800865,13,2025070400544,95,0.96127725
20.3820297001026,28.65202,13,2025070400545,10,0.9540342
35.803760244713764,37.0922,13,2025070400546,42,0.86354303
10.13958276147648,13.795652,13,2025070400546,95,0.9011746
19.915522863760145,27.1549,13,2025070400547,13,0.86702543
23.88379022277149,29.15682,13,2025070400548,94,0.8839486
21.899026687781276,29.36833,13,2025070400549,15,0.9970783
32.25139394230142,39.52552,13,2025070400549,41,0.99383575
17.163629753575538,17.573462,13,2025070400549,51,0.92044365
25.83297853631391,40.01469,13,2025070400549,54,0.9336713
26.295461846729243,37.117355,13,2025070400549,69,0.8973758
7.97621232203903,12.526669,13,2025070400549,91,0.9574046
18.332310727234123,26.418974,13,2025070400549,96,0.82404983
17.664980217573206,25.57914,13,2025070400549,96,0.9911704
39.40923608416013,51.48084,13,2025070400549,96,0.99010533
32.25139394230142,42.271336,13,2025070400550,37,0.99164397
11.504580814109598,21.862446,13,2025070400550,38,0.9504346
10.216152941380576,16.031168,13,2025070400550,47,0.9750308
23.26291375509376,30.048407,13,2025070400550,48,0.966645
7.676561512307597,14.358741,13,2025070400550,51,0.923714
17.163629753575538,28.164759,13,2025070400550,51,0.9631206
7.894098713514331,11.371538,13,2025070400550,54,0.9576406
20.201288337177157,33.40903,13,2025070400550,55,0.9895599
7.1065179567579655,13.998077,13,2025070400550,55,0.97299486
13.852863734330452,22.27195,13,2025070400550,61,0.82548755
19.877401054815397,24.60258,13,2025070400550,62,0.99496186
34.97449255281681,46.517647,13,2025070400550,98,0.95866036
39.40923608416013,50.044537,13,2025070400550,135,0.99212897
20.805434541692343,27.598,13,2025070400551,44,0.94605935
10.216152941380576,17.3077,13,2025070400551,47,0.9868238
42.88427558795453,42.74504,13,2025070400551,53,0.95477897
7.894098713514331,12.047973,13,2025070400551,54,0.95978475
7.1065179567579655,16.110321,13,2025070400551,55,0.95141447
20.889002161166932,29.287312,13,2025070400551,60,0.9547052
41.46745947951333,44.012012,13,2025070400551,61,0.97856665
19.877401054815397,25.931383,13,2025070400551,62,0.9954768
31.66037914541685,45.548862,13,2025070400551,97,0.9842955
24.57188236679508,25.923773,13,2025070400552,15,0.84132063
11.706337077792314,27.086756,13,2025070400552,38,0.8566827
27.203342255705994,40.651623,13,2025070400552,45,0.95387536
7.894098713514331,15.002597,13,2025070400552,54,0.9838882
7.1065179567579655,12.892989,13,2025070400552,55,0.9012644
7.1531942096716685,12.923061,13,2025070400552,60,0.8582259
21.80940405527939,32.159954,13,2025070400552,60,0.98295444
18.332310727234123,28.017265,13,2025070400552,89,0.85272515
36.26229544909995,45.812744,13,2025070400552,100,0.9895036
7.774879678201594,17.892443,13,2025070400552,105,0.8930783
14.336464009505738,18.31313,13,2025070400553,47,0.91701156
12.915148212952635,16.029156,13,2025070400553,54,0.98238933
21.80940405527939,32.79106,13,2025070400553,60,0.9768237
30.230061862385444,16.51206,13,2025070400553,61,0.9133701
18.332310727234123,26.642664,13,2025070400553,89,0.9791956
10.194163408956118,22.404482,13,2025070400553,105,0.941188
10.6965806611455,16.020979,15,2025070400536,101,0.97547513
8.092132699330191,15.359736,15,2025070400536,106,0.9805633
13.595462304244204,21.042612,15,2025070400536,111,0.97959566
14.255028079384084,18.85667,15,2025070400536,155,0.98789316
12.841751702836731,20.38143,15,2025070400537,69,0.98653364
30.318966234843675,31.276758,15,2025070400537,70,0.97589296
49.47184284005365,51.12115,15,2025070400537,70,0.95877695
10.6965806611455,16.204702,15,2025070400537,101,0.98231804
9.953395485444329,15.657375,15,2025070400537,101,0.97801363
6.380579320594153,11.29528,15,2025070400537,102,0.9441402
8.092132699330191,13.27228,15,2025070400537,106,0.95775366
23.55161417440713,23.558386,15,2025070400537,110,0.9608572
45.92659246233231,40.243317,15,2025070400537,147,0.97340333
8.577991587044833,14.182971,15,2025070400537,148,0.96800315
36.830484727004674,37.831627,15,2025070400537,148,0.9629804
7.575534766396486,13.8380995,15,2025070400537,182,0.8349801
26.944123339408048,32.971535,15,2025070400538,62,0.96308863
10.34502662080714,16.361881,15,2025070400538,67,0.97537327
12.841751702836731,22.35883,15,2025070400538,69,0.99082243
30.318966234843675,33.526596,15,2025070400538,70,0.98633236
9.953395485444329,17.037989,15,2025070400538,101,0.982812
6.380579320594153,16.425268,15,2025070400538,102,0.84259295
25.089451183459325,32.624653,15,2025070400538,105,0.9653894
8.092132699330191,12.601733,15,2025070400538,106,0.9456322
39.04574849765437,33.613293,15,2025070400538,108,0.89595604
23.55161417440713,36.275764,15,2025070400538,110,0.98181516
14.482771398935984,19.620274,15,2025070400538,146,0.84140265
36.830484727004674,49.46847,15,2025070400538,147,0.9907714
45.92659246233231,52.051487,15,2025070400538,147,0.9528742
6.370139881448004,12.597943,15,2025070400538,148,0.97781384
8.577991587044833,14.049324,15,2025070400538,148,0.97688496
7.171271046908413,14.287964,15,2025070400538,151,0.9359641
17.152733594195205,24.504965,15,2025070400538,152,0.99383074
12.50305534433171,25.930548,15,2025070400538,154,0.99723417
9.309500398832665,18.310114,15,2025070400538,155,0.98165566
7.575534766396486,12.054734,15,2025070400538,182,0.9640115
6.380579320594153,13.460196,15,2025070400539,102,0.8828503
25.089451183459325,29.256,15,2025070400539,102,0.9649371
8.092132699330191,12.520468,15,2025070400539,105,0.9758542
16.749409199295798,17.574066,15,2025070400539,107,0.9838397
36.830484727004674,39.599922,15,2025070400539,144,0.885746
41.78874542625741,46.166653,15,2025070400539,147,0.91823745
6.370139881448004,13.433916,15,2025070400539,148,0.97185653
17.152733594195205,22.658047,15,2025070400539,152,0.9727065
12.50305534433171,12.477303,15,2025070400539,154,0.9484852
16.690258286760695,30.283644,15,2025070400540,62,0.98999923
8.468847502688837,13.216731,15,2025070400540,66,0.9513556
11.901219551604502,16.584251,15,2025070400540,66,0.9763471
9.953395485444329,15.661837,15,2025070400540,100,0.97950006
8.092132699330191,14.744798,15,2025070400540,105,0.973653
24.981863797212444,31.551317,15,2025070400540,109,0.96152616
7.906570561974503,13.433966,15,2025070400540,110,0.97399783
36.830484727004674,41.98409,15,2025070400540,144,0.88893163
27.39688166666043,30.080246,15,2025070400540,144,0.94175076
23.67631161946128,38.39261,15,2025070400540,145,0.99386877
11.409480766332235,19.512377,15,2025070400540,152,0.995125
12.50305534433171,15.570095,15,2025070400540,154,0.971973
9.309500398832665,13.420115,15,2025070400540,155,0.9647675
9.455131745599534,14.082964,15,2025070400540,155,0.9046905
14.626870321509696,37.060467,15,2025070400542,152,0.8557366
15.802524750547422,22.777046,15,2025070400543,154,0.9065861
8.47400832881808,12.87498,15,2025070400544,105,0.9009701
25.31016094502314,29.485573,15,2025070400544,155,0.8205085
14.756674429325864,17.882544,15,2025070400546,148,0.83665574
8.550214416359651,14.126377,15,2025070400549,69,0.9698547
11.601699998981497,14.288148,15,2025070400549,107,0.94426155
38.035472341817446,47.200993,15,2025070400549,108,0.9917881
16.66251484544033,21.785368,15,2025070400549,148,0.99030614
24.361701829471933,33.999428,15,2025070400549,160,0.9462871
8.550214416359651,13.838662,15,2025070400550,69,0.9794575
22.5759619522215,34.554016,15,2025070400550,100,0.9825017
27.69977898847944,31.417416,15,2025070400550,101,0.99247193
26.323774875700572,32.741573,15,2025070400550,106,0.99266714
38.035472341817446,51.169884,15,2025070400550,111,0.99756587
10.20465862242518,15.093983,15,2025070400550,114,0.93929183
16.107394071945617,28.120186,15,2025070400550,140,0.9959258
8.839063734201378,13.82309,15,2025070400550,151,0.9891878
6.811574007769182,12.496983,15,2025070400550,154,0.83210343
8.550214416359651,11.615741,15,2025070400551,69,0.9363729
22.5759619522215,31.44224,15,2025070400551,101,0.98389477
38.035472341817446,45.182274,15,2025070400551,104,0.99033207
12.17600665851236,16.077705,15,2025070400551,109,0.9510846
33.48757324301653,36.38408,15,2025070400551,116,0.96704537
8.839063734201378,13.485586,15,2025070400551,151,0.98137486
41.71848167917423,48.262173,15,2025070400551,152,0.98078614
26.94310767901233,17.341377,15,2025070400551,153,0.8618976
20.11963013443245,0.0,15,2025070400551,154,0.82063
24.361701829471933,35.873684,15,2025070400551,160,0.98928237
48.34303087516997,49.63975,15,2025070400552,69,0.84569484
33.48757324301653,47.41203,15,2025070400552,116,0.9780938
39.41782620350593,44.261158,15,2025070400552,137,0.8144334
16.107394071945617,18.763786,15,2025070400552,147,0.98077375
26.94310767901233,38.438828,15,2025070400552,153,0.8177624
20.38053152434423,27.409283,15,2025070400552,160,0.99040097
48.34303087516997,15.398071,15,2025070400553,69,0.84337896
33.18576329928078,37.014404,15,2025070400553,70,0.83837515
25.220993271679447,29.609444,15,2025070400553,114,0.974324
33.48757324301653,43.551086,15,2025070400553,115,0.9898789
16.107394071945617,22.353348,15,2025070400553,147,0.9888439
30.593270376419827,37.951214,15,2025070400553,147,0.9699739
7.426960353862414,10.425507,15,2025070400553,147,0.9180558
26.94310767901233,18.298414,15,2025070400553,156,0.94742256
49.78222473293931,57.577305,16,2025070400536,149,0.9660295
23.31172866243827,30.247366,16,2025070400536,159,0.97807294
12.583595973722774,21.000275,16,2025070400536,172,0.94737107
9.390296998611612,14.760187,16,2025070400536,179,0.9478422
9.415866727000555,14.750943,16,2025070400536,180,0.9606433
23.151650650490744,33.962807,16,2025070400536,182,0.863523
45.31596208842944,37.930313,16,2025070400536,187,0.9710395
8.513187901824288,11.813925,16,2025070400537,143,0.9778479
49.78222473293931,56.4495,16,2025070400537,152,0.95804405
23.31172866243827,30.626589,16,2025070400537,159,0.9951632
15.29748147549223,24.019781,16,2025070400537,171,0.9830547
12.583595973722774,19.756704,16,2025070400537,172,0.9693626
9.415866727000555,16.99837,16,2025070400537,173,0.98359656
10.189784318342522,14.032723,16,2025070400537,177,0.97521937
23.151650650490744,43.349422,16,2025070400537,181,0.89722484
11.334398205241389,13.139928,16,2025070400537,182,0.96990037
29.23622895968533,34.58892,16,2025070400537,184,0.82472605
11.78807405767673,15.610633,16,2025070400537,185,0.9848756
7.45880982570725,14.151923,16,2025070400538,142,0.9537886
9.390760673999578,12.014842,16,2025070400538,147,0.9151115
12.844001603467184,23.161926,16,2025070400538,149,0.9821347
23.31172866243827,35.607655,16,2025070400538,152,0.9866239
23.550386424725883,30.831648,16,2025070400538,152,0.9917652
15.29748147549223,21.02635,16,2025070400538,171,0.9677995
12.583595973722774,20.474756,16,2025070400538,172,0.9303517
32.98922631090024,37.61063,16,2025070400538,174,0.9949463
10.189784318342522,13.792129,16,2025070400538,174,0.9557063
23.151650650490744,30.683256,16,2025070400538,181,0.96063626
11.78807405767673,18.992313,16,2025070400538,182,0.9923809
11.334398205241389,16.210056,16,2025070400538,182,0.96728945
49.78222473293931,49.354008,16,2025070400538,182,0.9656582
8.808890537194747,16.126211,16,2025070400538,184,0.96178657
29.95243234893484,32.91413,16,2025070400538,187,0.98751605
7.45880982570725,11.942136,16,2025070400539,142,0.9393054
12.844001603467184,19.28172,16,2025070400539,149,0.918223
6.777874550656176,19.811064,16,2025070400539,151,0.93549615
15.735282731870836,19.522696,16,2025070400539,152,0.98333824
23.37037048416326,33.13212,16,2025070400539,173,0.97657067
26.230159403768724,29.00703,16,2025070400539,183,0.9587286
8.808890537194747,19.148918,16,2025070400539,184,0.92098606
13.413290083433946,22.381979,16,2025070400540,143,0.98933905
13.090561375991689,24.139614,16,2025070400540,148,0.98709583
16.52645323077534,26.349606,16,2025070400540,152,0.9871991
14.239050970295771,20.10173,16,2025070400540,152,0.9924926
12.835797525996,20.087158,16,2025070400540,159,0.84592086
32.98922631090024,49.613075,16,2025070400540,171,0.99360895
43.58714361952441,39.013336,16,2025070400540,175,0.90337455
40.390851335925305,49.263264,16,2025070400540,179,0.99522024
11.334398205241389,19.296722,16,2025070400540,182,0.98488575
33.59071915660868,20.55722,16,2025070400542,142,0.8978032
15.771208280648564,27.516306,16,2025070400542,178,0.9167327
7.008822012962605,26.790533,16,2025070400543,148,0.86426127
20.09397016367196,12.473238,16,2025070400543,172,0.89422584
23.68767746644733,18.35266,16,2025070400544,148,0.8915857
23.68767746644733,32.10912,16,2025070400545,148,0.9250079
24.96758159352301,26.802519,16,2025070400545,170,0.81429327
15.04904696651349,21.879543,16,2025070400546,151,0.8814948
34.69839817513296,42.764454,16,2025070400547,151,0.927809
23.68767746644733,28.810263,16,2025070400547,151,0.9506082
38.595480701276685,43.813393,16,2025070400549,139,0.9971998
34.69839817513296,46.538105,16,2025070400549,148,0.992781
15.676889292316051,20.998087,16,2025070400549,150,0.97268
24.510337803836038,29.264505,16,2025070400549,159,0.9812533
12.22011591431341,20.27418,16,2025070400549,170,0.9846597
16.94965919162608,26.16276,16,2025070400549,186,0.99344325
37.832148448847725,39.85495,16,2025070400549,186,0.9837307
15.676889292316051,20.48702,16,2025070400550,143,0.97771853
33.9075493461898,41.20017,16,2025070400550,144,0.9941545
7.520571071386899,12.17307,16,2025070400550,147,0.96490735
34.69839817513296,44.711742,16,2025070400550,148,0.98123574
10.594401459567951,17.283579,16,2025070400550,148,0.9688598
44.0546623882343,50.518456,16,2025070400550,152,0.9873376
7.583304015614568,12.1498785,16,2025070400550,172,0.99326867
8.301939229011374,12.874129,16,2025070400550,175,0.97768706
13.70654070712149,21.413866,16,2025070400550,182,0.9755189
33.12031015009318,41.3885,16,2025070400550,183,0.8931018
16.94965919162608,25.785048,16,2025070400550,186,0.9860699
6.263163726041796,12.601604,16,2025070400550,187,0.8981337
13.65611016476704,28.076822,16,2025070400551,143,0.9727118
15.676889292316051,12.943814,16,2025070400551,143,0.96916515
7.520571071386899,11.450563,16,2025070400551,147,0.96086115
9.777447381786295,12.850529,16,2025070400551,149,0.97442853
24.56856119507049,39.468082,16,2025070400551,152,0.9667145
7.583304015614568,12.602322,16,2025070400551,172,0.95657337
22.99924173846856,23.843645,16,2025070400551,173,0.96792233
24.707777228187265,34.146263,16,2025070400551,177,0.94404155
13.70654070712149,18.587412,16,2025070400551,181,0.823337
8.409015108660558,30.234335,16,2025070400551,182,0.9592056
16.94965919162608,27.768732,16,2025070400551,186,0.97143865
26.691018508125403,31.971668,16,2025070400551,186,0.9828615
7.484392332261806,11.813925,16,2025070400552,137,0.90624195
13.65611016476704,18.413317,16,2025070400552,143,0.98547703
24.98417790105997,39.44636,16,2025070400552,152,0.98778385
16.074796026226704,22.383621,16,2025070400552,159,0.9718987
9.05226155935365,12.208677,16,2025070400552,172,0.91335326
7.583304015614568,11.719043,16,2025070400552,172,0.97968036
18.207599590189325,24.238495,16,2025070400552,174,0.9783261
13.70654070712149,26.803492,16,2025070400552,181,0.9628374
32.76701624994133,32.104343,16,2025070400552,185,0.84912306
9.81910649757246,16.076052,16,2025070400553,140,0.87886643
7.583304015614568,12.502994,16,2025070400553,172,0.8962566
18.207599590189325,24.124598,16,2025070400553,174,0.98520166
26.691018508125403,34.45964,16,2025070400553,179,0.9936553
34.61812836807645,52.864212,17,2025070400536,2,0.8843287
42.983276305756746,55.21272,17,2025070400536,3,0.9654134
17.25367845672141,29.002829,17,2025070400536,13,0.979291
32.42462111285165,42.862175,17,2025070400536,36,0.99189353
13.878956993007913,18.242992,17,2025070400536,42,0.98597175
42.983276305756746,52.36855,17,2025070400537,3,0.94473296
21.459175802891053,28.150993,17,2025070400537,8,0.96810037
8.763484612251604,15.0,17,2025070400537,8,0.9877934
6.899927757902972,12.231372,17,2025070400537,15,0.9079823
9.506949403608722,23.855783,17,2025070400537,31,0.865557
11.352309076782944,18.262129,17,2025070400537,35,0.9883717
32.42462111285165,43.91419,17,2025070400537,36,0.98765755
9.755938995034628,20.997587,17,2025070400537,36,0.9490202
8.660274835258635,16.198511,17,2025070400537,39,0.9783935
21.850052285346408,30.991331,17,2025070400537,42,0.9856017
13.878956993007913,19.272837,17,2025070400537,42,0.988282
37.82258065967504,55.52056,17,2025070400537,72,0.9829071
29.77357887218801,37.58135,17,2025070400537,77,0.9699111
9.999753978961715,14.662107,17,2025070400537,81,0.9739769
18.996364641459454,29.16912,17,2025070400538,1,0.9847355
28.73898217557617,41.60401,17,2025070400538,3,0.9924827
43.53242299384795,43.846813,17,2025070400538,3,0.9872005
42.983276305756746,46.487125,17,2025070400538,4,0.98094386
38.71400564787873,49.769558,17,2025070400538,5,0.9896588
44.70773620013191,55.848003,17,2025070400538,8,0.9947049
15.97505420037369,27.537174,17,2025070400538,15,0.837683
37.21813155015703,41.033176,17,2025070400538,15,0.97405654
8.020083513511878,13.069168,17,2025070400538,29,0.9718013
11.352309076782944,19.520483,17,2025070400538,35,0.981588
14.304266857316192,18.861595,17,2025070400538,38,0.96779144
14.294729725263872,22.666775,17,2025070400538,39,0.9905071
8.660274835258635,17.451927,17,2025070400538,39,0.98191434
29.08759496636962,47.32351,17,2025070400538,73,0.9915115
29.77357887218801,36.199116,17,2025070400538,74,0.990455
9.999753978961715,31.186785,17,2025070400538,81,0.94917333
38.71400564787873,40.86264,17,2025070400539,5,0.9955023
45.30686542057586,50.860077,17,2025070400539,36,0.9932975
44.39447085185272,44.707703,17,2025070400539,37,0.9741173
45.25035172983483,47.17032,17,2025070400539,41,0.9111987
13.3228578339566,14.593991,17,2025070400539,42,0.9620172
13.214063877441648,14.2954645,17,2025070400539,42,0.8680534
38.87650726711464,48.889885,17,2025070400539,84,0.9859028
42.052374575464064,58.14936,17,2025070400540,3,0.9952152
44.70773620013191,52.102577,17,2025070400540,4,0.9941637
27.075691089324454,31.215494,17,2025070400540,6,0.9599383
19.42493121632423,24.194586,17,2025070400540,6,0.9950145
30.481066626341526,32.410946,17,2025070400540,7,0.89075977
13.16956707009656,19.197008,17,2025070400540,7,0.98762494
15.544199649787346,22.43539,17,2025070400540,12,0.9706377
8.739216233985351,15.392638,17,2025070400540,28,0.98080474
28.234460320431012,37.46127,17,2025070400540,31,0.9908963
45.30686542057586,46.497963,17,2025070400540,36,0.9862423
8.483880774794267,13.215276,17,2025070400540,40,0.9007211
13.3228578339566,16.520576,17,2025070400540,42,0.9840315
13.214063877441648,18.032787,17,2025070400540,42,0.9675908
32.272133114440265,37.22067,17,2025070400540,74,0.9848674
9.999753978961715,16.776169,17,2025070400540,81,0.9517855
13.463319299577654,18.984198,17,2025070400542,39,0.9136168
7.139179540510083,17.127312,17,2025070400542,81,0.9245155
15.541397014073508,28.99073,17,2025070400543,32,0.84852445
36.805267513262805,38.410973,17,2025070400543,34,0.83658993
12.444575722682307,21.856918,17,2025070400546,77,0.84117234
11.808540729711757,38.157158,17,2025070400547,72,0.8258508
39.07420412551125,30.497267,17,2025070400549,1,0.95010614
26.99718069498816,28.578196,17,2025070400549,8,0.9875793
14.44245739991272,25.801472,17,2025070400549,40,0.98041016
10.086028418615465,18.558413,17,2025070400549,84,0.98816377
39.07420412551125,36.646885,17,2025070400550,1,0.903423
9.157543450563956,13.447272,17,2025070400550,12,0.98035216
11.261740956662935,26.456736,17,2025070400550,39,0.97724074
10.733697336579985,15.50858,17,2025070400550,40,0.9721523
6.477775516743988,11.631329,17,2025070400550,42,0.93265253
7.321031813400451,13.482015,17,2025070400550,42,0.970531
22.203604202874143,36.481693,17,2025070400550,77,0.95455366
6.671143480139745,13.346411,17,2025070400551,1,0.9352444
44.32130646282517,37.51864,17,2025070400551,28,0.9802304
25.539501206958136,37.96639,17,2025070400551,33,0.9872685
7.837840566354566,17.595964,17,2025070400551,35,0.9078135
40.71655456589102,25.382364,17,2025070400551,36,0.98684883
18.76801121511625,32.009346,17,2025070400551,38,0.9685532
11.261740956662935,18.554953,17,2025070400551,39,0.96788454
6.477775516743988,14.150833,17,2025070400551,42,0.82151353
7.321031813400451,12.431305,17,2025070400551,42,0.9806169
22.203604202874143,31.41474,17,2025070400551,77,0.8690408
13.77207951208802,16.093594,17,2025070400552,3,0.9317501
29.570978670022267,0.0,17,2025070400552,31,0.8676394
21.61815611043671,35.75046,17,2025070400552,32,0.94379216
25.539501206958136,31.435629,17,2025070400552,34,0.97820777
7.837840566354566,14.294982,17,2025070400552,35,0.9280801
18.76801121511625,25.49297,17,2025070400552,38,0.9656993
11.261740956662935,16.625486,17,2025070400552,39,0.93184984
13.249215286819863,21.080242,17,2025070400552,41,0.84973854
7.321031813400451,11.245526,17,2025070400552,42,0.9355583
7.545073934832303,11.891895,17,2025070400552,42,0.92260593
22.203604202874143,26.0869,17,2025070400552,77,0.9693759
6.671143480139745,14.637128,17,2025070400553,1,0.98033845
48.78341588933792,40.737293,17,2025070400553,29,0.9610773
7.837840566354566,15.391906,17,2025070400553,35,0.9068915
19.472468777821284,23.348778,17,2025070400553,40,0.98033637
40.71655456589102,48.990704,17,2025070400553,40,0.9943678
20.65488021898488,20.118631,17,2025070400553,72,0.87656593
30.936313086863493,35.418907,18,2025070400536,10,0.8716372
7.671040343296717,14.022342,18,2025070400536,10,0.9867209
23.030657361451222,35.384453,18,2025070400536,14,0.9609893
23.4407581723035,34.78087,18,2025070400536,16,0.9898693
13.874490188832103,16.543009,18,2025070400536,16,0.943405
21.73826619708208,21.463972,18,2025070400536,25,0.8833503
40.25167633505993,46.378693,18,2025070400536,26,0.97130406
12.053495028459428,16.62321,18,2025070400536,55,0.9778867
34.46157078497266,38.038177,18,2025070400536,62,0.97982305
22.439506916623824,31.265253,18,2025070400537,12,0.990195
17.420215885610965,23.982584,18,2025070400537,14,0.9873854
9.524064742579847,15.690913,18,2025070400537,23,0.97510374
15.231484133017885,26.147827,18,2025070400537,24,0.98605365
44.87506638041248,44.691067,18,2025070400537,24,0.9751256
20.052447994501307,32.365154,18,2025070400537,24,0.9516801
12.47923772349919,18.041128,18,2025070400537,26,0.97276986
39.80354112450522,46.037746,18,2025070400537,54,0.99397683
12.053495028459428,17.310715,18,2025070400537,55,0.98029274
34.78378461326527,42.87198,18,2025070400537,56,0.9836927
34.46157078497266,40.59114,18,2025070400537,62,0.9914145
22.439506916623824,29.431421,18,2025070400538,9,0.9951498
23.4407581723035,31.645168,18,2025070400538,13,0.9878093
17.420215885610965,24.760136,18,2025070400538,14,0.99189305
7.825487775066735,16.800053,18,2025070400538,18,0.97220355
14.044687747367012,27.315485,18,2025070400538,21,0.9434054
9.524064742579847,17.341349,18,2025070400538,22,0.9734421
15.231484133017885,19.608725,18,2025070400538,24,0.988596
23.10156224190905,29.29279,18,2025070400538,24,0.99185395
12.47923772349919,19.027851,18,2025070400538,26,0.98678535
9.52493862186405,12.5378065,18,2025070400538,26,0.9693377
33.26631500361873,40.104847,18,2025070400538,47,0.96879065
34.78378461326527,44.521545,18,2025070400538,56,0.98704123
20.97045182041681,31.776165,18,2025070400538,58,0.9925996
42.02208002844524,47.867485,18,2025070400538,62,0.984014
31.23247298069009,37.755405,18,2025070400538,63,0.98871124
11.76860761191726,16.628378,18,2025070400538,63,0.96524495
22.439506916623824,28.163084,18,2025070400539,9,0.98587835
23.4407581723035,29.953508,18,2025070400539,13,0.98564434
29.30955525377852,40.198425,18,2025070400539,16,0.9728645
34.51687225498427,46.42435,18,2025070400539,22,0.9870695
15.231484133017885,20.62872,18,2025070400539,24,0.99226165
10.740084236193496,15.253812,18,2025070400539,24,0.9894972
10.328617182667564,16.584206,18,2025070400539,25,0.84968036
23.4407581723035,32.247475,18,2025070400540,10,0.9856936
16.439708634188705,22.755316,18,2025070400540,10,0.98638356
33.278108427972995,36.007,18,2025070400540,11,0.95463425
20.63307920972028,18.174454,18,2025070400540,11,0.8432447
7.107166301178919,16.311073,18,2025070400540,13,0.9705878
21.470768231750096,24.245266,18,2025070400540,13,0.9629765
10.915337733072132,16.969084,18,2025070400540,14,0.98544264
21.85596145828592,31.636057,18,2025070400540,22,0.9936991
15.231484133017885,12.164125,18,2025070400540,24,0.888232
10.740084236193496,17.013119,18,2025070400540,24,0.98645765
28.981050519394085,36.17231,18,2025070400540,24,0.97731996
8.752854062217176,13.218385,18,2025070400540,55,0.9258516
9.55890366621558,18.317438,18,2025070400540,58,0.9637472
28.981050519394085,24.180525,18,2025070400542,24,0.94005764
11.890269234285253,20.154173,18,2025070400544,17,0.86459386
17.328486919444657,20.995325,18,2025070400544,54,0.82401353
16.587212809544315,31.098682,18,2025070400546,24,0.8472088
28.74249200820837,39.60763,18,2025070400549,54,0.9437856
19.452674297353624,36.64916,18,2025070400549,58,0.9949786
17.32691331239316,26.010937,18,2025070400549,63,0.98970324
17.62979004122022,28.15164,18,2025070400549,66,0.98062986
8.284798561960724,16.035175,18,2025070400550,12,0.97434694
20.3096077849464,17.003195,18,2025070400550,17,0.8378869
42.64578419615445,22.316935,18,2025070400550,17,0.9600141
20.053748978088272,31.74479,18,2025070400550,24,0.8745052
22.16240040127066,31.747038,18,2025070400550,25,0.98265326
15.33561162496355,25.023787,18,2025070400550,55,0.964527
13.125489076867808,21.027142,18,2025070400550,55,0.98133767
9.883251079717814,18.03021,18,2025070400550,55,0.81934464
43.25664508660286,39.622623,18,2025070400550,56,0.90133446
19.452674297353624,35.76444,18,2025070400550,58,0.966078
30.58663000860385,29.657423,18,2025070400550,59,0.88786566
8.341923836488926,13.212415,18,2025070400550,69,0.97016853
34.11032712830685,46.04836,18,2025070400551,10,0.943198
19.407452394403336,26.19972,18,2025070400551,11,0.99122167
31.657756818858864,38.204605,18,2025070400551,12,0.98745584
7.528294333258164,12.053129,18,2025070400551,13,0.9639533
42.64578419615445,51.348045,18,2025070400551,14,0.97750854
22.16240040127066,36.461823,18,2025070400551,22,0.97551256
13.699336851082975,21.245987,18,2025070400551,26,0.9633319
13.125489076867808,21.780182,18,2025070400551,55,0.9875015
10.219134191944304,14.749447,18,2025070400551,58,0.8564999
30.58663000860385,30.247227,18,2025070400551,59,0.8329183
43.25664508660286,45.594967,18,2025070400551,59,0.9671445
20.05815240457161,22.026579,18,2025070400551,64,0.9910614
7.528294333258164,12.054849,18,2025070400552,13,0.9585874
23.313439115879373,30.911976,18,2025070400552,14,0.94094646
6.6667072577789686,12.893853,18,2025070400552,23,0.9515907
13.125489076867808,19.727764,18,2025070400552,55,0.98264205
9.883251079717814,16.641306,18,2025070400552,55,0.9504814
43.25664508660286,50.366703,18,2025070400552,59,0.9658608
29.5819161434539,26.171646,18,2025070400552,59,0.9650676
42.742325348852575,39.409782,18,2025070400552,62,0.96644443
34.690900325782096,24.507948,18,2025070400553,18,0.98514694
22.16240040127066,28.926834,18,2025070400553,22,0.97383595
35.075625594570646,41.161163,18,2025070400553,26,0.98727405
12.74938131723608,19.198137,18,2025070400553,47,0.9777851
28.68479364172548,29.30631,18,2025070400553,55,0.9013769
43.25664508660286,32.284264,18,2025070400553,62,0.88928545
13.16488198486099,21.027393,19,2025070400536,72,0.9806974
20.866068295861805,29.01189,19,2025070400536,74,0.9824835
8.063476018101428,18.659756,19,2025070400536,75,0.9799699
32.19876478677822,40.67021,19,2025070400536,78,0.9784716
11.868511349584708,18.229172,19,2025070400536,80,0.98278207
36.85294640896465,44.35297,19,2025070400537,34,0.9872225
49.37360508704083,48.27221,19,2025070400537,72,0.9852808
10.162173325943291,13.427477,19,2025070400537,73,0.9938443
46.60333771218525,52.258575,19,2025070400537,73,0.9957717
9.368545241634642,11.612834,19,2025070400537,73,0.9635463
32.19876478677822,39.90258,19,2025070400537,75,0.9549533
8.063476018101428,12.050963,19,2025070400537,75,0.93972856
10.710213337879877,12.543792,19,2025070400537,76,0.9041924
24.53146850009941,30.900831,19,2025070400537,76,0.97155386
33.17356571581714,37.89256,19,2025070400537,76,0.9224752
7.084525042394262,11.0,19,2025070400537,76,0.9326412
11.868511349584708,18.99226,19,2025070400537,80,0.9890653
8.091650781192595,12.238963,19,2025070400537,80,0.959445
7.426022022838771,11.153098,19,2025070400537,80,0.9669629
44.48576564154684,51.39858,19,2025070400537,81,0.9941724
11.310193586087196,21.99665,19,2025070400537,84,0.9739959
24.04974708286662,30.5448,19,2025070400538,34,0.96256214
15.630736640263455,23.932146,19,2025070400538,72,0.98255116
49.37360508704083,51.41048,19,2025070400538,72,0.9904199
46.60333771218525,0.0,19,2025070400538,73,0.9840717
9.368545241634642,17.404078,19,2025070400538,73,0.99224854
44.48576564154684,43.924843,19,2025070400538,74,0.9815435
10.710213337879877,22.401814,19,2025070400538,76,0.9530235
14.798847863674444,20.155165,19,2025070400538,77,0.9924359
46.31145922839279,53.647488,19,2025070400538,78,0.9835993
29.167023658858778,37.5197,19,2025070400538,79,0.97238296
11.868511349584708,20.02364,19,2025070400538,80,0.9913591
10.710213337879877,26.770601,19,2025070400539,76,0.8945626
18.93243381791847,32.749287,19,2025070400540,34,0.96261054
12.866100814759116,16.036024,19,2025070400540,74,0.9806908
10.43327173598667,15.368525,19,2025070400540,74,0.9902474
22.229337562645316,27.706491,19,2025070400540,118,0.9877215
10.049423387523056,28.562733,19,2025070400540,121,0.8383671
12.48606820196584,31.280285,19,2025070400542,34,0.9241666
12.866100814759116,20.098885,19,2025070400542,81,0.92365795
12.866100814759116,16.170881,19,2025070400543,81,0.9130544
12.866100814759116,14.201668,19,2025070400544,81,0.96190965
20.00844989075962,25.08904,19,2025070400545,34,0.85354733
12.580654691026751,26.11385,19,2025070400545,76,0.889736
7.854379697221607,34.1494,19,2025070400545,118,0.87831736
19.573357340225197,21.84625,19,2025070400549,77,0.9212363
8.203844209743707,13.057626,19,2025070400549,78,0.96828663
12.580654691026751,11.459012,19,2025070400549,78,0.9412003
16.217426469939465,20.395313,19,2025070400549,80,0.9864346
13.543085368798806,22.00791,19,2025070400549,81,0.97676045
33.65914507001507,37.598286,19,2025070400549,120,0.9868787
7.866800528382021,12.489946,19,2025070400550,34,0.9578675
12.703278535235777,14.461804,19,2025070400550,78,0.98365283
12.580654691026751,20.980038,19,2025070400550,78,0.98784155
11.995107802599517,29.478024,19,2025070400550,78,0.97677565
9.004702326357002,13.409529,19,2025070400550,78,0.97471184
18.86191722183861,23.620846,19,2025070400551,74,0.9843158
26.11149908012505,31.271255,19,2025070400551,77,0.94984573
49.80645148368348,64.40395,19,2025070400551,78,0.95984197
26.30203304784119,30.242706,19,2025070400551,79,0.9405581
26.33399505056175,30.395464,19,2025070400551,84,0.9773653
21.604536825424606,14.197668,19,2025070400551,121,0.89732903
18.86191722183861,29.277063,19,2025070400552,74,0.9680654
18.624712483460016,26.803904,19,2025070400552,78,0.9880971
11.995107802599517,17.41314,19,2025070400552,78,0.97275645
26.30203304784119,44.49651,19,2025070400552,80,0.9732925
9.35510256224282,12.22248,19,2025070400552,80,0.9753575
21.604536825424606,32.439636,19,2025070400552,118,0.9331929
36.841149465225406,50.461975,19,2025070400553,34,0.9882884
7.77812485782661,12.083124,19,2025070400553,75,0.94784784
18.624712483460016,29.071957,19,2025070400553,78,0.99312395
11.995107802599517,31.09215,19,2025070400553,78,0.95170903
26.30203304784119,39.841633,19,2025070400553,80,0.97135013
16.443499358431563,25.083204,19,2025070400553,121,0.97946894
10.342934613450373,15.143753,19,2025070400553,121,0.99023527
47.15892316528348,51.411095,2,2025072300519,155,0.95569164
11.15491927116446,16.361427,2,2025072300520,66,0.96602374
47.15892316528348,52.269375,2,2025072300520,101,0.9900885
17.903768375969065,27.70651,2,2025072300520,106,0.9652016
30.68859998582734,33.719856,2,2025072300520,110,0.9834926
25.293391076069742,37.043507,2,2025072300521,106,0.981729
11.15491927116446,19.810228,2,2025072300521,112,0.9819926
43.91639936005097,53.03844,2,2025072300521,115,0.9867165
17.903768375969065,25.904833,2,2025072300521,151,0.97489965
36.02891047635065,41.91644,2,2025072300522,16,0.99224937
35.26528036767828,44.291264,2,2025072300522,54,0.933785
44.99566801656964,52.82875,2,2025072300522,59,0.8816652
12.219293850271994,20.276007,2,2025072300522,59,0.96523297
43.91639936005097,48.668346,2,2025072300522,61,0.9793672
25.293391076069742,34.42955,2,2025072300522,91,0.9848279
7.32216368401402,14.768454,2,2025072300522,112,0.9819256
36.198757385798,45.61014,2,2025072300522,145,0.98347825
20.00541924591057,28.257532,2,2025072300524,26,0.93972474
36.02891047635065,53.18203,2,2025072300524,58,0.96438265
15.398520811289758,29.237429,2,2025072300524,67,0.97780424
7.941374320728608,16.369137,2,2025072300524,100,0.98654944
37.54633631287714,43.68866,2,2025072300524,103,0.988274
24.272535341337253,33.082355,2,2025072300524,155,0.9538514
14.484500750090527,36.279884,2,2025072300526,67,0.83320296
30.721387501978125,37.558403,2,2025072300527,45,0.90066195
6.79303277418509,12.493914,2,2025072300527,50,0.9865177
36.50495238435833,44.214447,2,2025072300527,89,0.9582206
36.02891047635065,39.01112,2,2025072300527,90,0.9385662
25.293307702369574,32.743797,2,2025072300527,92,0.9927598
38.80990129824076,46.719696,2,2025072300527,95,0.9526292
37.178930215742696,47.00226,2,2025072300527,97,0.9572808
27.47706974979996,35.112427,2,2025072300527,106,0.86902124
8.69718361084143,11.636711,2,2025072300527,135,0.89567554
37.25633967129212,45.030342,2,2025072300527,139,0.9592477
6.79303277418509,12.024821,2,2025072300528,22,0.9430197
45.03565644086849,50.52942,2,2025072300528,47,0.9924557
36.50495238435833,45.971947,2,2025072300528,52,0.9387421
25.293307702369574,30.509,2,2025072300528,56,0.99344206
38.80990129824076,47.65249,2,2025072300528,59,0.9503857
27.47706974979996,37.2385,2,2025072300528,66,0.9721119
24.046847216830617,30.073647,2,2025072300528,91,0.99154073
37.25633967129212,45.196087,2,2025072300528,102,0.9551182
36.50495238435833,43.810184,2,2025072300529,13,0.96365523
24.046847216830617,24.5217,2,2025072300529,16,0.98703176
33.49672533233646,41.03946,2,2025072300529,17,0.9933124
33.339953886613365,41.5762,2,2025072300529,21,0.9811947
37.25633967129212,43.1422,2,2025072300529,57,0.9755034
33.339953886613365,41.693718,2,2025072300530,13,0.9884908
14.440532904900778,22.434217,2,2025072300530,22,0.98027736
24.046847216830617,39.831657,2,2025072300530,45,0.98932624
27.20710447617397,37.93233,2,2025072300530,55,0.9062547
32.14868647961226,37.01004,2,2025072300530,63,0.95356506
15.131591067767156,16.363499,2,2025072300531,25,0.94344425
23.12521510252051,28.613241,2,2025072300531,26,0.9942247
38.37471435299046,47.276123,2,2025072300531,54,0.97227526
33.339953886613365,44.630684,2,2025072300531,57,0.9903452
11.256950299362096,16.802784,2,2025072300531,59,0.99094
14.440532904900778,21.405605,2,2025072300531,66,0.98518753
17.978202225645724,20.100943,2,2025072300531,95,0.9874276
8.851601325614586,14.282386,2,2025072300531,107,0.9744342
32.14868647961226,37.116776,2,2025072300531,112,0.94921386
28.3627348175566,38.218544,2,2025072300532,104,0.9874708
38.08764707781697,47.862896,2,2025072300532,107,0.98877966
14.029593813445755,21.25085,2,2025072300532,107,0.9834284
15.510989473608458,18.36699,2,2025072300532,112,0.9644293
14.977520354901078,17.193901,2,2025072300532,114,0.97347057
23.12521510252051,34.29725,2,2025072300532,115,0.9854939
20.007044635616676,29.463774,2,2025072300532,152,0.96478426
11.256950299362096,14.616329,2,2025072300532,153,0.9704517
28.3627348175566,34.563744,2,2025072300533,157,0.9808153
38.08764707781697,42.584656,2,2025072300533,159,0.9918635
14.029593813445755,20.135092,2,2025072300533,160,0.9754744
28.3627348175566,38.519604,2,2025072300534,116,0.9729963
14.029593813445755,21.086807,2,2025072300534,155,0.9886016
49.852362570894165,61.37401,2,2025072300534,182,0.97588444
10.702406174472744,13.826035,2,2025072300536,49,0.9859174
26.47446523730373,43.38755,2,2025072300536,89,0.96573335
31.921958150599284,40.496445,2,2025072300536,144,0.9360214
32.78333792743833,43.04817,2,2025072300537,116,0.99140704
41.08140948165588,49.87064,2,2025072300538,107,0.9686355
20.10145669329381,28.210396,2,2025072300539,159,0.9889114
12.33060315443707,20.00563,2,2025072300539,176,0.994263
12.33060315443707,19.089693,2,2025072300540,127,0.988172
6.845792765734645,14.805161,2,2025072300540,128,0.9623135
8.488730710277673,12.517001,2,2025072300540,141,0.9643025
20.47406365525789,35.016125,2,2025072300540,147,0.97972304
18.00247063081422,27.748842,2,2025072300540,175,0.8780624
24.071967084278945,31.18435,2,2025072300541,142,0.9718536
20.10145669329381,27.113365,2,2025072300541,148,0.98769414
12.33060315443707,15.027475,2,2025072300541,164,0.9852822
8.488730710277673,12.51517,2,2025072300541,178,0.95271015
24.071967084278945,28.838594,2,2025072300542,175,0.9624017
12.33060315443707,18.273123,2,2025072300542,177,0.98868376
20.10145669329381,21.92127,2,2025072300542,182,0.9003012
48.26554758411121,56.36045,2,2025072300543,52,0.9925081
9.014729014918457,13.865222,2,2025072300543,58,0.9748005
24.071967084278945,33.06529,2,2025072300543,90,0.9687709
20.631384533756105,28.051794,2,2025072300543,135,0.97912323
8.82530678442908,12.585032,2,2025072300543,139,0.9726407
15.151805396583992,22.67882,2,2025072300543,140,0.97461647
48.09595579528912,52.59116,2,2025072300544,179,0.9747019
15.008254676422291,23.30262,2,2025072300545,69,0.97465044
33.981032597924084,26.086517,2,2025072300545,95,0.84687495
43.79057954316525,48.890205,2,2025072300545,140,0.96614724
30.854103533136957,38.100796,2,2025072300545,148,0.98434293
13.240292968151584,24.098946,2,2025072300545,151,0.9877221
14.859728723961938,22.235624,2,2025072300547,140,0.98557335
13.240292968151584,15.400989,2,2025072300547,181,0.9835638
14.859728723961938,22.652327,2,2025072300548,171,0.9809321
13.240292968151584,20.096045,2,2025072300548,179,0.9878884
46.3076358596818,52.296104,2,2025072300549,67,0.96228105
48.09641768297925,42.617924,2,2025072300551,23,0.91625905
16.598969011205053,23.274614,2,2025072300551,59,0.98748916
47.00588049040211,55.290215,2,2025072300552,24,0.95841753
33.862277375820376,40.715057,2,2025072300552,46,0.98599905
21.824905240005247,29.03079,2,2025072300552,51,0.9847606
38.78052581056628,46.376087,2,2025072300552,52,0.98178655
24.79313622865304,35.38352,2,2025072300552,60,0.98984176
12.10533361928358,22.59613,2,2025072300552,145,0.98263127
33.862277375820376,42.034206,2,2025072300554,9,0.98932403
11.76727002002156,18.211905,2,2025072300554,53,0.96148723
7.632231089812645,14.163484,2,2025072300555,110,0.963987
6.377190003817541,12.5440035,2,2025072300555,153,0.96827155
36.10977554354824,40.619312,2,2025072300556,26,0.97621596
16.052120811043622,24.56697,2,2025072300556,59,0.99148643
6.377190003817541,11.613487,2,2025072300556,93,0.92229116
18.627537489508587,28.163511,2,2025072300556,101,0.9854037
12.413892897524104,22.346132,2,2025072300556,101,0.95463437
39.381650647335455,46.525105,2,2025072300557,102,0.9875624
16.052120811043622,23.669624,2,2025072300557,112,0.81949025
10.343358905932591,15.037824,2,2025072300557,137,0.98314214
7.577748652564461,12.93147,2,2025072300557,144,0.9543177
12.413892897524104,16.20292,2,2025072300557,153,0.94496167
39.381650647335455,43.65978,2,2025072300558,104,0.9835861
26.92545640182481,36.012558,2,2025072300558,144,0.98009354
10.343358905932591,16.526834,2,2025072300558,145,0.98867
7.577748652564461,12.279379,2,2025072300558,146,0.91275465
39.381650647335455,47.219933,2,2025072300559,104,0.9896722
8.792509410004099,19.191292,2,2025072300559,116,0.91214013
26.92545640182481,32.36439,2,2025072300559,151,0.9543243
10.343358905932591,16.16118,2,2025072300559,151,0.95925355
27.981645535997483,24.22536,2,2025072300560,47,0.94125926
39.576617357884125,35.941837,2,2025072300560,57,0.83919424
15.087824341098289,28.50326,2,2025072300560,69,0.9951564
26.92545640182481,31.654802,2,2025072300560,94,0.972161
10.343358905932591,11.805367,2,2025072300560,94,0.9449982
9.427784795377857,13.230809,2,2025072300560,106,0.9750469
18.698586690555445,34.023006,2,2025072300560,114,0.9802051
14.550557643492224,26.339563,2,2025072300560,144,0.9041936
10.1084610513809,15.381767,2,2025072300560,146,0.94861925
39.576617357884125,45.92424,2,2025072300561,92,0.9640274
25.550980731759477,31.296513,2,2025072300561,101,0.8432758
10.343358905932591,16.646622,2,2025072300561,128,0.96410275
7.577748652564461,12.516929,2,2025072300561,139,0.9418378
9.427784795377857,16.948704,2,2025072300561,143,0.98710895
10.1084610513809,19.028467,2,2025072300561,150,0.98849934
18.698586690555445,23.405783,2,2025072300561,151,0.9743258
20.92040308623458,27.589529,2,2025072300561,151,0.9734954
14.550557643492224,20.354649,2,2025072300561,172,0.93573344
7.908346998425264,12.9433155,2,2025072300562,10,0.8776851
10.343358905932591,14.27506,2,2025072300562,45,0.98376936
7.577748652564461,13.0,2,2025072300562,47,0.9673441
9.286534932277398,16.710033,2,2025072300562,48,0.98519933
14.550557643492224,17.44229,2,2025072300562,53,0.95600194
35.645129372280145,33.681404,2,2025072300562,55,0.9071855
9.427784795377857,12.930642,2,2025072300562,58,0.97423416
10.1084610513809,14.064667,2,2025072300562,58,0.9574749
18.698586690555445,30.234377,2,2025072300562,66,0.9793179
20.92040308623458,26.953058,2,2025072300562,66,0.9723465
31.203619061909084,41.82219,2,2025072300563,62,0.98514634
7.908346998425264,15.401608,2,2025072300563,63,0.8829932
9.286534932277398,15.171814,2,2025072300563,104,0.98410034
42.730974868724175,58.4193,2,2025072300564,25,0.97980255
49.45408435441734,55.402767,2,2025072300564,56,0.95443356
22.14026696376503,28.444948,2,2025072300564,67,0.97995293
31.203619061909084,39.163902,2,2025072300564,91,0.98962003
9.286534932277398,12.243509,2,2025072300564,96,0.947134
34.89521619401252,30.261751,2,2025072300564,154,0.9624712
49.45408435441734,53.449207,2,2025072300566,105,0.95103437
7.184609657133088,17.151192,2,2025072300566,139,0.89469016
8.891398992802488,11.463782,2,2025072300567,89,0.96685654
45.217274307359965,54.11922,2,2025072300567,102,0.9785478
16.029864558844665,21.714516,2,2025072300567,145,0.9706726
45.217274307359965,58.075592,2,2025072300568,137,0.96452963
16.95523182712881,30.66684,2,2025072300569,87,0.95489126
48.187122967396064,55.796795,2,2025072300569,91,0.83517593
16.54157923196445,20.149908,2,2025072300569,102,0.9819764
45.217274307359965,54.793648,2,2025072300569,105,0.9930428
16.029864558844665,37.999817,2,2025072300569,148,0.9889392
8.106473883298035,19.012604,2,2025072300570,102,0.9854761
16.54157923196445,13.18778,2,2025072300570,144,0.8682964
18.008415834578706,26.1899,2,2025072300571,184,0.9689406
16.14995061899671,21.225002,2,2025072300572,88,0.99524325
6.577279536242664,11.146906,2,2025072300572,98,0.9313161
33.82194335650788,41.33015,2,2025072300572,128,0.97937167
15.2235716305624,21.379194,2,2025072300572,163,0.93436867
16.14995061899671,21.687601,2,2025072300574,107,0.9882692
9.811818031802853,14.802011,2,2025072300574,155,0.97835594
29.89045105172511,40.25135,2,2025072300574,159,0.9521128
6.801654887897183,17.780218,2,2025072300576,152,0.94045
18.243399401163263,26.45593,2,2025072300576,157,0.9871358
9.811818031802853,13.397936,2,2025072300576,159,0.94857764
6.970496928082076,13.327796,2,2025072300576,180,0.94733983
6.970496928082076,11.608179,2,2025072300577,157,0.9540098
30.014199688933957,38.80897,2,2025072300578,106,0.951554
20.7079339879445,28.51527,2,2025072300578,158,0.97932535
21.22988751305716,28.302916,2,2025072300579,68,0.9578557
8.063103499875037,21.795,2,2025072300580,64,0.9852367
30.014199688933957,35.360355,2,2025072300580,66,0.95093375
7.17984087592346,16.805536,2,2025072300580,68,0.95492953
28.286014725336575,42.945587,2,2025072300582,10,0.9735223
21.49190310688893,28.163588,2,2025072300582,47,0.982589
21.49190310688893,29.630148,2,2025072300583,26,0.97700536
26.65176463060186,32.41923,2,2025072300583,54,0.9807833
7.249375968364655,13.427502,2,2025072300583,67,0.9736829
28.286014725336575,32.635227,2,2025072300584,14,0.9367302
26.65176463060186,31.6564,2,2025072300584,50,0.9820404
20.383658478315365,39.726677,2,2025072300584,61,0.8742919
7.249375968364655,9.004984,2,2025072300584,101,0.906273
11.233701400770595,15.157989,2,2025072300585,97,0.96914566
6.293165952899932,12.267622,20,2025070400536,10,0.9861881
7.911211464641728,11.104098,20,2025070400536,12,0.85308105
47.884689304508,53.8144,20,2025070400536,15,0.95858467
30.007131007429017,37.33819,20,2025070400537,2,0.9794048
7.911211464641728,19.264336,20,2025070400537,5,0.9577087
33.31895921294406,38.45518,20,2025070400537,5,0.9900878
33.54453838097792,35.2385,20,2025070400537,5,0.90301913
19.365579439006783,37.29204,20,2025070400537,10,0.91121197
6.293165952899932,11.808763,20,2025070400537,10,0.9693731
6.307531087878451,12.540097,20,2025070400537,10,0.89458835
13.93106348275149,18.208366,20,2025070400537,13,0.9825143
7.710913430531007,17.914452,20,2025070400538,2,0.9543598
34.034902561154745,43.104076,20,2025070400538,2,0.9711397
6.764663650657973,11.951788,20,2025070400538,2,0.9579284
25.80938107224768,35.39908,20,2025070400538,4,0.98849237
30.007131007429017,44.278164,20,2025070400538,5,0.9875372
45.3564348289932,48.794224,20,2025070400538,5,0.9537345
8.68497505525208,14.405047,20,2025070400538,5,0.9839025
6.897500517730153,12.684597,20,2025070400538,5,0.8314344
6.62877950513406,13.9977665,20,2025070400538,8,0.80288595
12.261098820617386,21.650942,20,2025070400538,9,0.9016116
17.43707021200873,23.207079,20,2025070400538,9,0.9899276
48.37138585631957,57.22265,20,2025070400538,10,0.9939761
9.193052774644515,12.061525,20,2025070400538,10,0.9481115
21.458876151009346,31.198267,20,2025070400538,12,0.9798718
10.489597385548976,17.332253,20,2025070400538,13,0.9714101
13.93106348275149,17.589773,20,2025070400538,13,0.9914479
9.261652405077768,14.810189,20,2025070400538,15,0.9603204
44.38244363386056,45.61919,20,2025070400538,15,0.9593154
11.473949079686747,21.027311,20,2025070400539,2,0.9813137
34.034902561154745,40.12198,20,2025070400539,2,0.97619414
6.764663650657973,12.195533,20,2025070400539,2,0.9493191
21.640072003746265,23.413187,20,2025070400539,5,0.9815725
11.514309688634016,17.128191,20,2025070400539,8,0.98455423
17.43707021200873,28.692804,20,2025070400539,9,0.9948789
6.664284612892694,21.013304,20,2025070400539,13,0.8456969
13.93106348275149,21.936,20,2025070400539,13,0.98233664
20.79501165945584,28.395195,20,2025070400539,13,0.99419206
19.49589375714353,29.178688,20,2025070400540,2,0.96769786
28.56133586652165,36.690884,20,2025070400540,5,0.9837992
34.791624679376426,41.595604,20,2025070400540,5,0.98341864
17.35544701653594,16.077522,20,2025070400540,5,0.84437007
17.43707021200873,23.103872,20,2025070400540,9,0.9894292
26.72801306292996,34.364166,20,2025070400540,9,0.98169947
10.811343729966604,15.399433,20,2025070400540,10,0.985424
42.10130936032216,46.149967,20,2025070400540,10,0.9921875
7.648326249211608,13.821371,20,2025070400540,10,0.947644
7.292256671350554,22.27148,20,2025070400540,12,0.9315461
27.858637129277703,35.905613,20,2025070400540,13,0.98201156
49.756853195339374,49.645477,20,2025070400540,13,0.9921584
8.478890918208805,14.380949,20,2025070400540,13,0.8117733
35.156396457782904,37.604214,20,2025070400541,15,0.9084669
21.58298413428596,33.416985,20,2025070400542,5,0.82336175
14.510304375863385,23.879568,20,2025070400542,9,0.9292441
11.525295125773445,16.354368,20,2025070400543,2,0.9580447
7.780833775313712,22.93634,20,2025070400545,2,0.95193994
13.613152967565291,27.704588,20,2025070400545,9,0.8859072
18.850786860174924,39.17586,20,2025070400545,9,0.85611206
10.493512968627098,17.573196,20,2025070400549,2,0.97148466
19.36705580600021,26.815605,20,2025070400549,8,0.9886783
7.332151106529488,12.4632435,20,2025070400549,10,0.9092033
37.36658154407579,42.45774,20,2025070400549,15,0.9956019
18.12970885023442,22.420773,20,2025070400549,15,0.9219442
47.58349764641762,54.535713,20,2025070400549,15,0.990275
10.493512968627098,14.276802,20,2025070400550,2,0.9614346
35.016735589450505,41.842747,20,2025070400550,2,0.98017186
7.910517358997954,12.53288,20,2025070400550,4,0.9605525
14.60677191026766,28.803146,20,2025070400550,5,0.9930657
9.79636778468447,14.214064,20,2025070400550,5,0.9587835
21.523934427038444,26.281597,20,2025070400550,5,0.98847944
19.36705580600021,25.540651,20,2025070400550,8,0.9934673
31.87985956075598,36.710365,20,2025070400550,9,0.9725054
24.00309999394323,27.201513,20,2025070400550,10,0.9828808
47.58349764641762,48.93722,20,2025070400550,12,0.99080557
11.852792147137096,15.49319,20,2025070400550,13,0.86445665
21.769200678221186,24.6062,20,2025070400551,1,0.9838928
10.493512968627098,16.39897,20,2025070400551,2,0.97776276
35.016735589450505,34.7639,20,2025070400551,2,0.9578549
7.910517358997954,16.040323,20,2025070400551,4,0.97810113
14.60677191026766,20.535957,20,2025070400551,5,0.9902388
13.694352766266986,14.6264,20,2025070400551,5,0.88718694
7.332151106529488,14.281952,20,2025070400551,10,0.96921086
8.820404068099366,12.923354,20,2025070400551,10,0.9585533
25.517369485444167,18.210266,20,2025070400551,12,0.869652
47.58349764641762,57.50687,20,2025070400551,13,0.98537666
6.61524144679275,11.205835,20,2025070400551,15,0.9329212
32.49995235176247,33.131462,20,2025070400551,15,0.99315953
21.769200678221186,35.881195,20,2025070400552,1,0.9738384
13.27008697352329,25.372213,20,2025070400552,4,0.9504799
14.60677191026766,17.891615,20,2025070400552,5,0.99351597
8.820404068099366,13.022038,20,2025070400552,10,0.96477294
6.61524144679275,16.165516,20,2025070400552,15,0.9649111
8.820404068099366,13.429402,20,2025070400553,10,0.97838587
36.28196864820593,36.013477,20,2025070400553,12,0.9477758
47.149964506381856,55.06759,3,2025072300520,104,0.95845366
7.781279407907706,11.809926,3,2025072300520,182,0.9577062
47.149964506381856,54.596275,3,2025072300521,152,0.96595097
19.19051044614084,16.992653,3,2025072300521,158,0.80320853
47.149964506381856,54.116844,3,2025072300522,137,0.9782299
27.53885137073069,35.573357,3,2025072300522,173,0.95895284
7.807229216513913,31.787725,3,2025072300523,63,0.90408903
8.125735518149854,13.466649,3,2025072300524,154,0.9515159
13.215152257454257,21.46122,3,2025072300524,159,0.9591183
20.22868712424468,29.550152,3,2025072300526,110,0.99302626
40.64125491889686,51.008286,3,2025072300526,113,0.86575174
23.845769865267663,33.424454,3,2025072300526,116,0.92590964
12.243554445442138,27.365063,3,2025072300526,154,0.9313374
20.22868712424468,28.206305,3,2025072300527,131,0.993032
21.456083859205663,29.91748,3,2025072300527,151,0.9132924
40.64125491889686,47.40181,3,2025072300527,164,0.96844023
10.560286757658778,20.199848,3,2025072300527,173,0.9125642
7.807229216513913,12.850529,3,2025072300527,180,0.9043001
20.22868712424468,28.412306,3,2025072300528,95,0.98958147
16.633947831101302,27.265806,3,2025072300528,107,0.94391227
21.456083859205663,30.858398,3,2025072300528,114,0.9284131
40.64125491889686,48.720722,3,2025072300528,136,0.9314891
23.845769865267663,30.597677,3,2025072300528,136,0.9454667
10.560286757658778,13.377101,3,2025072300528,146,0.91777784
22.061177606954924,30.187563,3,2025072300528,148,0.9539276
23.845769865267663,32.331383,3,2025072300529,52,0.93038964
22.40974015261255,29.025734,3,2025072300529,64,0.96774185
21.456083859205663,29.47784,3,2025072300529,66,0.9854649
40.64125491889686,48.72106,3,2025072300529,90,0.9757672
40.65010186283319,47.0065,3,2025072300529,96,0.98903954
22.061177606954924,31.011757,3,2025072300529,100,0.9379551
21.806876315447404,29.210238,3,2025072300529,145,0.93216026
39.83826882578185,52.835915,3,2025072300530,45,0.9891348
23.845769865267663,33.06707,3,2025072300530,51,0.93099254
40.65010186283319,47.82803,3,2025072300530,89,0.989588
22.061177606954924,31.579885,3,2025072300530,95,0.9551311
20.083775191200917,28.314304,3,2025072300530,98,0.97264296
39.83826882578185,50.996674,3,2025072300531,91,0.98501784
24.601052958173224,26.836761,3,2025072300531,137,0.93253237
40.65010186283319,46.939747,3,2025072300531,141,0.98148835
15.50329155500656,21.087072,3,2025072300531,150,0.97915876
41.843316525390094,40.496033,3,2025072300531,176,0.9585722
24.601052958173224,40.84801,3,2025072300532,183,0.9120614
14.04286438863717,12.110826,3,2025072300532,187,0.9161998
11.561676276238323,19.611677,3,2025072300536,132,0.95850056
42.14722312235347,50.95554,3,2025072300536,165,0.98744535
11.561676276238323,19.264336,3,2025072300537,156,0.963338
35.51106336461302,40.036148,3,2025072300537,179,0.8701117
16.4801182429922,24.804552,3,2025072300537,185,0.9920448
24.0199652965088,30.536627,3,2025072300538,150,0.98579687
16.4801182429922,21.128424,3,2025072300538,180,0.9731689
28.96426797604668,36.18763,3,2025072300540,165,0.9668684
22.38435020689781,24.216866,3,2025072300540,172,0.96861756
12.580055128683888,24.493147,3,2025072300540,175,0.877529
22.3169950072607,42.1693,3,2025072300543,84,0.9447297
12.47546710374614,17.878311,3,2025072300543,89,0.97188437
21.77928960713154,39.124615,3,2025072300543,117,0.98388416
11.604441892115764,34.027477,3,2025072300543,128,0.9322751
22.38435020689781,27.086607,3,2025072300543,139,0.97357464
8.642759040436347,16.20038,3,2025072300543,141,0.91482186
13.369032614571037,21.021978,3,2025072300545,163,0.9883802
9.635650669925592,22.204025,3,2025072300545,166,0.8001759
18.39034299059266,32.454426,3,2025072300545,176,0.9305389
8.054729700838534,13.894159,3,2025072300546,175,0.97852534
34.21520561371379,37.83781,3,2025072300546,183,0.91966647
34.21520561371379,32.991478,3,2025072300547,131,0.9510557
17.069522160893104,25.470749,3,2025072300547,132,0.98093206
8.054729700838534,13.99044,3,2025072300547,133,0.9768336
22.935304900939343,23.67509,3,2025072300547,143,0.90416723
9.635650669925592,17.57924,3,2025072300547,169,0.807907
37.592297495659416,45.860374,3,2025072300547,174,0.9597518
18.39034299059266,33.948154,3,2025072300547,179,0.8320568
34.21520561371379,39.607475,3,2025072300548,133,0.97193176
20.969206875000783,26.792519,3,2025072300548,162,0.9911197
30.390028224616334,36.989773,3,2025072300548,167,0.99544674
22.935304900939343,36.2348,3,2025072300548,175,0.8064967
8.66151360246476,13.976208,3,2025072300549,64,0.98338103
30.390028224616334,40.35554,3,2025072300549,71,0.9899278
8.66151360246476,18.394085,3,2025072300550,18,0.9897668
9.231972614354632,14.629868,3,2025072300550,22,0.9378226
6.85816685440857,11.495553,3,2025072300550,108,0.94464755
8.66151360246476,13.985324,3,2025072300551,49,0.98121727
9.231972614354632,16.648815,3,2025072300551,50,0.96396405
20.162139734748436,30.749659,3,2025072300551,103,0.9321638
29.111037237194363,26.652687,3,2025072300551,108,0.94144267
8.66151360246476,13.957013,3,2025072300552,98,0.98747116
29.111037237194363,39.35061,3,2025072300552,160,0.99055356
35.52940087868826,42.3823,3,2025072300552,176,0.97123903
24.217709492957084,34.867706,3,2025072300552,183,0.8992093
10.005896983908173,15.149279,3,2025072300552,185,0.95476735
41.42466417550644,40.94055,3,2025072300552,185,0.9923861
19.608621005642064,28.721582,3,2025072300554,61,0.98763406
13.408837102762584,20.277605,3,2025072300554,92,0.9711114
23.760534311710984,33.66655,3,2025072300554,142,0.9592905
12.830554530825784,16.081118,3,2025072300554,148,0.99013865
13.30219673103198,21.111784,3,2025072300556,151,0.9295662
13.150329807045862,39.354206,3,2025072300556,152,0.83389366
16.097260386880937,23.901049,3,2025072300560,145,0.92881805
20.75020323263768,32.013336,3,2025072300560,152,0.9853807
37.58557629139531,44.494,3,2025072300560,153,0.99032485
12.04694486523524,21.24261,3,2025072300561,131,0.9637881
8.78854516297693,16.07765,3,2025072300561,184,0.95243216
20.75020323263768,25.593332,3,2025072300561,186,0.81650674
9.03926547173434,15.391527,3,2025072300562,46,0.946604
47.709035660633205,54.20603,3,2025072300562,108,0.9753179
28.17394202047232,35.007187,3,2025072300562,111,0.95117074
35.44831478114206,42.587536,3,2025072300562,128,0.9700972
27.602809411386204,32.843193,3,2025072300562,135,0.9428368
17.049942252202385,26.802189,3,2025072300563,150,0.98900187
37.42480134151738,44.85316,3,2025072300563,160,0.91662705
27.89517242984049,39.40686,3,2025072300563,173,0.99371195
27.602809411386204,40.300873,3,2025072300563,181,0.9942002
6.949426675919094,13.45992,3,2025072300564,151,0.97688097
18.158903086302463,25.892578,3,2025072300564,151,0.9527203
35.44831478114206,41.777092,3,2025072300564,163,0.97953314
13.406025104727416,19.578148,3,2025072300564,171,0.9740233
39.25127933097152,49.648983,3,2025072300564,174,0.985292
13.085650642062593,21.664,3,2025072300564,175,0.9557139
28.17394202047232,45.230946,3,2025072300564,181,0.9734326
17.69325544377297,24.513927,3,2025072300566,169,0.9921158
17.69325544377297,24.517555,3,2025072300568,124,0.9886763
6.949426675919094,13.425841,3,2025072300568,170,0.9824985
6.410261879028491,13.993706,3,2025072300569,164,0.976986
36.27790905487088,40.043587,3,2025072300569,175,0.9562435
8.450228701516627,15.379522,3,2025072300570,167,0.9821149
9.290784642476112,14.599115,3,2025072300572,162,0.9690072
38.62688223524201,44.49621,3,2025072300572,167,0.93458265
12.451548830675994,12.600145,3,2025072300573,187,0.8219131
15.823721728463347,26.014318,3,2025072300574,143,0.9669275
18.871599037965687,37.58212,3,2025072300574,178,0.9898114
14.630755045615372,23.898952,3,2025072300574,184,0.9828082
45.61901128786004,44.50686,3,2025072300575,182,0.97288066
15.823721728463347,24.76711,3,2025072300575,182,0.9866926
18.871599037965687,33.40827,3,2025072300575,187,0.9815593
13.003477328221418,28.298227,3,2025072300576,177,0.9663562
18.871599037965687,30.912634,3,2025072300576,177,0.9856214
18.871599037965687,30.166853,3,2025072300577,181,0.96089
18.871599037965687,37.09378,3,2025072300578,172,0.94381034
21.11930760235237,20.274532,3,2025072300578,177,0.94757855
37.19891626088564,45.07809,3,2025072300579,158,0.96876895
37.19891626088564,43.606915,3,2025072300580,66,0.9647583
8.392677872465631,14.056806,3,2025072300580,115,0.96158093
9.33032220500326,16.040678,3,2025072300580,116,0.9499963
10.055337959101251,16.520884,3,2025072300583,69,0.9768684
14.206606391000218,25.043777,3,2025072300583,105,0.98502004
17.588467016912514,8.465654,3,2025072300584,101,0.9599213
10.055337959101251,14.196817,3,2025072300584,104,0.80154854
12.305322907999615,19.565058,3,2025072300585,135,0.92238975
13.33583270440157,18.725998,3,2025072300585,136,0.9755923
27.136270780141736,35.908234,3,2025072300586,98,0.87426513
7.451787877151628,16.069132,3,2025072300589,111,0.88056386
12.101687144211432,16.160378,4,2025072300519,129,0.9500298
38.27706461257505,44.990055,4,2025072300519,135,0.9785096
6.912916966992361,15.704113,4,2025072300519,136,0.9673437
45.136554769695614,44.58727,4,2025072300519,171,0.9734308
28.96135568182056,45.398094,4,2025072300520,32,0.99696165
9.497775714816086,16.367197,4,2025072300520,35,0.98972005
32.01972038173538,39.112408,4,2025072300520,75,0.9496877
12.101687144211432,15.933651,4,2025072300520,75,0.9668041
38.27706461257505,47.717148,4,2025072300520,77,0.94524884
6.912916966992361,12.858399,4,2025072300520,81,0.9573832
28.300218188955807,35.32521,4,2025072300521,79,0.9396582
9.497775714816086,13.481238,4,2025072300521,84,0.9840656
12.101687144211432,18.288563,4,2025072300521,117,0.9486436
38.27706461257505,42.306175,4,2025072300521,126,0.96634364
9.698095435471052,13.194915,4,2025072300521,163,0.94105333
9.497775714816086,14.302117,4,2025072300522,33,0.98412573
8.328909715128297,15.368715,4,2025072300522,75,0.98412967
19.78750082584928,30.394321,4,2025072300522,75,0.9665164
6.526026652861801,14.3730135,4,2025072300522,120,0.8681926
9.698095435471052,15.107903,4,2025072300523,28,0.9419695
13.69508582575711,19.717958,4,2025072300524,32,0.9754286
26.3807664860539,33.153187,4,2025072300524,72,0.9044126
6.618600374933609,18.990986,4,2025072300524,74,0.91561055
37.26344189602842,47.863155,4,2025072300524,80,0.9818617
26.33047811395221,34.57684,4,2025072300524,119,0.9739439
32.01972038173538,41.3532,4,2025072300525,2,0.99205256
26.3807664860539,31.650572,4,2025072300525,8,0.9529057
21.19115250141463,29.780516,4,2025072300525,9,0.9910972
7.579475720039613,12.85709,4,2025072300525,17,0.97783834
8.183662554195063,15.153655,4,2025072300525,36,0.8795326
37.26344189602842,41.314266,4,2025072300525,49,0.94282764
30.56840731148353,40.221134,4,2025072300525,50,0.9904925
8.632470283835257,14.749157,4,2025072300526,6,0.9713373
33.21485541034933,42.207783,4,2025072300526,9,0.9923804
41.47438939711766,53.07434,4,2025072300526,13,0.99299943
7.447048905399553,13.209114,4,2025072300526,41,0.96098435
16.60560460289503,26.102694,4,2025072300528,30,0.9683915
47.34688581714381,55.06918,4,2025072300528,31,0.99440235
6.761835454695391,12.512159,4,2025072300528,72,0.978105
17.059845023233677,19.805971,4,2025072300528,75,0.934215
29.25036513589905,37.985367,4,2025072300528,76,0.9905828
19.435862365838464,32.229397,4,2025072300531,28,0.95237213
37.562760623139695,44.023052,4,2025072300532,33,0.94820935
37.01246404285636,45.875343,4,2025072300532,36,0.9794112
14.349757486579753,15.401531,4,2025072300532,79,0.98033226
43.92729221456443,29.803757,4,2025072300532,118,0.83822423
7.174316882399699,16.3375,4,2025072300533,42,0.9698009
8.857884251859316,14.815291,4,2025072300533,127,0.974478
7.174316882399699,13.458979,4,2025072300534,37,0.89595175
10.387506781291584,12.936077,4,2025072300534,40,0.8999375
23.997288916728213,43.164764,4,2025072300534,77,0.93533427
14.349757486579753,37.117317,4,2025072300534,84,0.93806356
20.499517757618328,29.49507,4,2025072300534,93,0.9727163
24.36278727219292,31.30577,4,2025072300534,126,0.9834886
10.387506781291584,15.16815,4,2025072300535,83,0.91817236
23.997288916728213,27.71115,4,2025072300535,87,0.93547237
14.349757486579753,20.732162,4,2025072300535,88,0.9551704
9.329769962671966,13.096,4,2025072300535,96,0.96110654
7.64934722006636,27.624918,4,2025072300535,135,0.835222
14.878948625906588,26.417097,4,2025072300537,18,0.91794366
11.602737019754676,20.986557,4,2025072300537,36,0.99120575
19.316269264972103,34.780422,4,2025072300537,45,0.9797748
38.1336705711355,25.815033,4,2025072300539,31,0.97182816
10.18157948887702,17.033318,4,2025072300539,37,0.98831815
37.78651747645093,44.606937,4,2025072300539,48,0.99395317
10.18157948887702,18.976158,4,2025072300541,6,0.98596835
10.18157948887702,17.583698,4,2025072300542,40,0.9672037
11.646655869558636,21.412281,4,2025072300542,72,0.8451155
32.63451593359837,39.757923,4,2025072300544,49,0.9909469
14.170523213473638,20.534475,4,2025072300546,24,0.9863008
28.78623977571023,37.49159,4,2025072300546,26,0.992164
7.602793565730293,14.803711,4,2025072300546,59,0.98611534
26.152116340766703,36.46424,4,2025072300546,64,0.9363684
9.382628069905111,15.126133,4,2025072300548,13,0.96677744
35.96938990837323,45.108707,4,2025072300549,40,0.99440116
28.017164313121725,38.480556,4,2025072300549,42,0.9941859
17.623146982857154,18.865341,4,2025072300550,42,0.964023
17.623146982857154,30.248781,4,2025072300551,79,0.9686493
31.761842453606192,35.034485,4,2025072300552,73,0.9818448
8.859249171662801,16.009903,4,2025072300552,120,0.9200795
7.464617715140485,12.582613,4,2025072300553,16,0.8796616
10.118475438106705,13.758094,4,2025072300553,43,0.9899441
7.090509544692226,16.703686,4,2025072300553,48,0.98133105
31.761842453606192,33.455544,4,2025072300553,50,0.8713114
38.14186260771997,40.104305,4,2025072300553,85,0.9883642
48.51926609573589,48.27197,4,2025072300553,93,0.9385456
7.464617715140485,11.0,4,2025072300555,48,0.8747531
10.118475438106705,15.38586,4,2025072300555,77,0.9853253
42.47216317573197,50.688385,4,2025072300555,83,0.98147583
7.090509544692226,11.915886,4,2025072300555,83,0.9722525
35.96938990837323,42.62632,4,2025072300555,87,0.9619434
41.441682012296894,30.054993,4,2025072300555,90,0.8260675
31.761842453606192,38.48083,4,2025072300555,90,0.95497346
19.18339515185919,31.190063,4,2025072300555,94,0.96449804
40.356053656832415,29.989182,4,2025072300555,132,0.8578741
9.270494086491752,14.809509,4,2025072300555,135,0.8639901
9.270494086491752,11.764236,4,2025072300556,72,0.8672039
7.090509544692226,16.081432,4,2025072300557,33,0.9836173
42.47216317573197,52.16047,4,2025072300557,73,0.962308
9.270494086491752,14.440294,4,2025072300557,79,0.95937896
44.4276303096,50.532845,4,2025072300558,30,0.8961003
42.47216317573197,51.108025,4,2025072300558,42,0.96673334
9.270494086491752,34.01569,4,2025072300558,87,0.9642619
42.47216317573197,47.172035,4,2025072300559,83,0.96456295
9.270494086491752,16.64859,4,2025072300559,88,0.9618236
40.38764468308212,46.529736,4,2025072300561,28,0.9729264
15.991955988439114,25.36768,4,2025072300563,5,0.96198136
10.454854537905316,17.596228,4,2025072300563,12,0.96781397
24.8809040808044,33.086327,4,2025072300563,44,0.9556478
39.73368605139216,44.49647,4,2025072300564,1,0.97217065
8.480368493542786,15.352392,4,2025072300564,28,0.9177866
11.020030959508365,19.256176,4,2025072300564,29,0.9825178
7.394044118084448,14.043728,4,2025072300565,24,0.91068614
35.332681077272795,45.389584,4,2025072300565,41,0.9277404
8.641888067258135,14.197722,4,2025072300565,44,0.9873147
27.6819180281841,36.261883,4,2025072300565,47,0.97812235
8.480368493542786,18.541798,4,2025072300565,60,0.90949285
37.558505533411946,35.890232,4,2025072300565,63,0.8968847
10.041838121456845,15.66173,4,2025072300565,95,0.977271
7.394044118084448,16.999186,4,2025072300566,28,0.9810998
17.935304421125686,23.697617,4,2025072300566,77,0.9581363
10.041838121456845,13.218442,4,2025072300566,78,0.92504674
9.420431331004654,12.59838,4,2025072300571,28,0.95568943
16.901156984641997,20.369284,4,2025072300571,72,0.8901248
20.717381976252128,32.291286,4,2025072300571,72,0.99550986
20.717381976252128,32.318977,4,2025072300573,85,0.9942451
16.901156984641997,25.035269,4,2025072300573,90,0.967449
25.43723628158934,33.965454,4,2025072300573,96,0.96891487
30.460076073975348,11.615616,4,2025072300573,96,0.9870301
16.901156984641997,29.419884,4,2025072300574,8,0.97502136
30.6590175600772,36.07236,4,2025072300574,23,0.9771627
19.474284821700795,20.997261,4,2025072300574,40,0.9480288
30.460076073975348,40.992252,4,2025072300574,41,0.98008174
25.43723628158934,33.54374,4,2025072300574,48,0.9705884
12.488086780466888,16.770529,4,2025072300574,49,0.9783835
22.12697816979476,14.781745,4,2025072300574,50,0.930222
14.667605789973724,15.401312,4,2025072300575,22,0.83720565
34.223497372645376,41.629383,4,2025072300575,25,0.9707898
16.901156984641997,22.562353,4,2025072300575,47,0.9677778
25.43723628158934,36.248,4,2025072300575,60,0.97987247
12.488086780466888,28.053158,4,2025072300575,61,0.9526763
18.659548801483403,25.578602,4,2025072300576,9,0.9576535
28.36382243638561,22.027695,4,2025072300576,24,0.94164574
16.901156984641997,21.487333,4,2025072300576,38,0.9876039
12.488086780466888,17.600475,4,2025072300576,51,0.97651607
30.6590175600772,37.54067,4,2025072300576,56,0.98152506
33.72410613548286,0.0,4,2025072300577,9,0.9622573
13.22361878879426,19.63974,4,2025072300577,58,0.97828513
7.302152082012846,14.250376,4,2025072300577,63,0.9783804
6.374233773055587,18.038578,4,2025072300578,16,0.8135137
22.730110759739937,35.951702,4,2025072300578,24,0.9770677
10.554488969997548,15.398516,4,2025072300579,82,0.9420163
6.374233773055587,17.579716,4,2025072300579,139,0.96946317
7.14547935333514,15.046648,4,2025072300579,171,0.9452943
17.006378273793935,26.81121,4,2025072300580,1,0.9474205
10.554488969997548,18.209854,4,2025072300580,3,0.94110626
13.091126612246748,22.103903,4,2025072300580,90,0.96681756
17.006378273793935,32.594524,4,2025072300581,2,0.94551575
36.97125260170724,47.93198,4,2025072300581,5,0.85797286
20.52647568991342,20.998207,4,2025072300581,48,0.9543663
22.525899821084018,27.194351,4,2025072300581,52,0.9056072
13.011644697984812,15.555617,4,2025072300587,57,0.98571044
12.08139124662907,17.928303,4,2025072300587,89,0.9582129
29.77410863866355,35.743526,4,2025072300588,39,0.8285929
17.0356710793246,22.422674,5,2025072300519,26,0.9281312
33.9765762916703,42.021534,5,2025072300519,57,0.95897174
6.984051134205292,13.355616,5,2025072300519,62,0.97869897
29.83693066546792,34.023476,5,2025072300519,70,0.97890615
20.546720561038185,27.389906,5,2025072300520,4,0.8107135
6.984051134205292,12.522077,5,2025072300520,16,0.95352876
13.556266573230896,20.276062,5,2025072300520,16,0.9869654
9.059486088908114,16.984482,5,2025072300521,7,0.9798986
41.766610272701335,49.09807,5,2025072300521,40,0.8865141
28.199055578581973,35.380363,5,2025072300521,48,0.98529226
13.556266573230896,20.27601,5,2025072300521,50,0.95566213
39.40821634359127,46.575047,5,2025072300521,51,0.96419805
6.984051134205292,13.307602,5,2025072300521,53,0.97000724
44.82121061965314,52.50563,5,2025072300522,2,0.9137971
13.556266573230896,23.408266,5,2025072300522,15,0.9918195
8.660161561000656,16.005674,5,2025072300522,29,0.9207378
39.40821634359127,47.724316,5,2025072300522,37,0.96591
28.199055578581973,35.609745,5,2025072300522,37,0.99130285
6.984051134205292,12.029252,5,2025072300522,38,0.9775218
29.07075684001924,39.080845,5,2025072300522,49,0.977459
8.660161561000656,15.154939,5,2025072300524,8,0.95069885
13.127737805950463,19.61392,5,2025072300524,12,0.97144735
13.556266573230896,17.914124,5,2025072300524,24,0.9487422
6.984051134205292,11.9253,5,2025072300524,47,0.9506914
21.14624518549516,29.614727,5,2025072300524,49,0.92861515
29.07075684001924,35.983803,5,2025072300524,57,0.9657552
28.04667466286673,32.379486,5,2025072300525,19,0.9351876
25.21248338814133,41.457317,5,2025072300527,1,0.87065107
20.65280581321128,26.803116,5,2025072300527,12,0.9112848
7.675667379937418,12.226044,5,2025072300527,15,0.98293996
15.786144584999445,25.532183,5,2025072300527,30,0.9760039
7.422035965907646,13.386182,5,2025072300527,32,0.983685
30.533860823336997,39.344566,5,2025072300527,37,0.955701
7.123449773963074,12.355012,5,2025072300527,43,0.9610943
7.422035965907646,14.590655,5,2025072300528,2,0.9786846
7.422035965907646,12.525347,5,2025072300531,9,0.9672888
26.49089360554002,32.373463,5,2025072300532,24,0.95041305
9.189218336093452,13.999707,5,2025072300532,46,0.98016477
44.80754324196183,49.60331,5,2025072300532,49,0.9832736
44.03247879054005,47.009216,5,2025072300532,108,0.9527476
44.41711334918685,49.694283,5,2025072300533,59,0.90242636
6.298377518018508,12.005271,5,2025072300533,95,0.96285164
9.189218336093452,15.657627,5,2025072300533,99,0.96678346
44.80754324196183,52.45686,5,2025072300533,102,0.9908593
29.8849290795106,40.134075,5,2025072300533,111,0.9800489
8.970546321449625,16.082706,5,2025072300533,113,0.8933215
16.477040894146356,24.800373,5,2025072300533,115,0.9571194
44.03247879054005,45.58385,5,2025072300533,158,0.9775839
6.298377518018508,11.997706,5,2025072300534,60,0.9735641
29.8849290795106,42.740295,5,2025072300534,69,0.9845791
45.77757623623204,51.926754,5,2025072300534,101,0.9529629
8.7268065119445,15.329075,5,2025072300535,112,0.9381817
29.8849290795106,40.628864,5,2025072300535,112,0.96572846
13.11788001660676,17.33853,5,2025072300535,154,0.83696914
26.898997440009385,35.015823,5,2025072300536,1,0.8424297
19.49833484053996,36.19996,5,2025072300536,1,0.96046245
27.38785778088152,38.056107,5,2025072300536,15,0.9913536
46.49562375970943,55.656967,5,2025072300536,54,0.9019995
16.74515321812211,19.392372,5,2025072300538,19,0.95777106
16.74515321812211,23.181135,5,2025072300539,53,0.97926587
15.013849650458852,17.52111,5,2025072300539,54,0.9551186
43.03335090366812,47.414265,5,2025072300539,66,0.9564258
10.71557849068763,16.169912,5,2025072300539,70,0.97456586
24.967424540037356,37.980484,5,2025072300539,103,0.96272326
7.874665819473355,21.199389,5,2025072300539,103,0.80356896
12.146009433564268,16.724447,5,2025072300539,107,0.981416
8.923141425967877,13.39516,5,2025072300539,113,0.9790026
31.55484541185444,38.963287,5,2025072300539,146,0.9906681
16.74515321812211,28.012743,5,2025072300540,5,0.9746801
36.505926399145785,44.654064,5,2025072300540,13,0.95338786
12.759775530036425,27.833012,5,2025072300540,16,0.9858899
24.967424540037356,32.436935,5,2025072300540,46,0.9570828
12.146009433564268,21.15918,5,2025072300540,49,0.98917717
31.55484541185444,36.78798,5,2025072300540,53,0.972272
26.898997440009385,34.326046,5,2025072300541,17,0.95413977
41.99362610538893,40.64694,5,2025072300541,49,0.84499186
11.277602053739486,18.400095,5,2025072300541,54,0.9914751
12.146009433564268,17.029413,5,2025072300541,102,0.9823111
11.277602053739486,14.656566,5,2025072300542,61,0.9919962
10.022598212585208,17.130383,5,2025072300542,62,0.9610743
16.74515321812211,29.006445,5,2025072300542,92,0.9810265
10.117047101663369,18.421799,5,2025072300542,103,0.9884317
8.622058817040674,17.892189,5,2025072300542,105,0.88757783
12.146009433564268,18.41219,5,2025072300542,145,0.9856682
24.360355780355704,31.268723,5,2025072300542,146,0.9810775
27.81377215543686,35.348938,5,2025072300542,148,0.9707145
11.705672734615018,18.85635,5,2025072300542,148,0.9609239
24.37711659093943,32.410023,5,2025072300542,153,0.9298512
16.057496610993407,22.026827,5,2025072300542,157,0.923179
25.173145619351818,27.261162,5,2025072300542,157,0.94039905
10.117047101663369,16.036749,5,2025072300543,11,0.9633124
8.622058817040674,11.20135,5,2025072300543,14,0.88040537
37.41825089230174,45.070793,5,2025072300543,22,0.98096406
11.705672734615018,18.84394,5,2025072300543,24,0.97653145
24.360355780355704,32.313763,5,2025072300543,25,0.9914647
24.37711659093943,33.42769,5,2025072300543,26,0.98083234
26.21494521219489,32.238907,5,2025072300544,62,0.9223111
10.00874565943103,15.386698,5,2025072300544,99,0.95745313
26.57459064538668,35.00624,5,2025072300544,145,0.973237
24.360355780355704,30.86704,5,2025072300544,156,0.978152
26.151250074163,27.409348,5,2025072300545,23,0.8688254
24.360355780355704,35.58109,5,2025072300545,66,0.9922369
21.29668796901733,30.218922,5,2025072300545,101,0.9410978
11.971716481905691,17.413286,5,2025072300545,101,0.97212845
22.36440004275876,31.811855,5,2025072300547,66,0.9759437
8.76044399383833,13.473713,5,2025072300547,69,0.92200947
12.933506390242467,20.097256,5,2025072300547,69,0.9866963
19.37586680581318,30.925776,5,2025072300547,112,0.9910239
26.151250074163,40.05402,5,2025072300548,69,0.9519757
12.933506390242467,26.201586,5,2025072300548,103,0.92316335
8.76044399383833,11.546254,5,2025072300548,104,0.95326316
12.10984267656032,18.274813,5,2025072300548,110,0.96525896
26.10458509512125,32.58621,5,2025072300548,113,0.92582023
39.41938715350173,45.480865,5,2025072300548,116,0.8913126
7.520229139609345,13.214365,5,2025072300549,11,0.9792715
36.85854075451503,44.785683,5,2025072300552,4,0.85014856
26.10458509512125,31.6904,5,2025072300552,5,0.9597743
13.58265986597079,19.594437,5,2025072300552,36,0.9748871
20.6501240467007,23.104828,5,2025072300553,23,0.9734023
12.873700907672788,21.75858,5,2025072300553,24,0.98908454
9.297294905523074,12.939645,5,2025072300555,23,0.9810792
31.411059772647988,37.08771,5,2025072300555,69,0.97446
31.411059772647988,36.213894,5,2025072300556,8,0.95483744
31.41104904081117,40.2303,5,2025072300556,9,0.9957831
13.849905046400115,19.578976,5,2025072300556,14,0.91331846
42.22909366749074,52.506516,5,2025072300556,46,0.9782216
34.21318579213964,39.887676,5,2025072300557,8,0.9878907
10.207612089104712,13.947011,5,2025072300557,44,0.9571816
23.071893091997502,31.286806,5,2025072300557,45,0.9402358
22.48191884557887,30.886318,5,2025072300557,47,0.9369498
31.41104904081117,37.82917,5,2025072300557,47,0.98026615
29.134661631472763,36.092663,5,2025072300557,48,0.9758512
42.22909366749074,53.1629,5,2025072300557,53,0.9604644
6.629119119410875,14.628444,5,2025072300558,15,0.93717444
34.21318579213964,40.309853,5,2025072300558,16,0.9755923
18.408500394303587,26.471926,5,2025072300558,17,0.9803208
23.071893091997502,31.425863,5,2025072300558,47,0.9483777
31.41104904081117,40.610832,5,2025072300558,56,0.9769444
20.51781009953197,20.59548,5,2025072300558,58,0.9640025
42.22909366749074,48.027016,5,2025072300558,59,0.9645068
10.906516400588218,24.40437,5,2025072300559,15,0.9455416
34.21318579213964,42.325417,5,2025072300559,50,0.96858436
20.51781009953197,22.367092,5,2025072300559,61,0.83591706
34.21318579213964,43.197945,5,2025072300560,5,0.97761416
42.22909366749074,50.16556,5,2025072300560,18,0.9864384
22.15675794447753,30.380003,5,2025072300560,24,0.9626521
38.23537933908654,44.791973,5,2025072300561,2,0.9203192
11.577037222279468,16.181047,5,2025072300564,22,0.9792789
10.433784015310067,12.537447,5,2025072300566,15,0.9592145
6.8239567249059485,12.17307,5,2025072300566,38,0.94462466
18.03100760763884,28.01636,5,2025072300566,45,0.9840845
10.090103929111342,14.041195,5,2025072300566,46,0.9582442
6.326736581535397,14.606621,5,2025072300566,48,0.9285274
7.218330379787698,15.127383,5,2025072300566,57,0.95324343
9.38533180711969,12.934445,5,2025072300566,58,0.9695322
10.830688742346092,17.750402,5,2025072300566,101,0.86036265
7.975362222698157,11.491574,5,2025072300566,103,0.96971524
6.326736581535397,14.605472,5,2025072300567,1,0.86143506
46.686183761731805,55.1766,5,2025072300567,7,0.9820956
7.218330379787698,12.489208,5,2025072300567,10,0.9721204
9.38533180711969,15.266194,5,2025072300567,11,0.9601522
19.89913043806975,29.961203,5,2025072300567,21,0.94302475
10.830688742346092,19.802662,5,2025072300567,24,0.93252057
30.364740859169743,44.23969,5,2025072300567,45,0.8970318
7.975362222698157,13.828359,5,2025072300567,47,0.9491196
46.686183761731805,50.0969,5,2025072300568,7,0.99133366
7.218330379787698,14.196472,5,2025072300568,13,0.8057126
13.12423299512396,19.232296,5,2025072300568,14,0.9176136
9.38533180711969,12.06198,5,2025072300568,17,0.946425
30.364740859169743,31.392773,5,2025072300568,48,0.9291059
7.975362222698157,14.29129,5,2025072300568,53,0.9741233
12.241332048062551,17.026545,5,2025072300568,57,0.99004436
46.686183761731805,52.292393,5,2025072300569,9,0.9942888
26.506929957006125,15.008,5,2025072300569,11,0.9527391
7.218330379787698,16.08302,5,2025072300569,11,0.8943162
13.12423299512396,19.125387,5,2025072300569,18,0.9056829
28.93857678221515,35.3942,5,2025072300569,50,0.9734002
6.278220392820136,12.09754,5,2025072300570,12,0.92761
46.686183761731805,62.17192,5,2025072300570,15,0.9911801
30.15779806475432,37.182457,5,2025072300570,38,0.9791028
12.018980307316731,17.335789,5,2025072300570,46,0.9693141
45.20964429272665,42.23429,5,2025072300570,46,0.902035
6.278220392820136,12.487966,5,2025072300571,54,0.9390866
45.20964429272665,45.428326,5,2025072300571,100,0.92646253
7.520049804156611,14.301816,5,2025072300572,10,0.9532169
33.17307520330798,42.20954,5,2025072300572,12,0.99789387
12.018980307316731,20.47425,5,2025072300572,16,0.98639035
30.15779806475432,33.58094,5,2025072300572,38,0.8909393
9.582626238372397,15.606139,5,2025072300572,58,0.9463361
12.044980025106826,18.188536,5,2025072300572,91,0.9737303
29.29999341247047,32.65049,5,2025072300573,113,0.9819682
30.15779806475432,39.621174,5,2025072300573,115,0.95327616
45.20964429272665,50.52545,5,2025072300573,155,0.9568072
7.520049804156611,16.749786,5,2025072300576,68,0.8198555
14.549819762897998,22.659708,5,2025072300576,115,0.9895579
25.484644865484075,33.552784,5,2025072300576,155,0.99011844
26.249492540649108,33.15376,5,2025072300578,67,0.9735015
8.363377480112694,14.583551,5,2025072300579,46,0.9354439
10.685838480635123,18.40907,5,2025072300579,58,0.9782317
15.693723890455091,23.060608,5,2025072300584,1,0.9756049
35.29563196476617,41.405342,5,2025072300585,4,0.94840443
15.693723890455091,22.002836,5,2025072300585,4,0.9842241
33.82802544664522,37.094296,5,2025072300585,38,0.96287704
8.357904788352382,12.584298,6,2025072300519,175,0.8465576
7.499096301454687,12.480318,6,2025072300520,125,0.9574556
7.806264724228021,15.166152,6,2025072300520,132,0.87366563
6.351674134152243,14.297587,6,2025072300523,30,0.97598696
17.112971792760582,26.265192,6,2025072300523,34,0.9690166
32.477343188457986,37.795498,6,2025072300523,79,0.9306919
16.65801254666037,26.666002,6,2025072300523,118,0.9783407
23.9755791599706,33.057144,6,2025072300523,119,0.9333555
19.942735515211915,29.510927,6,2025072300524,120,0.95306915
33.96676784705072,42.475952,6,2025072300524,121,0.91212714
33.96676784705072,44.304035,6,2025072300525,83,0.9428076
23.227967692989235,33.41761,6,2025072300525,86,0.86603373
19.592039985497728,30.310402,6,2025072300525,95,0.93640333
28.537086048791195,38.405945,6,2025072300525,97,0.98971915
13.315945120725782,19.7263,6,2025072300525,98,0.9599024
12.489554182045415,21.464651,6,2025072300525,127,0.9292478
12.857393860365343,20.541075,6,2025072300526,42,0.90068114
33.96676784705072,42.072697,6,2025072300526,43,0.94446075
13.97250749650946,22.027277,6,2025072300526,84,0.99506867
45.27770929752308,53.375492,6,2025072300526,86,0.9928711
28.537086048791195,40.234165,6,2025072300526,89,0.98534125
31.79596552949302,39.11154,6,2025072300526,90,0.9262823
20.297607352998494,28.350967,6,2025072300526,93,0.9771746
19.592039985497728,29.46037,6,2025072300526,94,0.9278495
32.477343188457986,41.61666,6,2025072300526,141,0.8779744
19.592039985497728,30.356833,6,2025072300528,76,0.88929325
19.592039985497728,28.827957,6,2025072300529,28,0.95648205
15.585382699341915,27.403519,6,2025072300529,28,0.9655609
20.412440299575778,23.696514,6,2025072300529,30,0.9862801
16.668618896479654,27.189623,6,2025072300531,75,0.919203
13.51111548348989,21.32102,6,2025072300531,117,0.98328096
16.668618896479654,28.006908,6,2025072300532,124,0.9436202
16.222271172714184,24.507498,6,2025072300533,117,0.97089505
14.591273860816516,22.436472,6,2025072300534,120,0.9424982
13.5458921374534,18.756714,6,2025072300534,121,0.9809668
14.544251313135696,23.30861,6,2025072300534,130,0.98746383
25.46462319576853,34.7917,6,2025072300534,165,0.98879564
22.98329060277925,35.5365,6,2025072300535,79,0.9816041
14.591273860816516,20.190525,6,2025072300535,124,0.93897665
13.5458921374534,17.598618,6,2025072300535,124,0.97899663
34.76267090472643,42.882748,6,2025072300535,134,0.9648455
17.270974927262348,27.288342,6,2025072300537,7,0.9888966
29.55407090605562,37.09454,6,2025072300537,29,0.93500745
34.76267090472643,41.994568,6,2025072300537,51,0.93916136
8.090450562015269,18.928738,6,2025072300537,76,0.8570034
13.83837568114217,21.452442,6,2025072300537,77,0.9702013
13.5458921374534,19.280931,6,2025072300538,30,0.8189226
34.76267090472643,35.53648,6,2025072300538,41,0.98969483
6.806270168299533,14.769412,6,2025072300538,43,0.91356355
8.090450562015269,12.511323,6,2025072300538,72,0.8753874
17.270974927262348,28.18443,6,2025072300539,72,0.97912127
45.064122323103945,53.253414,6,2025072300544,75,0.94797564
13.25516902248726,20.110846,6,2025072300544,76,0.99004436
16.515489944138366,25.000298,6,2025072300544,79,0.98039985
14.661755372664222,20.278006,6,2025072300544,121,0.97801614
23.23806360386656,31.01492,6,2025072300546,35,0.92209244
13.25516902248726,20.552755,6,2025072300546,48,0.98381144
16.515489944138366,25.519592,6,2025072300546,51,0.97752464
17.633542570916106,26.777159,6,2025072300546,82,0.97757614
23.45835335540357,34.797657,6,2025072300546,87,0.9735092
13.25516902248726,19.611717,6,2025072300547,3,0.97754854
19.875577384831963,31.508753,6,2025072300547,29,0.982534
30.916590914602235,45.171745,6,2025072300547,29,0.92762566
18.740066898561583,23.218159,6,2025072300547,39,0.9794841
30.916590914602235,31.306736,6,2025072300548,34,0.85773623
14.073153070695875,29.533424,6,2025072300549,84,0.89924735
30.916590914602235,17.817846,6,2025072300549,135,0.86793953
7.105781949878632,18.994123,6,2025072300550,127,0.87262636
15.682459878975353,21.691774,6,2025072300551,79,0.9846532
29.18984549809784,45.124714,6,2025072300553,88,0.9692815
14.073153070695875,20.704815,6,2025072300553,128,0.88818765
28.658841525834703,33.692665,6,2025072300553,135,0.9767547
19.306496718879167,25.390015,6,2025072300554,120,0.9018748
28.658841525834703,39.89584,6,2025072300555,129,0.9925217
16.726018782907,31.10412,6,2025072300555,162,0.9494029
18.758680916225423,16.039234,6,2025072300555,174,0.97969806
47.06405247951798,53.647427,6,2025072300558,125,0.9868151
29.27445176726029,44.311024,6,2025072300558,162,0.9951067
18.758680916225423,19.552467,6,2025072300558,165,0.8990486
13.085314602415538,22.356003,6,2025072300559,165,0.98533326
13.085314602415538,20.552765,6,2025072300560,118,0.9838489
12.977060489021058,18.203072,6,2025072300563,28,0.9859132
8.750494043934564,21.45546,6,2025072300563,33,0.91564506
15.65259220951397,22.866497,6,2025072300563,73,0.98840547
47.114121329946016,52.38269,6,2025072300563,79,0.8871917
9.38610760824757,14.015665,6,2025072300563,81,0.92700016
8.750494043934564,20.090366,6,2025072300565,88,0.98132336
31.043492459166757,38.04894,6,2025072300565,126,0.9709557
45.538996541187146,34.41319,6,2025072300565,135,0.9666053
11.952069807181315,16.009417,6,2025072300565,135,0.98675287
24.61662546957429,36.248127,6,2025072300566,78,0.9793113
15.487353471194035,21.998287,6,2025072300571,79,0.9894623
19.616230964751452,28.73389,6,2025072300573,80,0.9641575
32.17421735040223,42.831356,6,2025072300573,87,0.9500278
22.807311130275643,24.973368,6,2025072300573,88,0.86155176
18.900227822795767,28.079285,6,2025072300573,128,0.9874944
38.56965230320196,46.08196,6,2025072300573,129,0.98786736
47.04830569547673,47.901157,6,2025072300573,129,0.96372926
19.616230964751452,28.976276,6,2025072300574,31,0.97720987
22.807311130275643,28.163244,6,2025072300574,42,0.9782306
43.28004769210236,56.55268,6,2025072300574,75,0.96975
22.14871965652184,25.242773,6,2025072300574,76,0.9358089
47.04830569547673,46.52453,6,2025072300574,76,0.98106307
11.327787669505405,14.049452,6,2025072300574,81,0.8860031
10.95733635147122,22.781765,6,2025072300575,37,0.92929876
13.588262999858074,16.3556,6,2025072300575,38,0.88001275
19.616230964751452,24.577423,6,2025072300575,40,0.9439303
43.53129429516978,50.322662,6,2025072300575,44,0.98260856
47.04830569547673,52.372643,6,2025072300575,88,0.98492754
8.695925219420948,15.335028,6,2025072300575,90,0.98142505
11.683237896395308,22.859503,6,2025072300575,94,0.95701754
19.616230964751452,25.469717,6,2025072300576,30,0.9787409
43.53129429516978,52.25663,6,2025072300576,32,0.987107
16.794946572949936,20.544922,6,2025072300576,73,0.95241255
22.807311130275643,32.006535,6,2025072300576,81,0.981536
11.683237896395308,20.516209,6,2025072300576,84,0.91082865
18.900227822795767,32.149837,6,2025072300576,85,0.9932365
9.596298134609214,16.993675,6,2025072300577,7,0.907675
22.807311130275643,17.292774,6,2025072300577,52,0.95664734
18.900227822795767,29.465399,6,2025072300577,53,0.98965794
43.53129429516978,53.76139,6,2025072300578,5,0.98905843
16.794946572949936,20.107302,6,2025072300578,29,0.9933288
27.693687098334085,36.622185,6,2025072300578,38,0.98133105
39.5903105748951,43.818584,6,2025072300579,167,0.97463226
43.53129429516978,49.204742,6,2025072300580,81,0.9473483
21.686076541959206,28.193598,6,2025072300581,136,0.9745803
8.955298344005246,15.114831,6,2025072300587,128,0.97053695
12.176496196291485,24.57671,6,2025072300587,144,0.8805311
39.63473351456176,46.15861,6,2025072300587,178,0.96936506
9.98898371684983,15.61043,6,2025072300587,178,0.9626324
12.176496196291485,26.33517,6,2025072300588,40,0.83526576
12.176496196291485,14.767433,6,2025072300589,38,0.963656
28.00272387348416,32.411034,6,2025072300589,41,0.94612956
42.77377370281825,47.90882,7,2025072300519,41,0.9767421
21.540962796694668,25.929413,7,2025072300519,43,0.9870553
30.75194036012604,39.77595,7,2025072300519,88,0.90259767
43.36309667770957,47.6516,7,2025072300519,91,0.9063155
43.36309667770957,50.171513,7,2025072300520,29,0.9517706
7.964928154328881,12.061865,7,2025072300520,29,0.9421595
30.75194036012604,38.34922,7,2025072300520,30,0.9716869
7.473204931360856,12.473928,7,2025072300520,32,0.97590464
39.00117375935627,46.702316,7,2025072300520,33,0.9472981
40.64938478165117,50.017715,7,2025072300520,35,0.9391883
10.99391312834108,15.401688,7,2025072300520,36,0.9594869
32.343616477186416,42.137623,7,2025072300520,39,0.8985593
32.36986137040986,36.249027,7,2025072300520,39,0.9293238
10.338329880892807,15.688356,7,2025072300521,33,0.97360533
6.539704619329672,12.543896,7,2025072300521,33,0.9818475
43.36309667770957,51.852283,7,2025072300521,35,0.97133386
30.75194036012604,39.138386,7,2025072300521,73,0.94494295
39.00117375935627,46.77007,7,2025072300521,76,0.9428234
18.461286468056148,29.998857,7,2025072300521,77,0.90490705
13.510384033227345,17.152946,7,2025072300521,77,0.9793927
32.36986137040986,38.945663,7,2025072300521,81,0.93307287
10.99391312834108,21.802364,7,2025072300521,82,0.8239155
8.218367040871227,14.814448,7,2025072300522,28,0.98870426
10.99391312834108,20.31995,7,2025072300522,31,0.9645921
18.461286468056148,26.847254,7,2025072300522,33,0.9659215
18.461286468056148,29.294125,7,2025072300524,32,0.94677335
8.218367040871227,14.571388,7,2025072300524,36,0.9819042
36.70210118205565,41.415184,7,2025072300525,1,0.9484174
18.461286468056148,27.537205,7,2025072300525,11,0.9363232
36.70210118205565,41.621227,7,2025072300526,1,0.9751297
18.461286468056148,26.342468,7,2025072300526,10,0.9330832
9.842048778888127,15.704354,7,2025072300532,7,0.96497715
18.25557263171592,26.012966,7,2025072300532,36,0.97826654
7.145521211059349,12.462358,7,2025072300532,38,0.94439155
38.20161175533792,47.004528,7,2025072300532,39,0.9696028
18.761697105430965,24.58144,7,2025072300532,41,0.84448814
26.360388357911376,36.68381,7,2025072300532,45,0.9848711
16.736354824784105,21.429794,7,2025072300533,41,0.93965894
38.20161175533792,45.446262,7,2025072300533,83,0.98931444
24.71686197328683,35.827656,7,2025072300534,16,0.9546035
27.02719874982292,36.40338,7,2025072300534,57,0.93871826
11.8100461657316,21.204414,7,2025072300534,60,0.95951647
20.841873669870747,31.159855,7,2025072300535,49,0.9576373
8.161653914564063,12.026184,7,2025072300535,50,0.82423246
28.484690862720463,31.277704,7,2025072300535,54,0.9860363
11.8100461657316,17.341288,7,2025072300535,99,0.9101621
20.841873669870747,33.1531,7,2025072300539,7,0.97625446
33.74118591703508,43.81332,7,2025072300539,16,0.9568567
32.694068380092645,37.511787,7,2025072300539,17,0.960473
15.468568012740894,21.608723,7,2025072300539,24,0.9272427
9.458081763899678,14.629875,7,2025072300539,50,0.89114165
12.47873382553517,27.749887,7,2025072300541,4,0.96224594
47.08717645081265,54.066628,7,2025072300541,12,0.9933216
14.48837321249662,22.784504,7,2025072300541,41,0.9791358
6.4722172599720285,13.848771,7,2025072300541,45,0.8447863
14.750162421842658,21.715813,7,2025072300541,46,0.9762841
13.857341042191434,24.805414,7,2025072300541,48,0.9916577
9.417330809767387,16.507435,7,2025072300542,48,0.96871275
14.750162421842658,19.489918,7,2025072300542,53,0.976038
14.48837321249662,20.762148,7,2025072300542,90,0.985451
13.857341042191434,18.962513,7,2025072300542,91,0.9823053
49.6640855845372,55.855206,7,2025072300544,46,0.9915343
9.417330809767387,15.167671,7,2025072300544,52,0.80964243
30.2222089590012,33.828445,7,2025072300544,57,0.99465054
24.781417742413083,30.932316,7,2025072300544,92,0.98662645
13.857341042191434,22.861881,7,2025072300544,99,0.9571822
40.239748902642674,50.998413,7,2025072300545,18,0.98583686
13.857341042191434,17.451351,7,2025072300545,18,0.9387651
23.29357317887262,34.262142,7,2025072300548,10,0.9743267
15.56693773975262,28.096481,7,2025072300548,14,0.95279825
6.385258389628077,12.936544,7,2025072300548,63,0.9781662
23.48206672746273,32.860107,7,2025072300549,6,0.9456069
42.61997916132795,48.507282,7,2025072300552,33,0.9185347
9.874034017434056,15.17512,7,2025072300553,16,0.9785226
42.61997916132795,48.90694,7,2025072300553,46,0.9775598
19.0519914387704,35.59311,7,2025072300553,46,0.9790758
7.691707301162449,13.422188,7,2025072300555,41,0.96991503
7.931237414189647,13.219502,7,2025072300555,45,0.9363432
9.874034017434056,17.874903,7,2025072300555,48,0.99018
6.9203886415263485,12.905861,7,2025072300555,49,0.95905745
19.0519914387704,27.353083,7,2025072300555,51,0.9875635
16.913806020174317,24.208796,7,2025072300557,28,0.9770711
25.882590782437155,39.17978,7,2025072300557,32,0.881391
7.931237414189647,13.846632,7,2025072300558,6,0.9681055
18.46382143398601,21.014076,7,2025072300558,37,0.888244
8.758452374621443,15.308571,7,2025072300559,44,0.9685499
19.101676023500225,25.630138,7,2025072300561,29,0.9504136
20.25066876977739,23.104883,7,2025072300565,14,0.9777033
32.50046870758836,35.780487,7,2025072300565,22,0.98436445
37.4887225582714,49.187935,7,2025072300566,6,0.9835361
10.680715635180992,16.04089,7,2025072300566,28,0.86403525
29.1696167405933,34.00483,7,2025072300570,1,0.91233677
29.1696167405933,25.210398,7,2025072300571,16,0.8149112
11.66579282322864,14.731437,7,2025072300571,46,0.97203326
24.997712069642716,28.29614,7,2025072300571,49,0.96329117
24.163207621959696,20.208942,7,2025072300571,50,0.9363618
20.609282310071585,25.178238,7,2025072300573,54,0.94489676
15.724795417475844,19.786089,7,2025072300573,56,0.93910396
7.749094852165212,13.427679,7,2025072300573,66,0.9656258
29.1696167405933,35.10784,7,2025072300573,66,0.99293035
11.66579282322864,16.647335,7,2025072300573,69,0.9913277
6.429041186762233,13.2189665,7,2025072300573,101,0.9793935
6.429041186762233,11.731616,7,2025072300574,25,0.9679427
11.740385206885026,16.06945,7,2025072300574,25,0.97893685
11.740385206885026,22.060171,7,2025072300575,64,0.97694016
11.6990559915719,19.809477,7,2025072300576,23,0.9146169
17.6990902852185,23.777903,7,2025072300576,23,0.8476076
11.760755195548274,18.295502,7,2025072300579,51,0.98240894
37.98650479805183,44.607147,7,2025072300581,9,0.98694104
37.98650479805183,44.8314,7,2025072300587,54,0.8818366
12.710288569270732,17.925186,8,2025072300520,18,0.86361104
27.398208802440774,33.700954,8,2025072300521,24,0.95905167
29.937477597518612,60.539345,8,2025072300521,26,0.96103907
26.516136572804797,35.947575,8,2025072300521,60,0.9793155
25.165990969239253,36.253212,8,2025072300521,62,0.95158875
29.937477597518612,38.770836,8,2025072300522,14,0.983642
6.820337606853898,11.732522,8,2025072300522,46,0.9589724
15.95101791113923,24.116632,8,2025072300524,54,0.956535
11.445434654286991,27.223976,8,2025072300524,56,0.9237108
9.237684502809028,14.815652,8,2025072300524,56,0.95769286
8.09925827294368,13.823049,8,2025072300527,16,0.9241436
48.80868247653636,57.66193,8,2025072300527,47,0.8572025
19.722323529403106,28.558939,8,2025072300527,48,0.99365026
23.73716477300133,11.803397,8,2025072300527,48,0.90914065
11.445434654286991,13.722946,8,2025072300527,50,0.9874362
11.83932555474842,12.448104,8,2025072300527,60,0.8733871
19.722323529403106,20.492746,8,2025072300528,21,0.8289382
23.73716477300133,33.54178,8,2025072300528,21,0.98325354
26.615352149382687,30.644749,8,2025072300528,22,0.95759773
12.876485230275089,28.839481,8,2025072300528,23,0.9394827
24.147810664936017,38.71194,8,2025072300531,18,0.9503983
19.722323529403106,33.72685,8,2025072300531,19,0.88556564
8.60726345030365,12.904792,8,2025072300531,19,0.91007596
23.208415581153027,28.670628,8,2025072300531,22,0.9567162
8.561213692948636,13.433329,8,2025072300531,23,0.9769056
24.147810664936017,20.1497,8,2025072300532,62,0.92214626
20.21068330039538,26.198008,8,2025072300532,71,0.95186347
19.722323529403106,29.418917,8,2025072300532,108,0.96899766
27.115547408736468,22.364647,8,2025072300532,109,0.8610795
8.119099726172095,15.399165,8,2025072300532,112,0.9821516
10.514104179896124,13.215925,8,2025072300532,113,0.94551885
27.115547408736468,34.950466,8,2025072300533,155,0.9770183
47.35058540769443,42.909733,8,2025072300536,46,0.9617377
26.132099359955788,34.536118,8,2025072300536,47,0.93612313
27.049550788568013,28.038502,8,2025072300536,50,0.9534857
15.53123989819258,25.089363,8,2025072300536,53,0.9930803
35.58752933142906,42.94562,8,2025072300536,54,0.9759017
44.33855085784287,51.13991,8,2025072300536,58,0.97106856
9.405824705200091,11.578155,8,2025072300539,115,0.9862803
15.53123989819258,21.459631,8,2025072300539,157,0.9862408
8.119099726172095,15.18001,8,2025072300539,157,0.9856904
48.00727012058351,54.7736,8,2025072300540,57,0.9882884
26.132099359955788,33.65613,8,2025072300540,61,0.88046527
10.551369704351131,21.442778,8,2025072300540,101,0.9439279
48.00727012058351,51.985027,8,2025072300541,106,0.9904744
31.048607368905863,37.60227,8,2025072300541,115,0.962999
26.132099359955788,34.40948,8,2025072300541,153,0.99148315
48.00727012058351,51.60638,8,2025072300542,152,0.9681017
6.700439312879541,14.033403,8,2025072300542,157,0.9141248
6.478218589333269,11.7862625,8,2025072300542,182,0.93193954
32.446276823003494,31.842712,8,2025072300543,26,0.9843278
7.588985031063288,17.600292,8,2025072300543,56,0.9282665
6.478218589333269,11.18983,8,2025072300543,58,0.98088074
22.36691960603232,30.230385,8,2025072300543,101,0.9892225
15.629441232631471,22.662466,8,2025072300543,108,0.9466517
11.97040152177246,19.028877,8,2025072300543,111,0.9787152
6.775929944802487,14.037472,8,2025072300543,111,0.9869284
36.18803575282743,43.809456,8,2025072300544,182,0.9266165
26.15057850839249,35.0631,8,2025072300545,113,0.9406036
19.33523928150336,22.867302,8,2025072300545,116,0.9650002
16.860988354615248,22.697208,8,2025072300547,116,0.96556324
30.979467023895303,36.170116,8,2025072300548,116,0.9284796
23.03144078721744,35.304737,8,2025072300548,153,0.98248565
12.489587421523185,17.112524,8,2025072300548,155,0.9864926
47.39095596203578,41.621216,8,2025072300548,155,0.9798238
16.860988354615248,27.634514,8,2025072300548,160,0.9800133
23.03144078721744,32.84179,8,2025072300552,46,0.89661366
33.31523843650223,40.37624,8,2025072300552,55,0.95352995
15.30428932990307,22.582582,8,2025072300556,13,0.99188954
8.958355451494958,13.432793,8,2025072300556,13,0.97200924
11.819329781794565,19.520466,8,2025072300556,17,0.95782167
19.73501399899421,25.084852,8,2025072300556,17,0.95764357
6.81769607367061,13.075177,8,2025072300556,22,0.9852562
27.78877478844301,33.034878,8,2025072300556,24,0.90572864
9.322580988408651,16.038458,8,2025072300556,24,0.98124295
33.31523843650223,47.915386,8,2025072300556,25,0.9725107
9.165205050318574,15.076418,8,2025072300556,26,0.97561854
8.594954669053118,14.193323,8,2025072300556,26,0.9684711
11.600046889865238,17.42281,8,2025072300556,26,0.91101974
13.258167309273464,22.662374,8,2025072300556,55,0.9792028
9.727800785790144,21.06996,8,2025072300556,56,0.8673627
13.873132871764335,16.553045,8,2025072300557,24,0.98661244
8.958355451494958,14.422073,8,2025072300557,54,0.9887378
33.31523843650223,35.236397,8,2025072300557,62,0.88835853
23.32728163142278,29.16527,8,2025072300557,66,0.9215511
13.258167309273464,20.135054,8,2025072300557,108,0.98964816
9.727800785790144,13.38264,8,2025072300557,109,0.88738424
13.873132871764335,17.025389,8,2025072300558,26,0.8287715
48.33287950362208,56.696552,8,2025072300558,63,0.99729234
9.042755145255322,12.592793,8,2025072300558,64,0.991922
8.620917344507868,13.844634,8,2025072300558,64,0.97040325
33.31523843650223,40.948013,8,2025072300558,67,0.93045664
13.258167309273464,21.08717,8,2025072300558,110,0.97856206
20.155562114230506,26.46573,8,2025072300559,68,0.9612085
16.026947318914562,28.338284,8,2025072300559,69,0.9332633
17.11191144633697,24.610178,8,2025072300559,108,0.98319083
8.045371423074444,20.130894,8,2025072300559,113,0.98754996
13.873132871764335,23.098272,8,2025072300560,18,0.8691363
8.500712855428093,13.830328,8,2025072300560,19,0.95309407
16.026947318914562,30.805578,8,2025072300560,24,0.9323719
8.045371423074444,16.201082,8,2025072300560,56,0.9898122
10.888001976980531,17.07139,8,2025072300560,64,0.96715194
12.008620978215676,17.58025,8,2025072300561,17,0.8916382
36.93323569710119,45.56783,8,2025072300561,50,0.93765056
45.467810768192784,46.041206,8,2025072300561,50,0.9690966
32.00106974321175,33.816093,8,2025072300561,61,0.9160038
8.045371423074444,14.432549,8,2025072300561,100,0.84743714
36.93323569710119,48.55313,8,2025072300564,25,0.9917047
11.569970510078436,22.13626,8,2025072300564,26,0.97682846
24.995787160272847,33.480206,8,2025072300564,55,0.95088065
34.892109602942305,41.326225,8,2025072300564,64,0.96772957
10.92955090598843,12.509608,8,2025072300564,67,0.9930929
33.01869373000369,36.35858,8,2025072300566,101,0.9888208
11.569970510078436,27.729078,8,2025072300566,104,0.91996145
9.356268852236798,15.703033,8,2025072300566,115,0.97589445
8.045371423074444,16.20562,8,2025072300566,146,0.9214244
33.01869373000369,40.96821,8,2025072300567,24,0.8842586
6.52150833537398,15.13476,8,2025072300567,47,0.9778242
8.483807448423123,13.017287,8,2025072300567,47,0.90972835
8.045371423074444,14.035651,8,2025072300567,60,0.8841574
10.989405924319108,19.464544,8,2025072300567,60,0.99064857
42.67484575904524,47.908993,8,2025072300567,101,0.95261765
33.01869373000369,40.19248,8,2025072300568,50,0.9630916
6.52150833537398,14.190487,8,2025072300568,53,0.97447294
22.06431362624976,29.490425,8,2025072300568,57,0.98754907
7.1298921911051165,12.01131,8,2025072300568,60,0.9484898
9.604468897129792,12.030722,8,2025072300568,61,0.9939341
9.90932147881981,12.507021,8,2025072300568,61,0.9948428
33.01869373000369,41.994892,8,2025072300569,54,0.97427577
37.55303799292596,42.012417,8,2025072300569,55,0.99670047
6.855169430507224,11.211095,8,2025072300569,55,0.9913502
18.282440706284348,28.20715,8,2025072300569,55,0.96459454
25.791819467975078,12.3766775,8,2025072300569,57,0.8219372
12.699494360919688,14.415154,8,2025072300569,62,0.9769389
18.282440706284348,26.383701,8,2025072300570,61,0.94206136
6.52150833537398,13.953954,8,2025072300570,99,0.9735031
11.227391305022287,17.017544,8,2025072300570,99,0.9636067
37.55303799292596,46.188923,8,2025072300570,100,0.94216496
6.855169430507224,11.211092,8,2025072300570,100,0.94639355
7.1298921911051165,11.198452,8,2025072300570,102,0.96593875
9.90932147881981,13.994589,8,2025072300570,104,0.98434204
12.699494360919688,15.179428,8,2025072300570,104,0.98145217
7.488769280839284,16.858412,8,2025072300570,146,0.8662109
49.76130058101076,54.985455,8,2025072300570,146,0.98525363
39.85512623671576,44.85197,8,2025072300570,149,0.96525586
11.227391305022287,13.481071,8,2025072300571,114,0.8655644
15.02761704956342,22.193956,8,2025072300571,114,0.92225283
18.282440706284348,24.546944,8,2025072300571,115,0.9424466
20.227700382367225,29.62083,8,2025072300571,115,0.9536948
6.855169430507224,11.145265,8,2025072300571,154,0.87996703
9.90932147881981,13.981171,8,2025072300571,155,0.971796
12.953628270524142,17.005024,8,2025072300571,155,0.97699964
40.90417378471994,42.548317,8,2025072300571,156,0.94723177
12.699494360919688,16.047834,8,2025072300571,158,0.9854226
11.227391305022287,17.341599,8,2025072300572,53,0.97022104
7.357246713348196,11.071068,8,2025072300572,60,0.94758797
18.282440706284348,26.203474,8,2025072300572,60,0.9448174
9.90932147881981,14.796034,8,2025072300572,100,0.96159947
20.76122650099714,26.725212,8,2025072300572,100,0.9464428
7.1298921911051165,11.551866,8,2025072300572,102,0.9555118
47.51875117005641,49.163746,8,2025072300572,144,0.98815405
6.518991658428879,23.837896,9,2025072300523,96,0.88819146
8.111087335218668,12.491361,9,2025072300523,128,0.91403097
6.2941808755527,14.327483,9,2025072300523,132,0.9570619
15.13060932058301,21.041359,9,2025072300523,138,0.96237797
21.638353367323248,13.848651,9,2025072300523,139,0.98663145
18.028528174677596,23.307615,9,2025072300525,143,0.99119264
12.323881960713337,20.523865,9,2025072300525,150,0.9287964
6.2941808755527,10.408267,9,2025072300525,183,0.986637
8.45648199038174,14.203553,9,2025072300526,175,0.9850456
6.2941808755527,10.308742,9,2025072300526,175,0.9830739
24.854662766684893,34.3235,9,2025072300526,180,0.97871864
12.745935623633248,14.711929,9,2025072300526,181,0.975817
19.40974422072849,26.154213,9,2025072300526,182,0.95171064
18.0265064052256,25.927769,9,2025072300528,165,0.9667994
14.919731420572282,15.691135,9,2025072300528,165,0.91203
9.135946978277389,16.529917,9,2025072300528,167,0.98884916
23.145464832898117,20.278267,9,2025072300529,79,0.9611998
18.93968252363045,27.115707,9,2025072300529,80,0.94782645
33.2935090471817,34.0729,9,2025072300529,80,0.97824687
44.41282637877156,51.749035,9,2025072300529,121,0.9807426
30.40757548875576,38.437195,9,2025072300529,128,0.9429548
19.539038070169557,25.189434,9,2025072300529,129,0.98106027
19.21148138038748,26.8245,9,2025072300530,120,0.99298286
29.78772635173762,36.125774,9,2025072300530,120,0.88525397
17.25013575050229,20.26799,9,2025072300530,120,0.94538134
6.490225739263353,12.352606,9,2025072300530,125,0.9629817
30.40757548875576,37.080437,9,2025072300530,126,0.9811065
44.51671626347674,36.203144,9,2025072300530,130,0.9875794
23.145464832898117,32.37187,9,2025072300531,120,0.98134506
30.40757548875576,36.969032,9,2025072300531,162,0.9877895
6.490225739263353,12.022284,9,2025072300531,165,0.8906379
22.807492906201567,29.174475,9,2025072300537,126,0.94858044
23.145464832898117,19.263304,9,2025072300537,130,0.9259134
8.314113491655513,14.415682,9,2025072300537,132,0.97623706
19.569212238950577,26.975515,9,2025072300537,134,0.9568097
19.21148138038748,28.83947,9,2025072300537,163,0.98992425
23.059967808384,28.203344,9,2025072300537,166,0.9519529
6.490225739263353,12.539194,9,2025072300537,174,0.9402787
7.272668951740419,13.182679,9,2025072300538,79,0.94494706
46.61229297547726,39.884087,9,2025072300538,129,0.82674855
19.569212238950577,28.081617,9,2025072300538,129,0.9484664
19.83915752164159,25.259912,9,2025072300538,133,0.93305993
6.471619559435301,11.8459635,9,2025072300538,134,0.96882206
9.95979184276601,14.693774,9,2025072300538,141,0.9705458
6.723102758108089,12.485281,9,2025072300538,166,0.97464377
35.548592123851854,47.889187,9,2025072300538,171,0.94094145
26.94479106672788,32.438194,9,2025072300545,117,0.9645516
9.95979184276601,14.767963,9,2025072300545,120,0.9829044
18.84398045379636,27.259102,9,2025072300546,125,0.98955566
36.72343172027784,0.0,9,2025072300546,129,0.9895527
26.94479106672788,36.84779,9,2025072300546,133,0.9523364
9.196515271841776,14.238048,9,2025072300546,163,0.9851547
12.398481075481977,24.591194,9,2025072300546,167,0.9719381
6.471619559435301,13.615891,9,2025072300547,117,0.9344713
23.03011022254637,25.360563,9,2025072300547,120,0.970073
20.73443418945855,27.30889,9,2025072300549,173,0.85526556
14.10170130476815,18.742664,9,2025072300549,176,0.94160235
31.9242875672129,33.204872,9,2025072300549,180,0.95904493
22.62780839855289,26.466476,9,2025072300549,180,0.9827408
40.60168724915299,37.286705,9,2025072300550,106,0.95362973
17.48804968721922,23.182524,9,2025072300550,131,0.9397885
31.9242875672129,26.202927,9,2025072300550,135,0.95350057
42.8350457570784,50.95691,9,2025072300550,137,0.9492905
14.715456511529409,25.180643,9,2025072300550,144,0.9836287
23.03011022254637,32.038677,9,2025072300550,144,0.98307854
32.63149312512811,38.014458,9,2025072300550,145,0.99362046
48.65323851032703,48.553314,9,2025072300550,146,0.97551423
22.28848578823929,28.999895,9,2025072300550,147,0.96043783
32.63149312512811,29.363026,9,2025072300551,175,0.91964996
48.65323851032703,39.227787,9,2025072300551,176,0.96066636
28.97877602405146,34.00018,9,2025072300551,180,0.9756771
8.992692018593239,23.220884,9,2025072300554,125,0.8668226
25.465188349909084,34.78469,9,2025072300562,119,0.93478
8.076770248429524,13.433922,9,2025072300562,121,0.9298514
29.527388797407244,33.17356,9,2025072300562,121,0.9663448
29.045581708645784,38.232533,9,2025072300563,119,0.8659087
23.42043702623404,31.312204,9,2025072300563,130,0.9579377
6.852829297606474,13.214653,9,2025072300563,132,0.9787649
48.67480318271353,55.620213,9,2025072300563,134,0.9951775
8.076770248429524,21.479807,9,2025072300563,164,0.9388717
11.691526963298704,19.2202,9,2025072300563,173,0.90186924
27.967137985205056,35.009953,9,2025072300563,174,0.97828513
30.593196657875197,27.764284,9,2025072300563,174,0.97438794
9.932220378802564,17.60134,9,2025072300563,176,0.99069655
11.691526963298704,13.801425,9,2025072300564,165,0.94297355
16.625986393904416,23.234098,9,2025072300565,167,0.9500945
6.836641235783326,10.319469,9,2025072300565,167,0.9856813
12.945710880344214,20.32201,9,2025072300565,171,0.9920912
16.728895367602874,23.693651,9,2025072300565,177,0.9662338
23.075113082824743,17.407928,9,2025072300574,78,0.9863623
21.3000907019499,24.233028,9,2025072300574,118,0.8881605
14.865803875779152,20.138084,9,2025072300574,120,0.8931699
34.327915319139066,40.09894,9,2025072300574,120,0.9564883
37.18157671835967,42.236298,9,2025072300574,120,0.9685362
17.401308490724567,34.58392,9,2025072300574,124,0.88195616
41.88859144072206,39.57847,9,2025072300574,165,0.80748487
15.822831795266609,13.041674,9,2025072300575,126,0.98150796
10.195914621647828,24.196335,9,2025072300575,127,0.9916648
21.3000907019499,20.264559,9,2025072300575,130,0.82055986
9.761943439299271,14.407424,9,2025072300575,164,0.926348
17.533955112577154,19.807543,9,2025072300575,166,0.97399807
41.88859144072206,38.572327,9,2025072300575,167,0.8555484
6.399582242413209,14.609395,9,2025072300576,78,0.86781925
21.3000907019499,13.897297,9,2025072300576,120,0.834731
9.761943439299271,13.997423,9,2025072300576,124,0.9681755
14.177758015032428,20.45512,9,2025072300577,87,0.9688854
29.303615806443645,34.528313,9,2025072300577,129,0.92487
9.761943439299271,12.935945,9,2025072300577,131,0.9178463
43.43284924763542,48.675552,9,2025072300577,163,0.82180995
22.88116456321712,30.213882,9,2025072300577,163,0.9874341
23.259713249910195,30.028631,9,2025072300578,75,0.9480357
14.177758015032428,20.74448,9,2025072300578,75,0.96261626
29.303615806443645,35.150436,9,2025072300578,118,0.9425269
21.235081693255488,24.033194,9,2025072300578,119,0.9681265
29.17670609398268,47.56595,9,2025072300578,132,0.8575922
10.08734205632524,13.956328,9,2025072300580,151,0.96307904
10.564378380498782,17.131662,9,2025072300580,159,0.9711802
30.354981116143755,35.90366,9,2025072300581,158,0.96802294
13.09056204790736,20.03027,9,2025072300581,160,0.9523647
10.564378380498782,17.127218,9,2025072300581,160,0.97316056
13.09056204790736,19.089264,9,2025072300582,164,0.9411457
35.88073368035531,41.117992,9,2025072300583,132,0.9959934
41.96990933241651,51.882545,9,2025072300583,134,0.98434794
41.96990933241651,51.749477,9,2025072300584,165,0.93987846
10.939718326037744,15.989355,9,2025072300589,136,0.901556
